IncidentID,AgencyORI,AgencyName,IncidentStatusDesc,County,RdwyNumber,Street,RoadwayName,StreetSfx,StreetDir,IntersectionRdwy,IntersectionRdwyName,BetweenStRdwy1,BetweenStRdwyName1,BetweenStRdwy2,BetweenStRdwyName2,Latitude,Longitude,Milepoint,CollisionDate,CollisionTime,UnitsInvolved,MotorVehiclesInvolved,NumberKilled,NumberInjured,Weather,RdwyConditionCode,HitandRun,DirAnalysisCode,MannerofCollision,RdwyCharacter,LightCondition,RampFromRdwyId,RampToRdwyId,AcceptedDate,IsSecondaryCollision,OwnerBadge,IncidentStatus,
26168834,0568000,LOUISVILLE METRO POLICE DEPT,Accepted,JEFFERSON,,901,CLIFF,AVE,,,BRENTWOOD,,,,,38.194799852,-85.774791905,0.264,1/9/2020 12:00:00 AM,1950,1,1,0,0,CLEAR,DRY,True,COLLISION WITH FIXED OBJECT IN INTERSECTION - FIRST EVENT COLLISION 09 - 32,SINGLE VEHICLE,STRAIGHT & LEVEL,DARK (UNKNOWN ROADWAY LIGHTING),,,1/10/2020 8:28:12 AM,False,5260,Accepted,
26168775,0568000,LOUISVILLE METRO POLICE DEPT,Accepted,JEFFERSON,,,PRESTON,ST,N,US0031E,MAIN,,,,,38.255450115,-85.745855018,,1/9/2020 12:00:00 AM,1043,2,2,0,0,CLEAR,DRY,False,COLLISION WITH PARKED VEHICLE,ANGLE,STRAIGHT & LEVEL,DAYLIGHT,,,1/10/2020 8:22:47 AM,False,7266,Accepted,
26168770,0568000,LOUISVILLE METRO POLICE DEPT,Accepted,JEFFERSON,,,BARINGER,AVE,,US0060A,WILLOW,,,,,38.234200211,-85.708242187,0.167,1/9/2020 12:00:00 AM,1227,2,2,0,0,CLEAR,DRY,False,ANGLE COLLISION - ONE VEHICLE TURNING LEFT,ANGLE,STRAIGHT & LEVEL,DAYLIGHT,,,1/10/2020 8:22:12 AM,False,7900,Accepted,
26168817,0568000,LOUISVILLE METRO POLICE DEPT,Accepted,JEFFERSON,,,BERRY,BLVD,,US0060A,TAYLOR,,,,,38.196418976,-85.783025098,0.008,1/9/2020 12:00:00 AM,1540,2,2,0,0,CLEAR,DRY,False,ANGLE COLLISION - ONE VEHICLE TURNING RIGHT,ANGLE,STRAIGHT & LEVEL,DAWN,,,1/10/2020 8:26:35 AM,False,7360,Accepted,
26168809,0568000,LOUISVILLE METRO POLICE DEPT,Accepted,JEFFERSON,KY0864,,SHELBY,ST,S,,ST CATHERINE,,,,,38.234702536,-85.741226298,14.793,1/9/2020 12:00:00 AM,1345,2,2,0,0,CLEAR,DRY,False,ANGLE COLLISION - OTHER,ANGLE,STRAIGHT & LEVEL,DAYLIGHT,,,1/10/2020 8:25:47 AM,False,7334,Accepted,
26168819,0568000,LOUISVILLE METRO POLICE DEPT,Accepted,JEFFERSON,KY1020,,SOUTHSIDE,DR,,,AMHERST,,,,,38.174467058,-85.764669865,7.199,1/9/2020 12:00:00 AM,1802,2,2,0,0,CLEAR,DRY,False,ANGLE COLLISION - OTHER,ANGLE,STRAIGHT & LEVEL,DARK-HWY LIGHTED/ON,,,1/10/2020 8:26:47 AM,False,5287,Accepted,
26168788,0568000,LOUISVILLE METRO POLICE DEPT,Accepted,JEFFERSON,,,MUHAMMAD ALI,BLVD,W,,13TH,,,,,38.252776091,-85.772418699,1.092,1/9/2020 12:00:00 AM,1546,2,2,0,2,CLOUDY,DRY,False,ANGLE COLLISION - OTHER,ANGLE,STRAIGHT & LEVEL,DAYLIGHT,,,1/10/2020 8:23:52 AM,False,7463,Accepted,
26168786,0568000,LOUISVILLE METRO POLICE DEPT,Accepted,JEFFERSON,,,25TH,ST,S,,WOODLAND,,,,,38.233948235,-85.795417735,1.020,1/9/2020 12:00:00 AM,1245,2,2,0,0,CLEAR,DRY,False,ANGLE COLLISION - OTHER,ANGLE,STRAIGHT & LEVEL,DAYLIGHT,,,1/10/2020 8:23:42 AM,False,5232,Accepted,
26168761,0568000,LOUISVILLE METRO POLICE DEPT,Accepted,JEFFERSON,US0150,,DR W J HODGE,ST,,US0031W,MARKET,,,,,38.258366941,-85.784922782,0.840,1/9/2020 12:00:00 AM,0930,2,2,0,1,CLEAR,DRY,True,ANGLE COLLISION - OTHER,ANGLE,STRAIGHT & LEVEL,DAYLIGHT,,,1/10/2020 8:20:28 AM,False,5268,Accepted,
26168841,0568000,LOUISVILLE METRO POLICE DEPT,Accepted,JEFFERSON,US0150,,22ND,ST,N,,LYTLE,,,,,38.267419464,-85.783009037,0.178,1/9/2020 12:00:00 AM,1952,2,2,0,2,CLEAR,DRY,False,ANGLE COLLISION - OTHER,ANGLE,STRAIGHT & LEVEL,DARK-HWY LIGHTED/ON,,,1/10/2020 8:28:55 AM,False,5047,Accepted,
27657297,0568000,LOUISVILLE METRO POLICE DEPT,Accepted,JEFFERSON,KY0864,,POPLAR LEVEL,RD,,,INDIAN,,,,,38.171545773,-85.684938482,9.218,1/9/2020 12:00:00 AM,2240,2,2,0,0,CLEAR,DRY,False,ANGLE COLLISION - OTHER,ANGLE,STRAIGHT & LEVEL,DARK-HWY LIGHTED/ON,,,1/11/2021 8:47:41 AM,False,5165,Accepted,
26170040,0568000,LOUISVILLE METRO POLICE DEPT,Accepted,JEFFERSON,,,SHENANDOAH,DR,,,OAK BEND,,,,,38.312388944,-85.546490553,0.787,1/9/2020 12:00:00 AM,0527,2,1,0,0,CLEAR,DRY,True,OPPOSING LEFT TURN,OPPOSING LEFT TURN,STRAIGHT & LEVEL,DARK-HWY LIGHTED/ON,,,1/10/2020 11:24:06 AM,False,5056,Accepted,
26168811,0568000,LOUISVILLE METRO POLICE DEPT,Accepted,JEFFERSON,US0031W,,DIXIE,HWY,,,BONNYVILLE,,,,,38.167060097,-85.829345520,13.184,1/9/2020 12:00:00 AM,1130,2,2,0,0,CLEAR,DRY,False,OPPOSING LEFT TURN,OPPOSING LEFT TURN,STRAIGHT & LEVEL,DAYLIGHT,,,1/10/2020 8:25:57 AM,False,7356,Accepted,
26168767,0568000,LOUISVILLE METRO POLICE DEPT,Accepted,JEFFERSON,KY1934,,CANE RUN,RD,,,SHANKS,,,,,38.194804880,-85.843184048,8.733,1/9/2020 12:00:00 AM,1214,2,2,0,0,CLEAR,DRY,False,OPPOSITE DIRECTION - BOTH VEHICLES GOING STRAIGHT AHEAD,SIDESWIPE-OPPOSITE DIRECTION,STRAIGHT & LEVEL,DAYLIGHT,,,1/10/2020 8:21:52 AM,False,5208,Accepted,
26179673,0568000,LOUISVILLE METRO POLICE DEPT,Accepted,JEFFERSON,,,MUHAMMAD ALI,BLVD,W,KY1020,3RD,,,,,38.250944477,-85.755822138,0.183,1/9/2020 12:00:00 AM,1834,2,2,0,0,CLOUDY,DRY,False,SIDESWIPE-SAME DIRECTION,SIDESWIPE-SAME DIRECTION,STRAIGHT & LEVEL,DARK-HWY LIGHTED/ON,,,1/13/2020 8:31:11 AM,False,2103,Accepted,
26168825,0568000,LOUISVILLE METRO POLICE DEPT,Accepted,JEFFERSON,,,LIBERTY,ST,E,,BROOK,,,,,38.252340831,-85.750705006,0.082,1/9/2020 12:00:00 AM,0715,2,2,0,0,CLEAR,DRY,False,SIDESWIPE-SAME DIRECTION,SIDESWIPE-SAME DIRECTION,STRAIGHT & LEVEL,DAWN,,,1/10/2020 8:27:20 AM,False,5122,Accepted,
26168818,0568000,LOUISVILLE METRO POLICE DEPT,Accepted,JEFFERSON,US0150,,BROADWAY,,W,KY1020,3RD,,,,,38.245957792,-85.756715810,2.475,1/9/2020 12:00:00 AM,1500,3,3,0,0,CLEAR,DRY,False,SIDESWIPE-SAME DIRECTION,SIDESWIPE-SAME DIRECTION,STRAIGHT & LEVEL,DAYLIGHT,,,1/10/2020 8:26:43 AM,False,2854,Accepted,
26555982,0568000,LOUISVILLE METRO POLICE DEPT,Accepted,JEFFERSON,US0031W,,DIXIE,HWY,,,LOWER HUNTERS,,,,,38.156131932,-85.834482560,12.431,1/9/2020 12:00:00 AM,1555,2,2,0,0,CLOUDY,DRY,False,SIDESWIPE-SAME DIRECTION,SIDESWIPE-SAME DIRECTION,STRAIGHT & LEVEL,DAYLIGHT,,,3/27/2020 8:04:50 AM,False,5100,Accepted,
26167267,0560300,ST. MATTHEWS POLICE DEPARTMENT,Accepted,JEFFERSON,US0060,,SHELBYVILLE,RD,,I 0264,I264 W EXIT20B OFF RAMP TO US60,,,,,38.250096029,-85.620470436,5.473,1/9/2020 12:00:00 AM,1635,2,2,0,0,CLOUDY,DRY,False,SIDESWIPE-SAME DIRECTION,SIDESWIPE-SAME DIRECTION,STRAIGHT & LEVEL,DAYLIGHT,,,1/9/2020 10:31:32 PM,False,9172,Accepted,
26180791,0561500,UNIV. OF LOUISVILLE POLICE,Accepted,JEFFERSON,,,BRANDEIS,AVE,E,,FLOYD,,,,,38.218688945,-85.754449291,0.214,1/9/2020 12:00:00 AM,0800,2,2,0,0,CLEAR,DRY,True,SIDESWIPE-SAME DIRECTION,SIDESWIPE-SAME DIRECTION,CURVE & LEVEL,DAYLIGHT,,,1/13/2020 10:28:08 AM,False,5636,Accepted,
26168780,0568000,LOUISVILLE METRO POLICE DEPT,Accepted,JEFFERSON,KY0864,,POPLAR LEVEL,RD,,,BISHOP,,,,,38.184765385,-85.699834487,10.455,1/9/2020 12:00:00 AM,1114,2,2,0,0,CLOUDY,DRY,False,OTHER INTERSECTION COLLISIONS,REAR END,STRAIGHT & LEVEL,DAYLIGHT,,,1/10/2020 8:23:21 AM,False,5036,Accepted,
26168831,0568000,LOUISVILLE METRO POLICE DEPT,Accepted,JEFFERSON,,,GRADE,LN,,,ASHBOTTOM,,,,,38.158446463,-85.731320041,2.041,1/9/2020 12:00:00 AM,2241,2,2,0,0,CLEAR,DRY,False,OTHER INTERSECTION COLLISIONS,REAR END,STRAIGHT & LEVEL,DARK (UNKNOWN ROADWAY LIGHTING),,,1/10/2020 8:27:55 AM,False,5286,Accepted,
26168840,0568000,LOUISVILLE METRO POLICE DEPT,Accepted,JEFFERSON,KY1747,,HURSTBOURNE,PKWY,S,KY0155,TAYLORSVILLE,,,,,38.216229873,-85.590081508,11.101,1/9/2020 12:00:00 AM,2013,2,2,0,0,CLEAR,DRY,False,OTHER INTERSECTION COLLISIONS,REAR END,STRAIGHT & LEVEL,DARK-HWY LIGHTED/ON,,,1/10/2020 8:28:49 AM,False,5269,Accepted,
26168824,0568000,LOUISVILLE METRO POLICE DEPT,Accepted,JEFFERSON,KY1747,,HURSTBOURNE,PKWY,S,,BUNSEN,,,,,38.218995676,-85.584217662,11.455,1/9/2020 12:00:00 AM,1646,2,2,0,0,CLEAR,DRY,False,OTHER INTERSECTION COLLISIONS,REAR END,STRAIGHT & LEVEL,DAYLIGHT,,,1/10/2020 8:27:14 AM,False,6100,Accepted,
26168783,0568000,LOUISVILLE METRO POLICE DEPT,Accepted,JEFFERSON,KY1865,,NEW CUT,RD,,,IROQUOIS,,,,,38.166473205,-85.780244679,4.110,1/9/2020 12:00:00 AM,1307,2,2,0,0,CLEAR,DRY,False,OTHER INTERSECTION COLLISIONS,REAR END,STRAIGHT & LEVEL,DAYLIGHT,,,1/10/2020 8:23:26 AM,False,7232,Accepted,
26168784,0568000,LOUISVILLE METRO POLICE DEPT,Accepted,JEFFERSON,KY1931,,ST ANDREWS CHURCH,RD,,US0031W,DIXIE,,,,,38.143483304,-85.839483418,3.150,1/9/2020 12:00:00 AM,1043,2,2,0,0,CLEAR,DRY,False,OTHER INTERSECTION COLLISIONS,REAR END,STRAIGHT & LEVEL,DAYLIGHT,,,1/10/2020 8:23:33 AM,False,5266,Accepted,
26168807,0568000,LOUISVILLE METRO POLICE DEPT,Accepted,JEFFERSON,KY1230,,LOWER RIVER,RD,,KY1934,GREENBELT,,,,,38.098137879,-85.892087091,2.611,1/9/2020 12:00:00 AM,1554,2,2,0,0,CLOUDY,DRY,False,OTHER INTERSECTION COLLISIONS,REAR END,CURVE & LEVEL,DAYLIGHT,,,1/10/2020 8:25:34 AM,False,6877,Accepted,
26168808,0568000,LOUISVILLE METRO POLICE DEPT,Accepted,JEFFERSON,,,GLOBAL,DR,,KY1934,GREENBELT,,,,,38.139525406,-85.887475011,0.002,1/9/2020 12:00:00 AM,1520,2,2,0,0,CLOUDY,DRY,False,OTHER INTERSECTION COLLISIONS,REAR END,STRAIGHT & LEVEL,DAYLIGHT,,,1/10/2020 8:25:43 AM,False,7336,Accepted,
26168793,0568000,LOUISVILLE METRO POLICE DEPT,Accepted,JEFFERSON,KY1934,,CANE RUN,RD,,,KRAMERS,,,,,38.201210405,-85.835077463,9.374,1/9/2020 12:00:00 AM,1140,2,2,0,0,CLEAR,DRY,False,OTHER INTERSECTION COLLISIONS,REAR END,STRAIGHT & LEVEL,DAYLIGHT,,,1/10/2020 8:24:14 AM,False,5272,Accepted,
26168835,0568000,LOUISVILLE METRO POLICE DEPT,Accepted,JEFFERSON,KY1631,,CRITTENDEN,DR,,,CENTRAL,,,,,38.202925832,-85.750725905,1.037,1/9/2020 12:00:00 AM,1815,2,2,0,0,CLEAR,DRY,False,OTHER INTERSECTION COLLISIONS,REAR END,STRAIGHT & LEVEL,DAWN,,,1/10/2020 8:28:16 AM,False,5260,Accepted,
26168757,0568000,LOUISVILLE METRO POLICE DEPT,Accepted,JEFFERSON,KY1703,,NEWBURG,RD,,KY2052,SHEPHERDSVILLE,,,,,38.178838684,-85.659527363,0.008,1/9/2020 12:00:00 AM,0849,2,2,0,0,CLEAR,DRY,False,OTHER INTERSECTION COLLISIONS,REAR END,STRAIGHT & LEVEL,DAYLIGHT,,,1/10/2020 8:20:02 AM,False,7307,Accepted,
26180562,0568000,LOUISVILLE METRO POLICE DEPT,Accepted,JEFFERSON,,,CHAMBERLAIN,LN,,,,,CHAMBERLAIN,,SEVENOAKS,38.303299965,-85.553143614,2.840,1/9/2020 12:00:00 AM,0955,1,1,0,1,CLEAR,DRY,False,COLLISION WITH FIXED OBJECT NON - INTERSECTION - FIRST EVENT COLLISION 09 - 32 EXCLUDING 16,SINGLE VEHICLE,STRAIGHT & LEVEL,DAYLIGHT,,,1/13/2020 9:57:35 AM,False,7751,Accepted,
26180569,0568000,LOUISVILLE METRO POLICE DEPT,Accepted,JEFFERSON,I 0264,,I264 W,,,,,,,,,38.267258077,-85.807501532,0.703,1/9/2020 12:00:00 AM,1516,2,1,0,0,CLEAR,DRY,False,COLLISION WITH FIXED OBJECT NON - INTERSECTION - FIRST EVENT COLLISION 09 - 32 EXCLUDING 16,REAR END,STRAIGHT & LEVEL,DAYLIGHT,,,1/13/2020 10:01:15 AM,False,2142,Accepted,
26168859,0568000,LOUISVILLE METRO POLICE DEPT,Accepted,JEFFERSON,US0060A,1269,EASTERN,PKWY,,,,,,,,38.226205254,-85.721998345,6.016,1/9/2020 12:00:00 AM,0225,1,1,0,0,CLEAR,DRY,False,COLLISION WITH FIXED OBJECT NON - INTERSECTION - FIRST EVENT COLLISION 09 - 32 EXCLUDING 16,SINGLE VEHICLE,CURVE & GRADE,DARK-HWY LIGHTED/ON,,,1/10/2020 8:31:52 AM,False,5152,Accepted,
26168814,0568000,LOUISVILLE METRO POLICE DEPT,Accepted,JEFFERSON,,1629,SALE,AVE,,,,,,,,38.197568308,-85.784697140,0.417,1/9/2020 12:00:00 AM,0000,2,2,0,0,OTHER,DRY,True,1 VEHICLE PARKED POSITION (NOT PARKING LOT/DRIVEWAY),SIDESWIPE-SAME DIRECTION,STRAIGHT & LEVEL,UNKNOWN,,,1/10/2020 8:26:18 AM,False,5249,Accepted,
26168797,0568000,LOUISVILLE METRO POLICE DEPT,Accepted,JEFFERSON,,10407,BAY POINTE,CIR,,,,,,,,38.304094650,-85.556106803,0.022,1/9/2020 12:00:00 AM,1428,2,2,0,0,CLOUDY,DRY,False,1 VEHICLE PARKED POSITION (NOT PARKING LOT/DRIVEWAY),BACKING,STRAIGHT & LEVEL,DAYLIGHT,,,1/10/2020 8:24:37 AM,False,7751,Accepted,
26186278,0568000,LOUISVILLE METRO POLICE DEPT,Accepted,JEFFERSON,KY1020,927,2ND,ST,S,,,,,,,38.241356390,-85.755819282,11.788,1/9/2020 12:00:00 AM,1500,2,2,0,0,CLEAR,DRY,True,1 VEHICLE PARKED POSITION (NOT PARKING LOT/DRIVEWAY),SIDESWIPE-SAME DIRECTION,STRAIGHT & LEVEL,DAYLIGHT,,,1/14/2020 8:11:52 AM,False,7296,Accepted,
26186256,0568000,LOUISVILLE METRO POLICE DEPT,Accepted,JEFFERSON,I 0264,,I264 W,,,,,,,,,38.191080221,-85.718691538,12.685,1/9/2020 12:00:00 AM,1618,2,2,0,0,CLEAR,DRY,False,REAR END IN TRAFFIC LANES BOTH VEHICLES MOVING,REAR END,STRAIGHT & LEVEL,DAYLIGHT,,,1/14/2020 8:09:45 AM,False,7400,Accepted,
26168820,0568000,LOUISVILLE METRO POLICE DEPT,Accepted,JEFFERSON,KY1065,,OUTER,LOOP,,,,,,,,38.136977623,-85.706841124,4.922,1/9/2020 12:00:00 AM,1751,2,2,0,0,CLEAR,DRY,False,REAR END IN TRAFFIC LANES BOTH VEHICLES MOVING,REAR END,STRAIGHT & LEVEL,DUSK,,,1/10/2020 8:26:53 AM,False,7812,Accepted,
26186302,0568000,LOUISVILLE METRO POLICE DEPT,Accepted,JEFFERSON,I 0065,,I65 N,,,,,,,,,38.206771377,-85.748662521,132.414,1/9/2020 12:00:00 AM,0720,2,2,0,1,CLEAR,DRY,False,REAR END IN TRAFFIC LANES BOTH VEHICLES MOVING,REAR END,CURVE & LEVEL,DAYLIGHT,,,1/14/2020 8:13:30 AM,False,7840,Accepted,
26168798,0568000,LOUISVILLE METRO POLICE DEPT,Accepted,JEFFERSON,US0031E,,BARDSTOWN,RD,,,,,,,,38.148329948,-85.586478852,5.434,1/9/2020 12:00:00 AM,1643,2,2,0,0,CLOUDY,DRY,False,REAR END IN TRAFFIC LANES BOTH VEHICLES MOVING,REAR END,STRAIGHT & LEVEL,DAYLIGHT,,,1/10/2020 8:24:45 AM,False,4693,Accepted,
26168764,0568000,LOUISVILLE METRO POLICE DEPT,Accepted,JEFFERSON,KY2052,,SHEPHERDSVILLE,RD,,,,,YE OLD POST,,YANKEE,38.151515095,-85.659764587,0.889,1/9/2020 12:00:00 AM,0720,3,3,0,0,CLEAR,DRY,False,REAR END IN TRAFFIC LANES BOTH VEHICLES MOVING,REAR END,STRAIGHT & LEVEL,DARK-HWY NOT LIGHTED,,,1/10/2020 8:21:32 AM,False,2017,Accepted,
26168799,0568000,LOUISVILLE METRO POLICE DEPT,Accepted,JEFFERSON,KY0913,,BLANKENBAKER,PKWY,,,,,,,,38.188038400,-85.548037519,0.045,1/9/2020 12:00:00 AM,1744,2,2,0,0,CLOUDY,DRY,False,REAR END IN TRAFFIC LANES BOTH VEHICLES MOVING,REAR END,STRAIGHT & LEVEL,DUSK,,,1/10/2020 8:24:51 AM,False,4693,Accepted,
26179649,0568000,LOUISVILLE METRO POLICE DEPT,Accepted,JEFFERSON,I 0264,,I264 W,,,,,,,,,38.267258077,-85.807501532,0.703,1/9/2020 12:00:00 AM,1516,2,2,0,0,CLEAR,DRY,False,REAR END IN TRAFFIC LANES BOTH VEHICLES MOVING,REAR END,STRAIGHT & LEVEL,DAYLIGHT,,,1/13/2020 8:28:44 AM,False,2142,Accepted,
26168827,0568000,LOUISVILLE METRO POLICE DEPT,Accepted,JEFFERSON,,,GRINSTEAD,DR,,,,,,,,38.245518504,-85.701577933,0.002,1/9/2020 12:00:00 AM,0420,2,2,0,0,CLEAR,DRY,False,REAR END IN TRAFFIC LANES BOTH VEHICLES MOVING,REAR END,STRAIGHT & LEVEL,DARK-HWY LIGHTED/ON,,,1/10/2020 8:27:27 AM,False,2976,Accepted,
26179798,0568000,LOUISVILLE METRO POLICE DEPT,Accepted,JEFFERSON,KY0907,,3RD ST,RD,,,,,,,,38.137452421,-85.785323864,5.502,1/9/2020 12:00:00 AM,2242,2,2,0,0,CLEAR,WET,False,REAR END IN TRAFFIC LANES BOTH VEHICLES MOVING,REAR END,STRAIGHT & LEVEL,DARK-HWY LIGHTED/ON,,,1/13/2020 8:40:26 AM,False,7332,Accepted,
26168833,0568000,LOUISVILLE METRO POLICE DEPT,Accepted,JEFFERSON,I 0264,,I264 W,,,,,,,,,38.257308648,-85.805236048,1.399,1/9/2020 12:00:00 AM,1806,2,2,0,0,CLEAR,DRY,False,REAR END IN TRAFFIC LANES BOTH VEHICLES MOVING,REAR END,STRAIGHT & LEVEL,DUSK,,,1/10/2020 8:28:08 AM,False,7173,Accepted,
26168758,0568000,LOUISVILLE METRO POLICE DEPT,Accepted,JEFFERSON,I 0064,,I64 W,,,,,I 0064,I64 W EXIT3 ON RAMP FROM US31W,I 0064,I64 W EXIT1 RAMP TO I264 E,38.272821463,-85.784966125,2.409,1/9/2020 12:00:00 AM,0905,2,2,0,0,CLEAR,DRY,True,REAR END IN TRAFFIC LANES BOTH VEHICLES MOVING,REAR END,STRAIGHT & LEVEL,DAYLIGHT,,,1/10/2020 8:20:10 AM,False,7463,Accepted,
26168766,0568000,LOUISVILLE METRO POLICE DEPT,Accepted,JEFFERSON,I 0065,,I65 N,,,,,,,,,38.152381940,-85.715026706,127.884,1/9/2020 12:00:00 AM,0852,2,2,0,0,CLEAR,DRY,False,REAR END IN TRAFFIC LANES BOTH VEHICLES MOVING,REAR END,STRAIGHT & LEVEL,DAYLIGHT,,,1/10/2020 8:21:45 AM,False,2017,Accepted,
26168839,0568000,LOUISVILLE METRO POLICE DEPT,Accepted,JEFFERSON,,,INDIAN,TRL,E,KY0864,POPLAR LEVEL,,,,,38.171550277,-85.684989816,1.214,1/9/2020 12:00:00 AM,0402,2,2,0,0,RAINING,WET,True,HEAD-ON COLLISION,HEAD ON,STRAIGHT & LEVEL,DARK (UNKNOWN ROADWAY LIGHTING),,,1/10/2020 8:28:40 AM,False,5286,Accepted,
26168785,0568000,LOUISVILLE METRO POLICE DEPT,Accepted,JEFFERSON,,,TRADE PORT,DR,,,FREEPORT,,,,,38.122585707,-85.884076669,0.817,1/9/2020 12:00:00 AM,0745,2,2,0,1,CLEAR,DRY,False,HEAD-ON COLLISION,HEAD ON,STRAIGHT & LEVEL,DAYLIGHT,,,1/10/2020 8:23:38 AM,False,6877,Accepted,
26163011,0568000,LOUISVILLE METRO POLICE DEPT,Accepted,JEFFERSON,I 0264,,I264 E,,,,,,,,,38.232904662,-85.627687693,18.497,1/9/2020 12:00:00 AM,0738,2,2,0,0,CLEAR,DRY,True,SIDESWIPE COLLISION - SAME DIRECTION,SIDESWIPE-SAME DIRECTION,STRAIGHT & LEVEL,DAYLIGHT,,,1/9/2020 8:28:51 AM,False,4903,Accepted,
26168812,0568000,LOUISVILLE METRO POLICE DEPT,Accepted,JEFFERSON,,,CHESTNUT,ST,E,,,,,,,38.248280669,-85.752004801,0.050,1/9/2020 12:00:00 AM,1420,2,2,0,0,CLEAR,DRY,False,SIDESWIPE COLLISION - SAME DIRECTION,SIDESWIPE-SAME DIRECTION,STRAIGHT & LEVEL,DAYLIGHT,,,1/10/2020 8:26:02 AM,False,7239,Accepted,
26168828,0568000,LOUISVILLE METRO POLICE DEPT,Accepted,JEFFERSON,US0150,,BROADWAY,,E,,,,,,,38.243810131,-85.727587732,4.062,1/9/2020 12:00:00 AM,2011,2,2,0,0,CLEAR,DRY,False,SIDESWIPE COLLISION - SAME DIRECTION,SIDESWIPE-SAME DIRECTION,CURVE & LEVEL,DARK-HWY LIGHTED/ON,,,1/10/2020 8:27:34 AM,False,7376,Accepted,
26168822,0568000,LOUISVILLE METRO POLICE DEPT,Accepted,JEFFERSON,I 0264,,I264 W,,,,,,,,,38.216477070,-85.661585281,16.311,1/9/2020 12:00:00 AM,0905,2,2,0,0,CLOUDY,DRY,False,SIDESWIPE COLLISION - SAME DIRECTION,SIDESWIPE-SAME DIRECTION,STRAIGHT & LEVEL,DAYLIGHT,,,1/10/2020 8:27:04 AM,False,6100,Accepted,
26168823,0568000,LOUISVILLE METRO POLICE DEPT,Accepted,JEFFERSON,KY0864,,POPLAR LEVEL,RD,,,,,GILMORE,,WILLOW,38.183073213,-85.698772667,10.318,1/9/2020 12:00:00 AM,1518,2,2,0,0,CLEAR,DRY,False,SIDESWIPE COLLISION - SAME DIRECTION,SIDESWIPE-SAME DIRECTION,STRAIGHT & LEVEL,DAYLIGHT,,,1/10/2020 8:27:09 AM,False,6100,Accepted,
26162997,0568000,LOUISVILLE METRO POLICE DEPT,Accepted,JEFFERSON,,,FERN CREEK,RD,,,,,,,,38.157352028,-85.591432070,0.729,1/9/2020 12:00:00 AM,0008,2,2,0,0,CLEAR,DRY,False,SIDESWIPE COLLISION - OPPOSITE DIRECTION,SIDESWIPE-OPPOSITE DIRECTION,CURVE & LEVEL,DARK-HWY LIGHTED/ON,,,1/9/2020 8:26:11 AM,False,7106,Accepted,
26168774,0568000,LOUISVILLE METRO POLICE DEPT,Accepted,JEFFERSON,,,BROADWAY,,W,,,,26TH,,27TH,38.249456662,-85.794942113,0.367,1/9/2020 12:00:00 AM,1202,2,2,0,0,CLEAR,DRY,False,1 VEHICLE ENTERING/LEAVING ENTRANCE,ANGLE,STRAIGHT & LEVEL,DAYLIGHT,,,1/10/2020 8:22:42 AM,False,7947,Accepted,
26168791,0568000,LOUISVILLE METRO POLICE DEPT,Accepted,JEFFERSON,,,STONESTREET,RD,,,,,,,,38.108381140,-85.835374197,1.543,1/9/2020 12:00:00 AM,1717,1,1,0,0,CLEAR,DRY,True,OTHER ROADWAY OR MID-BLOCK COLLISION,SINGLE VEHICLE,STRAIGHT & LEVEL,DUSK,,,1/10/2020 8:24:06 AM,False,5259,Accepted,
26198327,0568000,LOUISVILLE METRO POLICE DEPT,Accepted,JEFFERSON,I 0264,,I264 W,,,,,,,,,38.272369175,-85.808470625,0.367,1/9/2020 12:00:00 AM,1516,4,4,0,0,CLEAR,DRY,False,OTHER ROADWAY OR MID-BLOCK COLLISION,REAR END,STRAIGHT & LEVEL,DAYLIGHT,,,1/16/2020 8:11:35 AM,False,8278,Accepted,
26179602,0568000,LOUISVILLE METRO POLICE DEPT,Accepted,JEFFERSON,I 0265,,I265 E,,,,,,,,,38.205160901,-85.507100109,24.264,1/9/2020 12:00:00 AM,0800,3,3,0,0,CLOUDY,DRY,False,OTHER ROADWAY OR MID-BLOCK COLLISION,REAR END,STRAIGHT & GRADE,DAYLIGHT,,,1/13/2020 8:25:36 AM,False,7720,Accepted,
26168765,0568000,LOUISVILLE METRO POLICE DEPT,Accepted,JEFFERSON,KY1747,,HURSTBOURNE,PKWY,S,,,KY1747,KY1747 CROSSOVER,,FEGENBUSH,38.161639320,-85.640379689,5.166,1/9/2020 12:00:00 AM,0806,2,2,0,0,CLEAR,DRY,False,OTHER ROADWAY OR MID-BLOCK COLLISION,REAR END,STRAIGHT & GRADE,DAYLIGHT,,,1/10/2020 8:21:37 AM,False,2017,Accepted,
26168792,0568000,LOUISVILLE METRO POLICE DEPT,Accepted,JEFFERSON,I 0065,,,,,,,,,,,38.112903471,-85.699122245,0.607,1/9/2020 12:00:00 AM,1744,2,2,0,0,CLEAR,DRY,False,OTHER RAMP RELATED COLLISIONS NOT LISTED ABOVE,REAR END,CURVE & HILLCREST,DARK-HWY LIGHTED/ON,I 0065,I 0265,1/10/2020 8:24:10 AM,False,5026,Accepted,
26168787,0568000,LOUISVILLE METRO POLICE DEPT,Accepted,JEFFERSON,I 0264,,,,,,,,,,,38.197604507,-85.704155116,0.284,1/9/2020 12:00:00 AM,0832,2,2,0,0,CLEAR,DRY,True,OTHER RAMP RELATED COLLISIONS NOT LISTED ABOVE,REAR END,STRAIGHT & GRADE,DAYLIGHT,KY0864,I 0264,1/10/2020 8:23:48 AM,False,7366,Accepted,