IncidentID,AgencyORI,AgencyName,IncidentStatusDesc,County,RdwyNumber,Street,RoadwayName,StreetSfx,StreetDir,IntersectionRdwy,IntersectionRdwyName,BetweenStRdwy1,BetweenStRdwyName1,BetweenStRdwy2,BetweenStRdwyName2,Latitude,Longitude,Milepoint,CollisionDate,CollisionTime,UnitsInvolved,MotorVehiclesInvolved,NumberKilled,NumberInjured,Weather,RdwyConditionCode,HitandRun,DirAnalysisCode,MannerofCollision,RdwyCharacter,LightCondition,RampFromRdwyId,RampToRdwyId,AcceptedDate,IsSecondaryCollision,OwnerBadge,IncidentStatus,
26168836,0568000,LOUISVILLE METRO POLICE DEPT,Accepted,JEFFERSON,,,34TH,ST,N,,PARKER,,,,,38.268976732,-85.805779869,0.246,1/8/2020 12:00:00 AM,2000,1,1,0,0,CLEAR,DRY,False,OTHER INTERSECTION COLLISIONS,SINGLE VEHICLE,STRAIGHT & LEVEL,DARK (UNKNOWN ROADWAY LIGHTING),,,1/10/2020 8:28:22 AM,False,7416,Accepted,
26159559,0568000,LOUISVILLE METRO POLICE DEPT,Accepted,JEFFERSON,,,GILMORE,LN,,,GILMORE INDUSTRIAL,,,,,38.181784886,-85.700060864,0.853,1/8/2020 12:00:00 AM,1001,2,2,0,0,CLEAR,DRY,False,OTHER INTERSECTION COLLISIONS,REAR END,STRAIGHT & LEVEL,DARK-HWY NOT LIGHTED,,,1/8/2020 3:06:20 PM,False,7473,Accepted,
26162935,0568000,LOUISVILLE METRO POLICE DEPT,Accepted,JEFFERSON,US0060A,,EASTERN,PKWY,,US0031E,BARDSTOWN,,,,,38.231920946,-85.709362027,6.826,1/8/2020 12:00:00 AM,1737,2,2,0,0,CLEAR,DRY,False,OTHER INTERSECTION COLLISIONS,REAR END,STRAIGHT & LEVEL,DUSK,,,1/9/2020 8:21:09 AM,False,7900,Accepted,
26168816,0568000,LOUISVILLE METRO POLICE DEPT,Accepted,JEFFERSON,US0150,,BROADWAY,,W,,5TH,,,,,38.246201587,-85.760047466,2.292,1/8/2020 12:00:00 AM,1412,2,2,0,0,CLEAR,DRY,True,OTHER INTERSECTION COLLISIONS,REAR END,STRAIGHT & LEVEL,DAYLIGHT,,,1/10/2020 8:26:31 AM,False,5124,Accepted,
26168844,0568000,LOUISVILLE METRO POLICE DEPT,Accepted,JEFFERSON,KY1934,,GREENBELT,HWY,,,JOHNSONTOWN,,,,,38.116477225,-85.894762435,2.305,1/8/2020 12:00:00 AM,2030,2,2,0,0,CLEAR,DRY,False,OTHER INTERSECTION COLLISIONS,REAR END,STRAIGHT & LEVEL,DARK-HWY LIGHTED/ON,,,1/10/2020 8:29:24 AM,False,7160,Accepted,
26162932,0568000,LOUISVILLE METRO POLICE DEPT,Accepted,JEFFERSON,,,BROOK,ST,S,,KENTUCKY,,,,,38.238208330,-85.753016892,2.336,1/8/2020 12:00:00 AM,1637,2,2,0,0,CLEAR,DRY,True,OTHER INTERSECTION COLLISIONS,REAR END,STRAIGHT & LEVEL,DAYLIGHT,,,1/9/2020 8:20:54 AM,False,5289,Accepted,
26162979,0568000,LOUISVILLE METRO POLICE DEPT,Accepted,JEFFERSON,US0031E,,BUECHEL,BYP,,,BUECHEL BANK,,,,,38.190693951,-85.647726545,10.041,1/8/2020 12:00:00 AM,0905,2,2,0,0,CLEAR,DRY,True,OTHER INTERSECTION COLLISIONS,REAR END,STRAIGHT & LEVEL,DAYLIGHT,,,1/9/2020 8:25:23 AM,False,6100,Accepted,
26168763,0568000,LOUISVILLE METRO POLICE DEPT,Accepted,JEFFERSON,KY0155,,TAYLORSVILLE,RD,,,TUCKER STATION,,,,,38.187024345,-85.523942176,6.883,1/8/2020 12:00:00 AM,0943,2,2,0,0,CLEAR,DRY,False,OTHER INTERSECTION COLLISIONS,REAR END,STRAIGHT & LEVEL,DAYLIGHT,,,1/10/2020 8:21:19 AM,False,2017,Accepted,
26159544,0568000,LOUISVILLE METRO POLICE DEPT,Accepted,JEFFERSON,,,ZORN,AVE,,,RIVER,,,,,38.277256691,-85.699313648,1.747,1/8/2020 12:00:00 AM,0810,2,2,0,0,CLEAR,DRY,False,OTHER INTERSECTION COLLISIONS,REAR END,STRAIGHT & LEVEL,DAYLIGHT,,,1/8/2020 3:05:10 PM,False,7746,Accepted,
26159561,0568000,LOUISVILLE METRO POLICE DEPT,Accepted,JEFFERSON,KY0864,,POPLAR LEVEL,RD,,,MASON DIXON,,,,,38.180259244,-85.693977905,9.987,1/8/2020 12:00:00 AM,0823,2,2,0,0,CLEAR,DRY,False,OTHER INTERSECTION COLLISIONS,REAR END,STRAIGHT & LEVEL,DAYLIGHT,,,1/8/2020 3:06:34 PM,False,7879,Accepted,
26162957,0568000,LOUISVILLE METRO POLICE DEPT,Accepted,JEFFERSON,,,BUECHEL BANK,RD,,,BUSATH,,,,,38.184596878,-85.648186837,0.536,1/8/2020 12:00:00 AM,0908,2,2,0,0,CLEAR,DRY,False,OTHER INTERSECTION COLLISIONS,REAR END,STRAIGHT & LEVEL,DAYLIGHT,,,1/9/2020 8:23:11 AM,False,7303,Accepted,
26186283,0568000,LOUISVILLE METRO POLICE DEPT,Accepted,JEFFERSON,,,HIKES,LN,,KY2251,BARDSTOWN,,,,,38.199038636,-85.659992645,0.864,1/8/2020 12:00:00 AM,1638,2,2,0,0,CLEAR,DRY,False,OTHER INTERSECTION COLLISIONS,REAR END,STRAIGHT & LEVEL,DAYLIGHT,,,1/14/2020 8:12:16 AM,False,5119,Accepted,
26168830,0568000,LOUISVILLE METRO POLICE DEPT,Accepted,JEFFERSON,,,JEFFERSON,ST,W,KY1020,2ND,,,,,38.253601840,-85.753847125,0.082,1/8/2020 12:00:00 AM,1650,2,2,0,0,CLEAR,DRY,True,SIDESWIPE-SAME DIRECTION,SIDESWIPE-SAME DIRECTION,STRAIGHT & LEVEL,DAYLIGHT,,,1/10/2020 8:27:43 AM,False,5286,Accepted,
26168768,0568000,LOUISVILLE METRO POLICE DEPT,Accepted,JEFFERSON,,,RIVER PARK,DR,,,34TH,,,,,38.254446659,-85.807537303,1.064,1/8/2020 12:00:00 AM,1513,2,2,0,0,CLEAR,DRY,False,SIDESWIPE-SAME DIRECTION,SIDESWIPE-SAME DIRECTION,STRAIGHT & LEVEL,DAYLIGHT,,,1/10/2020 8:22:03 AM,False,5129,Accepted,
26163062,0568000,LOUISVILLE METRO POLICE DEPT,Accepted,JEFFERSON,US0031E,,BARDSTOWN,RD,,,DEL MARIA,,,,,38.170159162,-85.607004999,7.378,1/8/2020 12:00:00 AM,1752,2,2,0,2,CLEAR,DRY,False,OPPOSING LEFT TURN,OPPOSING LEFT TURN,STRAIGHT & LEVEL,DARK-HWY NOT LIGHTED,,,1/9/2020 8:36:01 AM,False,6100,Accepted,
26168804,0568000,LOUISVILLE METRO POLICE DEPT,Accepted,JEFFERSON,US0031W,,DUMESNIL,ST,,US0031W,22ND,,,,,38.236387436,-85.790038600,18.676,1/8/2020 12:00:00 AM,1149,2,2,0,0,CLEAR,DRY,True,REAR END - ONE VEHICLE TURNING RIGHT,REAR END,CURVE & LEVEL,DAYLIGHT,,,1/10/2020 8:25:24 AM,False,7387,Accepted,
26179914,0568000,LOUISVILLE METRO POLICE DEPT,Accepted,JEFFERSON,,,JOHNSONTOWN,RD,,,ARISTIDES,,,,,38.121863599,-85.876295162,1.104,1/8/2020 12:00:00 AM,0604,2,2,0,0,CLEAR,DRY,False,ANGLE COLLISION - OTHER,ANGLE,CURVE & LEVEL,DARK-HWY LIGHTED/ON,,,1/13/2020 8:49:35 AM,False,2905,Accepted,
26162980,0568000,LOUISVILLE METRO POLICE DEPT,Accepted,JEFFERSON,US0031E,,BUECHEL,BYP,,KY2052,HIKES,,,,,38.198421735,-85.660940943,10.974,1/8/2020 12:00:00 AM,1336,2,2,0,0,CLEAR,DRY,False,ANGLE COLLISION - OTHER,ANGLE,STRAIGHT & LEVEL,DAYLIGHT,,,1/9/2020 8:25:32 AM,False,6100,Accepted,
26159586,0568000,LOUISVILLE METRO POLICE DEPT,Accepted,JEFFERSON,,,CLAY,ST,S,US0150,BROADWAY,,,,,38.244957600,-85.741544998,0.700,1/8/2020 12:00:00 AM,1242,2,2,0,0,CLEAR,DRY,False,ANGLE COLLISION - OTHER,ANGLE,STRAIGHT & LEVEL,DAYLIGHT,,,1/8/2020 3:08:15 PM,False,7266,Accepted,
26159588,0568000,LOUISVILLE METRO POLICE DEPT,Accepted,JEFFERSON,,,CHESTNUT,ST,W,,18TH,,,,,38.251493078,-85.781052290,1.091,1/8/2020 12:00:00 AM,1425,2,2,0,0,CLEAR,DRY,False,ANGLE COLLISION - OTHER,ANGLE,STRAIGHT & LEVEL,DAYLIGHT,,,1/8/2020 3:08:23 PM,False,7241,Accepted,
26162939,0568000,LOUISVILLE METRO POLICE DEPT,Accepted,JEFFERSON,,,4TH,ST,S,,BRECKINRIDGE,,,,,38.241848952,-85.759074534,1.023,1/8/2020 12:00:00 AM,0905,2,2,0,2,CLEAR,DRY,False,ANGLE COLLISION - OTHER,ANGLE,STRAIGHT & LEVEL,DAYLIGHT,,,1/9/2020 8:21:42 AM,False,7495,Accepted,
26162949,0568000,LOUISVILLE METRO POLICE DEPT,Accepted,JEFFERSON,,,LEE,ST,W,,4TH,,,,,38.223347325,-85.762441558,1.131,1/8/2020 12:00:00 AM,0923,2,2,0,0,CLEAR,DRY,True,ANGLE COLLISION - OTHER,ANGLE,STRAIGHT & LEVEL,DAYLIGHT,,,1/9/2020 8:22:20 AM,False,7429,Accepted,
26162974,0568000,LOUISVILLE METRO POLICE DEPT,Accepted,JEFFERSON,KY1747,,HURSTBOURNE,PKWY,S,,RAINTREE,,,,,38.200695943,-85.602928920,9.728,1/8/2020 12:00:00 AM,1207,2,2,0,0,CLEAR,DRY,False,ANGLE COLLISION - OTHER,ANGLE,STRAIGHT & GRADE,DAYLIGHT,,,1/9/2020 8:25:03 AM,False,6100,Accepted,
26198395,0568000,LOUISVILLE METRO POLICE DEPT,Accepted,JEFFERSON,KY1865,,TAYLOR,BLVD,,,BLUEGRASS,,,,,38.179594167,-85.783267760,5.029,1/8/2020 12:00:00 AM,1257,4,4,0,0,CLEAR,DRY,False,ANGLE COLLISION - OTHER,ANGLE,STRAIGHT & LEVEL,DAYLIGHT,,,1/16/2020 8:16:22 AM,False,7094,Accepted,
26168760,0568000,LOUISVILLE METRO POLICE DEPT,Accepted,JEFFERSON,,,23RD,ST,S,,ST LOUIS,,,,,38.234284948,-85.793242393,1.371,1/8/2020 12:00:00 AM,1921,2,2,0,1,CLEAR,DRY,True,ANGLE COLLISION - OTHER,ANGLE,STRAIGHT & LEVEL,DARK-HWY LIGHTED/OFF,,,1/10/2020 8:20:22 AM,False,5232,Accepted,
26168779,0568000,LOUISVILLE METRO POLICE DEPT,Accepted,JEFFERSON,KY0061,,PRESTON,HWY,,,BOERSTE,,,,,38.113940421,-85.676138900,2.125,1/8/2020 12:00:00 AM,1834,3,3,0,1,CLEAR,DRY,False,ANGLE COLLISION - ONE VEHICLE TURNING LEFT,ANGLE,STRAIGHT & LEVEL,DARK (UNKNOWN ROADWAY LIGHTING),,,1/10/2020 8:23:10 AM,False,4693,Accepted,
26162950,0568000,LOUISVILLE METRO POLICE DEPT,Accepted,JEFFERSON,,,36TH,ST,S,,DUMESNIL,,,,,38.238040835,-85.813783801,1.330,1/8/2020 12:00:00 AM,0841,2,2,0,1,CLEAR,DRY,False,COLLISION WITH PARKED VEHICLE,REAR END,STRAIGHT & LEVEL,DAYLIGHT,,,1/9/2020 8:22:27 AM,False,5161,Accepted,
26186277,0568000,LOUISVILLE METRO POLICE DEPT,Accepted,JEFFERSON,,,BRECKINRIDGE,ST,E,KY0061,PRESTON,,,,,38.240755654,-85.748348023,1.279,1/7/2020 12:00:00 AM,0432,4,4,0,0,CLEAR,DRY,False,COLLISION WITH PARKED VEHICLE,ANGLE,STRAIGHT & LEVEL,DARK-HWY LIGHTED/ON,,,1/14/2020 8:11:44 AM,False,5196,Accepted,
26157118,0568000,LOUISVILLE METRO POLICE DEPT,Accepted,JEFFERSON,,,JOHNSONTOWN,RD,,,JOHNSONTOWN,,,,,38.116040307,-85.884991832,1.853,1/7/2020 12:00:00 AM,0706,2,2,0,0,CLEAR,DRY,False,ANGLE COLLISION - OTHER,ANGLE,CURVE & LEVEL,DARK (UNKNOWN ROADWAY LIGHTING),,,1/8/2020 8:25:37 AM,False,5118,Accepted,
26151270,0568000,LOUISVILLE METRO POLICE DEPT,Accepted,JEFFERSON,KY0841,,GENE SNYDER,FWY,,,GREYLING,,,,,38.105330427,-85.815661403,3.690,1/7/2020 12:00:00 AM,0730,2,2,0,0,CLEAR,DRY,False,ANGLE COLLISION - OTHER,ANGLE,STRAIGHT & LEVEL,DAWN,,,1/7/2020 8:41:26 AM,False,7139,Accepted,
26151204,0568000,LOUISVILLE METRO POLICE DEPT,Accepted,JEFFERSON,,,NORRIS,PL,,,STEVENS,,,,,38.229300638,-85.710315676,0.200,1/7/2020 12:00:00 AM,0030,2,2,0,0,CLEAR,DRY,False,ANGLE COLLISION - OTHER,ANGLE,CURVE & LEVEL,DARK-HWY LIGHTED/ON,,,1/7/2020 8:32:05 AM,False,2192,Accepted,
26157084,0568000,LOUISVILLE METRO POLICE DEPT,Accepted,JEFFERSON,,,OAK,ST,E,,SWAN,,,,,38.232935474,-85.737333202,0.997,1/7/2020 12:00:00 AM,1012,2,2,0,2,CLEAR,DRY,False,ANGLE COLLISION - OTHER,ANGLE,STRAIGHT & LEVEL,DAYLIGHT,,,1/8/2020 8:20:32 AM,False,7407,Accepted,
26204829,0568000,LOUISVILLE METRO POLICE DEPT,Accepted,JEFFERSON,KY0864,,POPLAR LEVEL,RD,,,OAKDALE,,,,,38.160272603,-85.672161068,8.098,1/7/2020 12:00:00 AM,1541,2,2,0,0,CLEAR,DRY,True,ANGLE COLLISION - OTHER,ANGLE,STRAIGHT & LEVEL,DAYLIGHT,,,1/17/2020 8:17:08 AM,False,7830,Accepted,
26157099,0568000,LOUISVILLE METRO POLICE DEPT,Accepted,JEFFERSON,,,ORMSBY,AVE,W,KY1020,2ND,,,,,38.232450468,-85.756507365,0.043,1/7/2020 12:00:00 AM,1622,2,2,0,0,CLEAR,DRY,False,ANGLE COLLISION - OTHER,ANGLE,STRAIGHT & LEVEL,DAYLIGHT,,,1/8/2020 8:22:50 AM,False,7689,Accepted,
26157080,0568000,LOUISVILLE METRO POLICE DEPT,Accepted,JEFFERSON,,,LAMPTON,ST,,,SIMON,,,,,38.241899318,-85.745516402,0.140,1/7/2020 12:00:00 AM,1157,2,2,0,0,CLEAR,DRY,True,ANGLE COLLISION - OTHER,ANGLE,STRAIGHT & LEVEL,DAYLIGHT,,,1/8/2020 8:20:22 AM,False,7418,Accepted,
26157055,0568000,LOUISVILLE METRO POLICE DEPT,Accepted,JEFFERSON,KY1747,,FERN VALLEY,RD,,,HOLIDAY TOWERS,,,,,38.157310315,-85.714429109,0.975,1/7/2020 12:00:00 AM,0957,2,2,0,1,CLEAR,DRY,False,OPPOSING LEFT TURN,OPPOSING LEFT TURN,STRAIGHT & LEVEL,DAYLIGHT,,,1/8/2020 8:17:07 AM,False,4693,Accepted,
26157111,0568000,LOUISVILLE METRO POLICE DEPT,Accepted,JEFFERSON,US0150,,BROADWAY,,W,,12TH,,,,,38.247595558,-85.771626781,1.655,1/7/2020 12:00:00 AM,1920,2,2,0,0,CLEAR,DRY,False,VEHICLE BACKING IN INTERSECTION,BACKING,STRAIGHT & LEVEL,DARK-HWY LIGHTED/ON,,,1/8/2020 8:24:25 AM,False,5187,Accepted,
26168838,0568000,LOUISVILLE METRO POLICE DEPT,Accepted,JEFFERSON,KY0864,,POPLAR LEVEL,RD,,,OAKDALE,,,,,38.160091111,-85.671966904,8.092,1/7/2020 12:00:00 AM,1716,2,2,0,0,CLEAR,DRY,False,SIDESWIPE-SAME DIRECTION,SIDESWIPE-SAME DIRECTION,STRAIGHT & LEVEL,DAYLIGHT,,,1/10/2020 8:28:34 AM,False,7451,Accepted,
26157116,0568000,LOUISVILLE METRO POLICE DEPT,Accepted,JEFFERSON,,,BISHOP,LN,,,GARDINER,,,,,38.197865457,-85.686312512,1.263,1/7/2020 12:00:00 AM,2150,2,2,0,0,CLEAR,DRY,True,SIDESWIPE-SAME DIRECTION,SIDESWIPE-SAME DIRECTION,STRAIGHT & LEVEL,DARK-HWY LIGHTED/ON,,,1/8/2020 8:25:13 AM,False,5024,Accepted,
26179764,0568000,LOUISVILLE METRO POLICE DEPT,Accepted,JEFFERSON,I 0265,,I265 N,,,I 0064,I64 W EXIT19B RAMP TO I265 N,,,,,38.221945945,-85.505583955,25.448,1/7/2020 12:00:00 AM,1820,2,2,0,0,CLOUDY,DRY,True,SIDESWIPE-SAME DIRECTION,SIDESWIPE-SAME DIRECTION,STRAIGHT & LEVEL,DARK-HWY NOT LIGHTED,,,1/13/2020 8:37:33 AM,False,6334,Accepted,
26179903,0568000,LOUISVILLE METRO POLICE DEPT,Accepted,JEFFERSON,US0031W,,DIXIE,HWY,,,HILLVIEW,,,,,38.131495509,-85.847024499,10.618,1/7/2020 12:00:00 AM,1857,2,2,0,0,CLOUDY,DRY,False,OTHER INTERSECTION COLLISIONS,REAR END,STRAIGHT & LEVEL,DARK-HWY LIGHTED/ON,,,1/13/2020 8:48:28 AM,False,7073,Accepted,
26179858,0568000,LOUISVILLE METRO POLICE DEPT,Accepted,JEFFERSON,,,MUHAMMAD ALI,BLVD,E,KY0061,JACKSON,,,,,38.249751290,-85.744876676,0.609,1/7/2020 12:00:00 AM,1725,2,2,0,0,CLOUDY,DRY,True,OTHER INTERSECTION COLLISIONS,REAR END,STRAIGHT & GRADE,DAYLIGHT,,,1/13/2020 8:46:00 AM,False,2661,Accepted,
26153865,0568000,LOUISVILLE METRO POLICE DEPT,Accepted,JEFFERSON,,,26TH,ST,S,,BROADWAY,,,,,38.249497050,-85.794952460,0.777,1/7/2020 12:00:00 AM,1238,2,2,0,0,CLEAR,DRY,False,OTHER INTERSECTION COLLISIONS,REAR END,STRAIGHT & LEVEL,DAYLIGHT,,,1/7/2020 3:49:05 PM,False,7361,Accepted,
26157114,0568000,LOUISVILLE METRO POLICE DEPT,Accepted,JEFFERSON,KY1931,,MANSLICK,RD,,,LEDGEWOOD,,,,,38.163163280,-85.797750372,6.096,1/7/2020 12:00:00 AM,1824,2,2,0,0,CLEAR,DRY,False,OTHER INTERSECTION COLLISIONS,REAR END,STRAIGHT & GRADE,DARK-HWY LIGHTED/ON,,,1/8/2020 8:24:49 AM,False,5212,Accepted,
26153860,0568000,LOUISVILLE METRO POLICE DEPT,Accepted,JEFFERSON,US0031E,,BARDSTOWN,RD,,,BANNON CROSSINGS,,,,,38.182211750,-85.628745719,8.744,1/7/2020 12:00:00 AM,0839,2,2,0,0,CLEAR,DRY,False,OTHER INTERSECTION COLLISIONS,REAR END,STRAIGHT & LEVEL,DAWN,,,1/7/2020 3:48:27 PM,False,7294,Accepted,
26153867,0568000,LOUISVILLE METRO POLICE DEPT,Accepted,JEFFERSON,,,FEYHURST,DR,,,DATURA,,,,,38.147801142,-85.858228960,0.236,1/7/2020 12:00:00 AM,0900,1,1,0,0,CLEAR,DRY,False,OTHER INTERSECTION COLLISIONS,SINGLE VEHICLE,STRAIGHT & LEVEL,DAYLIGHT,,,1/7/2020 3:50:04 PM,False,7267,Accepted,
26162966,0568000,LOUISVILLE METRO POLICE DEPT,Accepted,JEFFERSON,,4024,PLEASANT GLEN,DR,,,,,,,,38.184611973,-85.519596968,0.205,1/7/2020 12:00:00 AM,2105,2,2,0,0,CLEAR,DRY,True,1 VEHICLE PARKED POSITION (NOT PARKING LOT/DRIVEWAY),SIDESWIPE-OPPOSITE DIRECTION,STRAIGHT & LEVEL,DARK-HWY LIGHTED/OFF,,,1/9/2020 8:23:55 AM,False,5270,Accepted,
26151242,0568000,LOUISVILLE METRO POLICE DEPT,Accepted,JEFFERSON,KY1631,,CRITTENDEN,DR,,,,,,,,38.205282283,-85.750808404,1.196,1/7/2020 12:00:00 AM,0346,1,1,0,0,CLEAR,DRY,False,COLLISION WITH FIXED OBJECT NON - INTERSECTION - FIRST EVENT COLLISION 09 - 32 EXCLUDING 16,SINGLE VEHICLE,STRAIGHT & LEVEL,DARK-HWY LIGHTED/ON,,,1/7/2020 8:33:36 AM,False,5252,Accepted,
26157038,0568000,LOUISVILLE METRO POLICE DEPT,Accepted,JEFFERSON,,1500B,CHESTNUT,ST,W,,,,,,,38.251056884,-85.776739573,1.327,1/7/2020 12:00:00 AM,1519,2,2,0,1,CLEAR,DRY,False,1 VEHICLE PARKED POSITION (NOT PARKING LOT/DRIVEWAY),REAR END,STRAIGHT & LEVEL,DAYLIGHT,,,1/8/2020 8:16:26 AM,False,7361,Accepted,
26220511,0568000,LOUISVILLE METRO POLICE DEPT,Accepted,JEFFERSON,I 0264,,I264 W,,,,,,,,,38.201270633,-85.694121715,14.230,1/7/2020 12:00:00 AM,1600,2,2,0,0,CLEAR,DRY,False,REAR END IN TRAFFIC LANES BOTH VEHICLES MOVING,REAR END,STRAIGHT & LEVEL,DAYLIGHT,,,1/21/2020 9:33:31 AM,False,6148,Accepted,
26157074,0568000,LOUISVILLE METRO POLICE DEPT,Accepted,JEFFERSON,I 0065,,I65 N,,,,,,,,,38.173246779,-85.720084136,129.390,1/7/2020 12:00:00 AM,0715,2,2,0,0,CLEAR,DRY,False,REAR END IN TRAFFIC LANES BOTH VEHICLES MOVING,REAR END,STRAIGHT & GRADE,DAWN,,,1/8/2020 8:19:45 AM,False,7830,Accepted,
26157091,0568000,LOUISVILLE METRO POLICE DEPT,Accepted,JEFFERSON,I 0265,,I265 N,,,,,,,,,38.314944468,-85.581695360,34.714,1/7/2020 12:00:00 AM,1656,3,3,0,1,CLEAR,DRY,False,REAR END IN TRAFFIC LANES BOTH VEHICLES MOVING,REAR END,STRAIGHT & LEVEL,DAYLIGHT,,,1/8/2020 8:21:10 AM,False,7355,Accepted,
26157095,0568000,LOUISVILLE METRO POLICE DEPT,Accepted,JEFFERSON,I 0264,,I264 W,,,,,,,,,38.203195580,-85.685156540,14.733,1/7/2020 12:00:00 AM,1726,2,2,0,0,CLEAR,DRY,True,REAR END IN TRAFFIC LANES BOTH VEHICLES MOVING,REAR END,STRAIGHT & LEVEL,DARK-HWY LIGHTED/ON,,,1/8/2020 8:22:19 AM,False,5112,Accepted,
26157058,0568000,LOUISVILLE METRO POLICE DEPT,Accepted,JEFFERSON,KY1747,,HURSTBOURNE,PKWY,S,,,,,,,38.170212567,-85.604614289,7.576,1/7/2020 12:00:00 AM,1444,2,2,0,0,CLEAR,DRY,False,REAR END IN TRAFFIC LANES BOTH VEHICLES MOVING,REAR END,STRAIGHT & LEVEL,DAYLIGHT,,,1/8/2020 8:17:37 AM,False,4693,Accepted,
26157068,0568000,LOUISVILLE METRO POLICE DEPT,Accepted,JEFFERSON,,,FREEPORT,DR,,,,,,,,38.123353135,-85.883838944,0.054,1/7/2020 12:00:00 AM,1510,2,2,0,0,CLEAR,DRY,False,REAR END IN TRAFFIC LANES BOTH VEHICLES MOVING,REAR END,STRAIGHT & LEVEL,DAYLIGHT,,,1/8/2020 8:18:46 AM,False,7234,Accepted,
26157094,0568000,LOUISVILLE METRO POLICE DEPT,Accepted,JEFFERSON,I 0264,,I264 W,,,,,,,,,38.203605126,-85.684292657,14.788,1/7/2020 12:00:00 AM,1710,2,2,0,0,CLEAR,DRY,True,REAR END IN TRAFFIC LANES BOTH VEHICLES MOVING,REAR END,STRAIGHT & LEVEL,DAYLIGHT,,,1/8/2020 8:22:01 AM,False,5112,Accepted,
26179605,0568000,LOUISVILLE METRO POLICE DEPT,Accepted,JEFFERSON,KY1065,175,OUTER,LOOP,,,,,CANDLEWORTH,KY1865,NEW CUT,38.126666474,-85.779958308,0.816,1/7/2020 12:00:00 AM,2248,2,2,0,1,CLEAR,DRY,False,HEAD-ON COLLISION,HEAD ON,STRAIGHT & LEVEL,DARK-HWY LIGHTED/ON,,,1/13/2020 8:25:50 AM,False,5110,Accepted,
26153870,0568000,LOUISVILLE METRO POLICE DEPT,Accepted,JEFFERSON,,,CHAMBERLAIN,LN,,,,,,,,38.301001734,-85.543276882,2.253,1/7/2020 12:00:00 AM,1349,2,2,0,0,CLEAR,DRY,False,SIDESWIPE COLLISION - SAME DIRECTION,SIDESWIPE-SAME DIRECTION,STRAIGHT & LEVEL,DAYLIGHT,,,1/7/2020 3:50:42 PM,False,2489,Accepted,
26162989,0568000,LOUISVILLE METRO POLICE DEPT,Accepted,JEFFERSON,I 0065,,I65 S,,,,,I 0065,I65 S EXIT127 OFF RAMP TO KY1065,I 0065,I65 S EXIT127 TRANSIT,38.146585636,-85.712091536,127.444,1/7/2020 12:00:00 AM,0630,2,2,0,0,CLEAR,DRY,False,SIDESWIPE COLLISION - SAME DIRECTION,SIDESWIPE-SAME DIRECTION,STRAIGHT & LEVEL,DARK-HWY LIGHTED/ON,,,1/9/2020 8:26:02 AM,False,7120,Accepted,
26157056,0568000,LOUISVILLE METRO POLICE DEPT,Accepted,JEFFERSON,KY0061,,PRESTON,HWY,,,,,,,,38.118424954,-85.677356059,2.477,1/7/2020 12:00:00 AM,1229,2,2,0,0,CLEAR,DRY,False,SIDESWIPE COLLISION - SAME DIRECTION,SIDESWIPE-SAME DIRECTION,STRAIGHT & LEVEL,DAYLIGHT,,,1/8/2020 8:17:15 AM,False,4693,Accepted,
26157104,0568000,LOUISVILLE METRO POLICE DEPT,Accepted,JEFFERSON,,,COLORADO,AVE,,,,,,,,38.212914529,-85.774867995,0.612,1/7/2020 12:00:00 AM,1500,2,2,0,0,CLEAR,DRY,True,SIDESWIPE COLLISION - SAME DIRECTION,SIDESWIPE-SAME DIRECTION,STRAIGHT & LEVEL,DAYLIGHT,,,1/8/2020 8:23:30 AM,False,5114,Accepted,
26157105,0568000,LOUISVILLE METRO POLICE DEPT,Accepted,JEFFERSON,,8400 BLK,INDEPENDENCE SCHOOL,RD,,,,,,,,38.103823294,-85.605290627,0.320,1/7/2020 12:00:00 AM,1455,2,2,0,0,CLEAR,DRY,False,SIDESWIPE COLLISION - OPPOSITE DIRECTION,SIDESWIPE-OPPOSITE DIRECTION,CURVE & GRADE,DAYLIGHT,,,1/8/2020 8:23:48 AM,False,7465,Accepted,
26157106,0568000,LOUISVILLE METRO POLICE DEPT,Accepted,JEFFERSON,,2120,WOODBOURNE,AVE,,,,,,,,38.225355068,-85.688731637,0.339,1/7/2020 12:00:00 AM,1616,2,2,0,0,CLEAR,DRY,False,SIDESWIPE COLLISION - OPPOSITE DIRECTION,SIDESWIPE-OPPOSITE DIRECTION,STRAIGHT & LEVEL,DAYLIGHT,,,1/8/2020 8:23:56 AM,False,7960,Accepted,
26179630,0568000,LOUISVILLE METRO POLICE DEPT,Accepted,JEFFERSON,US0031,,CLARK MEMORIAL,BRG,,,,,,,,38.267263372,-85.750877937,0.772,1/7/2020 12:00:00 AM,1834,2,2,0,0,CLEAR,DRY,False,1 VEHICLE ENTERING/LEAVING ENTRANCE,ANGLE,STRAIGHT & LEVEL,DARK-HWY LIGHTED/ON,,,1/13/2020 8:27:17 AM,False,5168,Accepted,
26157098,0568000,LOUISVILLE METRO POLICE DEPT,Accepted,JEFFERSON,,,MARKET,ST,W,,,US0031W,22ND,,23RD,38.258656595,-85.787567050,0.055,1/7/2020 12:00:00 AM,1643,2,2,0,0,CLEAR,DRY,False,1 VEHICLE ENTERING/LEAVING ENTRANCE,ANGLE,STRAIGHT & LEVEL,DAYLIGHT,,,1/8/2020 8:22:43 AM,False,7805,Accepted,
26157063,0568000,LOUISVILLE METRO POLICE DEPT,Accepted,JEFFERSON,US0031E,,BARDSTOWN,RD,,,,,,,,38.219837034,-85.680052409,12.783,1/7/2020 12:00:00 AM,1433,2,2,0,0,CLEAR,DRY,False,1 VEHICLE ENTERING/LEAVING ENTRANCE,ANGLE,STRAIGHT & LEVEL,DAYLIGHT,,,1/8/2020 8:18:20 AM,False,5112,Accepted,