IncidentID,AgencyORI,AgencyName,IncidentStatusDesc,County,RdwyNumber,Street,RoadwayName,StreetSfx,StreetDir,IntersectionRdwy,IntersectionRdwyName,BetweenStRdwy1,BetweenStRdwyName1,BetweenStRdwy2,BetweenStRdwyName2,Latitude,Longitude,Milepoint,CollisionDate,CollisionTime,UnitsInvolved,MotorVehiclesInvolved,NumberKilled,NumberInjured,Weather,RdwyConditionCode,HitandRun,DirAnalysisCode,MannerofCollision,RdwyCharacter,LightCondition,RampFromRdwyId,RampToRdwyId,AcceptedDate,IsSecondaryCollision,OwnerBadge,IncidentStatus,
26157057,0568000,LOUISVILLE METRO POLICE DEPT,Accepted,JEFFERSON,KY0061,,PRESTON,HWY,,,,,,,,38.156107851,-85.696446117,5.296,1/7/2020 12:00:00 AM,1314,2,2,0,0,CLEAR,DRY,False,1 VEHICLE ENTERING/LEAVING ENTRANCE,ANGLE,STRAIGHT & LEVEL,DAYLIGHT,,,1/8/2020 8:17:24 AM,False,4693,Accepted,
26151248,0568000,LOUISVILLE METRO POLICE DEPT,Accepted,JEFFERSON,KY1020,,NATIONAL,TPKE,,,,,GERBER,,NEW VENTURE,38.151684724,-85.764313177,5.587,1/7/2020 12:00:00 AM,0530,2,2,0,0,CLEAR,DRY,False,1 VEHICLE ENTERING/LEAVING ENTRANCE,ANGLE,STRAIGHT & LEVEL,DARK-HWY LIGHTED/ON,,,1/7/2020 8:34:33 AM,False,2721,Accepted,
26159572,0568000,LOUISVILLE METRO POLICE DEPT,Accepted,JEFFERSON,KY1747,,HURSTBOURNE,PKWY,,,,,,,,38.167562644,-85.605897444,7.384,1/7/2020 12:00:00 AM,1738,2,2,0,0,CLEAR,DRY,False,OTHER ROADWAY OR MID-BLOCK COLLISION,OPPOSING LEFT TURN,STRAIGHT & LEVEL,DUSK,,,1/8/2020 3:07:30 PM,False,4693,Accepted,
26157093,0568000,LOUISVILLE METRO POLICE DEPT,Accepted,JEFFERSON,I 0265,,,,,,,,,,,38.306488349,-85.566345690,0.002,1/7/2020 12:00:00 AM,1735,2,2,0,0,CLEAR,DRY,False,OTHER RAMP RELATED COLLISIONS NOT LISTED ABOVE,REAR END,STRAIGHT & GRADE,DUSK,I 0265,KY0022,1/8/2020 8:21:41 AM,False,7355,Accepted,
26157061,0568000,LOUISVILLE METRO POLICE DEPT,Accepted,JEFFERSON,I 0065,,,,,,,,,,,38.246337102,-85.752288323,0.119,1/7/2020 12:00:00 AM,1615,3,3,0,0,CLEAR,DRY,False,OTHER RAMP RELATED COLLISIONS NOT LISTED ABOVE,REAR END,STRAIGHT & LEVEL,DAYLIGHT,W CHESTNUT ST,I 0065,1/8/2020 8:18:01 AM,False,2855,Accepted,
26157066,0568000,LOUISVILLE METRO POLICE DEPT,Accepted,JEFFERSON,I 0264,,,,,,,,,,,38.209396554,-85.674028674,0.132,1/7/2020 12:00:00 AM,1545,2,2,0,0,CLEAR,DRY,False,OTHER RAMP RELATED COLLISIONS NOT LISTED ABOVE,REAR END,STRAIGHT & LEVEL,DAYLIGHT,I 0264,US31E,1/8/2020 8:18:36 AM,False,2217,Accepted,
26157097,0568000,LOUISVILLE METRO POLICE DEPT,Accepted,JEFFERSON,,2422,BROADWAY,,W,,,,24TH,,26TH,38.249369525,-85.792801280,0.250,1/7/2020 12:00:00 AM,1008,1,1,0,0,CLEAR,DRY,False,COLLISION IN PARKING LOT,SINGLE VEHICLE,STRAIGHT & LEVEL,DAYLIGHT,,,1/8/2020 8:22:35 AM,False,7805,Accepted,
26157113,0568000,LOUISVILLE METRO POLICE DEPT,Accepted,JEFFERSON,US0042,2007,BROWNSBORO,RD,,,,,,,,38.259663436,-85.707259773,1.511,1/7/2020 12:00:00 AM,1950,2,2,0,0,CLEAR,DRY,True,COLLISION IN PARKING LOT,REAR TO REAR,STRAIGHT & LEVEL,DARK-HWY LIGHTED/ON,,,1/8/2020 8:24:38 AM,False,7793,Accepted,
26153857,0568000,LOUISVILLE METRO POLICE DEPT,Accepted,JEFFERSON,US0031E,,BARDSTOWN,RD,,,,,,CS1973G,WEBER,38.222993894,-85.688031688,13.215,1/6/2020 12:00:00 AM,1250,2,2,0,0,CLEAR,DRY,True,COLLISION IN PARKING LOT,BACKING,STRAIGHT & LEVEL,DAYLIGHT,,,1/7/2020 3:47:59 PM,False,2230,Accepted,
26157632,0568000,LOUISVILLE METRO POLICE DEPT,Accepted,JEFFERSON,,,MEYERS,LN,,,,,,,,38.164675933,-85.829646986,0.036,1/6/2020 12:00:00 AM,1217,2,2,0,0,CLEAR,DRY,True,COLLISION IN PARKING LOT,BACKING,STRAIGHT & LEVEL,DAYLIGHT,,,1/8/2020 10:16:37 AM,False,7234,Accepted,
26159396,0561500,UNIV. OF LOUISVILLE POLICE,Accepted,JEFFERSON,,0401,CARDINAL,BLVD,W,,,,,,,38.221058151,-85.764960871,0.299,1/6/2020 12:00:00 AM,1550,2,2,0,0,CLEAR,DRY,False,COLLISION IN PARKING LOT,SIDESWIPE-SAME DIRECTION,STRAIGHT & LEVEL,DAYLIGHT,,,1/8/2020 2:42:28 PM,False,5666,Accepted,
26157120,0568000,LOUISVILLE METRO POLICE DEPT,Accepted,JEFFERSON,,5300,HAMES,TRCE,,,,,,,,38.166018294,-85.605945429,0.502,1/6/2020 12:00:00 AM,1330,2,2,0,0,CLEAR,DRY,True,COLLISION IN PARKING LOT,REAR END,STRAIGHT & LEVEL,DAYLIGHT,,,1/8/2020 8:25:54 AM,False,7415,Accepted,
26151138,0568000,LOUISVILLE METRO POLICE DEPT,Accepted,JEFFERSON,I 0264,,,,,,,,,,,38.202001670,-85.691293024,0.186,1/6/2020 12:00:00 AM,1915,1,1,0,0,CLEAR,DRY,False,OTHER RAMP RELATED COLLISIONS NOT LISTED ABOVE,SINGLE VEHICLE,STRAIGHT & HILLCREST,DARK-HWY LIGHTED/ON,I 0264,KY1703,1/7/2020 8:28:11 AM,False,7916,Accepted,
26147171,0568000,LOUISVILLE METRO POLICE DEPT,Accepted,JEFFERSON,I 0064,,I64 W,,,,,,,,,38.223614367,-85.528320681,17.629,1/6/2020 12:00:00 AM,0807,3,3,0,0,CLEAR,DRY,False,OTHER ROADWAY OR MID-BLOCK COLLISION,REAR END,STRAIGHT & LEVEL,DAYLIGHT,,,1/6/2020 2:54:11 PM,False,4903,Accepted,
26151107,0568000,LOUISVILLE METRO POLICE DEPT,Accepted,JEFFERSON,I 0264,,I264 E,,,,,I 0264,I264 E EXIT15 ON RAMP FROM KY1703,I 0264,I264 E EXIT16 OFF RAMP TO US31E,38.207411330,-85.676971802,15.266,1/6/2020 12:00:00 AM,1548,1,1,0,0,CLEAR,DRY,False,OTHER ROADWAY OR MID-BLOCK COLLISION,SINGLE VEHICLE,STRAIGHT & LEVEL,DAYLIGHT,,,1/7/2020 8:22:56 AM,False,2308,Accepted,
26248795,0568000,LOUISVILLE METRO POLICE DEPT,Accepted,JEFFERSON,US0031E,,BAXTER,AVE,,,,,LEXINGTON,,LIBERTY,38.248536808,-85.730729826,16.301,1/6/2020 12:00:00 AM,1817,2,2,0,0,CLEAR,DRY,False,OTHER ROADWAY OR MID-BLOCK COLLISION,REAR END,STRAIGHT & LEVEL,DARK-HWY LIGHTED/ON,,,1/27/2020 8:26:30 AM,False,7129,Accepted,
26151131,0568000,LOUISVILLE METRO POLICE DEPT,Accepted,JEFFERSON,,1456,7TH,ST,S,,,,,,,38.227026376,-85.768811948,0.679,1/6/2020 12:00:00 AM,1535,2,2,0,0,CLEAR,DRY,False,1 VEHICLE ENTERING/LEAVING ENTRANCE,ANGLE,STRAIGHT & LEVEL,DAYLIGHT,,,1/7/2020 8:26:19 AM,False,7472,Accepted,
26151141,0568000,LOUISVILLE METRO POLICE DEPT,Accepted,JEFFERSON,KY2049,,CRUMS,LN,,,,KY1934,CANE RUN,,POPPY,38.198499385,-85.835604823,0.108,1/6/2020 12:00:00 AM,1930,2,2,0,0,CLEAR,DRY,False,1 VEHICLE ENTERING/LEAVING ENTRANCE,ANGLE,STRAIGHT & LEVEL,DARK-HWY LIGHTED/ON,,,1/7/2020 8:28:41 AM,False,2877,Accepted,
26151126,0568000,LOUISVILLE METRO POLICE DEPT,Accepted,JEFFERSON,,6500,SIX MILE,LN,,,,,,,,38.198096226,-85.636844232,0.947,1/6/2020 12:00:00 AM,0745,2,2,0,0,CLEAR,DRY,False,1 VEHICLE ENTERING/LEAVING ENTRANCE,ANGLE,STRAIGHT & LEVEL,DAYLIGHT,,,1/7/2020 8:24:45 AM,False,7448,Accepted,
26150909,0566900,LOUISVILLE AIRPORT POLICE,Accepted,JEFFERSON,,4600,AIRFREIGHT,DR,,,,,,,,38.185509412,-85.745666195,0.297,1/6/2020 12:00:00 AM,0957,2,2,0,0,CLEAR,DRY,False,1 VEHICLE ENTERING/LEAVING ENTRANCE,ANGLE,STRAIGHT & LEVEL,DAYLIGHT,,,1/7/2020 7:36:05 AM,False,5857,Accepted,
26151085,0568000,LOUISVILLE METRO POLICE DEPT,Accepted,JEFFERSON,,,MARKET,ST,W,,,,,,,38.260282763,-85.800875544,0.791,1/6/2020 12:00:00 AM,1200,2,2,0,1,CLEAR,DRY,False,1 VEHICLE ENTERING/LEAVING ENTRANCE,ANGLE,STRAIGHT & LEVEL,DAYLIGHT,,,1/7/2020 8:20:18 AM,False,7288,Accepted,
26151094,0568000,LOUISVILLE METRO POLICE DEPT,Accepted,JEFFERSON,KY0061,,PRESTON,HWY,,,,,,,,38.156245955,-85.696721631,5.313,1/6/2020 12:00:00 AM,1525,2,2,0,0,CLEAR,DRY,False,1 VEHICLE ENTERING/LEAVING ENTRANCE,ANGLE,STRAIGHT & LEVEL,DAYLIGHT,,,1/7/2020 8:22:07 AM,False,4693,Accepted,
26144851,0568000,LOUISVILLE METRO POLICE DEPT,Accepted,JEFFERSON,,1202,VIRGINIA,AVE,,,,,,,,38.239940104,-85.825473892,1.419,1/6/2020 12:00:00 AM,0030,2,2,0,0,CLEAR,DRY,True,1 VEHICLE ENTERING/LEAVING ENTRANCE,ANGLE,STRAIGHT & LEVEL,DARK-HWY LIGHTED/ON,,,1/6/2020 9:12:12 AM,False,5181,Accepted,
26151151,0568000,LOUISVILLE METRO POLICE DEPT,Accepted,JEFFERSON,KY1703,,NEWBURG,RD,,,,,THOUSAND OAKS,I 0264,I264 W EXIT15 ON RAMP FROM KY1703,38.204044589,-85.691831017,2.475,1/6/2020 12:00:00 AM,2240,2,2,0,0,CLEAR,DRY,True,1 VEHICLE ENTERING/LEAVING ENTRANCE,ANGLE,STRAIGHT & GRADE,DARK-HWY LIGHTED/ON,,,1/7/2020 8:29:17 AM,False,7935,Accepted,
26144850,0568000,LOUISVILLE METRO POLICE DEPT,Accepted,JEFFERSON,KY1065,,OUTER,LOOP,,,,,CANDLEWORTH,KY1865,NEW CUT,38.126547491,-85.784554722,0.562,1/6/2020 12:00:00 AM,0205,1,1,0,0,CLEAR,DRY,False,OTHER ROADWAY OR MID-BLOCK COLLISION,SINGLE VEHICLE,STRAIGHT & LEVEL,DARK-HWY NOT LIGHTED,,,1/6/2020 9:12:09 AM,False,7957,Accepted,
26151086,0568000,LOUISVILLE METRO POLICE DEPT,Accepted,JEFFERSON,KY0864,,POPLAR LEVEL,RD,,,,,,,,38.158608656,-85.648707287,6.778,1/6/2020 12:00:00 AM,1602,2,2,0,0,CLEAR,DRY,True,SIDESWIPE COLLISION - OPPOSITE DIRECTION,SIDESWIPE-OPPOSITE DIRECTION,STRAIGHT & LEVEL,DAYLIGHT,,,1/7/2020 8:20:35 AM,False,7739,Accepted,
26151092,0568000,LOUISVILLE METRO POLICE DEPT,Accepted,JEFFERSON,KY0864,,CEDAR CREEK,RD,,,,,,,,38.083675784,-85.623434720,0.053,1/6/2020 12:00:00 AM,1315,2,2,0,0,CLEAR,DRY,False,SIDESWIPE COLLISION - OPPOSITE DIRECTION,SIDESWIPE-OPPOSITE DIRECTION,STRAIGHT & LEVEL,DAYLIGHT,,,1/7/2020 8:21:38 AM,False,4693,Accepted,
26151130,0568000,LOUISVILLE METRO POLICE DEPT,Accepted,JEFFERSON,KY1747,9705,HURSTBOURNE,PKWY,N,,,,,,,38.289057668,-85.573533130,17.165,1/6/2020 12:00:00 AM,1824,2,2,0,0,CLEAR,DRY,False,SIDESWIPE COLLISION - SAME DIRECTION,SIDESWIPE-SAME DIRECTION,STRAIGHT & LEVEL,DARK-HWY LIGHTED/ON,,,1/7/2020 8:26:05 AM,False,7355,Accepted,
26153863,0568000,LOUISVILLE METRO POLICE DEPT,Accepted,JEFFERSON,US0031W,713,MAIN,ST,W,,,,,,,38.257225167,-85.762084557,21.628,1/6/2020 12:00:00 AM,1615,2,2,0,0,CLEAR,DRY,True,SIDESWIPE COLLISION - SAME DIRECTION,SIDESWIPE-SAME DIRECTION,STRAIGHT & LEVEL,DAYLIGHT,,,1/7/2020 3:48:51 PM,False,5187,Accepted,
26151178,0568000,LOUISVILLE METRO POLICE DEPT,Accepted,JEFFERSON,I 0065,,I65 E EXIT12 TRANSIT,,,,,,,,,38.189390305,-85.740216710,0.495,1/6/2020 12:00:00 AM,1909,2,2,0,1,CLEAR,DRY,False,SIDESWIPE COLLISION - SAME DIRECTION,SIDESWIPE-SAME DIRECTION,STRAIGHT & LEVEL,DARK-HWY LIGHTED/ON,,,1/7/2020 8:30:55 AM,False,5252,Accepted,
26151042,0568000,LOUISVILLE METRO POLICE DEPT,Accepted,JEFFERSON,,,CHESTNUT,ST,W,,,,11TH,,QUEST,38.250366384,-85.770742733,1.657,1/6/2020 12:00:00 AM,1124,2,2,0,0,CLEAR,DRY,False,SIDESWIPE COLLISION - SAME DIRECTION,SIDESWIPE-SAME DIRECTION,STRAIGHT & LEVEL,DAYLIGHT,,,1/7/2020 8:18:37 AM,False,5187,Accepted,
27644712,0568000,LOUISVILLE METRO POLICE DEPT,Accepted,JEFFERSON,KY0841,,GENE SNYDER,FWY,,,,,,,,38.115229701,-85.710892786,9.735,1/6/2020 12:00:00 AM,2213,1,1,0,1,CLEAR,DRY,False,OTHER COLLISIONS ON SHOULDER,SINGLE VEHICLE,STRAIGHT & LEVEL,DARK-HWY LIGHTED/ON,,,1/7/2021 10:57:58 AM,False,5198,Accepted,
26157087,0568000,LOUISVILLE METRO POLICE DEPT,Accepted,JEFFERSON,,,WINGFIELD,LN,,US0031W,DIXIE,,,,,38.218821125,-85.794305885,0.002,1/6/2020 12:00:00 AM,1545,2,2,0,0,CLEAR,DRY,False,HEAD-ON COLLISION,HEAD ON,STRAIGHT & GRADE,DAYLIGHT,,,1/8/2020 8:20:49 AM,False,7656,Accepted,
26151112,0568000,LOUISVILLE METRO POLICE DEPT,Accepted,JEFFERSON,US0031E,,BAXTER,AVE,,,,,MORTON,,HIGHLAND,38.240267259,-85.724274984,15.653,1/6/2020 12:00:00 AM,1613,2,2,0,0,CLEAR,DRY,False,REAR END IN TRAFFIC LANES BOTH VEHICLES MOVING,REAR END,STRAIGHT & LEVEL,DAYLIGHT,,,1/7/2020 8:23:34 AM,False,7129,Accepted,
26151119,0568000,LOUISVILLE METRO POLICE DEPT,Accepted,JEFFERSON,I 0065,,,,,,,,,,,38.191114951,-85.724611305,0.173,1/6/2020 12:00:00 AM,1707,3,3,0,0,CLEAR,DRY,False,REAR END IN TRAFFIC LANES BOTH VEHICLES MOVING,REAR END,STRAIGHT & LEVEL,DUSK,,,1/7/2020 8:24:14 AM,False,7839,Accepted,
26151102,0568000,LOUISVILLE METRO POLICE DEPT,Accepted,JEFFERSON,US0031E,,BARDSTOWN,RD,,,,,,,,38.142805470,-85.583891304,5.022,1/6/2020 12:00:00 AM,1603,3,3,0,1,CLEAR,DRY,False,REAR END IN TRAFFIC LANES BOTH VEHICLES MOVING,REAR END,STRAIGHT & LEVEL,DAYLIGHT,,,1/7/2020 8:22:26 AM,False,4693,Accepted,
26144865,0568000,LOUISVILLE METRO POLICE DEPT,Accepted,JEFFERSON,,,BANTAM,CT,,,,,,,,38.192982857,-85.678659768,0.024,1/6/2020 12:00:00 AM,0600,2,2,0,0,CLEAR,DRY,False,REAR END IN TRAFFIC LANES BOTH VEHICLES MOVING,REAR END,STRAIGHT & LEVEL,DARK-HWY LIGHTED/ON,,,1/6/2020 9:13:54 AM,False,7371,Accepted,
26151090,0568000,LOUISVILLE METRO POLICE DEPT,Accepted,JEFFERSON,,,STRAWBERRY,LN,,,,,,,,38.159845844,-85.762324450,0.127,1/6/2020 12:00:00 AM,1652,2,2,0,0,CLEAR,DRY,True,REAR END IN TRAFFIC LANES BOTH VEHICLES MOVING,REAR END,STRAIGHT & LEVEL,DAYLIGHT,,,1/7/2020 8:21:08 AM,False,5279,Accepted,
26147170,0568000,LOUISVILLE METRO POLICE DEPT,Accepted,JEFFERSON,I 0064,,I64 W,,,,,,,,,38.223084442,-85.513215322,18.451,1/6/2020 12:00:00 AM,0854,2,2,0,0,CLEAR,DRY,False,REAR END IN TRAFFIC LANES BOTH VEHICLES MOVING,REAR END,STRAIGHT & LEVEL,DAYLIGHT,,,1/6/2020 2:54:00 PM,True,4903,Accepted,
26151114,0568000,LOUISVILLE METRO POLICE DEPT,Accepted,JEFFERSON,I 0265,,I265 W,,,,,,,,,38.112778028,-85.692405195,10.768,1/6/2020 12:00:00 AM,1147,2,2,0,0,CLEAR,DRY,False,REAR END IN TRAFFIC LANES BOTH VEHICLES MOVING,REAR END,STRAIGHT & LEVEL,DAYLIGHT,,,1/7/2020 8:23:49 AM,False,7839,Accepted,
26151116,0568000,LOUISVILLE METRO POLICE DEPT,Accepted,JEFFERSON,I 0264,,I264 W,,,,,,,,,38.197291457,-85.705261509,13.549,1/6/2020 12:00:00 AM,1601,2,2,0,0,CLEAR,DRY,False,REAR END IN TRAFFIC LANES BOTH VEHICLES MOVING,REAR END,STRAIGHT & LEVEL,DAYLIGHT,,,1/7/2020 8:24:03 AM,False,7839,Accepted,
26147172,0568000,LOUISVILLE METRO POLICE DEPT,Accepted,JEFFERSON,I 0265,,I265 E,,,,,,,,,38.194854833,-85.508269451,23.549,1/6/2020 12:00:00 AM,0733,2,2,0,0,CLEAR,DRY,False,REAR END IN TRAFFIC LANES BOTH VEHICLES MOVING,REAR END,STRAIGHT & GRADE,DAYLIGHT,,,1/6/2020 2:54:25 PM,False,4903,Accepted,
27644705,0568000,LOUISVILLE METRO POLICE DEPT,Accepted,JEFFERSON,KY2053,,MT WASHINGTON,RD,,,,,,,,38.089953276,-85.646349887,1.224,1/6/2020 12:00:00 AM,2044,2,2,0,1,CLEAR,DRY,True,REAR END IN TRAFFIC LANES BOTH VEHICLES MOVING,REAR END,CURVE & GRADE,DARK-HWY NOT LIGHTED,,,1/7/2021 10:57:39 AM,False,5184,Accepted,
26147186,0568000,LOUISVILLE METRO POLICE DEPT,Accepted,JEFFERSON,,,CHESTNUT,ST,E,,,,,,,38.247784766,-85.747316066,0.307,1/6/2020 12:00:00 AM,1315,2,2,0,0,CLEAR,DRY,True,1 VEHICLE PARKED POSITION (NOT PARKING LOT/DRIVEWAY),SIDESWIPE-SAME DIRECTION,STRAIGHT & LEVEL,DAYLIGHT,,,1/6/2020 2:55:32 PM,False,2855,Accepted,
26163042,0568000,LOUISVILLE METRO POLICE DEPT,Accepted,JEFFERSON,I 0065,,I65 N,,,,,,,,,38.123696900,-85.701782264,125.761,1/6/2020 12:00:00 AM,1711,1,1,0,0,CLEAR,DRY,False,COLLISION WITH FIXED OBJECT NON - INTERSECTION - FIRST EVENT COLLISION 09 - 32 EXCLUDING 16,SINGLE VEHICLE,STRAIGHT & LEVEL,DAWN,,,1/9/2020 8:34:47 AM,False,7578,Accepted,
26144866,0568000,LOUISVILLE METRO POLICE DEPT,Accepted,JEFFERSON,,2718,VIRGINIA,AVE,,,,,28TH,,CYPRESS,38.238023880,-85.799429180,0.176,1/6/2020 12:00:00 AM,0243,1,1,0,1,CLEAR,DRY,False,COLLISION WITH FIXED OBJECT NON - INTERSECTION - FIRST EVENT COLLISION 09 - 32 EXCLUDING 16,SINGLE VEHICLE,STRAIGHT & LEVEL,DARK (UNKNOWN ROADWAY LIGHTING),,,1/6/2020 9:14:00 AM,False,5229,Accepted,
26157117,0568000,LOUISVILLE METRO POLICE DEPT,Accepted,JEFFERSON,,,LOWER HUNTERS,TRCE,,,SKY BLUE,,,,,38.158621220,-85.849349943,0.832,1/6/2020 12:00:00 AM,2109,4,4,0,1,CLEAR,DRY,False,OTHER INTERSECTION COLLISIONS,REAR END,STRAIGHT & GRADE,DARK (UNKNOWN ROADWAY LIGHTING),,,1/8/2020 8:25:21 AM,False,5048,Accepted,
26151084,0568000,LOUISVILLE METRO POLICE DEPT,Accepted,JEFFERSON,KY1747,,HURSTBOURNE,PKWY,S,KY6159,BLUEGRASS PKWY ACCESS,,,,,38.220116170,-85.581670096,11.621,1/6/2020 12:00:00 AM,1653,2,2,0,0,CLEAR,DRY,False,OTHER INTERSECTION COLLISIONS,REAR TO REAR,STRAIGHT & LEVEL,DAYLIGHT,,,1/7/2020 8:20:01 AM,False,5247,Accepted,
26147185,0568000,LOUISVILLE METRO POLICE DEPT,Accepted,JEFFERSON,,,WHITTINGTON,PKWY,N,US0060,SHELBYVILLE,,,,,38.246737340,-85.581143507,,1/6/2020 12:00:00 AM,1218,2,2,0,0,CLEAR,DRY,False,OTHER INTERSECTION COLLISIONS,REAR END,CURVE & LEVEL,DAYLIGHT,,,1/6/2020 2:55:27 PM,False,7358,Accepted,
26151128,0568000,LOUISVILLE METRO POLICE DEPT,Accepted,JEFFERSON,,,7TH,ST,S,,SHIPP,,,,,38.226073421,-85.769407172,0.605,1/6/2020 12:00:00 AM,1658,2,2,0,0,CLEAR,DRY,False,OTHER INTERSECTION COLLISIONS,REAR END,STRAIGHT & LEVEL,DAYLIGHT,,,1/7/2020 8:25:17 AM,False,5213,Accepted,
26151039,0568000,LOUISVILLE METRO POLICE DEPT,Accepted,JEFFERSON,US0060A,,EASTERN,PKWY,,KY0864,GOSS,,,,,38.223834793,-85.730191633,5.507,1/6/2020 12:00:00 AM,1412,2,2,0,0,CLEAR,DRY,False,OTHER INTERSECTION COLLISIONS,REAR END,STRAIGHT & LEVEL,DAYLIGHT,,,1/7/2020 8:17:45 AM,False,2532,Accepted,
26151132,0568000,LOUISVILLE METRO POLICE DEPT,Accepted,JEFFERSON,KY1934,4404,CANE RUN,RD,,,RICHMONT,,,,,38.197627045,-85.840085125,9.029,1/6/2020 12:00:00 AM,1625,3,3,0,2,CLEAR,DRY,False,OTHER INTERSECTION COLLISIONS,REAR END,STRAIGHT & LEVEL,DAYLIGHT,,,1/7/2020 8:26:32 AM,False,7420,Accepted,
26151121,0568000,LOUISVILLE METRO POLICE DEPT,Accepted,JEFFERSON,,,3RD,ST,S,,WHITNEY,,,,,38.194102106,-85.764893559,0.448,1/6/2020 12:00:00 AM,0735,2,2,0,0,CLEAR,DRY,False,OTHER INTERSECTION COLLISIONS,REAR END,STRAIGHT & LEVEL,DAWN,,,1/7/2020 8:24:26 AM,False,7398,Accepted,
26179600,0568000,LOUISVILLE METRO POLICE DEPT,Accepted,JEFFERSON,KY0864,,POPLAR LEVEL,RD,,KY0864,KY864 CROSSOVER,,,,,38.195438861,-85.707541187,11.314,1/6/2020 12:00:00 AM,1153,2,2,0,0,CLEAR,DRY,False,OTHER INTERSECTION COLLISIONS,REAR END,STRAIGHT & LEVEL,DAYLIGHT,,,1/13/2020 8:25:29 AM,False,7938,Accepted,
26144854,0568000,LOUISVILLE METRO POLICE DEPT,Accepted,JEFFERSON,KY1747,,HURSTBOURNE,PKWY,N,KY1447,WESTPORT,,,,,38.287631139,-85.572216407,17.040,1/6/2020 12:00:00 AM,0100,2,2,0,0,CLEAR,DRY,False,OTHER INTERSECTION COLLISIONS,REAR END,STRAIGHT & LEVEL,DARK-HWY LIGHTED/ON,,,1/6/2020 9:12:29 AM,False,5102,Accepted,
27661485,0568000,LOUISVILLE METRO POLICE DEPT,Accepted,JEFFERSON,,,RIVER PARK,DR,,,31ST,,,,,38.253912360,-85.802571125,1.339,1/6/2020 12:00:00 AM,2028,1,1,0,0,CLEAR,DRY,False,OTHER INTERSECTION COLLISIONS,SINGLE VEHICLE,STRAIGHT & LEVEL,DARK-HWY LIGHTED/ON,,,1/12/2021 8:08:44 AM,False,5047,Accepted,
26147182,0568000,LOUISVILLE METRO POLICE DEPT,Accepted,JEFFERSON,US0031E,,BARDSTOWN,RD,,US0060A,EASTERN,,,,,38.231900921,-85.709214118,14.618,1/6/2020 12:00:00 AM,1202,2,2,0,0,CLEAR,DRY,False,SIDESWIPE-SAME DIRECTION,SIDESWIPE-SAME DIRECTION,STRAIGHT & LEVEL,DAYLIGHT,,,1/6/2020 2:55:19 PM,False,2230,Accepted,
26151227,0568000,LOUISVILLE METRO POLICE DEPT,Accepted,JEFFERSON,US0031W,,DIXIE,HWY,,KY0907,VALLEY STATION,,,,,38.107652710,-85.866696822,8.633,1/6/2020 12:00:00 AM,1903,2,2,0,0,CLOUDY,DRY,False,SIDESWIPE-SAME DIRECTION,SIDESWIPE-SAME DIRECTION,STRAIGHT & GRADE,DARK-HWY LIGHTED/ON,,,1/7/2020 8:32:38 AM,False,5043,Accepted,
26151040,0568000,LOUISVILLE METRO POLICE DEPT,Accepted,JEFFERSON,,,15TH,ST,S,US0150,BROADWAY,,,,,38.248151393,-85.776559023,1.580,1/6/2020 12:00:00 AM,1229,2,2,0,0,CLEAR,DRY,False,VEHICLE BACKING IN INTERSECTION,BACKING,STRAIGHT & LEVEL,DAYLIGHT,,,1/7/2020 8:18:18 AM,False,7361,Accepted,
26151139,0568000,LOUISVILLE METRO POLICE DEPT,Accepted,JEFFERSON,US0150,,BROADWAY,,W,KY1020,3RD,,,,,38.246036284,-85.756712553,2.470,1/6/2020 12:00:00 AM,1958,2,2,0,0,CLEAR,DRY,False,OPPOSING LEFT TURN,OPPOSING LEFT TURN,STRAIGHT & LEVEL,DARK-HWY LIGHTED/ON,,,1/7/2020 8:28:27 AM,False,7862,Accepted,
26151079,0568000,LOUISVILLE METRO POLICE DEPT,Accepted,JEFFERSON,KY1020,,SOUTHERN,PKWY,,,WHITNEY,,,,,38.193932099,-85.766778111,8.673,1/6/2020 12:00:00 AM,1547,2,2,0,0,CLEAR,DRY,False,OPPOSING LEFT TURN,OPPOSING LEFT TURN,STRAIGHT & LEVEL,DAYLIGHT,,,1/7/2020 8:19:27 AM,False,7872,Accepted,
26151159,0568000,LOUISVILLE METRO POLICE DEPT,Accepted,JEFFERSON,KY1934,,CANE RUN,RD,,,ROCKFORD,,,,,38.183745096,-85.855263597,7.727,1/6/2020 12:00:00 AM,2002,2,2,0,1,CLEAR,DRY,False,OPPOSING LEFT TURN,OPPOSING LEFT TURN,STRAIGHT & LEVEL,DARK-HWY LIGHTED/ON,,,1/7/2020 8:30:32 AM,False,5212,Accepted,
26157060,0568000,LOUISVILLE METRO POLICE DEPT,Accepted,JEFFERSON,,,HARLAN,AVE,,KY1020,3RD,,,,,38.201553322,-85.764516694,,1/6/2020 12:00:00 AM,1945,2,2,0,0,CLEAR,DRY,False,OPPOSING LEFT TURN,OPPOSING LEFT TURN,STRAIGHT & LEVEL,DUSK,,,1/8/2020 8:17:53 AM,False,5000,Accepted,
26151091,0568000,LOUISVILLE METRO POLICE DEPT,Accepted,JEFFERSON,KY2052,,SHEPHERDSVILLE,RD,,,BRISCOE,,,,,38.142525235,-85.659220516,0.257,1/6/2020 12:00:00 AM,1235,2,2,0,0,CLEAR,DRY,False,ANGLE COLLISION - OTHER,ANGLE,STRAIGHT & LEVEL,DAYLIGHT,,,1/7/2020 8:21:29 AM,False,4693,Accepted,
26179639,0568000,LOUISVILLE METRO POLICE DEPT,Accepted,JEFFERSON,,,FLOYD,ST,S,,SPRINGER,,,,,38.247364227,-85.749347485,0.579,1/6/2020 12:00:00 AM,1325,2,2,0,0,CLEAR,DRY,False,ANGLE COLLISION - OTHER,ANGLE,STRAIGHT & LEVEL,DAYLIGHT,,,1/13/2020 8:28:00 AM,False,6360,Accepted,