IncidentID,AgencyORI,AgencyName,IncidentStatusDesc,County,RdwyNumber,Street,RoadwayName,StreetSfx,StreetDir,IntersectionRdwy,IntersectionRdwyName,BetweenStRdwy1,BetweenStRdwyName1,BetweenStRdwy2,BetweenStRdwyName2,Latitude,Longitude,Milepoint,CollisionDate,CollisionTime,UnitsInvolved,MotorVehiclesInvolved,NumberKilled,NumberInjured,Weather,RdwyConditionCode,HitandRun,DirAnalysisCode,MannerofCollision,RdwyCharacter,LightCondition,RampFromRdwyId,RampToRdwyId,AcceptedDate,IsSecondaryCollision,OwnerBadge,IncidentStatus,
26151153,0568000,LOUISVILLE METRO POLICE DEPT,Accepted,JEFFERSON,KY1020,,2ND,ST,S,,OAK,,,,,38.234711052,-85.756998666,11.372,1/6/2020 12:00:00 AM,2029,2,2,0,1,CLEAR,DRY,False,ANGLE COLLISION - OTHER,ANGLE,STRAIGHT & LEVEL,DARK-HWY LIGHTED/ON,,,1/7/2020 8:29:35 AM,False,5236,Accepted,
26147168,0568000,LOUISVILLE METRO POLICE DEPT,Accepted,JEFFERSON,KY1934,,CANE RUN,RD,,KY2049,CRUMS,,,,,38.199301765,-85.837320020,9.185,1/6/2020 12:00:00 AM,0725,2,2,0,0,CLEAR,DRY,False,ANGLE COLLISION - OTHER,ANGLE,STRAIGHT & LEVEL,DAYLIGHT,,,1/6/2020 2:53:46 PM,False,7112,Accepted,
26151088,0568000,LOUISVILLE METRO POLICE DEPT,Accepted,JEFFERSON,US0031E,,BUECHEL,BYP,,,PLAZA,,,,,38.191067731,-85.651873527,10.263,1/6/2020 12:00:00 AM,1306,2,2,0,0,CLEAR,DRY,False,ANGLE COLLISION - OTHER,ANGLE,CURVE & GRADE,DAYLIGHT,,,1/7/2020 8:20:47 AM,False,7294,Accepted,
26330882,0568000,LOUISVILLE METRO POLICE DEPT,Accepted,JEFFERSON,,,MAGNOLIA,AVE,W,KY1020,3RD,,,,,38.228970007,-85.759391747,0.165,1/6/2020 12:00:00 AM,0121,2,2,0,0,CLEAR,GRAVEL,True,COLLISION WITH PARKED VEHICLE,SIDESWIPE-SAME DIRECTION,STRAIGHT & GRADE,DARK-HWY LIGHTED/ON,,,2/11/2020 8:25:15 AM,False,5166,Accepted,
26179642,0568000,LOUISVILLE METRO POLICE DEPT,Accepted,JEFFERSON,I 0065,,I65 S COLLECTOR DISTRIBUTOR,,,I 0065,I65 N RAMP FROM I71 S,,,,,38.261596010,-85.733585965,0.501,1/6/2020 12:00:00 AM,0630,2,2,0,0,CLEAR,DRY,False,COLLISION WITH PARKED VEHICLE,SIDESWIPE-SAME DIRECTION,STRAIGHT & LEVEL,DARK-HWY NOT LIGHTED,,,1/13/2020 8:28:05 AM,False,6360,Accepted,
26179644,0568000,LOUISVILLE METRO POLICE DEPT,Accepted,JEFFERSON,,,ABRAHAM FLEXNER,WAY,,,FLOYD,,,,,38.249140125,-85.749398038,0.035,1/6/2020 12:00:00 AM,1600,2,2,0,0,CLEAR,DRY,True,COLLISION WITH PARKED VEHICLE,REAR END,STRAIGHT & LEVEL,DAYLIGHT,,,1/13/2020 8:28:14 AM,False,6360,Accepted,
26147188,0568000,LOUISVILLE METRO POLICE DEPT,Accepted,JEFFERSON,US0042,,BROWNSBORO,RD,,,LIGHTFOOT,,,,,38.263849346,-85.673342051,3.461,1/6/2020 12:00:00 AM,1257,2,2,0,0,CLEAR,DRY,False,ANGLE COLLISION - ONE VEHICLE TURNING LEFT,ANGLE,STRAIGHT & LEVEL,DAYLIGHT,,,1/6/2020 2:55:38 PM,False,7043,Accepted,
26144729,0568000,LOUISVILLE METRO POLICE DEPT,Accepted,JEFFERSON,,,26TH,ST,S,,OSAGE,,,,,38.239858793,-85.795973741,1.446,1/5/2020 12:00:00 AM,0615,2,2,0,0,CLEAR,DRY,False,COLLISION WITH PARKED VEHICLE,SIDESWIPE-SAME DIRECTION,STRAIGHT & LEVEL,DARK-HWY LIGHTED/ON,,,1/6/2020 9:00:58 AM,False,5229,Accepted,
26144859,0568000,LOUISVILLE METRO POLICE DEPT,Accepted,JEFFERSON,KY2051,,CAMP GROUND,RD,,,KRAMERS,,,,,38.206468011,-85.849048062,4.477,1/5/2020 12:00:00 AM,2310,1,1,0,0,CLEAR,DRY,False,COLLISION WITH FIXED OBJECT IN INTERSECTION - FIRST EVENT COLLISION 09 - 32,SINGLE VEHICLE,CURVE & LEVEL,DARK-HWY NOT LIGHTED,,,1/6/2020 9:13:18 AM,False,7437,Accepted,
26144808,0568000,LOUISVILLE METRO POLICE DEPT,Accepted,JEFFERSON,,,16TH,ST,N,US0031W,MAIN,,,,,38.258824574,-85.776402060,0.236,1/5/2020 12:00:00 AM,1420,2,2,0,0,CLEAR,DRY,False,ANGLE COLLISION - OTHER,ANGLE,STRAIGHT & LEVEL,DAYLIGHT,,,1/6/2020 9:08:02 AM,False,5261,Accepted,
26144842,0568000,LOUISVILLE METRO POLICE DEPT,Accepted,JEFFERSON,KY1020,,NATIONAL,TPKE,,KY1020,SOUTHSIDE,,,,,38.152522412,-85.765622294,5.642,1/5/2020 12:00:00 AM,2236,2,2,0,0,CLEAR,DRY,False,ANGLE COLLISION - OTHER,ANGLE,STRAIGHT & LEVEL,DARK-HWY LIGHTED/ON,,,1/6/2020 9:11:24 AM,False,7649,Accepted,
26144814,0568000,LOUISVILLE METRO POLICE DEPT,Accepted,JEFFERSON,KY0913,,BLANKENBAKER,PKWY,,KY0913C,BLANKENBAKER ACCESS,,,,,38.196190592,-85.548208242,0.616,1/5/2020 12:00:00 AM,1314,2,2,0,2,CLEAR,DRY,False,ANGLE COLLISION - OTHER,ANGLE,CURVE & GRADE,DAYLIGHT,,,1/6/2020 9:08:47 AM,False,7755,Accepted,
26144857,0568000,LOUISVILLE METRO POLICE DEPT,Accepted,JEFFERSON,KY0864,,POPLAR LEVEL,RD,,,POPLAR LEVEL,,,,,38.219410984,-85.728408796,13.372,1/5/2020 12:00:00 AM,1829,2,2,0,0,CLEAR,DRY,False,ANGLE COLLISION - OTHER,ANGLE,STRAIGHT & HILLCREST,DARK-HWY NOT LIGHTED,,,1/6/2020 9:12:59 AM,False,7419,Accepted,
26144823,0568000,LOUISVILLE METRO POLICE DEPT,Accepted,JEFFERSON,KY1931,,GREENWOOD,RD,,,SKY BLUE,,,,,38.144059432,-85.851992067,2.460,1/5/2020 12:00:00 AM,1649,2,2,0,0,CLEAR,DRY,False,ANGLE COLLISION - OTHER,ANGLE,STRAIGHT & LEVEL,DAYLIGHT,,,1/6/2020 9:09:47 AM,False,7356,Accepted,
26144829,0568000,LOUISVILLE METRO POLICE DEPT,Accepted,JEFFERSON,,,INDIAN,TRL,E,KY0864,POPLAR LEVEL,,,,,38.171540795,-85.685033699,1.216,1/5/2020 12:00:00 AM,1808,3,3,0,0,CLEAR,DRY,True,ANGLE COLLISION - OTHER,ANGLE,STRAIGHT & LEVEL,DARK-HWY LIGHTED/OFF,,,1/6/2020 9:10:26 AM,False,2796,Accepted,
26162964,0568000,LOUISVILLE METRO POLICE DEPT,Accepted,JEFFERSON,US0150,,BROADWAY,,W,KY1020,2ND,,,,,38.245836924,-85.755046646,2.560,1/5/2020 12:00:00 AM,1356,2,2,0,0,CLEAR,DRY,False,ANGLE COLLISION - OTHER,ANGLE,STRAIGHT & LEVEL,DAYLIGHT,,,1/9/2020 8:23:34 AM,False,2854,Accepted,
26144826,0568000,LOUISVILLE METRO POLICE DEPT,Accepted,JEFFERSON,,,3RD,ST,S,,GHEENS,,,,,38.168336456,-85.768539122,2.108,1/5/2020 12:00:00 AM,1635,2,2,0,0,CLEAR,DRY,False,OPPOSING LEFT TURN,OPPOSING LEFT TURN,STRAIGHT & LEVEL,DAYLIGHT,,,1/6/2020 9:10:05 AM,False,7768,Accepted,
26144834,0568000,LOUISVILLE METRO POLICE DEPT,Accepted,JEFFERSON,US0031E,6902,BARDSTOWN,RD,,,CEDARLOOK,,,,,38.147053109,-85.585864851,5.333,1/5/2020 12:00:00 AM,1825,2,2,0,0,CLEAR,DRY,False,SIDESWIPE-SAME DIRECTION,SIDESWIPE-SAME DIRECTION,STRAIGHT & LEVEL,DARK-HWY LIGHTED/ON,,,1/6/2020 9:10:58 AM,False,5270,Accepted,
26144820,0568000,LOUISVILLE METRO POLICE DEPT,Accepted,JEFFERSON,KY0146,,NEW LA GRANGE,RD,,US0060,SHELBYVILLE,,,,,38.249695375,-85.615134620,0.010,1/5/2020 12:00:00 AM,1612,2,2,0,0,CLEAR,DRY,False,SIDESWIPE-SAME DIRECTION,SIDESWIPE-SAME DIRECTION,STRAIGHT & LEVEL,DAYLIGHT,,,1/6/2020 9:09:34 AM,False,7751,Accepted,
26144843,0568000,LOUISVILLE METRO POLICE DEPT,Accepted,JEFFERSON,,,FLOYD,ST,S,US0150,BROADWAY,,,,,38.245460343,-85.749664368,0.714,1/5/2020 12:00:00 AM,0038,2,2,0,0,CLEAR,DRY,False,SIDESWIPE-SAME DIRECTION,SIDESWIPE-SAME DIRECTION,STRAIGHT & LEVEL,DARK-HWY LIGHTED/ON,,,1/6/2020 9:11:35 AM,False,5172,Accepted,
26144849,0568000,LOUISVILLE METRO POLICE DEPT,Accepted,JEFFERSON,US0150,,BROADWAY,,E,,FLOYD,,,,,38.245447972,-85.749723764,2.843,1/5/2020 12:00:00 AM,2046,2,2,0,0,CLEAR,DRY,True,SIDESWIPE-SAME DIRECTION,SIDESWIPE-SAME DIRECTION,STRAIGHT & LEVEL,DARK-HWY LIGHTED/ON,,,1/6/2020 9:12:06 AM,False,5122,Accepted,
26144807,0568000,LOUISVILLE METRO POLICE DEPT,Accepted,JEFFERSON,KY0155,,TAYLORSVILLE,RD,,I 0265,I265 E EXIT23 ON RAMP FROM KY155,,,,,38.188698065,-85.509440407,6.088,1/5/2020 12:00:00 AM,1315,3,3,0,0,CLEAR,DRY,False,OTHER INTERSECTION COLLISIONS,REAR END,STRAIGHT & LEVEL,DAYLIGHT,,,1/6/2020 9:07:54 AM,False,2321,Accepted,
26144803,0568000,LOUISVILLE METRO POLICE DEPT,Accepted,JEFFERSON,US0031E,,BARDSTOWN,RD,,,HUDSON,,,,,38.164915008,-85.598957343,6.803,1/5/2020 12:00:00 AM,0943,2,2,0,0,CLEAR,DRY,False,OTHER INTERSECTION COLLISIONS,REAR END,STRAIGHT & LEVEL,DAYLIGHT,,,1/6/2020 9:07:14 AM,False,7755,Accepted,
26144853,0568000,LOUISVILLE METRO POLICE DEPT,Accepted,JEFFERSON,KY1747,,HURSTBOURNE,PKWY,S,,FEGENBUSH,,,,,38.161263533,-85.640973781,5.141,1/5/2020 12:00:00 AM,2034,2,2,0,0,CLEAR,DRY,False,OTHER INTERSECTION COLLISIONS,REAR END,STRAIGHT & LEVEL,DARK-HWY NOT LIGHTED,,,1/6/2020 9:12:24 AM,False,5141,Accepted,
26144734,0568000,LOUISVILLE METRO POLICE DEPT,Accepted,JEFFERSON,,9822,CREEK VIEW ESTATES,DR,,,,,,,,38.113687290,-85.604573452,0.079,1/5/2020 12:00:00 AM,0552,2,2,0,0,CLEAR,DRY,False,1 VEHICLE PARKED POSITION (NOT PARKING LOT/DRIVEWAY),REAR END,STRAIGHT & LEVEL,DARK-HWY LIGHTED/ON,,,1/6/2020 9:01:23 AM,False,5169,Accepted,
26169954,0568000,LOUISVILLE METRO POLICE DEPT,Accepted,JEFFERSON,,1316,43RD,ST,S,,,,,,,38.238282514,-85.825615057,1.876,1/5/2020 12:00:00 AM,1715,2,1,0,0,CLOUDY,DRY,False,1 VEHICLE PARKED POSITION (NOT PARKING LOT/DRIVEWAY),ANGLE,CURVE & GRADE,DAYLIGHT,,,1/10/2020 11:09:20 AM,False,5161,Accepted,
26231439,0568000,LOUISVILLE METRO POLICE DEPT,Accepted,JEFFERSON,,13000,SEATONVILLE,RD,,,,,,,,38.148261905,-85.573871984,0.373,1/5/2020 12:00:00 AM,1820,1,1,0,0,CLEAR,DRY,False,COLLISION WITH ANIMAL NON INTERSECTION,SINGLE VEHICLE,STRAIGHT & LEVEL,DARK-HWY LIGHTED/OFF,,,1/23/2020 8:23:55 AM,False,7642,Accepted,
26144838,0568000,LOUISVILLE METRO POLICE DEPT,Accepted,JEFFERSON,,1026,CECIL,AVE,,,,,,,,38.244543512,-85.821069368,1.072,1/5/2020 12:00:00 AM,2215,2,2,0,0,CLEAR,DRY,True,1 VEHICLE PARKED POSITION (NOT PARKING LOT/DRIVEWAY),SIDESWIPE-SAME DIRECTION,STRAIGHT & LEVEL,DARK-HWY LIGHTED/ON,,,1/6/2020 9:11:19 AM,False,5202,Accepted,
26144855,0568000,LOUISVILLE METRO POLICE DEPT,Accepted,JEFFERSON,KY2053,,MT WASHINGTON,RD,,,,,,,,38.092091209,-85.663044052,0.351,1/5/2020 12:00:00 AM,1855,2,2,0,0,CLEAR,DRY,False,REAR END IN TRAFFIC LANES BOTH VEHICLES MOVING,REAR END,STRAIGHT & LEVEL,UNKNOWN,,,1/6/2020 9:12:46 AM,False,5184,Accepted,
26144813,0568000,LOUISVILLE METRO POLICE DEPT,Accepted,JEFFERSON,KY1851,10820,BARRICKS,RD,,,,,,,,38.100634032,-85.701598033,0.814,1/5/2020 12:00:00 AM,1139,2,2,0,0,CLEAR,DRY,False,REAR END IN TRAFFIC LANES BOTH VEHICLES MOVING,REAR END,STRAIGHT & LEVEL,DAYLIGHT,,,1/6/2020 9:08:35 AM,False,7812,Accepted,
26144835,0568000,LOUISVILLE METRO POLICE DEPT,Accepted,JEFFERSON,,,MUHAMMAD ALI,BLVD,E,,,,,,,38.249963055,-85.746651041,0.715,1/5/2020 12:00:00 AM,1528,3,3,0,0,CLOUDY,DRY,False,SIDESWIPE COLLISION - SAME DIRECTION,SIDESWIPE-SAME DIRECTION,STRAIGHT & LEVEL,DAYLIGHT,,,1/6/2020 9:11:03 AM,False,7239,Accepted,
26144832,0568000,LOUISVILLE METRO POLICE DEPT,Accepted,JEFFERSON,KY1932,,BRECKENRIDGE,LN,,,,,HIKES,,CHURCHILL PARK,38.217543417,-85.628108212,2.644,1/5/2020 12:00:00 AM,1244,2,2,0,0,CLEAR,DRY,False,SIDESWIPE COLLISION - SAME DIRECTION,SIDESWIPE-SAME DIRECTION,STRAIGHT & LEVEL,DAYLIGHT,,,1/6/2020 9:10:46 AM,False,6100,Accepted,
26162965,0568000,LOUISVILLE METRO POLICE DEPT,Accepted,JEFFERSON,US0031,,CLARK MEMORIAL,BRG,,,,,,,,38.258149733,-85.752893075,0.134,1/5/2020 12:00:00 AM,1602,4,4,0,0,CLEAR,DRY,False,SIDESWIPE COLLISION - SAME DIRECTION,SIDESWIPE-SAME DIRECTION,STRAIGHT & LEVEL,DAYLIGHT,,,1/9/2020 8:23:44 AM,False,2854,Accepted,
26144828,0568000,LOUISVILLE METRO POLICE DEPT,Accepted,JEFFERSON,KY1865,,TAYLOR,BLVD,,,,,BLUEGRASS,,LEHIGH,38.179833875,-85.783292334,5.047,1/5/2020 12:00:00 AM,1652,2,2,0,0,CLEAR,DRY,True,SIDESWIPE COLLISION - OPPOSITE DIRECTION,SIDESWIPE-OPPOSITE DIRECTION,CURVE & LEVEL,DAYLIGHT,,,1/6/2020 9:10:21 AM,False,5267,Accepted,
26144819,0568000,LOUISVILLE METRO POLICE DEPT,Accepted,JEFFERSON,KY1747,,HURSTBOURNE,PKWY,N,,,,SPRINGHURST,,WHITE BLOSSOM,38.303553916,-85.575632401,18.259,1/5/2020 12:00:00 AM,1412,2,2,0,0,CLEAR,DRY,False,OTHER ROADWAY OR MID-BLOCK COLLISION,REAR END,STRAIGHT & LEVEL,DAYLIGHT,,,1/6/2020 9:09:23 AM,False,7751,Accepted,
26250063,0568000,LOUISVILLE METRO POLICE DEPT,Accepted,JEFFERSON,,,STONESTREET,RD,,,,,,,,38.108825388,-85.835515306,1.512,1/5/2020 12:00:00 AM,1800,2,1,0,0,CLEAR,DRY,True,VEHICLE BACKING NON INTERSECTION,BACKING,STRAIGHT & LEVEL,DAYLIGHT,,,1/27/2020 10:16:53 AM,False,5259,Accepted,
26144862,0568000,LOUISVILLE METRO POLICE DEPT,Accepted,JEFFERSON,,5205,JOHNSONTOWN,RD,,,,,,,,38.121347625,-85.860083343,0.240,1/5/2020 12:00:00 AM,1845,2,2,0,0,CLEAR,DRY,False,1 VEHICLE ENTERING/LEAVING ENTRANCE,ANGLE,STRAIGHT & LEVEL,DARK-HWY LIGHTED/ON,,,1/6/2020 9:13:40 AM,False,7166,Accepted,
26144815,0568000,LOUISVILLE METRO POLICE DEPT,Accepted,JEFFERSON,KY0061,8200,PRESTON,HWY,,,,,,,,38.133299858,-85.683886175,3.631,1/5/2020 12:00:00 AM,1614,2,2,0,0,CLEAR,DRY,False,1 VEHICLE ENTERING/LEAVING ENTRANCE,ANGLE,STRAIGHT & LEVEL,DAYLIGHT,,,1/6/2020 9:08:50 AM,False,7799,Accepted,
26153194,0560400,SHIVELY POLICE DEPARTMENT,Accepted,JEFFERSON,,,DIXIE,HWY,,,,,,,,38.233812303,-85.788204594,1.098,1/5/2020 12:00:00 AM,0805,2,2,0,0,CLEAR,DRY,True,OTHER ROADWAY OR MID-BLOCK COLLISION,REAR TO REAR,STRAIGHT & LEVEL,DAYLIGHT,,,1/7/2020 1:57:32 PM,False,7123,Accepted,
26144816,0568000,LOUISVILLE METRO POLICE DEPT,Accepted,JEFFERSON,,,ENGLISH STATION,RD,S,,,US0060,SHELBYVILLE,,ENGLISH VILLA,38.240223974,-85.493838755,0.029,1/5/2020 12:00:00 AM,0917,2,2,0,0,CLOUDY,DRY,False,OTHER ROADWAY OR MID-BLOCK COLLISION,REAR END,STRAIGHT & LEVEL,DAYLIGHT,,,1/6/2020 9:09:00 AM,False,7751,Accepted,
26144864,0568000,LOUISVILLE METRO POLICE DEPT,Accepted,JEFFERSON,US0031W,10500,DIXIE,HWY,,,,,,,,38.102950216,-85.869657999,8.274,1/5/2020 12:00:00 AM,1940,2,2,0,0,CLEAR,DRY,False,OTHER ROADWAY OR MID-BLOCK COLLISION,REAR END,STRAIGHT & LEVEL,DARK-HWY LIGHTED/ON,,,1/6/2020 9:13:50 AM,False,7166,Accepted,
26147166,0568000,LOUISVILLE METRO POLICE DEPT,Accepted,JEFFERSON,,3584,GEORGETOWN,CIR,,,,,,,,38.194235243,-85.796728847,0.147,1/5/2020 12:00:00 AM,1900,2,2,0,0,CLEAR,DRY,False,COLLISION IN PARKING LOT,ANGLE,STRAIGHT & LEVEL,DUSK,,,1/6/2020 2:52:37 PM,False,7298,Accepted,
26144827,0568000,LOUISVILLE METRO POLICE DEPT,Accepted,JEFFERSON,,404,HITE,AVE,N,,,,,,,38.255495372,-85.695078742,0.080,1/5/2020 12:00:00 AM,1636,2,2,0,0,CLEAR,DRY,False,COLLISION IN PARKING LOT,REAR END,STRAIGHT & LEVEL,DAYLIGHT,,,1/6/2020 9:10:10 AM,False,5274,Accepted,
26144716,0568000,LOUISVILLE METRO POLICE DEPT,Accepted,JEFFERSON,KY1931,1922,7TH ST,RD,,,,,,,,38.219880525,-85.777654616,10.454,1/5/2020 12:00:00 AM,0334,2,2,0,0,CLEAR,DRY,False,COLLISION IN PARKING LOT,BACKING,STRAIGHT & LEVEL,DARK-HWY LIGHTED/ON,,,1/6/2020 8:59:41 AM,False,7455,Accepted,
26144738,0568000,LOUISVILLE METRO POLICE DEPT,Accepted,JEFFERSON,KY1865,5213,NEW CUT,RD,,,,,,,,38.157924933,-85.778095137,3.520,1/4/2020 12:00:00 AM,1254,1,1,0,0,CLOUDY,DRY,False,COLLISION IN PARKING LOT,SINGLE VEHICLE,STRAIGHT & LEVEL,DAYLIGHT,,,1/6/2020 9:01:34 AM,False,7427,Accepted,
26144689,0568000,LOUISVILLE METRO POLICE DEPT,Accepted,JEFFERSON,KY2052,6214,SHEPHERDSVILLE,RD,,,,,,,,38.157977830,-85.659929669,1.338,1/4/2020 12:00:00 AM,1244,2,2,0,0,CLOUDY,DRY,False,COLLISION IN PARKING LOT,REAR END,STRAIGHT & LEVEL,DAYLIGHT,,,1/6/2020 8:57:34 AM,False,6100,Accepted,
26144722,0568000,LOUISVILLE METRO POLICE DEPT,Accepted,JEFFERSON,KY1447,,WESTPORT,RD,,,,I 0265,I265 N EXIT33 OFF RAMP TO KY1447,I 0265,I265 S EXIT33 ON RAMP FROM KY1447,38.297243847,-85.549135705,6.627,1/4/2020 12:00:00 AM,1732,2,2,0,0,CLOUDY,WATER (STANDING OR MOVING),False,OTHER ROADWAY OR MID-BLOCK COLLISION,REAR END,STRAIGHT & LEVEL,DUSK,,,1/6/2020 9:00:40 AM,False,7751,Accepted,
26144645,0568000,LOUISVILLE METRO POLICE DEPT,Accepted,JEFFERSON,,3226,ELANE,DR,,,,,,,,38.189141419,-85.848138461,0.090,1/4/2020 12:00:00 AM,1127,2,2,0,0,CLEAR,DRY,False,1 VEHICLE ENTERING/LEAVING ENTRANCE,ANGLE,STRAIGHT & LEVEL,DAYLIGHT,,,1/6/2020 8:55:20 AM,False,7467,Accepted,
26144672,0568000,LOUISVILLE METRO POLICE DEPT,Accepted,JEFFERSON,KY0061,3006,PRESTON,HWY,,,,,JEFFERSON,,LOCUST,38.206275011,-85.737250808,9.431,1/4/2020 12:00:00 AM,0932,2,2,0,1,CLOUDY,DRY,False,1 VEHICLE ENTERING/LEAVING ENTRANCE,ANGLE,STRAIGHT & LEVEL,DAYLIGHT,,,1/6/2020 8:56:59 AM,False,7473,Accepted,
26144764,0568000,LOUISVILLE METRO POLICE DEPT,Accepted,JEFFERSON,,4807,MILE OF SUNSHINE,DR,,,,,,,,38.150287769,-85.671354645,0.648,1/4/2020 12:00:00 AM,1640,2,2,0,0,CLOUDY,DRY,False,VEHICLE BACKING NON INTERSECTION,BACKING,STRAIGHT & LEVEL,DAYLIGHT,,,1/6/2020 9:03:21 AM,False,2583,Accepted,
26144717,0568000,LOUISVILLE METRO POLICE DEPT,Accepted,JEFFERSON,KY0022,,BROWNSBORO,RD,,,,,SUMMIT PLAZA,KY2809,FRONTAGE RD 3,38.307171426,-85.575187229,3.897,1/4/2020 12:00:00 AM,1125,2,2,0,0,CLOUDY,DRY,False,OTHER ROADWAY OR MID-BLOCK COLLISION,REAR END,STRAIGHT & LEVEL,DAYLIGHT,,,1/6/2020 8:59:57 AM,False,7751,Accepted,
26314441,0568000,LOUISVILLE METRO POLICE DEPT,Accepted,JEFFERSON,I 0264,,I264 W,,,,,,,,,38.270107328,-85.808375880,0.508,1/4/2020 12:00:00 AM,0810,2,2,0,0,CLOUDY,OTHER,True,SIDESWIPE COLLISION - SAME DIRECTION,SIDESWIPE-SAME DIRECTION,STRAIGHT & LEVEL,DAYLIGHT,,,2/7/2020 8:14:33 AM,False,7469,Accepted,
26144648,0568000,LOUISVILLE METRO POLICE DEPT,Accepted,JEFFERSON,,,SHELBY,ST,S,,,,,,,38.251841696,-85.738273417,0.190,1/4/2020 12:00:00 AM,1136,2,2,0,0,CLOUDY,DRY,False,SIDESWIPE COLLISION - SAME DIRECTION,SIDESWIPE-SAME DIRECTION,STRAIGHT & LEVEL,DAYLIGHT,,,1/6/2020 8:55:25 AM,False,7848,Accepted,
26144670,0568000,LOUISVILLE METRO POLICE DEPT,Accepted,JEFFERSON,I 0064,,I64 W,,,,,,,,,38.235770199,-85.615980123,12.681,1/4/2020 12:00:00 AM,1632,2,2,0,0,CLEAR,DRY,False,SIDESWIPE COLLISION - SAME DIRECTION,SIDESWIPE-SAME DIRECTION,STRAIGHT & LEVEL,DAYLIGHT,,,1/6/2020 8:56:49 AM,False,5109,Accepted,
26338136,0568000,LOUISVILLE METRO POLICE DEPT,Accepted,JEFFERSON,US0150,,BROADWAY,,W,,,,5TH,,6TH,38.246265558,-85.760954884,2.227,1/4/2020 12:00:00 AM,1523,2,2,0,0,CLEAR,DRY,False,SIDESWIPE COLLISION - SAME DIRECTION,SIDESWIPE-SAME DIRECTION,STRAIGHT & LEVEL,DAYLIGHT,,,2/12/2020 12:06:27 PM,False,5173,Accepted,
26144711,0568000,LOUISVILLE METRO POLICE DEPT,Accepted,JEFFERSON,KY3077,,RIVER,RD,,,3RD,,,,,38.258528460,-85.754506187,0.373,1/4/2020 12:00:00 AM,2044,2,2,0,0,CLEAR,DRY,False,HEAD-ON COLLISION,HEAD ON,STRAIGHT & LEVEL,DARK-HWY LIGHTED/ON,,,1/6/2020 8:58:59 AM,False,5008,Accepted,
26144661,0568000,LOUISVILLE METRO POLICE DEPT,Accepted,JEFFERSON,,7405,ARNOLDTOWN,RD,,,,,,,,38.143808483,-85.822461748,0.405,1/4/2020 12:00:00 AM,1213,2,2,0,0,CLEAR,DRY,False,REAR END IN TRAFFIC LANES BOTH VEHICLES MOVING,REAR END,CURVE & LEVEL,DAYLIGHT,,,1/6/2020 8:56:17 AM,False,7424,Accepted,
26144725,0568000,LOUISVILLE METRO POLICE DEPT,Accepted,JEFFERSON,I 0065,,I65 S,,,,,I 0065,I65 S EXIT131B OFF RAMP,I 0065,I65 S EXIT132 ON RAMP FROM  CRITTENDEN DR,38.202371886,-85.736925910,131.672,1/4/2020 12:00:00 AM,2210,2,2,0,0,CLEAR,DRY,True,REAR END IN TRAFFIC LANES BOTH VEHICLES MOVING,REAR END,STRAIGHT & LEVEL,DARK-HWY LIGHTED/ON,,,1/6/2020 9:00:54 AM,False,5237,Accepted,
26162924,0568000,LOUISVILLE METRO POLICE DEPT,Accepted,JEFFERSON,,,MCHENRY,ST,,,,,ASH,KY0864,GOSS,38.228499892,-85.738833777,0.047,1/4/2020 12:00:00 AM,1400,3,3,0,0,CLEAR,DRY,False,1 VEHICLE PARKED POSITION (NOT PARKING LOT/DRIVEWAY),REAR END,STRAIGHT & LEVEL,DAYLIGHT,,,1/9/2020 8:19:38 AM,False,7116,Accepted,
27691089,0568000,LOUISVILLE METRO POLICE DEPT,Accepted,JEFFERSON,I 0264,,I264 W,,,,,I 0264,I264 W EXIT14 ON RAMP FROM KY864,I 0065,I264 W EXIT12 OFF RAMP TO,38.192058984,-85.714041629,12.948,1/4/2020 12:00:00 AM,1858,2,2,0,0,CLEAR,DRY,False,1 VEHICLE PARKED POSITION (NOT PARKING LOT/DRIVEWAY),REAR END,CURVE & GRADE,DARK-HWY LIGHTED/ON,,,1/20/2021 8:08:24 AM,False,7482,Accepted,
26144797,0568000,LOUISVILLE METRO POLICE DEPT,Accepted,JEFFERSON,,2100BLK,TREVILIAN,WAY,,,,,,,,38.222027644,-85.685846593,0.670,1/4/2020 12:00:00 AM,1342,2,2,0,0,CLOUDY,DRY,False,1 VEHICLE PARKED POSITION (NOT PARKING LOT/DRIVEWAY),SIDESWIPE-SAME DIRECTION,STRAIGHT & LEVEL,DAYLIGHT,,,1/6/2020 9:06:43 AM,False,7403,Accepted,
26144610,0568000,LOUISVILLE METRO POLICE DEPT,Accepted,JEFFERSON,KY3064,2601,PORTLAND,AVE,,,,,,,,38.271078578,-85.790019192,0.442,1/4/2020 12:00:00 AM,0205,2,2,0,0,RAINING,WET,False,1 VEHICLE PARKED POSITION (NOT PARKING LOT/DRIVEWAY),SIDESWIPE-SAME DIRECTION,STRAIGHT & LEVEL,DARK-HWY LIGHTED/ON,,,1/6/2020 8:53:24 AM,False,7173,Accepted,
26144684,0568000,LOUISVILLE METRO POLICE DEPT,Accepted,JEFFERSON,,100,JANE,ST,N,,,,,,,38.253393405,-85.703374023,0.002,1/4/2020 12:00:00 AM,1731,2,2,0,0,CLEAR,DRY,True,1 VEHICLE PARKED POSITION (NOT PARKING LOT/DRIVEWAY),SIDESWIPE-SAME DIRECTION,STRAIGHT & LEVEL,DUSK,,,1/6/2020 8:57:26 AM,False,5274,Accepted,
26144612,0568000,LOUISVILLE METRO POLICE DEPT,Accepted,JEFFERSON,I 0265,,I265 N,,,,,I 0064,I64 W EXIT19B RAMP TO I265 N,I 0265,I265 N EXIT27 OFF RAMP TO US60,38.234993100,-85.504332677,26.329,1/4/2020 12:00:00 AM,0540,1,1,0,0,RAINING,WET,False,COLLISION WITH FIXED OBJECT NON - INTERSECTION - FIRST EVENT COLLISION 09 - 32 EXCLUDING 16,SINGLE VEHICLE,STRAIGHT & LEVEL,DARK-HWY LIGHTED/ON,,,1/6/2020 8:53:30 AM,False,2013,Accepted,