IncidentID,AgencyORI,AgencyName,IncidentStatusDesc,County,RdwyNumber,Street,RoadwayName,StreetSfx,StreetDir,IntersectionRdwy,IntersectionRdwyName,BetweenStRdwy1,BetweenStRdwyName1,BetweenStRdwy2,BetweenStRdwyName2,Latitude,Longitude,Milepoint,CollisionDate,CollisionTime,UnitsInvolved,MotorVehiclesInvolved,NumberKilled,NumberInjured,Weather,RdwyConditionCode,HitandRun,DirAnalysisCode,MannerofCollision,RdwyCharacter,LightCondition,RampFromRdwyId,RampToRdwyId,AcceptedDate,IsSecondaryCollision,OwnerBadge,IncidentStatus,
26144810,0568000,LOUISVILLE METRO POLICE DEPT,Accepted,JEFFERSON,KY0061,,PRESTON,HWY,,,MAPLE SPRING,,,,,38.099911070,-85.671337438,1.142,1/4/2020 12:00:00 AM,1823,2,2,0,0,CLEAR,DRY,False,OTHER INTERSECTION COLLISIONS,REAR END,STRAIGHT & LEVEL,DUSK,,,1/6/2020 9:08:26 AM,False,7812,Accepted,
26144709,0568000,LOUISVILLE METRO POLICE DEPT,Accepted,JEFFERSON,KY1065,,BEULAH CHURCH,RD,,,FERN CREEK,,,,,38.147334749,-85.595337053,11.365,1/4/2020 12:00:00 AM,2346,2,2,0,0,CLEAR,DRY,False,OTHER INTERSECTION COLLISIONS,REAR END,STRAIGHT & GRADE,DARK-HWY NOT LIGHTED,,,1/6/2020 8:58:44 AM,False,7120,Accepted,
26144743,0568000,LOUISVILLE METRO POLICE DEPT,Accepted,JEFFERSON,US0031E,,BARDSTOWN,RD,,US0060A,EASTERN,,,,,38.231992917,-85.709325680,14.626,1/4/2020 12:00:00 AM,0228,2,2,0,2,RAINING,WET,False,OTHER INTERSECTION COLLISIONS,REAR END,STRAIGHT & LEVEL,DARK-HWY LIGHTED/ON,,,1/6/2020 9:01:50 AM,False,5152,Accepted,
26168845,0568000,LOUISVILLE METRO POLICE DEPT,Accepted,JEFFERSON,KY1747,,HURSTBOURNE,PKWY,S,KY6159,BLUEGRASS PKWY ACCESS,,,,,38.220178083,-85.581468835,11.633,1/4/2020 12:00:00 AM,0542,2,2,0,0,SLEET HAIL FREEZING RAIN,WET,False,OTHER INTERSECTION COLLISIONS,REAR END,STRAIGHT & LEVEL,DARK-HWY LIGHTED/ON,,,1/10/2020 8:29:49 AM,False,7200,Accepted,
26144713,0568000,LOUISVILLE METRO POLICE DEPT,Accepted,JEFFERSON,US0042,,STORY,AVE,,,SPRING,,,,,38.257301947,-85.724869925,0.452,1/4/2020 12:00:00 AM,2232,2,2,0,0,CLEAR,DRY,False,OTHER INTERSECTION COLLISIONS,REAR END,STRAIGHT & LEVEL,DARK-HWY LIGHTED/ON,,,1/6/2020 8:59:15 AM,False,5195,Accepted,
26144714,0568000,LOUISVILLE METRO POLICE DEPT,Accepted,JEFFERSON,KY0061,,PRESTON,HWY,,KY1065,OUTER,,,,,38.138313185,-85.686576611,3.950,1/4/2020 12:00:00 AM,2114,2,2,0,0,CLEAR,DRY,False,OTHER INTERSECTION COLLISIONS,REAR END,STRAIGHT & LEVEL,DARK-HWY LIGHTED/ON,,,1/6/2020 8:59:28 AM,False,7016,Accepted,
26144715,0568000,LOUISVILLE METRO POLICE DEPT,Accepted,JEFFERSON,,,CHAMBERLAIN,LN,,,POINTE BAY,,,,,38.304475513,-85.555034434,2.970,1/4/2020 12:00:00 AM,2314,2,2,0,0,CLEAR,DRY,False,OTHER INTERSECTION COLLISIONS,REAR END,STRAIGHT & LEVEL,DARK-HWY LIGHTED/ON,,,1/6/2020 8:59:32 AM,False,7098,Accepted,
26144704,0568000,LOUISVILLE METRO POLICE DEPT,Accepted,JEFFERSON,KY0061,,PRESTON,HWY,,KY1747,FERN VALLEY,,,,,38.156920475,-85.697060729,5.343,1/4/2020 12:00:00 AM,2129,2,2,0,0,CLEAR,DRY,False,OTHER INTERSECTION COLLISIONS,REAR END,STRAIGHT & LEVEL,DARK-HWY LIGHTED/ON,,,1/6/2020 8:58:09 AM,False,5182,Accepted,
26144604,0568000,LOUISVILLE METRO POLICE DEPT,Accepted,JEFFERSON,KY0864,,POPLAR LEVEL,RD,,I 0264,I264 E EXIT14 ON RAMP FROM KY864 N,,,,,38.194654347,-85.707330381,11.256,1/4/2020 12:00:00 AM,0153,2,2,0,0,RAINING,WET,False,SIDESWIPE-SAME DIRECTION,SIDESWIPE-SAME DIRECTION,STRAIGHT & LEVEL,DARK-HWY NOT LIGHTED,,,1/6/2020 8:53:06 AM,False,5286,Accepted,
26144680,0568000,LOUISVILLE METRO POLICE DEPT,Accepted,JEFFERSON,KY1747,,HURSTBOURNE,PKWY,S,,RIDGEHURST,,,,,38.193020722,-85.604947744,9.199,1/4/2020 12:00:00 AM,1700,3,3,0,3,CLOUDY,DRY,False,OPPOSING LEFT TURN,OPPOSING LEFT TURN,STRAIGHT & LEVEL,DUSK,,,1/6/2020 8:57:19 AM,False,7366,Accepted,
26144800,0568000,LOUISVILLE METRO POLICE DEPT,Accepted,JEFFERSON,US0031E,,BARDSTOWN,RD,,,HUDSON,,,,,38.164817883,-85.598952543,6.798,1/4/2020 12:00:00 AM,1858,2,2,0,0,CLEAR,DRY,True,OPPOSITE DIRECTION - BOTH VEHICLES GOING STRAIGHT AHEAD,SIDESWIPE-OPPOSITE DIRECTION,STRAIGHT & LEVEL,DARK-HWY NOT LIGHTED,,,1/6/2020 9:07:03 AM,False,7755,Accepted,
26144582,0568000,LOUISVILLE METRO POLICE DEPT,Accepted,JEFFERSON,KY0864,,POPLAR LEVEL,RD,,,INDIAN,,,,,38.171331048,-85.684848027,9.230,1/4/2020 12:00:00 AM,0110,2,2,0,0,RAINING,WET,False,ANGLE COLLISION - OTHER,ANGLE,STRAIGHT & LEVEL,DARK-HWY LIGHTED/ON,,,1/6/2020 8:51:31 AM,False,7206,Accepted,
26144668,0568000,LOUISVILLE METRO POLICE DEPT,Accepted,JEFFERSON,KY0061,,PRESTON,HWY,,,CHATEAU,,,,,38.147961221,-85.691959570,4.652,1/4/2020 12:00:00 AM,1549,2,2,0,1,CLOUDY,DRY,False,ANGLE COLLISION - OTHER,ANGLE,STRAIGHT & LEVEL,DAYLIGHT,,,1/6/2020 8:56:44 AM,False,5026,Accepted,
26144692,0568000,LOUISVILLE METRO POLICE DEPT,Accepted,JEFFERSON,KY0146,,LA GRANGE,RD,,I 0265,I265 S EXIT30 ON RAMP FROM KY146,,,,,38.284453496,-85.514596075,7.214,1/4/2020 12:00:00 AM,2000,2,2,0,0,CLOUDY,WET,False,ANGLE COLLISION - OTHER,ANGLE,STRAIGHT & LEVEL,DARK-HWY LIGHTED/ON,,,1/6/2020 8:57:48 AM,False,2013,Accepted,
26144785,0568000,LOUISVILLE METRO POLICE DEPT,Accepted,JEFFERSON,US0031E,,BARDSTOWN,RD,,,BRIGHTON,,,,,38.214064347,-85.673502751,12.253,1/4/2020 12:00:00 AM,1200,3,3,0,0,CLEAR,DRY,False,ANGLE COLLISION - OTHER,ANGLE,STRAIGHT & LEVEL,DAYLIGHT,,,1/6/2020 9:04:57 AM,False,7632,Accepted,
26144667,0568000,LOUISVILLE METRO POLICE DEPT,Accepted,JEFFERSON,US0031W,,DIXIE,HWY,,,PENDLETON,,,,,38.062265836,-85.886606425,5.296,1/4/2020 12:00:00 AM,1333,2,2,0,2,CLOUDY,DRY,False,ANGLE COLLISION - OTHER,ANGLE,STRAIGHT & LEVEL,DAYLIGHT,,,1/6/2020 8:56:41 AM,False,2936,Accepted,
26144822,0568000,LOUISVILLE METRO POLICE DEPT,Accepted,JEFFERSON,,,PARK,RD,S,,MINOR,,,,,38.116075866,-85.714063332,2.208,1/4/2020 12:00:00 AM,2357,1,1,0,2,CLOUDY,DRY,False,COLLISION WITH FIXED OBJECT IN INTERSECTION - FIRST EVENT COLLISION 09 - 32,SINGLE VEHICLE,CURVE & LEVEL,DARK-HWY NOT LIGHTED,,,1/6/2020 9:09:40 AM,False,5107,Accepted,
26144678,0568000,LOUISVILLE METRO POLICE DEPT,Accepted,JEFFERSON,US0060A,,GRINSTEAD,DR,,US0060A,CHEROKEE,,,,,38.243206407,-85.705593736,7.767,1/4/2020 12:00:00 AM,1259,1,1,0,0,SLEET HAIL FREEZING RAIN,WET,False,COLLISION WITH FIXED OBJECT IN INTERSECTION - FIRST EVENT COLLISION 09 - 32,SINGLE VEHICLE,CURVE & LEVEL,DAYLIGHT,,,1/6/2020 8:57:12 AM,False,5020,Accepted,
26144769,0568000,LOUISVILLE METRO POLICE DEPT,Accepted,JEFFERSON,KY0907,,VALLEY STATION,RD,,,AMRONA,,,,,38.105710691,-85.854544251,0.701,1/4/2020 12:00:00 AM,1900,2,1,0,1,CLOUDY,DRY,False,COLLISION WITH PEDESTRIAN IN INTERSECTION,SINGLE VEHICLE,STRAIGHT & LEVEL,DARK-HWY NOT LIGHTED,,,1/6/2020 9:03:48 AM,False,2583,Accepted,
26144597,0568000,LOUISVILLE METRO POLICE DEPT,Accepted,JEFFERSON,,,PAYNE,ST,,,JANE,,,,,38.252091029,-85.703129359,1.643,1/3/2020 12:00:00 AM,2228,2,2,0,0,CLEAR,WET,True,COLLISION WITH PARKED VEHICLE,SIDESWIPE-SAME DIRECTION,STRAIGHT & LEVEL,DARK-HWY LIGHTED/ON,,,1/6/2020 8:52:37 AM,False,5029,Accepted,
26144535,0568000,LOUISVILLE METRO POLICE DEPT,Accepted,JEFFERSON,,,DAYFLOWER,ST,,,CIVIC,,,,,38.320740916,-85.566642996,0.449,1/3/2020 12:00:00 AM,1732,2,2,0,0,RAINING,WET,False,COLLISION WITH PARKED VEHICLE,SIDESWIPE-SAME DIRECTION,STRAIGHT & LEVEL,DUSK,,,1/6/2020 8:48:47 AM,False,2346,Accepted,
26144436,0568000,LOUISVILLE METRO POLICE DEPT,Accepted,JEFFERSON,I 0264,,I264 W,,,I 0071,I71 S EXIT5 RAMP TO I264 W,,,,,38.286419962,-85.644529979,22.681,1/3/2020 12:00:00 AM,1135,1,1,0,0,RAINING,WET,False,COLLISION WITH FIXED OBJECT IN INTERSECTION - FIRST EVENT COLLISION 09 - 32,SINGLE VEHICLE,STRAIGHT & GRADE,DAYLIGHT,,,1/6/2020 8:43:04 AM,False,2030,Accepted,
26144444,0568000,LOUISVILLE METRO POLICE DEPT,Accepted,JEFFERSON,KY1020,,2ND,ST,S,,JACOB,,,,,38.244582564,-85.755258258,12.032,1/3/2020 12:00:00 AM,1622,2,2,0,0,RAINING,WET,False,ANGLE COLLISION - ONE VEHICLE TURNING RIGHT,ANGLE,STRAIGHT & LEVEL,DAYLIGHT,,,1/6/2020 8:43:27 AM,False,7296,Accepted,
26144508,0568000,LOUISVILLE METRO POLICE DEPT,Accepted,JEFFERSON,KY1020,,3RD,ST,S,,IOWA,,,,,38.207542665,-85.763484411,9.677,1/3/2020 12:00:00 AM,1357,2,2,0,0,RAINING,WET,False,ANGLE COLLISION - OTHER,ANGLE,STRAIGHT & LEVEL,DAYLIGHT,,,1/6/2020 8:47:10 AM,False,2499,Accepted,
26144393,0568000,LOUISVILLE METRO POLICE DEPT,Accepted,JEFFERSON,KY6319,,SIGNATURE,DR,,KY1747,FERN VALLEY,,,,,38.157180376,-85.714430203,0.067,1/3/2020 12:00:00 AM,0633,2,2,0,0,RAINING,WET,False,ANGLE COLLISION - OTHER,ANGLE,STRAIGHT & LEVEL,DARK-HWY NOT LIGHTED,,,1/6/2020 8:36:24 AM,False,2017,Accepted,
26144419,0568000,LOUISVILLE METRO POLICE DEPT,Accepted,JEFFERSON,,,BRADLEY,AVE,,,BARBEE,,,,,38.217215621,-85.750722694,0.084,1/3/2020 12:00:00 AM,1236,2,2,0,0,RAINING,WET,False,ANGLE COLLISION - OTHER,ANGLE,STRAIGHT & LEVEL,DAYLIGHT,,,1/6/2020 8:40:21 AM,False,5284,Accepted,
26144576,0568000,LOUISVILLE METRO POLICE DEPT,Accepted,JEFFERSON,KY1065,,BEULAH CHURCH,RD,,KY0864,FEGENBUSH,,,,,38.137665843,-85.613478992,10.012,1/3/2020 12:00:00 AM,2240,2,2,0,0,CLOUDY,WET,False,ANGLE COLLISION - OTHER,ANGLE,STRAIGHT & LEVEL,DARK-HWY NOT LIGHTED,,,1/6/2020 8:50:47 AM,False,7120,Accepted,
26133459,0568000,LOUISVILLE METRO POLICE DEPT,Accepted,JEFFERSON,,,WATTERSON,TRL,,,STONY BROOK,,,,,38.183770793,-85.595995322,1.661,1/3/2020 12:00:00 AM,0202,2,2,0,1,RAINING,WET,False,ANGLE COLLISION - OTHER,ANGLE,STRAIGHT & GRADE,DARK-HWY NOT LIGHTED,,,1/3/2020 9:24:49 AM,False,2234,Accepted,
26144774,0568000,LOUISVILLE METRO POLICE DEPT,Accepted,JEFFERSON,US0060,,SHELBYVILLE,RD,,,CHADWICK,,,,,38.247293978,-85.587483898,7.281,1/3/2020 12:00:00 AM,1833,2,2,0,1,RAINING,WET,False,ANGLE COLLISION - OTHER,ANGLE,STRAIGHT & LEVEL,DARK (UNKNOWN ROADWAY LIGHTING),,,1/6/2020 9:04:13 AM,False,5223,Accepted,
26144414,0568000,LOUISVILLE METRO POLICE DEPT,Accepted,JEFFERSON,,,30TH,ST,S,,MUHAMMAD ALI,,,,,38.255876619,-85.800522960,0.381,1/3/2020 12:00:00 AM,1128,2,2,0,2,RAINING,WET,True,ANGLE COLLISION - OTHER,ANGLE,STRAIGHT & LEVEL,DAYLIGHT,,,1/6/2020 8:39:51 AM,False,7220,Accepted,
26144429,0568000,LOUISVILLE METRO POLICE DEPT,Accepted,JEFFERSON,,,BROOK,ST,S,,JEFFERSON,,,,,38.253052515,-85.750476976,3.395,1/3/2020 12:00:00 AM,1253,2,2,0,0,RAINING,WATER (STANDING OR MOVING),False,ANGLE COLLISION - OTHER,ANGLE,STRAIGHT & LEVEL,DAYLIGHT,,,1/6/2020 8:41:22 AM,False,5295,Accepted,
26144530,0568000,LOUISVILLE METRO POLICE DEPT,Accepted,JEFFERSON,US0042,,BROWNSBORO,RD,,,HILLCREST,,,,,38.260597163,-85.685765704,2.747,1/3/2020 12:00:00 AM,1815,2,2,0,0,RAINING,WET,False,ANGLE COLLISION - OTHER,ANGLE,STRAIGHT & LEVEL,DARK (UNKNOWN ROADWAY LIGHTING),,,1/6/2020 8:48:39 AM,False,7128,Accepted,
26144578,0568000,LOUISVILLE METRO POLICE DEPT,Accepted,JEFFERSON,US0060A,,EASTERN,PKWY,,,NORRIS,,,,,38.230753356,-85.711579761,6.678,1/3/2020 12:00:00 AM,2145,3,3,0,0,CLOUDY,WET,False,ANGLE COLLISION - OTHER,ANGLE,STRAIGHT & GRADE,DARK-HWY LIGHTED/ON,,,1/6/2020 8:50:54 AM,False,2816,Accepted,
26144620,0568000,LOUISVILLE METRO POLICE DEPT,Accepted,JEFFERSON,,,SHEPHERDSVILLE,RD,,,ROBBS,,,,,38.134743671,-85.658957855,0.305,1/3/2020 12:00:00 AM,1750,2,2,0,0,RAINING,WET,False,ANGLE COLLISION - OTHER,ANGLE,STRAIGHT & LEVEL,DARK-HWY LIGHTED/ON,,,1/6/2020 8:54:04 AM,False,2583,Accepted,
26144621,0568000,LOUISVILLE METRO POLICE DEPT,Accepted,JEFFERSON,KY1865,,NEW CUT,RD,,KY0907,3RD ST,,,,,38.146123801,-85.775329505,2.689,1/3/2020 12:00:00 AM,1852,2,2,0,0,RAINING,WET,False,ANGLE COLLISION - OTHER,ANGLE,STRAIGHT & LEVEL,DARK-HWY LIGHTED/ON,,,1/6/2020 8:54:08 AM,False,7424,Accepted,
26347686,0568000,LOUISVILLE METRO POLICE DEPT,Accepted,JEFFERSON,KY0864,,LOGAN,ST,,,MASON,,,,,38.242207805,-85.738611840,15.236,1/3/2020 12:00:00 AM,0550,2,2,0,0,CLEAR,DRY,False,ANGLE COLLISION - OTHER,ANGLE,STRAIGHT & LEVEL,UNKNOWN,,,2/14/2020 8:41:38 AM,False,7450,Accepted,
26192557,0568000,LOUISVILLE METRO POLICE DEPT,Accepted,JEFFERSON,,,26TH,ST,S,,MARKET,,,,,38.259487451,-85.793766407,0.088,1/3/2020 12:00:00 AM,1035,2,2,0,0,CLOUDY,WET,False,ANGLE COLLISION - OTHER,ANGLE,STRAIGHT & LEVEL,DAYLIGHT,,,1/15/2020 8:11:05 AM,False,7292,Accepted,
26144512,0568000,LOUISVILLE METRO POLICE DEPT,Accepted,JEFFERSON,,,LOWER HUNTERS,TRCE,,,ARVIS,,,,,38.163148998,-85.858194001,1.406,1/3/2020 12:00:00 AM,1639,2,2,0,0,FOG WITH RAIN,WET,False,REAR END - ONE VEHICLE TURNING LEFT,REAR END,STRAIGHT & GRADE,DUSK,,,1/6/2020 8:47:30 AM,False,5100,Accepted,
26144565,0568000,LOUISVILLE METRO POLICE DEPT,Accepted,JEFFERSON,KY1865,,TAYLOR,BLVD,,,ASHLAND,,,,,38.186660775,-85.783816816,5.531,1/3/2020 12:00:00 AM,1902,2,2,0,1,RAINING,WET,False,OPPOSING LEFT TURN,OPPOSING LEFT TURN,STRAIGHT & LEVEL,DARK-HWY LIGHTED/ON,,,1/6/2020 8:50:19 AM,False,5287,Accepted,
26162931,0568000,LOUISVILLE METRO POLICE DEPT,Accepted,JEFFERSON,KY1934,,CANE RUN,RD,,KY2054,ALGONQUIN,,,,,38.224066944,-85.809697073,11.471,1/3/2020 12:00:00 AM,1526,3,3,0,0,RAINING,WET,False,OPPOSING LEFT TURN,OPPOSING LEFT TURN,STRAIGHT & LEVEL,DAYLIGHT,,,1/9/2020 8:20:42 AM,False,5002,Accepted,
26144417,0568000,LOUISVILLE METRO POLICE DEPT,Accepted,JEFFERSON,KY1703,,BAXTER,AVE,,,GRINSTEAD,,,,,38.237684355,-85.722288051,5.429,1/3/2020 12:00:00 AM,0750,2,2,0,1,RAINING,WET,False,OPPOSING LEFT TURN,OPPOSING LEFT TURN,STRAIGHT & LEVEL,DAYLIGHT,,,1/6/2020 8:40:03 AM,False,5020,Accepted,
26144511,0568000,LOUISVILLE METRO POLICE DEPT,Accepted,JEFFERSON,KY2054,,ALGONQUIN,PKWY,,,DIXIE,,,,,38.223179472,-85.792542651,1.638,1/3/2020 12:00:00 AM,1443,3,3,0,1,RAINING,WET,False,OPPOSING LEFT TURN,OPPOSING LEFT TURN,STRAIGHT & LEVEL,DAYLIGHT,,,1/6/2020 8:47:22 AM,False,5257,Accepted,
26145189,0561500,UNIV. OF LOUISVILLE POLICE,Accepted,JEFFERSON,,401,4TH,ST,S,,CARDINAL,,,,,38.220753341,-85.762826040,2.497,1/3/2020 12:00:00 AM,1949,2,2,0,0,RAINING,WET,False,OPPOSITE DIRECTION - BOTH VEHICLES GOING STRAIGHT AHEAD,SIDESWIPE-OPPOSITE DIRECTION,STRAIGHT & LEVEL,DARK (UNKNOWN ROADWAY LIGHTING),,,1/6/2020 9:35:17 AM,False,5676,Accepted,
26144447,0568000,LOUISVILLE METRO POLICE DEPT,Accepted,JEFFERSON,US0042,,BROWNSBORO,RD,,,IDLEWYLDE,,,,,38.258429020,-85.700277528,1.940,1/3/2020 12:00:00 AM,1452,2,2,0,0,RAINING,WET,True,SIDESWIPE-SAME DIRECTION,SIDESWIPE-SAME DIRECTION,STRAIGHT & LEVEL,DAYLIGHT,,,1/6/2020 8:43:50 AM,False,7281,Accepted,
26144712,0568000,LOUISVILLE METRO POLICE DEPT,Accepted,JEFFERSON,US0031E,,BUECHEL,BYP,,,HIKES,,,,,38.198475360,-85.660967923,10.970,1/3/2020 12:00:00 AM,2200,2,2,0,2,CLEAR,DRY,False,SIDESWIPE-SAME DIRECTION,SIDESWIPE-SAME DIRECTION,STRAIGHT & LEVEL,DARK-HWY LIGHTED/ON,,,1/6/2020 8:59:05 AM,False,5207,Accepted,
26133462,0568000,LOUISVILLE METRO POLICE DEPT,Accepted,JEFFERSON,US0150,,BROADWAY,,E,,FLOYD,,,,,38.245508462,-85.749707752,2.841,1/3/2020 12:00:00 AM,0637,2,2,0,0,RAINING,WET,False,SIDESWIPE-SAME DIRECTION,SIDESWIPE-SAME DIRECTION,STRAIGHT & LEVEL,DARK-HWY LIGHTED/ON,,,1/3/2020 9:25:23 AM,False,5135,Accepted,
26133781,0568000,LOUISVILLE METRO POLICE DEPT,Accepted,JEFFERSON,I 0065,,I65 N,,,I 0065,I65 N EXIT132 ON RAMP FROM  CRITTENDEN DR,,,,,38.206369674,-85.745361274,132.219,1/3/2020 12:00:00 AM,0726,2,2,0,0,RAINING,WET,False,SIDESWIPE-SAME DIRECTION,SIDESWIPE-SAME DIRECTION,CURVE & GRADE,DARK-HWY LIGHTED/ON,,,1/3/2020 10:14:11 AM,False,7720,Accepted,
26133467,0568000,LOUISVILLE METRO POLICE DEPT,Accepted,JEFFERSON,KY1447,,WESTPORT,RD,,,CHAMBERLAIN,,,,,38.299364998,-85.541715240,7.038,1/3/2020 12:00:00 AM,0615,3,3,0,0,RAINING,WET,True,OTHER INTERSECTION COLLISIONS,REAR END,STRAIGHT & LEVEL,DARK-HWY LIGHTED/ON,,,1/3/2020 9:26:28 AM,False,2920,Accepted,
26144453,0568000,LOUISVILLE METRO POLICE DEPT,Accepted,JEFFERSON,KY1703,,NEWBURG,RD,,,GOLDSMITH,,,,,38.200248580,-85.685235674,2.024,1/3/2020 12:00:00 AM,0747,2,2,0,0,RAINING,WET,False,OTHER INTERSECTION COLLISIONS,REAR END,STRAIGHT & GRADE,DAWN,,,1/6/2020 8:44:11 AM,False,5292,Accepted,
26144463,0568000,LOUISVILLE METRO POLICE DEPT,Accepted,JEFFERSON,KY0907,,SOUTHSIDE,DR,,,SOUTHVIEW,,,,,38.151096521,-85.766689806,6.918,1/3/2020 12:00:00 AM,1330,2,2,0,0,RAINING,WET,False,OTHER INTERSECTION COLLISIONS,REAR TO REAR,CURVE & LEVEL,DAYLIGHT,,,1/6/2020 8:45:02 AM,False,5263,Accepted,
26144445,0568000,LOUISVILLE METRO POLICE DEPT,Accepted,JEFFERSON,KY0864,,POPLAR LEVEL,RD,,,DAHL,,,,,38.181531219,-85.696192318,10.163,1/3/2020 12:00:00 AM,1545,2,2,0,0,RAINING,WET,False,OTHER INTERSECTION COLLISIONS,REAR END,STRAIGHT & LEVEL,DAYLIGHT,,,1/6/2020 8:43:38 AM,False,5106,Accepted,
26144396,0568000,LOUISVILLE METRO POLICE DEPT,Accepted,JEFFERSON,KY0864,,POPLAR LEVEL,RD,,,GILMORE,,,,,38.182685032,-85.698365069,10.281,1/3/2020 12:00:00 AM,0819,2,2,0,0,RAINING,WET,False,OTHER INTERSECTION COLLISIONS,REAR END,STRAIGHT & LEVEL,DAYLIGHT,,,1/6/2020 8:37:03 AM,False,2796,Accepted,
26144470,0568000,LOUISVILLE METRO POLICE DEPT,Accepted,JEFFERSON,,,LOWER HUNTERS,TRCE,,,MARAVIAN,,,,,38.167030008,-85.870278071,2.151,1/3/2020 12:00:00 AM,1155,2,2,0,0,CLOUDY,WET,False,OTHER INTERSECTION COLLISIONS,REAR END,STRAIGHT & LEVEL,DAYLIGHT,,,1/6/2020 8:45:50 AM,False,5266,Accepted,
26144478,0568000,LOUISVILLE METRO POLICE DEPT,Accepted,JEFFERSON,I 0264,,I264 W,,,I 0264,I264 W EXIT14 ON RAMP FROM KY864,,,,,38.197806896,-85.704502629,13.603,1/3/2020 12:00:00 AM,1604,2,2,0,0,RAINING,WET,False,OTHER INTERSECTION COLLISIONS,REAR END,STRAIGHT & LEVEL,DAYLIGHT,,,1/6/2020 8:46:11 AM,False,2796,Accepted,
26144521,0568000,LOUISVILLE METRO POLICE DEPT,Accepted,JEFFERSON,KY0155,,TAYLORSVILLE,RD,,,OLD TAYLORSVILLE,,,,,38.190353874,-85.496708352,5.390,1/3/2020 12:00:00 AM,1620,3,3,0,0,RAINING,WET,False,OTHER INTERSECTION COLLISIONS,REAR END,STRAIGHT & LEVEL,DARK-HWY NOT LIGHTED,,,1/6/2020 8:48:10 AM,False,6878,Accepted,
26144472,0568000,LOUISVILLE METRO POLICE DEPT,Accepted,JEFFERSON,KY1934,,CANE RUN,RD,,,WILKIE,,,,,38.179296674,-85.859870842,7.320,1/3/2020 12:00:00 AM,1710,2,2,0,0,RAINING,WET,False,OTHER INTERSECTION COLLISIONS,REAR END,STRAIGHT & LEVEL,DUSK,,,1/6/2020 8:46:02 AM,False,5266,Accepted,
26144623,0568000,LOUISVILLE METRO POLICE DEPT,Accepted,JEFFERSON,KY1932,,BRECKENRIDGE,LN,,,HIKES,,,,,38.218291887,-85.628692535,2.706,1/3/2020 12:00:00 AM,0801,2,2,0,0,RAINING,WET,False,OTHER INTERSECTION COLLISIONS,REAR END,STRAIGHT & LEVEL,DAWN,,,1/6/2020 8:54:12 AM,False,6100,Accepted,
26144572,0568000,LOUISVILLE METRO POLICE DEPT,Accepted,JEFFERSON,US0060A,,TAYLOR,BLVD,,,CENTRAL,,,,,38.206363818,-85.776170348,2.291,1/3/2020 12:00:00 AM,2002,2,2,0,0,RAINING,WET,False,OTHER INTERSECTION COLLISIONS,REAR END,STRAIGHT & LEVEL,DARK-HWY LIGHTED/ON,,,1/6/2020 8:50:36 AM,False,7422,Accepted,
26144580,0568000,LOUISVILLE METRO POLICE DEPT,Accepted,JEFFERSON,I 0065,,I65 N,,,I 0065,I65 N EXIT133A OFF RAMP TO  EASTERN PKWY,,,,,38.211967506,-85.752843714,132.891,1/3/2020 12:00:00 AM,2237,1,1,0,0,RAINING,WET,False,OTHER INTERSECTION COLLISIONS,SINGLE VEHICLE,STRAIGHT & LEVEL,DARK-HWY LIGHTED/ON,,,1/6/2020 8:51:14 AM,False,7048,Accepted,
26144710,0568000,LOUISVILLE METRO POLICE DEPT,Accepted,JEFFERSON,,,32ND,ST,S,,RIVER PARK,,,,,38.254255533,-85.805321087,1.821,1/3/2020 12:00:00 AM,2012,2,2,0,0,CLOUDY,WET,False,OTHER INTERSECTION COLLISIONS,REAR END,STRAIGHT & LEVEL,DARK-HWY LIGHTED/ON,,,1/6/2020 8:58:54 AM,False,5008,Accepted,
26144600,0568000,LOUISVILLE METRO POLICE DEPT,Accepted,JEFFERSON,KY1865,,TAYLOR,BLVD,,,BICKNELL,,,,,38.182886989,-85.783717354,5.270,1/3/2020 12:00:00 AM,2200,2,2,0,0,CLOUDY,WET,False,OTHER INTERSECTION COLLISIONS,REAR END,STRAIGHT & LEVEL,DARK-HWY LIGHTED/ON,,,1/6/2020 8:52:43 AM,False,5237,Accepted,
26144567,0568000,LOUISVILLE METRO POLICE DEPT,Accepted,JEFFERSON,KY3077,,RIVER,RD,,,2ND,,,,,38.258691661,-85.752767410,0.468,1/3/2020 12:00:00 AM,0741,2,2,0,1,RAINING,WET,False,OTHER INTERSECTION COLLISIONS,REAR END,STRAIGHT & LEVEL,DAYLIGHT,,,1/6/2020 8:50:23 AM,False,2854,Accepted,
26144624,0568000,LOUISVILLE METRO POLICE DEPT,Accepted,JEFFERSON,,,HIKES,LN,,KY1932,BRECKENRIDGE,,,,,38.218228182,-85.628537556,3.023,1/3/2020 12:00:00 AM,1619,3,3,0,0,RAINING,WET,False,OTHER INTERSECTION COLLISIONS,REAR END,STRAIGHT & LEVEL,DAYLIGHT,,,1/6/2020 8:54:18 AM,False,6100,Accepted,
26144458,0568000,LOUISVILLE METRO POLICE DEPT,Accepted,JEFFERSON,US0031W,,DIXIE,HWY,,,CRAWFORD,,,,,38.149870464,-85.837313624,12.065,1/3/2020 12:00:00 AM,1422,1,1,0,0,RAINING,WET,False,OTHER INTERSECTION COLLISIONS,SINGLE VEHICLE,STRAIGHT & LEVEL,DAYLIGHT,,,1/6/2020 8:44:28 AM,False,7485,Accepted,