IncidentID,AgencyORI,AgencyName,IncidentStatusDesc,County,RdwyNumber,Street,RoadwayName,StreetSfx,StreetDir,IntersectionRdwy,IntersectionRdwyName,BetweenStRdwy1,BetweenStRdwyName1,BetweenStRdwy2,BetweenStRdwyName2,Latitude,Longitude,Milepoint,CollisionDate,CollisionTime,UnitsInvolved,MotorVehiclesInvolved,NumberKilled,NumberInjured,Weather,RdwyConditionCode,HitandRun,DirAnalysisCode,MannerofCollision,RdwyCharacter,LightCondition,RampFromRdwyId,RampToRdwyId,AcceptedDate,IsSecondaryCollision,OwnerBadge,IncidentStatus,
26144484,0568000,LOUISVILLE METRO POLICE DEPT,Accepted,JEFFERSON,KY2052,,SHEPHERDSVILLE,RD,,,BUECHEL BANK,,,,,38.178432878,-85.659327208,2.744,1/3/2020 12:00:00 AM,1722,2,2,0,0,RAINING,WET,False,OTHER INTERSECTION COLLISIONS,REAR END,STRAIGHT & LEVEL,DARK (UNKNOWN ROADWAY LIGHTING),,,1/6/2020 8:46:27 AM,False,7366,Accepted,
26144581,0568000,LOUISVILLE METRO POLICE DEPT,Accepted,JEFFERSON,KY0022,,BROWNSBORO,RD,,,,,GREENLAWN,KY0022C,SEMINARY,38.288520144,-85.620124109,0.975,1/3/2020 12:00:00 AM,1933,1,1,0,0,RAINING,WET,False,COLLISION WITH FIXED OBJECT NON - INTERSECTION - FIRST EVENT COLLISION 09 - 32 EXCLUDING 16,SINGLE VEHICLE,CURVE & LEVEL,DARK-HWY NOT LIGHTED,,,1/6/2020 8:51:26 AM,False,5228,Accepted,
26144847,0568000,LOUISVILLE METRO POLICE DEPT,Accepted,JEFFERSON,US0060A,,EASTERN,PKWY,,,,,,,,38.225175875,-85.724981568,5.833,1/3/2020 12:00:00 AM,2305,1,1,0,0,RAINING,WET,False,COLLISION WITH FIXED OBJECT NON - INTERSECTION - FIRST EVENT COLLISION 09 - 32 EXCLUDING 16,SINGLE VEHICLE,CURVE & HILLCREST,DARK-HWY LIGHTED/ON,,,1/6/2020 9:11:50 AM,False,7376,Accepted,
26144602,0568000,LOUISVILLE METRO POLICE DEPT,Accepted,JEFFERSON,US0060A,,LEXINGTON,RD,,,,,,,,38.245560550,-85.701589871,8.013,1/3/2020 12:00:00 AM,1934,1,1,0,1,RAINING,WET,False,COLLISION WITH FIXED OBJECT NON - INTERSECTION - FIRST EVENT COLLISION 09 - 32 EXCLUDING 16,SINGLE VEHICLE,STRAIGHT & LEVEL,DARK-HWY LIGHTED/ON,,,1/6/2020 8:52:52 AM,False,5104,Accepted,
26133460,0568000,LOUISVILLE METRO POLICE DEPT,Accepted,JEFFERSON,US0060A,2700,TAYLOR,BLVD,,,,,,,,38.210534698,-85.770896646,2.703,1/3/2020 12:00:00 AM,0123,1,1,0,0,RAINING,WET,False,COLLISION WITH FIXED OBJECT NON - INTERSECTION - FIRST EVENT COLLISION 09 - 32 EXCLUDING 16,SINGLE VEHICLE,CURVE & LEVEL,DUSK,,,1/3/2020 9:25:02 AM,False,7291,Accepted,
26144677,0568000,LOUISVILLE METRO POLICE DEPT,Accepted,JEFFERSON,,2300,BOLLING,AVE,,,,,,,,38.230324434,-85.794905805,0.565,1/3/2020 12:00:00 AM,2100,2,2,0,0,CLEAR,DRY,True,1 VEHICLE PARKED POSITION (NOT PARKING LOT/DRIVEWAY),SIDESWIPE-OPPOSITE DIRECTION,STRAIGHT & LEVEL,DARK (UNKNOWN ROADWAY LIGHTING),,,1/6/2020 8:57:08 AM,False,5257,Accepted,
26151082,0568000,LOUISVILLE METRO POLICE DEPT,Accepted,JEFFERSON,KY0907,9103,3RD ST,RD,,,,,,,,38.116279122,-85.819436459,2.971,1/3/2020 12:00:00 AM,0607,1,1,0,2,RAINING,WET,False,COLLISION WITH ANIMAL NON INTERSECTION,SINGLE VEHICLE,CURVE & GRADE,DARK-HWY LIGHTED/ON,,,1/7/2020 8:19:45 AM,False,2905,Accepted,
26144607,0568000,LOUISVILLE METRO POLICE DEPT,Accepted,JEFFERSON,,1929,BANK,ST,,,,,,,,38.265237864,-85.781931677,0.106,1/3/2020 12:00:00 AM,1847,2,2,0,0,CLEAR,WET,True,1 VEHICLE PARKED POSITION (NOT PARKING LOT/DRIVEWAY),SIDESWIPE-SAME DIRECTION,STRAIGHT & LEVEL,OTHER,,,1/6/2020 8:53:16 AM,False,7173,Accepted,
26144660,0568000,LOUISVILLE METRO POLICE DEPT,Accepted,JEFFERSON,I 0071,,I71 N,,,,,,,,,38.300809604,-85.611470529,7.199,1/3/2020 12:00:00 AM,1610,2,2,0,0,RAINING,WET,True,REAR END IN TRAFFIC LANES BOTH VEHICLES MOVING,REAR END,STRAIGHT & GRADE,DAYLIGHT,,,1/6/2020 8:56:07 AM,False,8278,Accepted,
26144666,0568000,LOUISVILLE METRO POLICE DEPT,Accepted,JEFFERSON,US0150,200BLOCK,BROADWAY,,E,,,,,,,38.245468493,-85.749956519,2.830,1/3/2020 12:00:00 AM,1833,3,3,0,1,RAINING,WET,False,REAR END IN TRAFFIC LANES BOTH VEHICLES MOVING,REAR END,STRAIGHT & LEVEL,DARK-HWY LIGHTED/ON,,,1/6/2020 8:56:35 AM,False,7406,Accepted,
26144870,0568000,LOUISVILLE METRO POLICE DEPT,Accepted,JEFFERSON,KY0864,,BEULAH CHURCH,RD,,,,,,,,38.129067976,-85.614214123,3.671,1/3/2020 12:00:00 AM,1730,2,2,0,0,RAINING,WET,False,REAR END IN TRAFFIC LANES BOTH VEHICLES MOVING,REAR END,STRAIGHT & LEVEL,DUSK,,,1/6/2020 9:15:14 AM,False,7573,Accepted,
26144665,0568000,LOUISVILLE METRO POLICE DEPT,Accepted,JEFFERSON,KY0155,,TAYLORSVILLE,RD,,,,,MCMAHAN,,TAYLOR SPRINGS,38.219580421,-85.618844910,12.951,1/3/2020 12:00:00 AM,1156,2,2,0,0,RAINING,WET,False,REAR END IN TRAFFIC LANES BOTH VEHICLES MOVING,REAR END,STRAIGHT & LEVEL,DAYLIGHT,,,1/6/2020 8:56:31 AM,False,2429,Accepted,
26144547,0568000,LOUISVILLE METRO POLICE DEPT,Accepted,JEFFERSON,,,OXMOOR,LN,,,,,BULLITT,US0060,SHELBYVILLE,38.248141180,-85.613538712,0.084,1/3/2020 12:00:00 AM,1303,2,2,0,0,RAINING,WET,False,REAR END IN TRAFFIC LANES BOTH VEHICLES MOVING,REAR END,STRAIGHT & LEVEL,DAYLIGHT,,,1/6/2020 8:49:38 AM,False,5223,Accepted,
26144505,0568000,LOUISVILLE METRO POLICE DEPT,Accepted,JEFFERSON,KY1065,,OUTER,LOOP,,,,,,,,38.138176698,-85.663940527,7.303,1/3/2020 12:00:00 AM,1558,2,2,0,0,RAINING,WET,False,REAR END IN TRAFFIC LANES BOTH VEHICLES MOVING,REAR END,STRAIGHT & LEVEL,DAYLIGHT,,,1/6/2020 8:47:01 AM,False,4693,Accepted,
26144506,0568000,LOUISVILLE METRO POLICE DEPT,Accepted,JEFFERSON,KY0061,,PRESTON,HWY,,,,,,,,38.138263040,-85.686545779,3.946,1/3/2020 12:00:00 AM,1643,2,2,0,0,RAINING,WET,False,REAR END IN TRAFFIC LANES BOTH VEHICLES MOVING,REAR END,STRAIGHT & LEVEL,DAYLIGHT,,,1/6/2020 8:47:06 AM,False,4693,Accepted,
26144431,0568000,LOUISVILLE METRO POLICE DEPT,Accepted,JEFFERSON,KY0061,10267,PRESTON,HWY,,,,,,,,38.105950497,-85.673484821,1.640,1/3/2020 12:00:00 AM,1437,2,2,0,0,RAINING,WET,False,REAR END IN TRAFFIC LANES BOTH VEHICLES MOVING,REAR END,STRAIGHT & LEVEL,DAYLIGHT,,,1/6/2020 8:41:49 AM,False,7799,Accepted,
26145167,0561500,UNIV. OF LOUISVILLE POLICE,Accepted,JEFFERSON,US0060A,,3RD,ST,S,,,US0060A,WINKLER,US0060A,EASTERN,38.213523632,-85.762395866,3.393,1/3/2020 12:00:00 AM,1427,2,2,0,1,RAINING,WET,False,REAR END IN TRAFFIC LANES BOTH VEHICLES MOVING,REAR END,STRAIGHT & LEVEL,DAYLIGHT,,,1/6/2020 9:34:48 AM,False,5686,Accepted,
26304411,0568000,LOUISVILLE METRO POLICE DEPT,Accepted,JEFFERSON,KY1934,4621,CANE RUN,RD,,,,,MARGEE,,CLARINET,38.192463202,-85.846577372,8.490,1/3/2020 12:00:00 AM,2245,2,2,0,1,RAINING,WET,False,REAR END IN TRAFFIC LANES BOTH VEHICLES MOVING,REAR END,STRAIGHT & LEVEL,DARK-HWY LIGHTED/OFF,,,2/5/2020 8:15:47 AM,False,2877,Accepted,
26144426,0568000,LOUISVILLE METRO POLICE DEPT,Accepted,JEFFERSON,,,STONY BROOK,DR,,KY1747,HURSTBOURNE,,,,,38.171139577,-85.604313247,0.002,1/3/2020 12:00:00 AM,1432,2,2,0,0,RAINING,WET,False,HEAD-ON COLLISION,HEAD ON,CURVE & GRADE,DAYLIGHT,,,1/6/2020 8:40:43 AM,False,2017,Accepted,
26144434,0568000,LOUISVILLE METRO POLICE DEPT,Accepted,JEFFERSON,,,BRENTLINGER,LN,,,,,SEATONVILLE,,OLD BRENTLINGER,38.134146087,-85.550711427,1.602,1/3/2020 12:00:00 AM,1450,2,2,0,0,RAINING,WET,False,HEAD-ON COLLISION,HEAD ON,CURVE & LEVEL,DAYLIGHT,,,1/6/2020 8:42:43 AM,False,6878,Accepted,
26144451,0568000,LOUISVILLE METRO POLICE DEPT,Accepted,JEFFERSON,,,LOWE,RD,,,,,,,,38.224729550,-85.611145000,0.462,1/3/2020 12:00:00 AM,1709,2,2,0,0,RAINING,WET,False,HEAD-ON COLLISION,HEAD ON,CURVE & LEVEL,DAYLIGHT,,,1/6/2020 8:44:03 AM,False,7864,Accepted,
26144460,0568000,LOUISVILLE METRO POLICE DEPT,Accepted,JEFFERSON,KY0061,,PRESTON,HWY,,,,,OKOLONA,KY1065,OUTER,38.137119813,-85.685921962,3.857,1/3/2020 12:00:00 AM,1652,2,2,0,0,RAINING,WET,True,HEAD-ON COLLISION,HEAD ON,STRAIGHT & LEVEL,DAYLIGHT,,,1/6/2020 8:44:52 AM,False,7397,Accepted,
26144459,0568000,LOUISVILLE METRO POLICE DEPT,Accepted,JEFFERSON,,,SKY BLUE,AVE,,KY1931,GREENWOOD,,,,,38.144029935,-85.851987374,,1/3/2020 12:00:00 AM,1506,3,3,0,0,RAINING,WET,False,HEAD-ON COLLISION,HEAD ON,STRAIGHT & LEVEL,DAYLIGHT,,,1/6/2020 8:44:33 AM,False,7485,Accepted,
26144397,0568000,LOUISVILLE METRO POLICE DEPT,Accepted,JEFFERSON,KY0907,,3RD ST,RD,,,,,,,,38.116529342,-85.818641883,3.017,1/3/2020 12:00:00 AM,1030,1,1,0,0,RAINING,WET,False,OTHER COLLISIONS ON SHOULDER,SINGLE VEHICLE,STRAIGHT & LEVEL,DAYLIGHT,,,1/6/2020 8:37:13 AM,False,7174,Accepted,
26144579,0568000,LOUISVILLE METRO POLICE DEPT,Accepted,JEFFERSON,KY1865,,NEW CUT,RD,,,,,,,,38.144715230,-85.775020310,2.592,1/3/2020 12:00:00 AM,2049,2,2,0,0,RAINING,WET,False,SIDESWIPE COLLISION - SAME DIRECTION,SIDESWIPE-SAME DIRECTION,STRAIGHT & LEVEL,DARK-HWY LIGHTED/ON,,,1/6/2020 8:51:04 AM,False,7362,Accepted,
26144615,0568000,LOUISVILLE METRO POLICE DEPT,Accepted,JEFFERSON,KY1447,,WESTPORT,RD,,,,,TOWNE CENTER,I 0265,I265 S EXIT33 OFF RAMP TO KY1447,38.296394082,-85.553044641,6.403,1/3/2020 12:00:00 AM,1453,2,2,0,0,RAINING,WET,False,SIDESWIPE COLLISION - SAME DIRECTION,SIDESWIPE-SAME DIRECTION,STRAIGHT & LEVEL,DAYLIGHT,,,1/6/2020 8:53:40 AM,False,7751,Accepted,
26144539,0568000,LOUISVILLE METRO POLICE DEPT,Accepted,JEFFERSON,KY1703,1110,BAXTER,AVE,,,,,ELLWOOD,,RUFER,38.237024450,-85.721765878,5.425,1/3/2020 12:00:00 AM,1839,2,2,0,0,FOG WITH RAIN,WET,False,SIDESWIPE COLLISION - SAME DIRECTION,SIDESWIPE-SAME DIRECTION,STRAIGHT & LEVEL,DARK-HWY LIGHTED/ON,,,1/6/2020 8:49:00 AM,False,7900,Accepted,
26204758,0568000,LOUISVILLE METRO POLICE DEPT,Accepted,JEFFERSON,I 0071,,I71 S,,,,,,,,,38.291425593,-85.641076721,5.400,1/3/2020 12:00:00 AM,1648,2,2,0,0,RAINING,WET,False,SIDESWIPE COLLISION - SAME DIRECTION,SIDESWIPE-SAME DIRECTION,CURVE & GRADE,DAYLIGHT,,,1/17/2020 8:12:34 AM,False,8278,Accepted,
26144663,0568000,LOUISVILLE METRO POLICE DEPT,Accepted,JEFFERSON,,,ARNOLDTOWN,RD,,,,,,,,38.144746487,-85.822818765,0.337,1/3/2020 12:00:00 AM,1606,2,2,0,0,RAINING,WET,False,SIDESWIPE COLLISION - OPPOSITE DIRECTION,SIDESWIPE-OPPOSITE DIRECTION,STRAIGHT & LEVEL,DAYLIGHT,,,1/6/2020 8:56:27 AM,False,7174,Accepted,
26144524,0568000,LOUISVILLE METRO POLICE DEPT,Accepted,JEFFERSON,,,GRADE,LN,,,,,KNOPP,,CRITTENDEN,38.151062831,-85.734965925,2.590,1/3/2020 12:00:00 AM,1517,2,2,0,0,RAINING,WET,False,SIDESWIPE COLLISION - SAME DIRECTION,SIDESWIPE-SAME DIRECTION,STRAIGHT & LEVEL,DAYLIGHT,,,1/6/2020 8:48:22 AM,False,2324,Accepted,
26144536,0568000,LOUISVILLE METRO POLICE DEPT,Accepted,JEFFERSON,I 0071,,I71 N,,,,,,,,,38.264837489,-85.712888201,0.665,1/3/2020 12:00:00 AM,1810,2,2,0,0,RAINING,WET,True,SIDESWIPE COLLISION - SAME DIRECTION,SIDESWIPE-SAME DIRECTION,STRAIGHT & LEVEL,DARK-HWY LIGHTED/ON,,,1/6/2020 8:48:51 AM,False,7281,Accepted,
26159584,0568000,LOUISVILLE METRO POLICE DEPT,Accepted,JEFFERSON,US0031E,,BARDSTOWN,RD,,,,,HIGHLAND,KY2860,GRINSTEAD,38.240220744,-85.724184972,15.647,1/3/2020 12:00:00 AM,1201,2,2,0,0,CLEAR,DRY,False,SIDESWIPE COLLISION - SAME DIRECTION,SIDESWIPE-SAME DIRECTION,STRAIGHT & LEVEL,DAYLIGHT,,,1/8/2020 3:08:07 PM,False,2228,Accepted,
26144533,0568000,LOUISVILLE METRO POLICE DEPT,Accepted,JEFFERSON,I 0065,,I65 N,,,,,I 0065,I65 N EXIT132 ON RAMP FROM  CRITTENDEN DR,I 0065,I65 N EXIT133A OFF RAMP TO  EASTERN PKWY,38.209432908,-85.752747035,132.711,1/3/2020 12:00:00 AM,0730,2,2,0,0,RAINING,WET,False,OTHER ROADWAY OR MID-BLOCK COLLISION,REAR END,STRAIGHT & LEVEL,DAWN,,,1/6/2020 8:48:43 AM,True,2927,Accepted,
26144525,0568000,LOUISVILLE METRO POLICE DEPT,Accepted,JEFFERSON,KY1065,,OUTER,LOOP,,,,KY0061,PRESTON,,LONE OAK,38.138318171,-85.686856287,6.041,1/3/2020 12:00:00 AM,1718,2,2,0,0,RAINING,WET,False,OTHER ROADWAY OR MID-BLOCK COLLISION,REAR END,STRAIGHT & LEVEL,DUSK,,,1/6/2020 8:48:27 AM,False,2324,Accepted,
26144616,0568000,LOUISVILLE METRO POLICE DEPT,Accepted,JEFFERSON,I 0264,,I264 E,,,,,I 0264,I264 E EXIT22 OFF RAMP TO US42,I 0264,I264 E EXIT22 ON RAMP FROM US42,38.280797371,-85.637195012,22.183,1/3/2020 12:00:00 AM,1636,2,2,0,0,RAINING,WET,False,OTHER ROADWAY OR MID-BLOCK COLLISION,REAR END,STRAIGHT & LEVEL,DAYLIGHT,,,1/6/2020 8:53:48 AM,False,7751,Accepted,
26144617,0568000,LOUISVILLE METRO POLICE DEPT,Accepted,JEFFERSON,I 0071,,I71 S,,,,,,,,,38.296134889,-85.627118894,6.266,1/3/2020 12:00:00 AM,1707,2,2,0,0,RAINING,WET,False,OTHER ROADWAY OR MID-BLOCK COLLISION,REAR END,STRAIGHT & LEVEL,DAYLIGHT,,,1/6/2020 8:53:56 AM,False,7751,Accepted,
26144449,0568000,LOUISVILLE METRO POLICE DEPT,Accepted,JEFFERSON,KY2251,,BARDSTOWN,RD,,,,,,,,38.197462187,-85.657077498,0.855,1/3/2020 12:00:00 AM,1226,3,3,0,0,RAINING,WET,False,OTHER ROADWAY OR MID-BLOCK COLLISION,REAR END,STRAIGHT & LEVEL,DAYLIGHT,,,1/6/2020 8:43:57 AM,False,7864,Accepted,
26144798,0568000,LOUISVILLE METRO POLICE DEPT,Accepted,JEFFERSON,US0031E,,BARDSTOWN,RD,,,,,,,,38.145583740,-85.585140954,5.221,1/3/2020 12:00:00 AM,1741,2,2,0,0,RAINING,WET,False,VEHICLE BACKING NON INTERSECTION,BACKING,STRAIGHT & LEVEL,DARK-HWY NOT LIGHTED,,,1/6/2020 9:06:59 AM,False,7755,Accepted,
26144662,0568000,LOUISVILLE METRO POLICE DEPT,Accepted,JEFFERSON,KY1934,,CANE RUN,RD,,,,,,,,38.178210599,-85.861784750,7.189,1/3/2020 12:00:00 AM,1808,2,2,0,1,RAINING,WET,False,1 VEHICLE ENTERING/LEAVING ENTRANCE,ANGLE,STRAIGHT & LEVEL,DARK-HWY LIGHTED/OFF,,,1/6/2020 8:56:22 AM,False,7174,Accepted,
26144428,0568000,LOUISVILLE METRO POLICE DEPT,Accepted,JEFFERSON,KY1020,6629,SOUTHSIDE,DR,,,,,,,,38.159667603,-85.764717611,6.192,1/3/2020 12:00:00 AM,1251,2,2,0,0,CLOUDY,DRY,False,1 VEHICLE ENTERING/LEAVING ENTRANCE,ANGLE,STRAIGHT & LEVEL,DAYLIGHT,,,1/6/2020 8:41:02 AM,False,7232,Accepted,
26144527,0568000,LOUISVILLE METRO POLICE DEPT,Accepted,JEFFERSON,,1400,JEFFERSON,ST,W,,,,,,,38.255818319,-85.775040042,1.262,1/3/2020 12:00:00 AM,1742,2,2,0,0,RAINING,WET,False,1 VEHICLE ENTERING/LEAVING ENTRANCE,ANGLE,STRAIGHT & LEVEL,DUSK,,,1/6/2020 8:48:31 AM,False,7463,Accepted,
26144514,0568000,LOUISVILLE METRO POLICE DEPT,Accepted,JEFFERSON,US0031E,,BARDSTOWN,RD,,,,,DEERWOOD,,MURRAY,38.229800709,-85.703173637,14.266,1/3/2020 12:00:00 AM,1745,2,2,0,0,RAINING,WET,False,1 VEHICLE ENTERING/LEAVING ENTRANCE,ANGLE,STRAIGHT & LEVEL,DARK-HWY LIGHTED/ON,,,1/6/2020 8:47:35 AM,False,7403,Accepted,
26144557,0568000,LOUISVILLE METRO POLICE DEPT,Accepted,JEFFERSON,I 0264,,I264 W,,,,,,,,,38.189617801,-85.773631218,9.770,1/3/2020 12:00:00 AM,1828,2,2,0,0,RAINING,WET,False,1 VEHICLE ENTERING/LEAVING ENTRANCE,ANGLE,STRAIGHT & LEVEL,DARK-HWY LIGHTED/ON,,,1/6/2020 8:50:04 AM,False,7360,Accepted,
26144495,0568000,LOUISVILLE METRO POLICE DEPT,Accepted,JEFFERSON,KY1747,,HURSTBOURNE,PKWY,,,,,,,,38.167561729,-85.605891713,7.384,1/3/2020 12:00:00 AM,1426,2,2,0,0,RAINING,WET,False,1 VEHICLE ENTERING/LEAVING ENTRANCE,ANGLE,STRAIGHT & LEVEL,DAYLIGHT,,,1/6/2020 8:46:45 AM,False,4693,Accepted,
26144443,0568000,LOUISVILLE METRO POLICE DEPT,Accepted,JEFFERSON,,,NOLTEMEYER WYNDE,,,,,KY1065,OUTER,,BATES,38.138936468,-85.680404516,0.055,1/3/2020 12:00:00 AM,1518,2,2,0,0,RAINING,WET,False,1 VEHICLE ENTERING/LEAVING ENTRANCE,ANGLE,STRAIGHT & LEVEL,DAYLIGHT,,,1/6/2020 8:43:18 AM,False,2547,Accepted,
26144439,0568000,LOUISVILLE METRO POLICE DEPT,Accepted,JEFFERSON,KY1447,,WESTPORT,RD,,,,,CREEKSIDE,KY1747,HURSTBOURNE,38.287648367,-85.572187748,5.247,1/3/2020 12:00:00 AM,1535,2,2,0,0,RAINING,WET,False,OTHER ROADWAY OR MID-BLOCK COLLISION,REAR END,STRAIGHT & LEVEL,DAYLIGHT,,,1/6/2020 8:43:08 AM,False,2030,Accepted,
26144613,0568000,LOUISVILLE METRO POLICE DEPT,Accepted,JEFFERSON,KY1447,,WESTPORT,RD,,,,,FREYS HILL,,ASSEMBLY,38.293456945,-85.559747437,5.994,1/3/2020 12:00:00 AM,1242,2,2,0,0,RAINING,WATER (STANDING OR MOVING),False,OTHER ROADWAY OR MID-BLOCK COLLISION,REAR END,STRAIGHT & LEVEL,DAYLIGHT,,,1/6/2020 8:53:34 AM,False,7751,Accepted,
26144528,0568000,LOUISVILLE METRO POLICE DEPT,Accepted,JEFFERSON,US0060A,,TAYLOR,BLVD,,,,,CLARA,,OLEANDA,38.200486861,-85.782572182,1.783,1/3/2020 12:00:00 AM,0704,2,2,0,0,RAINING,WET,False,OTHER ROADWAY OR MID-BLOCK COLLISION,REAR END,STRAIGHT & LEVEL,DARK-HWY LIGHTED/ON,,,1/6/2020 8:48:35 AM,False,7207,Accepted,
26144538,0568000,LOUISVILLE METRO POLICE DEPT,Accepted,JEFFERSON,US0150,,BROADWAY,,W,,,,18TH,,17TH,38.248947596,-85.781413694,1.106,1/3/2020 12:00:00 AM,1816,2,2,0,2,RAINING,WET,False,OTHER ROADWAY OR MID-BLOCK COLLISION,REAR END,STRAIGHT & LEVEL,DARK-HWY LIGHTED/ON,,,1/6/2020 8:48:55 AM,False,7241,Accepted,
26144619,0568000,LOUISVILLE METRO POLICE DEPT,Accepted,JEFFERSON,,,SHEPHERDSVILLE,RD,,,,,SHEPHERD CROSSING,,SAVANNAH SPRINGS,38.128358183,-85.663291362,0.819,1/3/2020 12:00:00 AM,1730,2,2,0,0,RAINING,WET,False,OTHER ROADWAY OR MID-BLOCK COLLISION,REAR END,STRAIGHT & HILLCREST,DARK-HWY LIGHTED/OFF,,,1/6/2020 8:54:00 AM,False,2583,Accepted,
26144408,0568000,LOUISVILLE METRO POLICE DEPT,Accepted,JEFFERSON,I 0264,,I264 W,,,,,,,,,38.189452123,-85.774765533,9.708,1/3/2020 12:00:00 AM,0637,1,1,0,0,RAINING,WET,False,OTHER ROADWAY OR MID-BLOCK COLLISION,SINGLE VEHICLE,CURVE & GRADE,DARK-HWY LIGHTED/ON,,,1/6/2020 8:38:57 AM,False,2000,Accepted,
26144659,0568000,LOUISVILLE METRO POLICE DEPT,Accepted,JEFFERSON,I 0065,,,,,,,,,,,38.192145901,-85.730464673,1.274,1/3/2020 12:00:00 AM,1505,1,1,0,0,RAINING,WET,False,COLLISION WITH FIXED OBJECT NOT IN GORE ,SINGLE VEHICLE,CURVE & GRADE,DAYLIGHT,I 0065,I 0264,1/6/2020 8:56:02 AM,False,8278,Accepted,
26144569,0568000,LOUISVILLE METRO POLICE DEPT,Accepted,JEFFERSON,I 0064,,,,,,,,,,,38.259739697,-85.766538503,0.278,1/3/2020 12:00:00 AM,1700,1,1,0,4,RAINING,WET,False,COLLISION WITH FIXED OBJECT NOT IN GORE ,SINGLE VEHICLE,CURVE & GRADE,DAYLIGHT,US31W,I 0064,1/6/2020 8:50:27 AM,False,2854,Accepted,
26144515,0568000,LOUISVILLE METRO POLICE DEPT,Accepted,JEFFERSON,I 0264,,,,,,,,,,,38.238074515,-85.815741886,0.205,1/3/2020 12:00:00 AM,1438,2,2,0,0,RAINING,WET,False,OTHER RAMP RELATED COLLISIONS NOT LISTED ABOVE,REAR END,STRAIGHT & GRADE,DAYLIGHT,I 0264,DUMESNIL ST,1/6/2020 8:47:49 AM,False,7328,Accepted,
26144654,0568000,LOUISVILLE METRO POLICE DEPT,Accepted,JEFFERSON,I 0264,,,,,,,,,,,38.189494219,-85.783158840,0.015,1/3/2020 12:00:00 AM,1104,2,2,0,0,RAINING,WET,True,OTHER RAMP RELATED COLLISIONS NOT LISTED ABOVE,SIDESWIPE-SAME DIRECTION,STRAIGHT & GRADE,DAYLIGHT,I 0264,KY1865,1/6/2020 8:55:49 AM,False,8278,Accepted,
26144656,0568000,LOUISVILLE METRO POLICE DEPT,Accepted,JEFFERSON,I 0065,,,,,,,,,,,38.185630038,-85.724335098,0.078,1/3/2020 12:00:00 AM,1349,2,2,0,0,RAINING,WET,False,OTHER RAMP RELATED COLLISIONS NOT LISTED ABOVE,REAR END,STRAIGHT & LEVEL,DAYLIGHT,I 0065,I 0264,1/6/2020 8:55:56 AM,False,8278,Accepted,
26144628,0568000,LOUISVILLE METRO POLICE DEPT,Accepted,JEFFERSON,I 0064,,,,,,,,,,,38.260582686,-85.741277712,0.235,1/3/2020 12:00:00 AM,1420,1,1,0,0,RAINING,WET,False,OTHER RAMP RELATED COLLISIONS NOT LISTED ABOVE,SINGLE VEHICLE,CURVE & LEVEL,DAYLIGHT,I 0064,I 0065,1/6/2020 8:54:41 AM,False,5271,Accepted,
26168771,0568000,LOUISVILLE METRO POLICE DEPT,Accepted,JEFFERSON,I 0264,,,,,,,,,,,38.196223544,-85.707572614,0.238,1/3/2020 12:00:00 AM,1717,2,2,0,0,RAINING,WET,True,OTHER RAMP RELATED COLLISIONS NOT LISTED ABOVE,REAR END,STRAIGHT & LEVEL,DAWN,I 0264,KY0864,1/10/2020 8:22:24 AM,False,7400,Accepted,
26144509,0568000,LOUISVILLE METRO POLICE DEPT,Accepted,JEFFERSON,I 0264,,,,,,,,,,,38.195733267,-85.707551322,0.089,1/3/2020 12:00:00 AM,1700,2,2,0,0,RAINING,WET,False,OTHER RAMP RELATED COLLISIONS NOT LISTED ABOVE,REAR END,STRAIGHT & GRADE,DAYLIGHT,I 0264,KY0864,1/6/2020 8:47:15 AM,False,5130,Accepted,
26144625,0568000,LOUISVILLE METRO POLICE DEPT,Accepted,JEFFERSON,I 0064,,,,,,,,,,,38.260657168,-85.741388136,0.243,1/3/2020 12:00:00 AM,1200,1,1,0,0,RAINING,WET,False,OTHER RAMP RELATED COLLISIONS NOT LISTED ABOVE,SINGLE VEHICLE,CURVE & LEVEL,DAYLIGHT,I 0064,I 0065,1/6/2020 8:54:23 AM,False,5271,Accepted,
26137769,0566900,LOUISVILLE AIRPORT POLICE,Accepted,JEFFERSON,,911,GRADE,LN,,,,,,,,38.158917590,-85.730950267,2.005,1/3/2020 12:00:00 AM,1752,2,2,0,0,RAINING,WET,True,COLLISION IN PARKING LOT,SIDESWIPE-SAME DIRECTION,STRAIGHT & LEVEL,DARK-HWY LIGHTED/ON,,,1/4/2020 8:06:02 AM,False,5831,Accepted,
26144858,0568000,LOUISVILLE METRO POLICE DEPT,Accepted,JEFFERSON,,2901,MADISON,ST,W,,,,,,,38.254631579,-85.799061855,1.453,1/3/2020 12:00:00 AM,2040,2,2,0,0,CLEAR,WET,True,COLLISION IN PARKING LOT,SIDESWIPE-SAME DIRECTION,STRAIGHT & LEVEL,DARK-HWY LIGHTED/ON,,,1/6/2020 9:13:08 AM,False,5047,Accepted,
26159598,0568000,LOUISVILLE METRO POLICE DEPT,Accepted,JEFFERSON,I 0265,,,,,,,,,,,38.296055509,-85.547973023,0.377,1/2/2020 12:00:00 AM,1404,1,1,0,0,RAINING,WET,False,OTHER RAMP RELATED COLLISIONS NOT LISTED ABOVE,SINGLE VEHICLE,CURVE & GRADE,DAYLIGHT,I 0265,KY1447,1/8/2020 3:09:02 PM,False,7944,Accepted,