IncidentID,AgencyORI,AgencyName,IncidentStatusDesc,County,RdwyNumber,Street,RoadwayName,StreetSfx,StreetDir,IntersectionRdwy,IntersectionRdwyName,BetweenStRdwy1,BetweenStRdwyName1,BetweenStRdwy2,BetweenStRdwyName2,Latitude,Longitude,Milepoint,CollisionDate,CollisionTime,UnitsInvolved,MotorVehiclesInvolved,NumberKilled,NumberInjured,Weather,RdwyConditionCode,HitandRun,DirAnalysisCode,MannerofCollision,RdwyCharacter,LightCondition,RampFromRdwyId,RampToRdwyId,AcceptedDate,IsSecondaryCollision,OwnerBadge,IncidentStatus,
26198433,0568000,LOUISVILLE METRO POLICE DEPT,Accepted,JEFFERSON,I 0065,,,,,,,,,,,38.227450579,-85.752091146,0.070,1/2/2020 12:00:00 AM,2208,2,2,0,0,RAINING,WET,False,OTHER RAMP RELATED COLLISIONS NOT LISTED ABOVE,ANGLE,CURVE & GRADE,DARK-HWY LIGHTED/OFF,MAGNOLIA AVE,I 0065,1/16/2020 8:21:35 AM,False,7450,Accepted,
26127540,0568000,LOUISVILLE METRO POLICE DEPT,Accepted,JEFFERSON,I 0065,,,,,,,,,,,38.133797983,-85.705452739,0.427,1/2/2020 12:00:00 AM,0805,1,1,0,0,CLOUDY,DRY,False,COLLISION WITH FIXED OBJECT NOT IN GORE ,SINGLE VEHICLE,CURVE & LEVEL,DAYLIGHT,KY1065,I 0065,1/2/2020 9:24:25 AM,False,2017,Accepted,
26283834,0568000,LOUISVILLE METRO POLICE DEPT,Accepted,JEFFERSON,,1800BLK,DOUGLASS,BLVD,,,,,,,,38.222014625,-85.699041696,0.238,1/2/2020 12:00:00 AM,2159,2,2,0,0,RAINING,WET,False,OTHER ROADWAY OR MID-BLOCK COLLISION,REAR END,STRAIGHT & LEVEL,DARK-HWY LIGHTED/ON,,,2/3/2020 8:43:18 AM,False,7180,Accepted,
26133251,0568000,LOUISVILLE METRO POLICE DEPT,Accepted,JEFFERSON,KY0022,,BROWNSBORO,RD,,,,,SIMCOE,I 0265,I265 S EXIT34 ON RAMP FROM KY22 E,38.308318906,-85.573560768,4.014,1/2/2020 12:00:00 AM,1240,3,3,0,2,CLOUDY,DRY,False,OTHER ROADWAY OR MID-BLOCK COLLISION,REAR END,STRAIGHT & LEVEL,DAYLIGHT,,,1/3/2020 8:55:05 AM,False,2969,Accepted,
26133383,0568000,LOUISVILLE METRO POLICE DEPT,Accepted,JEFFERSON,,,ASHBY,LN,,,,,,,,38.107323269,-85.881044998,0.694,1/2/2020 12:00:00 AM,1820,1,1,0,0,CLEAR,WET,False,OTHER ROADWAY OR MID-BLOCK COLLISION,SINGLE VEHICLE,CURVE & LEVEL,DARK-HWY NOT LIGHTED,,,1/3/2020 9:16:21 AM,False,7496,Accepted,
26133342,0568000,LOUISVILLE METRO POLICE DEPT,Accepted,JEFFERSON,KY1747,,HURSTBOURNE,PKWY,S,,,,,,,38.169232785,-85.605091209,7.502,1/2/2020 12:00:00 AM,1726,2,2,0,0,RAINING,WET,False,OTHER ROADWAY OR MID-BLOCK COLLISION,REAR END,STRAIGHT & LEVEL,DARK (UNKNOWN ROADWAY LIGHTING),,,1/3/2020 9:12:48 AM,False,5040,Accepted,
26153901,0568000,LOUISVILLE METRO POLICE DEPT,Accepted,JEFFERSON,,,WATTERSON,TRL,S,,,KY0864,FEGENBUSH,,GLASER,38.139284905,-85.614991045,3.177,1/2/2020 12:00:00 AM,1850,2,2,0,0,RAINING,WET,False,1 VEHICLE ENTERING/LEAVING ENTRANCE,ANGLE,STRAIGHT & LEVEL,DARK (UNKNOWN ROADWAY LIGHTING),,,1/7/2020 3:54:13 PM,False,7465,Accepted,
26133738,0568000,LOUISVILLE METRO POLICE DEPT,Accepted,JEFFERSON,KY1865,,NEW CUT,RD,,,,,,,,38.149520140,-85.776119742,2.919,1/2/2020 12:00:00 AM,1643,2,2,0,4,RAINING,WET,False,1 VEHICLE ENTERING/LEAVING ENTRANCE,ANGLE,STRAIGHT & LEVEL,DAYLIGHT,,,1/3/2020 10:00:45 AM,False,7331,Accepted,
26133452,0568000,LOUISVILLE METRO POLICE DEPT,Accepted,JEFFERSON,KY1020,,NATIONAL,TPKE,,,,,,,,38.139070762,-85.753703410,4.525,1/2/2020 12:00:00 AM,2035,2,2,0,0,RAINING,WET,False,1 VEHICLE ENTERING/LEAVING ENTRANCE,ANGLE,STRAIGHT & LEVEL,DARK-HWY LIGHTED/ON,,,1/3/2020 9:23:26 AM,False,5136,Accepted,
26144653,0568000,LOUISVILLE METRO POLICE DEPT,Accepted,JEFFERSON,I 0065,,I65 N,,,,,,,,,38.186370022,-85.725668836,130.399,1/2/2020 12:00:00 AM,1505,2,2,0,0,RAINING,WET,False,1 VEHICLE ENTERING/LEAVING ENTRANCE,ANGLE,STRAIGHT & GRADE,DAYLIGHT,,,1/6/2020 8:55:41 AM,False,8278,Accepted,
26147176,0568000,LOUISVILLE METRO POLICE DEPT,Accepted,JEFFERSON,KY1934,,GREENBELT,HWY,,,,,,,,38.132309184,-85.889626161,3.415,1/2/2020 12:00:00 AM,1519,2,2,0,1,CLOUDY,WET,False,1 VEHICLE ENTERING/LEAVING ENTRANCE,ANGLE,STRAIGHT & LEVEL,DARK-HWY LIGHTED/OFF,,,1/6/2020 2:55:12 PM,False,5250,Accepted,
26133392,0568000,LOUISVILLE METRO POLICE DEPT,Accepted,JEFFERSON,KY1934,4326,CANE RUN,RD,,,,,,,,38.199201717,-85.837423923,9.191,1/2/2020 12:00:00 AM,1749,2,2,0,1,RAINING,WET,False,1 VEHICLE ENTERING/LEAVING ENTRANCE,ANGLE,STRAIGHT & LEVEL,DARK-HWY LIGHTED/ON,,,1/3/2020 9:16:30 AM,False,7346,Accepted,
26133300,0568000,LOUISVILLE METRO POLICE DEPT,Accepted,JEFFERSON,US0060A,601,WINKLER,AVE,,,,,,,,38.210660034,-85.768002972,2.872,1/2/2020 12:00:00 AM,1620,2,2,0,2,RAINING,WET,False,1 VEHICLE ENTERING/LEAVING ENTRANCE,ANGLE,STRAIGHT & LEVEL,DAYLIGHT,,,1/3/2020 9:07:31 AM,False,5258,Accepted,
26133278,0568000,LOUISVILLE METRO POLICE DEPT,Accepted,JEFFERSON,,5104,BONNYVILLE,BLVD,,,,,,,,38.166513298,-85.827871676,0.080,1/2/2020 12:00:00 AM,1552,2,2,0,0,RAINING,WET,False,VEHICLE BACKING NON INTERSECTION,BACKING,STRAIGHT & LEVEL,DAYLIGHT,,,1/3/2020 8:59:50 AM,False,5279,Accepted,
26159600,0568000,LOUISVILLE METRO POLICE DEPT,Accepted,JEFFERSON,I 0265,,I265 S,,,,,,,,,38.274077546,-85.500772197,28.997,1/2/2020 12:00:00 AM,1741,2,2,0,0,RAINING,WET,False,SIDESWIPE COLLISION - SAME DIRECTION,SIDESWIPE-SAME DIRECTION,STRAIGHT & LEVEL,DARK-HWY LIGHTED/ON,,,1/8/2020 3:09:12 PM,False,7944,Accepted,
26133345,0568000,LOUISVILLE METRO POLICE DEPT,Accepted,JEFFERSON,KY1020,8701,NATIONAL,TPKE,,,,,,,,38.123122937,-85.748324877,3.417,1/2/2020 12:00:00 AM,0933,2,2,0,0,CLOUDY,DRY,False,SIDESWIPE COLLISION - SAME DIRECTION,SIDESWIPE-SAME DIRECTION,STRAIGHT & LEVEL,DAYLIGHT,,,1/3/2020 9:13:18 AM,False,7221,Accepted,
26157064,0568000,LOUISVILLE METRO POLICE DEPT,Accepted,JEFFERSON,KY1934,,CANE RUN,RD,,,,,ROCKAWAY,KY2051,LEES,38.182788315,-85.856474946,7.626,1/2/2020 12:00:00 AM,1448,2,2,0,0,RAINING,WET,True,SIDESWIPE COLLISION - SAME DIRECTION,SIDESWIPE-SAME DIRECTION,STRAIGHT & LEVEL,DAYLIGHT,,,1/8/2020 8:18:28 AM,False,7073,Accepted,
26133424,0568000,LOUISVILLE METRO POLICE DEPT,Accepted,JEFFERSON,US0031E,,BARDSTOWN,RD,,,,,BUECHEL,,FEGENBUSH,38.187757697,-85.639069500,9.498,1/2/2020 12:00:00 AM,2021,2,2,0,0,RAINING,WET,False,SIDESWIPE COLLISION - SAME DIRECTION,SIDESWIPE-SAME DIRECTION,STRAIGHT & LEVEL,DARK-HWY NOT LIGHTED,,,1/3/2020 9:18:45 AM,False,2234,Accepted,
26133448,0568000,LOUISVILLE METRO POLICE DEPT,Accepted,JEFFERSON,I 0065,,I65 S,,,,,,,,,38.200075016,-85.734662542,131.480,1/2/2020 12:00:00 AM,2316,2,2,0,1,RAINING,WET,True,SIDESWIPE COLLISION - SAME DIRECTION,SIDESWIPE-SAME DIRECTION,CURVE & LEVEL,DARK-HWY LIGHTED/ON,,,1/3/2020 9:23:02 AM,False,5252,Accepted,
26133778,0568000,LOUISVILLE METRO POLICE DEPT,Accepted,JEFFERSON,I 0065,,I65 N,,,,,,,,,38.232303168,-85.750953457,134.307,1/2/2020 12:00:00 AM,1056,2,2,0,0,CLEAR,DRY,True,SIDESWIPE COLLISION - SAME DIRECTION,SIDESWIPE-SAME DIRECTION,STRAIGHT & LEVEL,DAYLIGHT,,,1/3/2020 10:13:16 AM,False,5213,Accepted,
26133723,0568000,LOUISVILLE METRO POLICE DEPT,Accepted,JEFFERSON,,3707,KLONDIKE,LN,,,,,,,,38.199821609,-85.643905363,0.054,1/2/2020 12:00:00 AM,1027,2,2,0,0,CLOUDY,WET,False,SIDESWIPE COLLISION - SAME DIRECTION,SIDESWIPE-SAME DIRECTION,STRAIGHT & LEVEL,DAYLIGHT,,,1/3/2020 9:58:56 AM,False,7497,Accepted,
26133268,0568000,LOUISVILLE METRO POLICE DEPT,Accepted,JEFFERSON,KY1065,4801,OUTER,LOOP,,,,,,,,38.140419856,-85.672067839,6.734,1/2/2020 12:00:00 AM,1514,2,2,0,0,RAINING,WET,False,SIDESWIPE COLLISION - SAME DIRECTION,SIDESWIPE-SAME DIRECTION,CURVE & LEVEL,DAYLIGHT,,,1/3/2020 8:58:12 AM,False,7962,Accepted,
26144402,0568000,LOUISVILLE METRO POLICE DEPT,Accepted,JEFFERSON,I 0264,,I264 E,,,,,I 0264,I264 E EXIT10 ON RAMP FROM KY1020,I 0264,I264 E EXIT11 OFF RAMP,38.190130945,-85.754720393,10.705,1/2/2020 12:00:00 AM,1413,1,1,0,1,RAINING,WET,False,OTHER COLLISIONS ON SHOULDER,SINGLE VEHICLE,STRAIGHT & LEVEL,DAYLIGHT,,,1/6/2020 8:37:51 AM,False,2308,Accepted,
27631060,0568000,LOUISVILLE METRO POLICE DEPT,Accepted,JEFFERSON,KY0841,,GENE SNYDER,FWY,,,,,,,,38.115524842,-85.708305520,9.875,1/2/2020 12:00:00 AM,0327,2,2,0,4,RAINING,WET,False,REAR END IN TRAFFIC LANES BOTH VEHICLES MOVING,REAR END,CURVE & GRADE,DARK-HWY LIGHTED/ON,,,1/4/2021 9:53:59 AM,False,5184,Accepted,
26299463,0568000,LOUISVILLE METRO POLICE DEPT,Accepted,JEFFERSON,US0031E,,BARDSTOWN,RD,,,,,MARYLAND,,DEER PARK,38.229092181,-85.702063598,14.191,1/2/2020 12:00:00 AM,2009,2,2,0,0,RAINING,WET,True,REAR END IN TRAFFIC LANES BOTH VEHICLES MOVING,REAR END,STRAIGHT & LEVEL,DARK-HWY LIGHTED/ON,,,2/4/2020 8:07:23 AM,False,7180,Accepted,
26133240,0568000,LOUISVILLE METRO POLICE DEPT,Accepted,JEFFERSON,KY1865,,TAYLOR,BLVD,,,,,WOODLAWN,,LEHIGH,38.181273659,-85.783498589,5.151,1/2/2020 12:00:00 AM,0951,2,2,0,0,CLOUDY,DRY,False,REAR END IN TRAFFIC LANES BOTH VEHICLES MOVING,REAR END,STRAIGHT & LEVEL,DAYLIGHT,,,1/3/2020 8:52:04 AM,False,7978,Accepted,
26133335,0568000,LOUISVILLE METRO POLICE DEPT,Accepted,JEFFERSON,,623,OAK,ST,E,,,,,,,38.233893260,-85.743997752,0.626,1/2/2020 12:00:00 AM,1234,2,2,0,0,RAINING,WET,False,REAR END IN TRAFFIC LANES BOTH VEHICLES MOVING,REAR END,STRAIGHT & LEVEL,DAYLIGHT,,,1/3/2020 9:11:08 AM,False,7407,Accepted,
26133336,0568000,LOUISVILLE METRO POLICE DEPT,Accepted,JEFFERSON,KY1932,3085,BRECKENRIDGE,LN,,,,,,,,38.214944127,-85.627344389,2.455,1/2/2020 12:00:00 AM,1643,2,2,0,0,RAINING,WET,False,REAR END IN TRAFFIC LANES BOTH VEHICLES MOVING,REAR END,STRAIGHT & LEVEL,DAYLIGHT,,,1/3/2020 9:11:44 AM,False,7448,Accepted,
26133329,0568000,LOUISVILLE METRO POLICE DEPT,Accepted,JEFFERSON,,,FETTER,AVE,,,,KY0061,SHELBY,,ALEXANDER,38.216413991,-85.742034052,0.123,1/2/2020 12:00:00 AM,1606,2,2,0,0,,,True,1 VEHICLE PARKED POSITION (NOT PARKING LOT/DRIVEWAY),SIDESWIPE-SAME DIRECTION,STRAIGHT & LEVEL,,,,1/3/2020 9:09:58 AM,False,7418,Accepted,
26133443,0568000,LOUISVILLE METRO POLICE DEPT,Accepted,JEFFERSON,,10400,GOING,CT,,,,,,,,38.309184568,-85.557528499,0.180,1/2/2020 12:00:00 AM,2130,3,3,0,0,RAINING,WET,False,1 VEHICLE PARKED POSITION (NOT PARKING LOT/DRIVEWAY),SIDESWIPE-SAME DIRECTION,STRAIGHT & LEVEL,DARK-HWY LIGHTED/ON,,,1/3/2020 9:21:51 AM,False,7660,Accepted,
26133339,0568000,LOUISVILLE METRO POLICE DEPT,Accepted,JEFFERSON,,,7TH,ST,S,,,,OLDHAM,,OAK,38.236580315,-85.764889484,1.335,1/2/2020 12:00:00 AM,1244,2,2,0,0,RAINING,WET,False,1 VEHICLE PARKED POSITION (NOT PARKING LOT/DRIVEWAY),BACKING,STRAIGHT & LEVEL,DAYLIGHT,,,1/3/2020 9:12:27 AM,False,7441,Accepted,
26179757,0568000,LOUISVILLE METRO POLICE DEPT,Accepted,JEFFERSON,KY1747,,HURSTBOURNE,PKWY,S,,,,,,,38.168835248,-85.605102152,7.496,1/2/2020 12:00:00 AM,1444,2,2,0,0,RAINING,WET,False,REAR END IN TRAFFIC LANES BOTH VEHICLES MOVING,REAR END,STRAIGHT & LEVEL,DAYLIGHT,,,1/13/2020 8:36:55 AM,False,6494,Accepted,
26151136,0568000,LOUISVILLE METRO POLICE DEPT,Accepted,JEFFERSON,US0031E,1064,BARDSTOWN,RD,,,,,,,,38.237556516,-85.719430208,15.320,1/2/2020 12:00:00 AM,1848,2,2,0,0,CLEAR,DRY,False,1 VEHICLE PARKED POSITION (NOT PARKING LOT/DRIVEWAY),BACKING,STRAIGHT & LEVEL,OTHER,,,1/7/2020 8:27:25 AM,False,5006,Accepted,
26133438,0568000,LOUISVILLE METRO POLICE DEPT,Accepted,JEFFERSON,KY0061,7303,PRESTON,HWY,,,,,,,,38.145051797,-85.690442056,4.414,1/2/2020 12:00:00 AM,2100,2,2,0,0,RAINING,WET,False,1 VEHICLE PARKED POSITION (NOT PARKING LOT/DRIVEWAY),ANGLE,STRAIGHT & LEVEL,DARK (UNKNOWN ROADWAY LIGHTING),,,1/3/2020 9:19:09 AM,False,5248,Accepted,
26133280,0568000,LOUISVILLE METRO POLICE DEPT,Accepted,JEFFERSON,,4821,FIELDING,WAY,,,,,,,,38.172421380,-85.827126946,0.324,1/2/2020 12:00:00 AM,1637,2,2,0,0,RAINING,WET,False,1 VEHICLE PARKED POSITION (NOT PARKING LOT/DRIVEWAY),BACKING,STRAIGHT & LEVEL,DAYLIGHT,,,1/3/2020 9:01:10 AM,False,5279,Accepted,
26127439,0568000,LOUISVILLE METRO POLICE DEPT,Accepted,JEFFERSON,I 0265,,I265 E,,,,,,,,,38.112525824,-85.668245247,12.137,1/2/2020 12:00:00 AM,0122,1,1,0,1,CLEAR,DRY,False,COLLISION WITH FIXED OBJECT NON - INTERSECTION - FIRST EVENT COLLISION 09 - 32 EXCLUDING 16,SINGLE VEHICLE,STRAIGHT & LEVEL,DARK-HWY NOT LIGHTED,,,1/2/2020 8:57:04 AM,False,7829,Accepted,
26133344,0568000,LOUISVILLE METRO POLICE DEPT,Accepted,JEFFERSON,,,BRENTLINGER,LN,,,,,,,,38.137112949,-85.547999835,1.861,1/2/2020 12:00:00 AM,1810,1,1,0,0,RAINING,WET,False,COLLISION WITH FIXED OBJECT NON - INTERSECTION - FIRST EVENT COLLISION 09 - 32 EXCLUDING 16,SINGLE VEHICLE,CURVE & GRADE,DARK-HWY NOT LIGHTED,,,1/3/2020 9:13:08 AM,False,5040,Accepted,
26144413,0568000,LOUISVILLE METRO POLICE DEPT,Accepted,JEFFERSON,I 0065,,I65 N,,,,,,,,,38.210088301,-85.752937688,132.758,1/2/2020 12:00:00 AM,2257,1,1,0,3,RAINING,WET,False,COLLISION WITH FIXED OBJECT NON - INTERSECTION - FIRST EVENT COLLISION 09 - 32 EXCLUDING 16,SINGLE VEHICLE,CURVE & LEVEL,DARK-HWY LIGHTED/ON,,,1/6/2020 8:39:17 AM,False,7040,Accepted,
26144392,0568000,LOUISVILLE METRO POLICE DEPT,Accepted,JEFFERSON,US0031E,,BARDSTOWN,RD,,,HUDSON,,,,,38.164936015,-85.598993572,6.801,1/2/2020 12:00:00 AM,1428,2,2,0,0,RAINING,WET,False,OTHER INTERSECTION COLLISIONS,REAR END,STRAIGHT & LEVEL,DAYLIGHT,,,1/6/2020 8:36:18 AM,False,2017,Accepted,
26133439,0568000,LOUISVILLE METRO POLICE DEPT,Accepted,JEFFERSON,US0031W,,DIXIE,HWY,,KY1849,MOORMAN,,,,,38.085467737,-85.879945220,6.936,1/2/2020 12:00:00 AM,1953,2,2,0,1,RAINING,WET,False,OTHER INTERSECTION COLLISIONS,REAR END,STRAIGHT & LEVEL,DARK-HWY LIGHTED/ON,,,1/3/2020 9:19:37 AM,False,5103,Accepted,
26133353,0568000,LOUISVILLE METRO POLICE DEPT,Accepted,JEFFERSON,,,7TH,ST,S,,MAGNOLIA,,,,,38.229640383,-85.767551052,0.871,1/2/2020 12:00:00 AM,1819,3,3,0,0,RAINING,WET,False,OTHER INTERSECTION COLLISIONS,REAR END,STRAIGHT & LEVEL,DUSK,,,1/3/2020 9:15:13 AM,False,7433,Accepted,
26133346,0568000,LOUISVILLE METRO POLICE DEPT,Accepted,JEFFERSON,KY1447,,WESTPORT,RD,,,CHAMBERLAIN,,,,,38.299407728,-85.541611514,7.049,1/2/2020 12:00:00 AM,1805,2,2,0,0,RAINING,WET,False,OTHER INTERSECTION COLLISIONS,REAR TO REAR,STRAIGHT & LEVEL,DARK-HWY LIGHTED/ON,,,1/3/2020 9:13:35 AM,False,6406,Accepted,
26186270,0568000,LOUISVILLE METRO POLICE DEPT,Accepted,JEFFERSON,KY0155,,TAYLORSVILLE,RD,,,VALLETTA,,,,,38.223456155,-85.675698931,16.044,1/2/2020 12:00:00 AM,1349,2,2,0,1,RAINING,WET,False,OTHER INTERSECTION COLLISIONS,REAR END,STRAIGHT & LEVEL,DAYLIGHT,,,1/14/2020 8:11:19 AM,False,7833,Accepted,
26133398,0568000,LOUISVILLE METRO POLICE DEPT,Accepted,JEFFERSON,KY1865,,TAYLOR,BLVD,,,HATHAWAY,,,,,38.195284459,-85.783031914,6.123,1/2/2020 12:00:00 AM,1602,2,2,0,0,RAINING,WET,False,OTHER INTERSECTION COLLISIONS,REAR END,STRAIGHT & LEVEL,DAYLIGHT,,,1/3/2020 9:16:38 AM,False,7422,Accepted,
26133442,0568000,LOUISVILLE METRO POLICE DEPT,Accepted,JEFFERSON,KY2054,,ALGONQUIN,PKWY,,,LINDBERGH,,,,,38.215928649,-85.774342230,2.846,1/2/2020 12:00:00 AM,2207,1,1,0,3,RAINING,WET,False,OTHER INTERSECTION COLLISIONS,SINGLE VEHICLE,STRAIGHT & LEVEL,DARK-HWY LIGHTED/ON,,,1/3/2020 9:20:26 AM,False,5175,Accepted,
26133333,0568000,LOUISVILLE METRO POLICE DEPT,Accepted,JEFFERSON,KY1934,,CANE RUN,RD,,KY2049,CRUMS,,,,,38.199277345,-85.837312675,9.185,1/2/2020 12:00:00 AM,1749,2,2,0,0,RAINING,WET,False,OTHER INTERSECTION COLLISIONS,REAR END,CURVE & LEVEL,DARK (UNKNOWN ROADWAY LIGHTING),,,1/3/2020 9:10:43 AM,False,5032,Accepted,
26133434,0568000,LOUISVILLE METRO POLICE DEPT,Accepted,JEFFERSON,KY0022,,BROWNSBORO,RD,,,SUMMIT PLAZA,,,,,38.306958641,-85.575391249,3.876,1/2/2020 12:00:00 AM,2124,2,2,0,0,RAINING,WET,False,OTHER INTERSECTION COLLISIONS,REAR END,STRAIGHT & LEVEL,DARK-HWY NOT LIGHTED,,,1/3/2020 9:18:58 AM,False,5128,Accepted,
26133349,0568000,LOUISVILLE METRO POLICE DEPT,Accepted,JEFFERSON,KY1865,,TAYLOR,BLVD,,,ASHLAND,,,,,38.186167334,-85.783840029,5.545,1/2/2020 12:00:00 AM,1835,2,2,0,0,CLOUDY,WET,False,OTHER INTERSECTION COLLISIONS,REAR END,STRAIGHT & LEVEL,DUSK,,,1/3/2020 9:14:36 AM,False,5260,Accepted,
26133408,0568000,LOUISVILLE METRO POLICE DEPT,Accepted,JEFFERSON,KY1865,,TAYLOR,BLVD,,,CAMDEN,,,,,38.192520559,-85.783256086,5.932,1/2/2020 12:00:00 AM,1731,2,2,0,0,RAINING,WET,False,OTHER INTERSECTION COLLISIONS,REAR END,STRAIGHT & LEVEL,DARK-HWY LIGHTED/ON,,,1/3/2020 9:16:55 AM,False,7422,Accepted,
26133332,0568000,LOUISVILLE METRO POLICE DEPT,Accepted,JEFFERSON,KY0061,,PRESTON,HWY,,,GRADE,,,,,38.180139223,-85.718539716,7.359,1/2/2020 12:00:00 AM,1449,2,2,0,0,RAINING,WET,False,OTHER INTERSECTION COLLISIONS,REAR END,STRAIGHT & LEVEL,DAYLIGHT,,,1/3/2020 9:10:18 AM,False,5027,Accepted,
26133259,0568000,LOUISVILLE METRO POLICE DEPT,Accepted,JEFFERSON,KY1865,,NEW CUT,RD,,KY1142,PALATKA,,,,,38.151253225,-85.776476104,3.044,1/2/2020 12:00:00 AM,1203,2,2,0,0,RAINING,WET,False,OTHER INTERSECTION COLLISIONS,REAR END,STRAIGHT & LEVEL,DAYLIGHT,,,1/3/2020 8:56:58 AM,False,5276,Accepted,
26133444,0568000,LOUISVILLE METRO POLICE DEPT,Accepted,JEFFERSON,US0031W,,DIXIE,HWY,,,ORELL,,,,,38.082334443,-85.881584422,6.711,1/2/2020 12:00:00 AM,1845,2,2,0,0,RAINING,WET,False,SIDESWIPE-SAME DIRECTION,SIDESWIPE-SAME DIRECTION,STRAIGHT & LEVEL,DUSK,,,1/3/2020 9:22:24 AM,False,2021,Accepted,
26133746,0568000,LOUISVILLE METRO POLICE DEPT,Accepted,JEFFERSON,US0060A,,LEXINGTON,RD,,US0060,SHELBYVILLE,,,,,38.252901685,-85.657421757,10.495,1/2/2020 12:00:00 AM,1608,2,2,0,0,RAINING,WET,False,SIDESWIPE-SAME DIRECTION,SIDESWIPE-SAME DIRECTION,CURVE & LEVEL,DAYLIGHT,,,1/3/2020 10:02:59 AM,False,7833,Accepted,
26151043,0568000,LOUISVILLE METRO POLICE DEPT,Accepted,JEFFERSON,,,9TH,ST,N,US0031W,MAIN,,,,,38.257540976,-85.764807201,0.001,1/2/2020 12:00:00 AM,1856,2,2,0,0,CLEAR,DRY,False,SIDESWIPE-SAME DIRECTION,SIDESWIPE-SAME DIRECTION,STRAIGHT & LEVEL,DARK-HWY LIGHTED/ON,,,1/7/2020 8:19:07 AM,False,5168,Accepted,
26179646,0568000,LOUISVILLE METRO POLICE DEPT,Accepted,JEFFERSON,I 0065,,I65 N,,,I 0064,I64 N EXIT137 OFF RAMP,,,,,38.256195468,-85.741895495,136.284,1/2/2020 12:00:00 AM,1725,2,2,0,0,CLEAR,DRY,False,SIDESWIPE-SAME DIRECTION,SIDESWIPE-SAME DIRECTION,STRAIGHT & LEVEL,DUSK,,,1/13/2020 8:28:25 AM,False,5173,Accepted,
26133365,0568000,LOUISVILLE METRO POLICE DEPT,Accepted,JEFFERSON,US0031E,,BARDSTOWN,RD,,,CEDAR SPRINGS,,,,,38.145201910,-85.584983710,5.192,1/2/2020 12:00:00 AM,1517,2,2,0,0,RAINING,WET,False,SIDESWIPE-SAME DIRECTION,SIDESWIPE-SAME DIRECTION,STRAIGHT & LEVEL,DAYLIGHT,,,1/3/2020 9:16:10 AM,False,7465,Accepted,
26133743,0568000,LOUISVILLE METRO POLICE DEPT,Accepted,JEFFERSON,US0060A,,LEXINGTON,RD,,KY2048,CANNONS,,,,,38.249542508,-85.667390507,9.944,1/2/2020 12:00:00 AM,1242,2,2,0,0,CLOUDY,WET,False,SIDESWIPE-SAME DIRECTION,SIDESWIPE-SAME DIRECTION,STRAIGHT & LEVEL,DAYLIGHT,,,1/3/2020 10:01:35 AM,False,7833,Accepted,
26144405,0568000,LOUISVILLE METRO POLICE DEPT,Accepted,JEFFERSON,KY1065,,OUTER,LOOP,,,ROBBS,,,,,38.138005470,-85.665244606,7.231,1/2/2020 12:00:00 AM,1418,2,2,0,1,RAINING,WET,False,OPPOSING LEFT TURN,OPPOSING LEFT TURN,STRAIGHT & LEVEL,DAYLIGHT,,,1/6/2020 8:38:44 AM,False,4693,Accepted,
26179794,0568000,LOUISVILLE METRO POLICE DEPT,Accepted,JEFFERSON,US0060A,,EASTERN,PKWY,,KY0061,SHELBY,,,,,38.214877975,-85.742588902,4.578,1/2/2020 12:00:00 AM,1810,2,2,0,0,RAINING,WET,False,OPPOSING LEFT TURN,OPPOSING LEFT TURN,STRAIGHT & LEVEL,DARK (UNKNOWN ROADWAY LIGHTING),,,1/13/2020 8:40:11 AM,False,5050,Accepted,
27631034,0568000,LOUISVILLE METRO POLICE DEPT,Accepted,JEFFERSON,,,MARKET,ST,W,,30TH,,,,,38.260276886,-85.800900179,0.790,1/2/2020 12:00:00 AM,0625,2,2,0,0,CLEAR,DRY,True,ANGLE COLLISION - OTHER,ANGLE,STRAIGHT & LEVEL,DARK-HWY LIGHTED/ON,,,1/4/2021 9:52:40 AM,False,7173,Accepted,
26136958,0560300,ST. MATTHEWS POLICE DEPARTMENT,Accepted,JEFFERSON,,,WILLIS,AVE,,,WILTSHIRE,,,,,38.250982644,-85.655148256,0.594,1/2/2020 12:00:00 AM,2148,2,2,0,0,RAINING,WET,False,ANGLE COLLISION - OTHER,ANGLE,STRAIGHT & LEVEL,DARK-HWY LIGHTED/ON,,,1/4/2020 12:42:52 AM,False,9158,Accepted,
26133465,0568000,LOUISVILLE METRO POLICE DEPT,Accepted,JEFFERSON,KY1934,,CANE RUN,RD,,,RICHMONT,,,,,38.197204053,-85.840152736,8.974,1/2/2020 12:00:00 AM,2239,2,2,0,2,RAINING,WET,False,ANGLE COLLISION - OTHER,ANGLE,STRAIGHT & LEVEL,DARK-HWY LIGHTED/ON,,,1/3/2020 9:25:56 AM,False,5220,Accepted,
26133348,0568000,LOUISVILLE METRO POLICE DEPT,Accepted,JEFFERSON,,,3RD,ST,S,,KENWOOD,,,,,38.178757930,-85.766812096,1.505,1/2/2020 12:00:00 AM,1228,2,2,0,0,CLOUDY,WET,False,ANGLE COLLISION - OTHER,ANGLE,STRAIGHT & LEVEL,DAYLIGHT,,,1/3/2020 9:14:08 AM,False,5260,Accepted,
26133283,0568000,LOUISVILLE METRO POLICE DEPT,Accepted,JEFFERSON,US0150,,BROADWAY,,W,,15TH,,,,,38.248205741,-85.776557262,1.374,1/2/2020 12:00:00 AM,1250,2,2,0,2,CLOUDY,WET,False,ANGLE COLLISION - OTHER,ANGLE,STRAIGHT & LEVEL,DAYLIGHT,,,1/3/2020 9:02:06 AM,False,5275,Accepted,