IncidentID,AgencyORI,AgencyName,IncidentStatusDesc,County,RdwyNumber,Street,RoadwayName,StreetSfx,StreetDir,IntersectionRdwy,IntersectionRdwyName,BetweenStRdwy1,BetweenStRdwyName1,BetweenStRdwy2,BetweenStRdwyName2,Latitude,Longitude,Milepoint,CollisionDate,CollisionTime,UnitsInvolved,MotorVehiclesInvolved,NumberKilled,NumberInjured,Weather,RdwyConditionCode,HitandRun,DirAnalysisCode,MannerofCollision,RdwyCharacter,LightCondition,RampFromRdwyId,RampToRdwyId,AcceptedDate,IsSecondaryCollision,OwnerBadge,IncidentStatus,
26133264,0568000,LOUISVILLE METRO POLICE DEPT,Accepted,JEFFERSON,US0060A,,EASTERN,PKWY,,KY1703,BAXTER,,,,,38.228944087,-85.715290710,6.442,1/2/2020 12:00:00 AM,1402,2,2,0,0,RAINING,WET,False,ANGLE COLLISION - OTHER,ANGLE,STRAIGHT & LEVEL,DAYLIGHT,,,1/3/2020 8:58:02 AM,False,5243,Accepted,
26144403,0568000,LOUISVILLE METRO POLICE DEPT,Accepted,JEFFERSON,KY1747,,FERN VALLEY,RD,,KY1747,KY1747 CROSSOVER,,,,,38.156066709,-85.650003619,4.509,1/2/2020 12:00:00 AM,1256,2,2,0,0,CLOUDY,WET,False,ANGLE COLLISION - OTHER,ANGLE,STRAIGHT & HILLCREST,DAYLIGHT,,,1/6/2020 8:38:01 AM,False,4693,Accepted,
26144860,0568000,LOUISVILLE METRO POLICE DEPT,Accepted,JEFFERSON,,,BISHOP,LN,,,GARDINER,,,,,38.197866720,-85.686312290,1.263,1/2/2020 12:00:00 AM,1606,2,2,0,0,RAINING,WET,False,ANGLE COLLISION - OTHER,ANGLE,STRAIGHT & LEVEL,DAYLIGHT,,,1/6/2020 9:13:25 AM,False,7722,Accepted,
26179680,0568000,LOUISVILLE METRO POLICE DEPT,Accepted,JEFFERSON,,,2ND,ST,S,,AMHERST,,,,,38.174563504,-85.765798890,0.419,1/2/2020 12:00:00 AM,1250,2,2,0,0,CLEAR,WET,False,ANGLE COLLISION - OTHER,ANGLE,STRAIGHT & LEVEL,DAYLIGHT,,,1/13/2020 8:31:40 AM,False,5127,Accepted,
26133779,0568000,LOUISVILLE METRO POLICE DEPT,Accepted,JEFFERSON,,,HILLCREST,AVE,,US0042,BROWNSBORO,,,,,38.260601075,-85.685733387,0.425,1/2/2020 12:00:00 AM,1558,2,2,0,1,RAINING,WET,False,ANGLE COLLISION - OTHER,ANGLE,STRAIGHT & LEVEL,DAYLIGHT,,,1/3/2020 10:13:29 AM,False,7023,Accepted,
26133754,0568000,LOUISVILLE METRO POLICE DEPT,Accepted,JEFFERSON,US0060,,FRANKFORT,AVE,,,PENNSYLVANIA,,,,,38.254566860,-85.682973594,2.038,1/2/2020 12:00:00 AM,1738,2,2,0,0,CLEAR,WET,False,ANGLE COLLISION - OTHER,ANGLE,STRAIGHT & LEVEL,DUSK,,,1/3/2020 10:04:46 AM,False,7023,Accepted,
26133455,0568000,LOUISVILLE METRO POLICE DEPT,Accepted,JEFFERSON,,,HILLCREST,AVE,,US0042,BROWNSBORO,,,,,38.260636459,-85.685754186,0.424,1/2/2020 12:00:00 AM,1845,2,2,0,0,RAINING,WET,False,ANGLE COLLISION - OTHER,ANGLE,STRAIGHT & LEVEL,DARK-HWY LIGHTED/ON,,,1/3/2020 9:24:14 AM,False,5154,Accepted,
26133287,0568000,LOUISVILLE METRO POLICE DEPT,Accepted,JEFFERSON,US0031W,,22ND,ST,S,,MAGAZINE,,,,,38.250934239,-85.787900608,19.680,1/2/2020 12:00:00 AM,1510,2,2,0,0,CLOUDY,WET,True,ANGLE COLLISION - OTHER,ANGLE,STRAIGHT & LEVEL,DAYLIGHT,,,1/3/2020 9:02:34 AM,False,5275,Accepted,
26133411,0568000,LOUISVILLE METRO POLICE DEPT,Accepted,JEFFERSON,,,19TH,ST,S,US0031W,MARKET,,,,,38.258013634,-85.781595594,0.095,1/2/2020 12:00:00 AM,1928,2,2,0,2,RAINING,WET,False,ANGLE COLLISION - OTHER,ANGLE,STRAIGHT & LEVEL,DARK-HWY LIGHTED/ON,,,1/3/2020 9:17:50 AM,False,7311,Accepted,
26127437,0568000,LOUISVILLE METRO POLICE DEPT,Accepted,JEFFERSON,KY2052,,HIKES,LN,,US0031E,BUECHEL,,,,,38.198348903,-85.661027466,4.193,1/2/2020 12:00:00 AM,0503,2,2,0,0,CLEAR,DRY,True,ANGLE COLLISION - OTHER,ANGLE,STRAIGHT & LEVEL,DARK-HWY LIGHTED/ON,,,1/2/2020 8:56:40 AM,False,5247,Accepted,
26133260,0568000,LOUISVILLE METRO POLICE DEPT,Accepted,JEFFERSON,,,BARRET,AVE,,,WINTER,,,,,38.235768555,-85.727666177,1.007,1/2/2020 12:00:00 AM,0801,3,3,0,0,CLOUDY,DRY,False,ANGLE COLLISION - OTHER,ANGLE,STRAIGHT & LEVEL,DAYLIGHT,,,1/3/2020 8:57:26 AM,False,5243,Accepted,
26133281,0568000,LOUISVILLE METRO POLICE DEPT,Accepted,JEFFERSON,,,LIBERTY,ST,W,KY1020,2ND,,,,,38.252770929,-85.753896700,0.794,1/2/2020 12:00:00 AM,1719,2,2,0,0,RAINING,WET,False,ANGLE COLLISION - ONE VEHICLE TURNING LEFT,ANGLE,STRAIGHT & LEVEL,DAYLIGHT,,,1/3/2020 9:01:38 AM,False,7386,Accepted,
26127431,0568000,LOUISVILLE METRO POLICE DEPT,Accepted,JEFFERSON,,,19TH,ST,S,,GREEN,,,,,38.255901881,-85.781954296,0.241,1/2/2020 12:00:00 AM,0009,1,1,0,1,CLEAR,DRY,False,COLLISION WITH FIXED OBJECT IN INTERSECTION - FIRST EVENT COLLISION 09 - 32,SINGLE VEHICLE,STRAIGHT & LEVEL,DARK-HWY LIGHTED/ON,,,1/2/2020 8:55:14 AM,False,5021,Accepted,
26133446,0568000,LOUISVILLE METRO POLICE DEPT,Accepted,JEFFERSON,,,GRADE,LN,,,,,FERN GRADE,,GRADE LN CONN,38.161439738,-85.721951955,1.404,1/2/2020 12:00:00 AM,0436,2,2,0,0,CLEAR,DRY,False,,REAR END,STRAIGHT & LEVEL,DARK-HWY LIGHTED/ON,,,1/3/2020 9:22:39 AM,False,5053,Accepted,
26123335,0568000,LOUISVILLE METRO POLICE DEPT,Accepted,JEFFERSON,KY1631,,CRITTENDEN,DR,,,FARMINGTON,,,,,38.201556419,-85.750798353,0.939,1/1/2020 12:00:00 AM,0130,4,1,0,1,CLEAR,DRY,False,COLLISION WITH PEDESTRIAN IN INTERSECTION,SINGLE VEHICLE,STRAIGHT & LEVEL,DARK-HWY LIGHTED/ON,,,1/1/2020 7:37:59 AM,False,5245,Accepted,
26127393,0568000,LOUISVILLE METRO POLICE DEPT,Accepted,JEFFERSON,,,37TH,ST,S,,DEL PARK,,,,,38.251862442,-85.813334169,0.124,1/1/2020 12:00:00 AM,1305,2,2,0,1,CLEAR,DRY,False,COLLISION WITH PARKED VEHICLE,SIDESWIPE-SAME DIRECTION,STRAIGHT & LEVEL,DAYLIGHT,,,1/2/2020 8:50:24 AM,False,5003,Accepted,
26127398,0568000,LOUISVILLE METRO POLICE DEPT,Accepted,JEFFERSON,,,18TH,ST,N,,BAIRD,,,,,38.263816744,-85.777952040,0.363,1/1/2020 12:00:00 AM,0730,2,2,0,0,CLEAR,DRY,True,COLLISION WITH PARKED VEHICLE,REAR END,STRAIGHT & LEVEL,DARK (UNKNOWN ROADWAY LIGHTING),,,1/2/2020 8:51:41 AM,False,5275,Accepted,
26133310,0568000,LOUISVILLE METRO POLICE DEPT,Accepted,JEFFERSON,KY1450,,BLUE LICK,RD,,,FREEDOM,,,,,38.113391648,-85.689517238,1.970,1/1/2020 12:00:00 AM,1309,2,2,0,0,CLEAR,DRY,False,ANGLE COLLISION - ONE VEHICLE TURNING LEFT,ANGLE,STRAIGHT & LEVEL,DAYLIGHT,,,1/3/2020 9:08:05 AM,False,4693,Accepted,
26127386,0568000,LOUISVILLE METRO POLICE DEPT,Accepted,JEFFERSON,,2320,DATE,ST,,,25TH,,,,,38.243428430,-85.792567586,0.163,1/1/2020 12:00:00 AM,1520,2,2,0,0,CLEAR,DRY,True,COLLISION WITH PARKED VEHICLE,SIDESWIPE-SAME DIRECTION,STRAIGHT & LEVEL,DARK-HWY LIGHTED/ON,,,1/2/2020 8:50:02 AM,False,5280,Accepted,
26127419,0568000,LOUISVILLE METRO POLICE DEPT,Accepted,JEFFERSON,,,DUNDEE,RD,,US0031E,BARDSTOWN,,,,,38.224384844,-85.693977869,0.013,1/1/2020 12:00:00 AM,1900,2,2,0,0,CLEAR,DRY,True,COLLISION WITH PARKED VEHICLE,ANGLE,STRAIGHT & LEVEL,DARK-HWY LIGHTED/ON,,,1/2/2020 8:53:15 AM,False,7219,Accepted,
26127430,0568000,LOUISVILLE METRO POLICE DEPT,Accepted,JEFFERSON,KY1020,,3RD,ST,S,,GUTHRIE,,,,,38.249840484,-85.756032644,12.370,1/1/2020 12:00:00 AM,2216,3,3,0,0,CLEAR,DRY,True,COLLISION WITH PARKED VEHICLE,ANGLE,STRAIGHT & LEVEL,DARK-HWY LIGHTED/ON,,,1/2/2020 8:55:00 AM,False,7111,Accepted,
26133338,0568000,LOUISVILLE METRO POLICE DEPT,Accepted,JEFFERSON,,,8TH,ST,S,,COLLEGE,,,,,38.240989555,-85.766012524,1.139,1/1/2020 12:00:00 AM,1615,2,2,0,0,CLEAR,DRY,True,COLLISION WITH PARKED VEHICLE,SIDESWIPE-SAME DIRECTION,STRAIGHT & LEVEL,DAYLIGHT,,,1/3/2020 9:12:16 AM,False,7441,Accepted,
26127421,0568000,LOUISVILLE METRO POLICE DEPT,Accepted,JEFFERSON,,,RIVER PARK,DR,,,32ND,,,,,38.254208413,-85.805292715,1.189,1/1/2020 12:00:00 AM,2200,2,2,0,0,CLEAR,DRY,False,ANGLE COLLISION - OTHER,ANGLE,STRAIGHT & LEVEL,DARK-HWY LIGHTED/ON,,,1/2/2020 8:53:44 AM,False,5021,Accepted,
26127402,0568000,LOUISVILLE METRO POLICE DEPT,Accepted,JEFFERSON,,,WOODLAWN,AVE,W,,SOUTHERN,,,,,38.181833938,-85.768468762,0.654,1/1/2020 12:00:00 AM,1825,2,2,0,0,CLEAR,DRY,False,ANGLE COLLISION - OTHER,ANGLE,STRAIGHT & LEVEL,DAYLIGHT,,,1/2/2020 8:52:17 AM,False,5127,Accepted,
26123298,0568000,LOUISVILLE METRO POLICE DEPT,Accepted,JEFFERSON,KY1230,,LOWER RIVER,RD,,,MOORMAN,,,,,38.096020005,-85.893217077,2.467,1/1/2020 12:00:00 AM,0121,2,2,0,2,CLEAR,DRY,False,ANGLE COLLISION - OTHER,ANGLE,STRAIGHT & LEVEL,DARK-HWY LIGHTED/ON,,,1/1/2020 7:29:28 AM,False,7295,Accepted,
26127382,0568000,LOUISVILLE METRO POLICE DEPT,Accepted,JEFFERSON,KY0022,,BROWNSBORO,RD,,,NORTON HEALTHCARE,,,,,38.311054818,-85.570226811,4.261,1/1/2020 12:00:00 AM,1350,2,2,0,0,CLEAR,DRY,False,ANGLE COLLISION - OTHER,ANGLE,STRAIGHT & LEVEL,DAYLIGHT,,,1/2/2020 8:49:14 AM,False,7337,Accepted,
26133760,0568000,LOUISVILLE METRO POLICE DEPT,Accepted,JEFFERSON,KY1932,,BRECKENRIDGE,LN,,,CHURCHILL PARK,,,,,38.214695987,-85.627386584,2.437,1/1/2020 12:00:00 AM,2157,2,2,0,2,CLEAR,DRY,False,ANGLE COLLISION - OTHER,ANGLE,STRAIGHT & LEVEL,DARK-HWY LIGHTED/ON,,,1/3/2020 10:05:29 AM,False,5117,Accepted,
26414647,0568000,LOUISVILLE METRO POLICE DEPT,Accepted,JEFFERSON,KY1865,,NEW CUT,RD,,KY1142,PALATKA,,,,,38.150794952,-85.776352079,3.010,1/1/2020 12:00:00 AM,1354,2,2,0,0,CLEAR,DRY,False,REAR END - ONE VEHICLE TURNING LEFT,REAR END,STRAIGHT & LEVEL,DAYLIGHT,,,2/24/2020 9:10:26 AM,False,5276,Accepted,
26127432,0568000,LOUISVILLE METRO POLICE DEPT,Accepted,JEFFERSON,KY1934,,GREENBELT,HWY,,,GLOBAL,,,,,38.139528644,-85.887589095,3.908,1/1/2020 12:00:00 AM,2243,2,2,0,1,CLEAR,DRY,False,OPPOSING LEFT TURN,OPPOSING LEFT TURN,STRAIGHT & LEVEL,DARK-HWY LIGHTED/ON,,,1/2/2020 8:55:48 AM,False,5211,Accepted,
26179769,0568000,LOUISVILLE METRO POLICE DEPT,Accepted,JEFFERSON,KY1932,,BRECKENRIDGE,LN,,KY1932,KY1932 TURN LANE,,,,,38.181408726,-85.626671552,0.017,1/1/2020 12:00:00 AM,1600,2,2,0,0,RAINING,WET,False,OPPOSITE DIRECTION - BOTH VEHICLES GOING STRAIGHT AHEAD,SIDESWIPE-OPPOSITE DIRECTION,CURVE & LEVEL,DAYLIGHT,,,1/13/2020 8:38:00 AM,False,7739,Accepted,
26123312,0568000,LOUISVILLE METRO POLICE DEPT,Accepted,JEFFERSON,US0031E,,BARDSTOWN,RD,,,BUECHEL,,,,,38.188347045,-85.639885451,9.547,1/1/2020 12:00:00 AM,0300,2,2,0,0,CLEAR,DRY,False,OTHER INTERSECTION COLLISIONS,REAR END,STRAIGHT & LEVEL,DARK-HWY LIGHTED/ON,,,1/1/2020 7:32:44 AM,False,5207,Accepted,
26133440,0568000,LOUISVILLE METRO POLICE DEPT,Accepted,JEFFERSON,,,MARY,ST,,,SWAN,,,,,38.233850342,-85.736203848,0.139,1/1/2020 12:00:00 AM,0353,1,1,0,0,CLEAR,DRY,False,OTHER INTERSECTION COLLISIONS,SINGLE VEHICLE,STRAIGHT & HILLCREST,DARK-HWY LIGHTED/ON,,,1/3/2020 9:19:56 AM,False,5123,Accepted,
26127434,0568000,LOUISVILLE METRO POLICE DEPT,Accepted,JEFFERSON,KY1934,,CANE RUN,RD,,I 0264,I264 E EXIT5 ON RAMP FROM KY1934 S,,,,,38.205434261,-85.829417986,9.802,1/1/2020 12:00:00 AM,2101,2,2,0,0,CLEAR,DRY,False,OTHER INTERSECTION COLLISIONS,REAR END,STRAIGHT & LEVEL,DARK-HWY LIGHTED/ON,,,1/2/2020 8:56:14 AM,False,5220,Accepted,
26123334,0568000,LOUISVILLE METRO POLICE DEPT,Accepted,JEFFERSON,KY1020,,3RD,ST,S,,HARLAN,,,,,38.201562371,-85.764543057,9.229,1/1/2020 12:00:00 AM,0130,2,2,0,0,CLEAR,DRY,False,OTHER INTERSECTION COLLISIONS,REAR END,STRAIGHT & LEVEL,DARK-HWY LIGHTED/ON,,,1/1/2020 7:37:45 AM,False,5245,Accepted,
26124339,0560300,ST. MATTHEWS POLICE DEPARTMENT,Accepted,JEFFERSON,US0060,,SHELBYVILLE,RD,,I 0264,I264 W EXIT20B OFF RAMP TO US60,,,,,38.250099802,-85.620457944,5.474,1/1/2020 12:00:00 AM,1510,2,2,0,0,CLEAR,DRY,False,OTHER INTERSECTION COLLISIONS,REAR END,STRAIGHT & GRADE,DAYLIGHT,,,1/1/2020 4:34:03 PM,False,9171,Accepted,
26127404,0568000,LOUISVILLE METRO POLICE DEPT,Accepted,JEFFERSON,KY1065,,OUTER,LOOP,,,ROBBS,,,,,38.137997936,-85.665213127,7.238,1/1/2020 12:00:00 AM,1637,2,2,0,0,CLEAR,DRY,False,OTHER INTERSECTION COLLISIONS,REAR END,STRAIGHT & LEVEL,DAYLIGHT,,,1/2/2020 8:52:35 AM,False,7465,Accepted,
26123336,0568000,LOUISVILLE METRO POLICE DEPT,Accepted,JEFFERSON,KY1747,,HURSTBOURNE,PKWY,S,KY6159,BLUEGRASS PKWY ACCESS,,,,,38.220200418,-85.581425383,11.636,1/1/2020 12:00:00 AM,0532,2,2,0,0,CLEAR,DRY,True,OTHER INTERSECTION COLLISIONS,REAR END,STRAIGHT & LEVEL,DARK-HWY LIGHTED/ON,,,1/1/2020 7:38:17 AM,False,5222,Accepted,
26144575,0568000,LOUISVILLE METRO POLICE DEPT,Accepted,JEFFERSON,,2512,EVERGREEN,RD,,,,,,,,38.278974448,-85.547844552,2.698,1/1/2020 12:00:00 AM,0055,1,1,0,0,CLOUDY,DRY,True,COLLISION WITH FIXED OBJECT NON - INTERSECTION - FIRST EVENT COLLISION 09 - 32 EXCLUDING 16,SINGLE VEHICLE,CURVE & GRADE,DARK-HWY LIGHTED/ON,,,1/6/2020 8:50:41 AM,False,7159,Accepted,
26123318,0568000,LOUISVILLE METRO POLICE DEPT,Accepted,JEFFERSON,KY0061,2222,SHELBY,ST,S,,,,,,,38.216886771,-85.743789311,10.256,1/1/2020 12:00:00 AM,0020,2,2,0,0,CLEAR,DRY,True,1 VEHICLE PARKED POSITION (NOT PARKING LOT/DRIVEWAY),REAR END,STRAIGHT & LEVEL,DARK-HWY LIGHTED/ON,,,1/1/2020 7:34:42 AM,False,7048,Accepted,
26127369,0568000,LOUISVILLE METRO POLICE DEPT,Accepted,JEFFERSON,,,35TH,ST,N,,,KY3082,BANK,,,38.271485886,-85.804711350,0.228,1/1/2020 12:00:00 AM,0716,2,1,0,1,CLEAR,DRY,False,COLLISION WITH PEDESTRIAN NON - INTERSECTION,SINGLE VEHICLE,CURVE & LEVEL,DARK-HWY LIGHTED/OFF,,,1/2/2020 8:46:14 AM,False,7988,Accepted,
26123303,0568000,LOUISVILLE METRO POLICE DEPT,Accepted,JEFFERSON,,3406,GREENWOOD,AVE,,,,,,,,38.243232420,-85.810377631,1.244,1/1/2020 12:00:00 AM,0001,3,3,0,0,CLEAR,DRY,False,1 VEHICLE PARKED POSITION (NOT PARKING LOT/DRIVEWAY),SIDESWIPE-SAME DIRECTION,STRAIGHT & LEVEL,DARK-HWY LIGHTED/ON,,,1/1/2020 7:29:59 AM,False,5181,Accepted,
26127376,0568000,LOUISVILLE METRO POLICE DEPT,Accepted,JEFFERSON,,1611,WILLIAM E SUMMERS III,AVE,,,,,,,,38.230362389,-85.820365928,0.050,1/1/2020 12:00:00 AM,1015,2,2,0,0,CLEAR,DRY,True,1 VEHICLE PARKED POSITION (NOT PARKING LOT/DRIVEWAY),SIDESWIPE-SAME DIRECTION,STRAIGHT & LEVEL,DAYLIGHT,,,1/2/2020 8:47:27 AM,False,2569,Accepted,
26283897,0568000,LOUISVILLE METRO POLICE DEPT,Accepted,JEFFERSON,,3316,GARLAND,AVE,,,,,,,,38.245783461,-85.808188861,2.219,1/1/2020 12:00:00 AM,0230,2,2,0,0,CLEAR,DRY,True,1 VEHICLE PARKED POSITION (NOT PARKING LOT/DRIVEWAY),SIDESWIPE-SAME DIRECTION,STRAIGHT & LEVEL,DARK-HWY LIGHTED/ON,,,2/3/2020 8:46:57 AM,False,7461,Accepted,
26133256,0568000,LOUISVILLE METRO POLICE DEPT,Accepted,JEFFERSON,,912,43RD,ST,S,,,,,,,38.246601033,-85.823844584,1.324,1/1/2020 12:00:00 AM,1730,2,2,0,0,CLEAR,DRY,True,1 VEHICLE PARKED POSITION (NOT PARKING LOT/DRIVEWAY),BACKING,STRAIGHT & LEVEL,UNKNOWN,,,1/3/2020 8:56:00 AM,False,7460,Accepted,
26153309,0568000,LOUISVILLE METRO POLICE DEPT,Accepted,JEFFERSON,,,GRADE,LN,,,,,,,,38.157138223,-85.731916247,2.140,1/1/2020 12:00:00 AM,1407,2,1,0,3,CLEAR,DRY,False,REAR END IN TRAFFIC LANES BOTH VEHICLES MOVING,REAR END,STRAIGHT & LEVEL,DAYLIGHT,,,1/7/2020 2:24:15 PM,False,4693,Accepted,
26127394,0568000,LOUISVILLE METRO POLICE DEPT,Accepted,JEFFERSON,US0031E,,BARDSTOWN,RD,,,,,,,,38.086678600,-85.555746785,0.780,1/1/2020 12:00:00 AM,1357,4,4,0,0,CLEAR,DRY,False,REAR END IN TRAFFIC LANES BOTH VEHICLES MOVING,REAR END,STRAIGHT & LEVEL,DAYLIGHT,,,1/2/2020 8:50:43 AM,False,2017,Accepted,
26127385,0568000,LOUISVILLE METRO POLICE DEPT,Accepted,JEFFERSON,KY1703,,NEWBURG,RD,,,,,,,,38.201090727,-85.686241239,2.134,1/1/2020 12:00:00 AM,1235,2,2,0,0,CLEAR,DRY,False,REAR END IN TRAFFIC LANES BOTH VEHICLES MOVING,REAR END,STRAIGHT & HILLCREST,DAYLIGHT,,,1/2/2020 8:49:47 AM,False,5112,Accepted,
26144938,0568000,LOUISVILLE METRO POLICE DEPT,Accepted,JEFFERSON,US0060,,SHELBYVILLE,RD,,,,I 0264,I264 W EXIT20B OFF RAMP TO US60,I 0264,I264 E EXIT20B OFF RAMP TO US60,38.249999141,-85.619264518,5.539,1/1/2020 12:00:00 AM,1435,3,3,0,1,CLEAR,DRY,False,REAR END IN TRAFFIC LANES BOTH VEHICLES MOVING,REAR END,CURVE & LEVEL,DAYLIGHT,,,1/6/2020 9:16:48 AM,False,6456,Accepted,
26127425,0568000,LOUISVILLE METRO POLICE DEPT,Accepted,JEFFERSON,I 0065,,I65 N,,,,,,,,,38.106509919,-85.701108330,124.574,1/1/2020 12:00:00 AM,2036,2,2,0,2,CLEAR,DRY,False,REAR END IN TRAFFIC LANES BOTH VEHICLES MOVING,REAR END,STRAIGHT & LEVEL,DARK-HWY LIGHTED/OFF,,,1/2/2020 8:54:21 AM,False,7786,Accepted,
26179890,0568000,LOUISVILLE METRO POLICE DEPT,Accepted,JEFFERSON,KY3064,2547,PORTLAND,AVE,,,,,,,,38.270555104,-85.788493538,0.357,1/1/2020 12:00:00 AM,1534,2,2,0,0,CLEAR,DRY,False,OTHER COLLISIONS ON SHOULDER,SIDESWIPE-SAME DIRECTION,STRAIGHT & LEVEL,DAYLIGHT,,,1/13/2020 8:47:26 AM,False,7405,Accepted,
26133246,0568000,LOUISVILLE METRO POLICE DEPT,Accepted,JEFFERSON,I 0264,,I264 W,,,,,,,,,38.221181821,-85.651922864,16.932,1/1/2020 12:00:00 AM,1350,2,2,0,0,CLEAR,DRY,False,SIDESWIPE COLLISION - SAME DIRECTION,SIDESWIPE-SAME DIRECTION,STRAIGHT & LEVEL,DAYLIGHT,,,1/3/2020 8:54:15 AM,False,7944,Accepted,
26127401,0568000,LOUISVILLE METRO POLICE DEPT,Accepted,JEFFERSON,I 0264,,I264 W,,,,,,,,,38.200459681,-85.698119008,13.999,1/1/2020 12:00:00 AM,1800,2,2,0,0,CLEAR,DRY,False,SIDESWIPE COLLISION - SAME DIRECTION,SIDESWIPE-SAME DIRECTION,STRAIGHT & LEVEL,DARK-HWY LIGHTED/ON,,,1/2/2020 8:52:08 AM,False,2217,Accepted,
26127388,0568000,LOUISVILLE METRO POLICE DEPT,Accepted,JEFFERSON,,,MITCHELL HILL,RD,,,,,,,,38.091890575,-85.765914064,1.075,1/1/2020 12:00:00 AM,1300,2,2,0,0,CLEAR,DRY,False,SIDESWIPE COLLISION - OPPOSITE DIRECTION,SIDESWIPE-OPPOSITE DIRECTION,CURVE & GRADE,DAYLIGHT,,,1/2/2020 8:50:14 AM,False,7080,Accepted,
26204742,0568000,LOUISVILLE METRO POLICE DEPT,Accepted,JEFFERSON,KY1065,,OUTER,LOOP,,,,,,,,38.137930328,-85.638139515,8.720,1/1/2020 12:00:00 AM,2228,2,2,0,0,CLEAR,DRY,False,1 VEHICLE ENTERING/LEAVING ENTRANCE,ANGLE,STRAIGHT & HILLCREST,DARK-HWY LIGHTED/ON,,,1/17/2020 8:10:39 AM,False,7449,Accepted,
26127422,0568000,LOUISVILLE METRO POLICE DEPT,Accepted,JEFFERSON,KY1727,,TERRY,RD,,,,KY1934,CANE RUN,,LENCOTT,38.177884413,-85.861914942,4.040,1/1/2020 12:00:00 AM,1920,2,2,0,0,CLEAR,DRY,True,OTHER ROADWAY OR MID-BLOCK COLLISION,REAR END,CURVE & LEVEL,DARK-HWY NOT LIGHTED,,,1/2/2020 8:54:01 AM,False,7980,Accepted,
26133704,0568000,LOUISVILLE METRO POLICE DEPT,Accepted,JEFFERSON,,8403,CEDAR CREEK,RD,,,,,,,,38.122357273,-85.587664877,2.605,1/1/2020 12:00:00 AM,1030,1,1,0,0,CLEAR,DRY,True,OTHER ROADWAY OR MID-BLOCK COLLISION,SINGLE VEHICLE,STRAIGHT & LEVEL,DAYLIGHT,,,1/3/2020 9:57:52 AM,False,7278,Accepted,
26127395,0568000,LOUISVILLE METRO POLICE DEPT,Accepted,JEFFERSON,I 0265,,,,,,,,,,,38.139352296,-85.582208695,0.402,1/1/2020 12:00:00 AM,1614,2,2,0,0,CLEAR,DRY,False,OTHER RAMP RELATED COLLISIONS NOT LISTED ABOVE,REAR END,STRAIGHT & LEVEL,DAYLIGHT,I 0265,US31E,1/2/2020 8:50:54 AM,False,7278,Accepted,
26127396,0568000,LOUISVILLE METRO POLICE DEPT,Accepted,JEFFERSON,,301,WARNOCK,ST,,,,,,,,38.214654324,-85.755110261,0.361,1/1/2020 12:00:00 AM,1327,2,2,0,0,CLEAR,DRY,True,COLLISION IN PARKING LOT,BACKING,STRAIGHT & LEVEL,DAYLIGHT,,,1/2/2020 8:51:08 AM,False,5258,Accepted,
26133257,0568000,LOUISVILLE METRO POLICE DEPT,Accepted,JEFFERSON,,,JEFFERSON,ST,W,KY1020,3RD,,,,,38.253581736,-85.755869537,0.209,1/1/2020 12:00:00 AM,0100,2,2,0,0,CLEAR,DRY,True,COLLISION IN PARKING LOT,BACKING,,DARK-HWY LIGHTED/ON,,,1/3/2020 8:56:28 AM,False,5168,Accepted,
26121872,0560300,ST. MATTHEWS POLICE DEPARTMENT,Accepted,JEFFERSON,US0060,5000,SHELBYVILLE,RD,,,,,,,,38.250171294,-85.623490747,5.309,12/31/2019 12:00:00 AM,1628,2,2,0,0,CLOUDY,DRY,False,COLLISION IN PARKING LOT,SIDESWIPE-OPPOSITE DIRECTION,STRAIGHT & LEVEL,DAYLIGHT,,,12/31/2019 10:02:34 PM,False,9195,Accepted,
26133726,0568000,LOUISVILLE METRO POLICE DEPT,Accepted,JEFFERSON,I 0264,,,,,,,,,,,38.248042393,-85.618844171,0.564,12/31/2019 12:00:00 AM,1244,2,2,0,0,CLOUDY,DRY,False,OTHER RAMP RELATED COLLISIONS NOT LISTED ABOVE,SIDESWIPE-SAME DIRECTION,CURVE & LEVEL,DAYLIGHT,I 0264,US0060,1/3/2020 9:59:13 AM,False,7944,Accepted,
26204766,0568000,LOUISVILLE METRO POLICE DEPT,Accepted,JEFFERSON,,,7TH,ST,S,,ORMSBY,,,,,38.233632165,-85.765947927,1.126,12/31/2019 12:00:00 AM,1859,2,2,0,0,CLOUDY,WET,False,COLLISION IN PARKING LOT,ANGLE,STRAIGHT & LEVEL,OTHER,,,1/17/2020 8:13:21 AM,False,6832,Accepted,
26133796,0568000,LOUISVILLE METRO POLICE DEPT,Accepted,JEFFERSON,KY2055,,MANSLICK,RD,W,,,,,,,38.125206705,-85.796208312,4.177,12/31/2019 12:00:00 AM,1831,1,1,0,0,CLEAR,DRY,True,OTHER ROADWAY OR MID-BLOCK COLLISION,SINGLE VEHICLE,STRAIGHT & LEVEL,DARK-HWY NOT LIGHTED,,,1/3/2020 10:16:31 AM,False,7174,Accepted,
26144432,0568000,LOUISVILLE METRO POLICE DEPT,Accepted,JEFFERSON,KY0864,4516,POPLAR LEVEL,RD,,,,,,,,38.191798610,-85.705456137,11.026,12/31/2019 12:00:00 AM,1629,2,2,0,2,CLEAR,DRY,False,OTHER ROADWAY OR MID-BLOCK COLLISION,OPPOSING LEFT TURN,STRAIGHT & LEVEL,DAYLIGHT,,,1/6/2020 8:42:27 AM,False,5106,Accepted,