IncidentID,AgencyORI,AgencyName,IncidentStatusDesc,County,RdwyNumber,Street,RoadwayName,StreetSfx,StreetDir,IntersectionRdwy,IntersectionRdwyName,BetweenStRdwy1,BetweenStRdwyName1,BetweenStRdwy2,BetweenStRdwyName2,Latitude,Longitude,Milepoint,CollisionDate,CollisionTime,UnitsInvolved,MotorVehiclesInvolved,NumberKilled,NumberInjured,Weather,RdwyConditionCode,HitandRun,DirAnalysisCode,MannerofCollision,RdwyCharacter,LightCondition,RampFromRdwyId,RampToRdwyId,AcceptedDate,IsSecondaryCollision,OwnerBadge,IncidentStatus,
26123234,0568000,LOUISVILLE METRO POLICE DEPT,Accepted,JEFFERSON,KY1020,,2ND,ST,S,,,,JEFFERSON,US0031E,MARKET,38.254312340,-85.753563009,12.685,12/31/2019 12:00:00 AM,0730,2,2,0,0,CLOUDY,DRY,False,OTHER ROADWAY OR MID-BLOCK COLLISION,REAR END,STRAIGHT & LEVEL,DAYLIGHT,,,1/1/2020 7:17:47 AM,False,2885,Accepted,
26123291,0568000,LOUISVILLE METRO POLICE DEPT,Accepted,JEFFERSON,KY1747,,HURSTBOURNE,PKWY,N,,,,,,,38.246432958,-85.576803944,13.506,12/31/2019 12:00:00 AM,2130,2,2,0,0,CLEAR,DRY,True,OTHER ROADWAY OR MID-BLOCK COLLISION,REAR END,,DARK-HWY LIGHTED/ON,,,1/1/2020 7:28:20 AM,False,5041,Accepted,
26127399,0568000,LOUISVILLE METRO POLICE DEPT,Accepted,JEFFERSON,,3601,WHEELER,AVE,,,,,,,,38.194259762,-85.788364048,0.152,12/31/2019 12:00:00 AM,2200,1,1,0,0,CLEAR,DRY,True,OTHER ROADWAY OR MID-BLOCK COLLISION,SINGLE VEHICLE,STRAIGHT & LEVEL,DUSK,,,1/2/2020 8:51:56 AM,False,7433,Accepted,
26127381,0568000,LOUISVILLE METRO POLICE DEPT,Accepted,JEFFERSON,KY1747,,FERN VALLEY,RD,,,,,,,,38.156702379,-85.648242658,4.616,12/31/2019 12:00:00 AM,1739,2,2,0,0,CLEAR,DRY,False,OTHER ROADWAY OR MID-BLOCK COLLISION,OPPOSING LEFT TURN,STRAIGHT & LEVEL,DUSK,,,1/2/2020 8:49:04 AM,False,4693,Accepted,
26123248,0568000,LOUISVILLE METRO POLICE DEPT,Accepted,JEFFERSON,I 0064,,I64 W,,,,,,,,,38.230348381,-85.600298368,13.613,12/31/2019 12:00:00 AM,1300,2,2,0,1,CLOUDY,DRY,False,OTHER ROADWAY OR MID-BLOCK COLLISION,REAR END,STRAIGHT & LEVEL,DAYLIGHT,,,1/1/2020 7:20:33 AM,False,8278,Accepted,
26123251,0568000,LOUISVILLE METRO POLICE DEPT,Accepted,JEFFERSON,,,HITE,AVE,S,,,US0060,FRANKFORT,,FAYETTE,38.254110627,-85.693903916,0.029,12/31/2019 12:00:00 AM,1129,3,3,0,0,CLOUDY,DRY,False,1 VEHICLE ENTERING/LEAVING ENTRANCE,ANGLE,STRAIGHT & LEVEL,DAYLIGHT,,,1/1/2020 7:21:18 AM,False,2413,Accepted,
26123280,0568000,LOUISVILLE METRO POLICE DEPT,Accepted,JEFFERSON,,4557,2ND,ST,S,,,,,,,38.185792170,-85.763783629,1.195,12/31/2019 12:00:00 AM,1456,2,2,0,0,CLOUDY,DRY,False,SIDESWIPE COLLISION - OPPOSITE DIRECTION,SIDESWIPE-OPPOSITE DIRECTION,STRAIGHT & LEVEL,DAYLIGHT,,,1/1/2020 7:26:15 AM,False,7468,Accepted,
26144571,0568000,LOUISVILLE METRO POLICE DEPT,Accepted,JEFFERSON,KY1865,,NEW CUT,RD,,,,,,,,38.162065739,-85.779307291,3.806,12/31/2019 12:00:00 AM,1950,2,2,0,0,CLEAR,DRY,False,SIDESWIPE COLLISION - SAME DIRECTION,SIDESWIPE-SAME DIRECTION,STRAIGHT & LEVEL,DARK (UNKNOWN ROADWAY LIGHTING),,,1/6/2020 8:50:32 AM,False,7264,Accepted,
26123285,0568000,LOUISVILLE METRO POLICE DEPT,Accepted,JEFFERSON,US0031E,,BARDSTOWN,RD,,,,,GOLDSMITH,,BELMONT,38.207868684,-85.668674276,11.737,12/31/2019 12:00:00 AM,1232,2,2,0,0,CLOUDY,DRY,False,SIDESWIPE COLLISION - SAME DIRECTION,SIDESWIPE-SAME DIRECTION,STRAIGHT & LEVEL,DAYLIGHT,,,1/1/2020 7:26:31 AM,False,6100,Accepted,
26123233,0568000,LOUISVILLE METRO POLICE DEPT,Accepted,JEFFERSON,,,OAK,ST,W,,,,16TH,,17TH,38.236967252,-85.781954427,1.457,12/31/2019 12:00:00 AM,1330,2,2,0,0,CLEAR,DRY,False,SIDESWIPE COLLISION - SAME DIRECTION,SIDESWIPE-SAME DIRECTION,STRAIGHT & LEVEL,DAYLIGHT,,,1/1/2020 7:17:23 AM,False,5290,Accepted,
26123273,0568000,LOUISVILLE METRO POLICE DEPT,Accepted,JEFFERSON,US0031W,10312,DIXIE,HWY,,,,,VESPER,,ASHBY,38.105235400,-85.868275645,8.448,12/31/2019 12:00:00 AM,0950,2,2,0,0,CLOUDY,DRY,False,SIDESWIPE COLLISION - SAME DIRECTION,SIDESWIPE-SAME DIRECTION,STRAIGHT & LEVEL,DAYLIGHT,,,1/1/2020 7:25:49 AM,False,7336,Accepted,
26127438,0568000,LOUISVILLE METRO POLICE DEPT,Accepted,JEFFERSON,I 0065,,I65 N,,,,,,,,,38.231102429,-85.750883894,134.225,12/31/2019 12:00:00 AM,0721,2,2,0,0,CLOUDY,DRY,False,SIDESWIPE COLLISION - SAME DIRECTION,SIDESWIPE-SAME DIRECTION,STRAIGHT & LEVEL,DARK-HWY LIGHTED/ON,,,1/2/2020 8:56:52 AM,False,7772,Accepted,
26123264,0568000,LOUISVILLE METRO POLICE DEPT,Accepted,JEFFERSON,US0031E,,BUECHEL,BYP,,,,,,,,38.191691400,-85.653769962,10.368,12/31/2019 12:00:00 AM,1632,3,3,0,1,CLOUDY,DRY,False,OTHER COLLISIONS ON SHOULDER,HEAD ON,STRAIGHT & GRADE,DAYLIGHT,,,1/1/2020 7:23:52 AM,False,7307,Accepted,
26127374,0568000,LOUISVILLE METRO POLICE DEPT,Accepted,JEFFERSON,US0031,,CLARK MEMORIAL,BRG,,,,,,,,38.257034837,-85.753175563,0.055,12/31/2019 12:00:00 AM,1513,2,2,0,0,CLOUDY,DRY,False,REAR END IN TRAFFIC LANES BOTH VEHICLES MOVING,REAR END,STRAIGHT & LEVEL,DAYLIGHT,,,1/2/2020 8:46:59 AM,False,2406,Accepted,
26123217,0568000,LOUISVILLE METRO POLICE DEPT,Accepted,JEFFERSON,,,CHESTNUT,ST,W,,,,10TH,,VILLAGE WEST,38.249897911,-85.766511206,1.889,12/31/2019 12:00:00 AM,0954,2,2,0,0,CLOUDY,DRY,False,REAR END IN TRAFFIC LANES BOTH VEHICLES MOVING,REAR END,STRAIGHT & LEVEL,DAYLIGHT,,,1/1/2020 7:14:33 AM,False,7463,Accepted,
26144546,0568000,LOUISVILLE METRO POLICE DEPT,Accepted,JEFFERSON,,518,MAGNOLIA,AVE,W,,,,,,,38.229312627,-85.763379556,0.350,12/31/2019 12:00:00 AM,1635,2,2,0,0,CLEAR,DRY,True,1 VEHICLE PARKED POSITION (NOT PARKING LOT/DRIVEWAY),SIDESWIPE-SAME DIRECTION,STRAIGHT & LEVEL,DARK-HWY LIGHTED/ON,,,1/6/2020 8:49:28 AM,False,7495,Accepted,
26123238,0568000,LOUISVILLE METRO POLICE DEPT,Accepted,JEFFERSON,,,CLIFTON,AVE,N,,,,SYCAMORE,,WEIKEL,38.255079300,-85.705588568,0.288,12/31/2019 12:00:00 AM,0940,2,2,0,0,CLOUDY,DRY,True,1 VEHICLE PARKED POSITION (NOT PARKING LOT/DRIVEWAY),SIDESWIPE-SAME DIRECTION,STRAIGHT & LEVEL,DAYLIGHT,,,1/1/2020 7:18:29 AM,False,2406,Accepted,
26127366,0568000,LOUISVILLE METRO POLICE DEPT,Accepted,JEFFERSON,I 0064,,I64 E,,,,,I 0064,I64 E EXIT19 RAMP TO I64 E,I 0064,I64 E EXIT15 OFF RAMP TO KY1747,38.229065952,-85.596964049,13.994,12/31/2019 12:00:00 AM,2055,2,1,1,0,CLOUDY,DRY,False,COLLISION WITH PEDESTRIAN NON - INTERSECTION,SINGLE VEHICLE,STRAIGHT & LEVEL,DARK-HWY LIGHTED/ON,,,1/2/2020 8:45:42 AM,False,7851,Accepted,
26123346,0568000,LOUISVILLE METRO POLICE DEPT,Accepted,JEFFERSON,I 0064,,I64 W,,,,,,,,,38.236431832,-85.660299155,10.201,12/31/2019 12:00:00 AM,0916,2,1,1,0,CLOUDY,DRY,False,COLLISION WITH PEDESTRIAN NON - INTERSECTION,SINGLE VEHICLE,STRAIGHT & GRADE,DAYLIGHT,,,1/1/2020 7:41:38 AM,False,2000,Accepted,
26133233,0568000,LOUISVILLE METRO POLICE DEPT,Accepted,JEFFERSON,,,POPE LICK,RD,S,,,KY0155,TAYLORSVILLE,,REHL,38.198764188,-85.489328732,0.779,12/31/2019 12:00:00 AM,0810,1,1,0,0,CLOUDY,DRY,False,COLLISION WITH ANIMAL NON INTERSECTION,SINGLE VEHICLE,CURVE & LEVEL,DAYLIGHT,,,1/3/2020 8:50:48 AM,False,7751,Accepted,
26144561,0568000,LOUISVILLE METRO POLICE DEPT,Accepted,JEFFERSON,,4707,1ST,ST,S,,,,,,,38.180610231,-85.763045444,3.904,12/31/2019 12:00:00 AM,1911,3,3,0,0,CLEAR,DRY,False,1 VEHICLE PARKED POSITION (NOT PARKING LOT/DRIVEWAY),ANGLE,STRAIGHT & LEVEL,DARK-HWY LIGHTED/OFF,,,1/6/2020 8:50:15 AM,False,7468,Accepted,
26123259,0568000,LOUISVILLE METRO POLICE DEPT,Accepted,JEFFERSON,I 0264,,I264 W,,,,,,,,,38.267081897,-85.625231186,21.000,12/31/2019 12:00:00 AM,1244,1,1,0,0,CLOUDY,DRY,False,COLLISION WITH FIXED OBJECT NON - INTERSECTION - FIRST EVENT COLLISION 09 - 32 EXCLUDING 16,SINGLE VEHICLE,STRAIGHT & LEVEL,DAYLIGHT,,,1/1/2020 7:23:32 AM,False,2217,Accepted,
26123319,0568000,LOUISVILLE METRO POLICE DEPT,Accepted,JEFFERSON,KY1747,,FERN VALLEY,RD,,I 0065,I65 S EXIT128 ON RAMP FROM KY1631 W,,,,,38.157729358,-85.718919632,0.729,12/31/2019 12:00:00 AM,1828,3,3,0,1,CLEAR,DRY,False,OTHER INTERSECTION COLLISIONS,REAR TO REAR,STRAIGHT & HILLCREST,DARK-HWY LIGHTED/ON,,,1/1/2020 7:35:07 AM,False,5262,Accepted,
26144457,0568000,LOUISVILLE METRO POLICE DEPT,Accepted,JEFFERSON,US0060A,,LEXINGTON,RD,,,CROSS HILL,,,,,38.245057313,-85.696748691,8.279,12/31/2019 12:00:00 AM,1724,3,3,0,0,CLEAR,DRY,False,OTHER INTERSECTION COLLISIONS,REAR END,STRAIGHT & HILLCREST,DUSK,,,1/6/2020 8:44:22 AM,False,7632,Accepted,
26127428,0568000,LOUISVILLE METRO POLICE DEPT,Accepted,JEFFERSON,US0031E,,BAXTER,AVE,,US0150,BROADWAY,,,,,38.243702855,-85.727025339,15.904,12/31/2019 12:00:00 AM,2220,3,3,0,0,CLEAR,DRY,True,OTHER INTERSECTION COLLISIONS,REAR END,STRAIGHT & LEVEL,DARK-HWY LIGHTED/ON,,,1/2/2020 8:54:39 AM,False,2816,Accepted,
26123222,0568000,LOUISVILLE METRO POLICE DEPT,Accepted,JEFFERSON,I 0265,,I265 E,,,I 0265,I265 E EXIT23 OFF RAMP TO KY155,,,,,38.184000846,-85.508260239,22.818,12/31/2019 12:00:00 AM,1107,2,2,0,0,CLOUDY,DRY,False,SIDESWIPE-SAME DIRECTION,SIDESWIPE-SAME DIRECTION,STRAIGHT & LEVEL,DAYLIGHT,,,1/1/2020 7:15:18 AM,False,2017,Accepted,
26123240,0568000,LOUISVILLE METRO POLICE DEPT,Accepted,JEFFERSON,US0031W,,DIXIE,HWY,,,KINGSFORD,,,,,38.174186655,-85.823627966,13.817,12/31/2019 12:00:00 AM,1137,2,2,0,0,CLEAR,DRY,False,SIDESWIPE-SAME DIRECTION,SIDESWIPE-SAME DIRECTION,STRAIGHT & LEVEL,DAYLIGHT,,,1/1/2020 7:18:50 AM,False,7485,Accepted,
26123263,0568000,LOUISVILLE METRO POLICE DEPT,Accepted,JEFFERSON,KY2054,,ALGONQUIN,PKWY,,US0031W,22ND,,,,,38.223326400,-85.795106923,1.503,12/31/2019 12:00:00 AM,1513,2,2,0,0,CLOUDY,DRY,False,SIDESWIPE-SAME DIRECTION,SIDESWIPE-SAME DIRECTION,STRAIGHT & LEVEL,DAYLIGHT,,,1/1/2020 7:23:39 AM,False,5282,Accepted,
26123296,0568000,LOUISVILLE METRO POLICE DEPT,Accepted,JEFFERSON,US0060,,FRANKFORT,AVE,,,POPE,,,,,38.256879941,-85.716914449,0.112,12/31/2019 12:00:00 AM,2140,2,2,0,0,CLOUDY,DRY,False,SIDESWIPE-SAME DIRECTION,SIDESWIPE-SAME DIRECTION,STRAIGHT & HILLCREST,DARK-HWY LIGHTED/ON,,,1/1/2020 7:29:12 AM,False,7304,Accepted,
26144642,0568000,LOUISVILLE METRO POLICE DEPT,Accepted,JEFFERSON,US0031E,,BUECHEL,BYP,,,BUECHEL BANK,,,,,38.190779342,-85.647533533,10.047,12/31/2019 12:00:00 AM,1054,2,2,0,0,CLOUDY,DRY,False,SIDESWIPE-SAME DIRECTION,SIDESWIPE-SAME DIRECTION,STRAIGHT & LEVEL,DAYLIGHT,,,1/6/2020 8:54:56 AM,False,7303,Accepted,
26123309,0568000,LOUISVILLE METRO POLICE DEPT,Accepted,JEFFERSON,I 0065,,,,,KY1631,CRITTENDEN,,,,,38.205445012,-85.750825045,0.237,12/31/2019 12:00:00 AM,1800,2,2,0,0,CLEAR,DRY,False,SIDESWIPE-SAME DIRECTION,SIDESWIPE-SAME DIRECTION,STRAIGHT & GRADE,DARK-HWY LIGHTED/ON,,,1/1/2020 7:31:39 AM,False,7435,Accepted,
26123235,0568000,LOUISVILLE METRO POLICE DEPT,Accepted,JEFFERSON,KY2860,,GRINSTEAD,DR,,,CHEROKEE,,,,,38.239169858,-85.719560653,0.093,12/31/2019 12:00:00 AM,0751,2,2,0,0,CLOUDY,DRY,False,SIDESWIPE-SAME DIRECTION,SIDESWIPE-SAME DIRECTION,CURVE & LEVEL,DAYLIGHT,,,1/1/2020 7:17:57 AM,False,5020,Accepted,
26119851,0568000,LOUISVILLE METRO POLICE DEPT,Accepted,JEFFERSON,US0150,,BROADWAY,,E,,CLAY,,,,,38.244836812,-85.741607292,3.300,12/31/2019 12:00:00 AM,0630,2,2,0,0,CLEAR,DRY,True,SIDESWIPE-SAME DIRECTION,SIDESWIPE-SAME DIRECTION,STRAIGHT & LEVEL,DARK-HWY LIGHTED/ON,,,12/31/2019 8:18:53 AM,False,7635,Accepted,
26123624,0560400,SHIVELY POLICE DEPARTMENT,Accepted,JEFFERSON,US0031W,4700,DIXIE,HWY,,KY2051,ROCKFORD,,,,,38.174366584,-85.823395931,13.836,12/31/2019 12:00:00 AM,1452,2,2,0,0,CLOUDY,DRY,False,OPPOSITE DIRECTION - BOTH VEHICLES GOING STRAIGHT AHEAD,SIDESWIPE-OPPOSITE DIRECTION,STRAIGHT & LEVEL,DAYLIGHT,,,1/1/2020 11:07:08 AM,False,7082,Accepted,
26123290,0568000,LOUISVILLE METRO POLICE DEPT,Accepted,JEFFERSON,US0031W,,DIXIE,HWY,,,ORELL,,,,,38.082319600,-85.881568997,6.710,12/31/2019 12:00:00 AM,1948,2,2,0,0,CLEAR,DRY,False,OPPOSING LEFT TURN,OPPOSING LEFT TURN,STRAIGHT & LEVEL,DARK-HWY LIGHTED/ON,,,1/1/2020 7:28:10 AM,False,7295,Accepted,
26123230,0568000,LOUISVILLE METRO POLICE DEPT,Accepted,JEFFERSON,KY1865,,TAYLOR,BLVD,,,ASHLAND,,,,,38.186612723,-85.783795753,5.532,12/31/2019 12:00:00 AM,0730,3,3,0,0,CLEAR,DRY,False,OPPOSING LEFT TURN,OPPOSING LEFT TURN,STRAIGHT & LEVEL,DARK-HWY LIGHTED/ON,,,1/1/2020 7:16:50 AM,False,7207,Accepted,
26123333,0568000,LOUISVILLE METRO POLICE DEPT,Accepted,JEFFERSON,KY1747,,FERN VALLEY,RD,,,PARAMOUNT PARK,,,,,38.157114062,-85.712423684,1.085,12/31/2019 12:00:00 AM,2040,2,2,0,3,CLEAR,DRY,False,OPPOSING LEFT TURN,OPPOSING LEFT TURN,STRAIGHT & LEVEL,DARK-HWY LIGHTED/ON,,,1/1/2020 7:37:29 AM,False,7016,Accepted,
26123324,0568000,LOUISVILLE METRO POLICE DEPT,Accepted,JEFFERSON,,,35TH,ST,S,,PENWAY,,,,,38.223865226,-85.814203391,1.278,12/31/2019 12:00:00 AM,2119,2,2,0,0,CLEAR,DRY,False,OPPOSING LEFT TURN,OPPOSING LEFT TURN,STRAIGHT & LEVEL,DARK-HWY LIGHTED/ON,,,1/1/2020 7:35:57 AM,False,7466,Accepted,
26162999,0568000,LOUISVILLE METRO POLICE DEPT,Accepted,JEFFERSON,KY1020,,3RD,ST,S,,IOWA,,,,,38.207620171,-85.763594438,9.684,12/31/2019 12:00:00 AM,0436,2,2,0,0,CLEAR,WET,True,OPPOSING LEFT TURN,OPPOSING LEFT TURN,STRAIGHT & LEVEL,DARK-HWY LIGHTED/ON,,,1/9/2020 8:26:22 AM,False,5163,Accepted,
26144833,0568000,LOUISVILLE METRO POLICE DEPT,Accepted,JEFFERSON,,,BASHFORD MANOR,LN,,KY1703,NEWBURG,,,,,38.195337098,-85.679169448,0.954,12/31/2019 12:00:00 AM,1445,2,2,0,0,CLOUDY,DRY,False,REAR END - ONE VEHICLE TURNING RIGHT,REAR END,STRAIGHT & LEVEL,DAYLIGHT,,,1/6/2020 9:10:53 AM,False,5119,Accepted,
26169883,0568000,LOUISVILLE METRO POLICE DEPT,Accepted,JEFFERSON,,,FLOYD,ST,S,,LIBERTY,,,,,38.252140181,-85.748512167,0.246,12/31/2019 12:00:00 AM,1535,2,1,0,0,CLEAR,DRY,False,ANGLE COLLISION - OTHER,ANGLE,STRAIGHT & LEVEL,DAYLIGHT,,,1/10/2020 10:59:36 AM,False,7266,Accepted,
26120022,0568000,LOUISVILLE METRO POLICE DEPT,Accepted,JEFFERSON,US0031E,,BARDSTOWN,RD,,I 0265,I265 E EXIT17 OFF RAMP TO US31E,,,,,38.139323964,-85.582203461,4.757,12/31/2019 12:00:00 AM,0642,2,2,0,0,CLEAR,DRY,False,ANGLE COLLISION - OTHER,ANGLE,STRAIGHT & LEVEL,DARK-HWY LIGHTED/ON,,,12/31/2019 10:14:32 AM,False,2017,Accepted,
26123221,0568000,LOUISVILLE METRO POLICE DEPT,Accepted,JEFFERSON,KY1230,,LOWER RIVER,RD,,KY1934,GREENBELT,,,,,38.098165035,-85.891947212,2.606,12/31/2019 12:00:00 AM,0858,2,2,0,2,CLEAR,DRY,False,ANGLE COLLISION - OTHER,ANGLE,STRAIGHT & LEVEL,DAYLIGHT,,,1/1/2020 7:15:09 AM,False,5259,Accepted,
26123239,0568000,LOUISVILLE METRO POLICE DEPT,Accepted,JEFFERSON,,,JOHNSON,ST,N,US0042,STORY,,,,,38.254610607,-85.731164684,0.093,12/31/2019 12:00:00 AM,1511,2,2,0,1,CLOUDY,DRY,False,ANGLE COLLISION - OTHER,ANGLE,STRAIGHT & LEVEL,DAYLIGHT,,,1/1/2020 7:18:37 AM,True,5271,Accepted,
26123237,0568000,LOUISVILLE METRO POLICE DEPT,Accepted,JEFFERSON,KY1865,,NEW CUT,RD,,KY0907,SOUTHSIDE,,,,,38.145814887,-85.775257752,2.668,12/31/2019 12:00:00 AM,1406,2,2,0,1,CLEAR,DRY,False,ANGLE COLLISION - OTHER,ANGLE,CURVE & LEVEL,DAYLIGHT,,,1/1/2020 7:18:22 AM,False,5263,Accepted,
26123289,0568000,LOUISVILLE METRO POLICE DEPT,Accepted,JEFFERSON,,,4TH,ST,S,,MAGNOLIA,,,,,38.229152515,-85.761363567,1.914,12/31/2019 12:00:00 AM,0949,2,2,0,0,CLOUDY,DRY,True,ANGLE COLLISION - OTHER,ANGLE,STRAIGHT & LEVEL,DAYLIGHT,,,1/1/2020 7:26:48 AM,False,7619,Accepted,
26123295,0568000,LOUISVILLE METRO POLICE DEPT,Accepted,JEFFERSON,KY1931,,ST ANDREWS CHURCH,RD,,,ARNOLDTOWN,,,,,38.149536444,-85.824082666,4.119,12/31/2019 12:00:00 AM,1832,2,2,0,1,CLEAR,DRY,False,ANGLE COLLISION - OTHER,ANGLE,STRAIGHT & LEVEL,DARK-HWY LIGHTED/ON,,,1/1/2020 7:29:03 AM,False,7166,Accepted,
26123315,0568000,LOUISVILLE METRO POLICE DEPT,Accepted,JEFFERSON,,,4TH,ST,S,,OAK,,,,,38.235020175,-85.760324210,1.505,12/31/2019 12:00:00 AM,1944,2,2,0,0,CLEAR,DRY,False,ANGLE COLLISION - OTHER,ANGLE,STRAIGHT & LEVEL,DARK (UNKNOWN ROADWAY LIGHTING),,,1/1/2020 7:33:12 AM,False,5111,Accepted,
26123219,0568000,LOUISVILLE METRO POLICE DEPT,Accepted,JEFFERSON,,,HILL,ST,W,,25TH,,,,,38.229943772,-85.797052043,2.215,12/31/2019 12:00:00 AM,0950,2,2,0,0,CLOUDY,DRY,True,ANGLE COLLISION - OTHER,ANGLE,STRAIGHT & LEVEL,DAYLIGHT,,,1/1/2020 7:14:51 AM,False,5282,Accepted,
26127372,0568000,LOUISVILLE METRO POLICE DEPT,Accepted,JEFFERSON,KY1020,,2ND,ST,S,US0150,BROADWAY,,,,,38.245839869,-85.755066401,12.096,12/31/2019 12:00:00 AM,2224,2,2,0,0,CLEAR,DRY,False,ANGLE COLLISION - OTHER,ANGLE,STRAIGHT & LEVEL,DARK-HWY LIGHTED/ON,,,1/2/2020 8:46:36 AM,False,5025,Accepted,
26123252,0568000,LOUISVILLE METRO POLICE DEPT,Accepted,JEFFERSON,US0060,,FRANKFORT,AVE,,,PETERSON,,,,,38.253983423,-85.698062511,1.213,12/31/2019 12:00:00 AM,1351,2,2,0,0,CLOUDY,DRY,False,ANGLE COLLISION - OTHER,ANGLE,STRAIGHT & LEVEL,DAYLIGHT,,,1/1/2020 7:21:31 AM,False,2413,Accepted,
26123250,0568000,LOUISVILLE METRO POLICE DEPT,Accepted,JEFFERSON,US0150,,BROADWAY,,W,,8TH,,,,,38.246728927,-85.765036416,2.018,12/31/2019 12:00:00 AM,1623,2,2,0,0,CLEAR,DRY,False,ANGLE COLLISION - OTHER,ANGLE,STRAIGHT & LEVEL,DAYLIGHT,,,1/1/2020 7:20:51 AM,False,5265,Accepted,
26123301,0568000,LOUISVILLE METRO POLICE DEPT,Accepted,JEFFERSON,US0150,,BROADWAY,,W,KY1020,3RD,,,,,38.245975208,-85.756747698,2.473,12/31/2019 12:00:00 AM,2229,2,2,0,0,CLEAR,DRY,False,ANGLE COLLISION - OTHER,ANGLE,STRAIGHT & LEVEL,DARK-HWY LIGHTED/ON,,,1/1/2020 7:29:47 AM,False,5148,Accepted,
26144401,0568000,LOUISVILLE METRO POLICE DEPT,Accepted,JEFFERSON,,,28TH,ST,S,,CEDAR,,,,,38.256890773,-85.796981803,0.288,12/31/2019 12:00:00 AM,1355,2,2,0,0,CLOUDY,DRY,False,ANGLE COLLISION - OTHER,ANGLE,STRAIGHT & LEVEL,DAYLIGHT,,,1/6/2020 8:37:33 AM,False,7241,Accepted,
26123227,0568000,LOUISVILLE METRO POLICE DEPT,Accepted,JEFFERSON,,,BRECKINRIDGE,ST,E,KY0864,SHELBY,,,,,38.239904204,-85.740341152,0.842,12/31/2019 12:00:00 AM,1304,3,3,0,0,CLOUDY,DRY,False,COLLISION WITH PARKED VEHICLE,REAR END,STRAIGHT & LEVEL,DAYLIGHT,,,1/1/2020 7:16:31 AM,False,5289,Accepted,
26220460,0568000,LOUISVILLE METRO POLICE DEPT,Accepted,JEFFERSON,US0031E,,BARDSTOWN,RD,,,CEDAR SPRINGS,,,,,38.145193876,-85.584964783,5.191,12/31/2019 12:00:00 AM,2115,2,2,0,1,CLOUDY,DRY,False,ANGLE COLLISION - ONE VEHICLE TURNING LEFT,ANGLE,STRAIGHT & LEVEL,DARK-HWY NOT LIGHTED,,,1/21/2020 9:30:34 AM,False,7828,Accepted,
26120021,0568000,LOUISVILLE METRO POLICE DEPT,Accepted,JEFFERSON,,,MARKET,ST,W,US0031W,22ND,,,,,38.258551323,-85.786576271,0.001,12/31/2019 12:00:00 AM,0722,2,2,0,0,CLOUDY,DRY,False,ANGLE COLLISION - ONE VEHICLE TURNING LEFT,ANGLE,STRAIGHT & LEVEL,DAWN,,,12/31/2019 10:14:27 AM,False,5268,Accepted,
26123229,0568000,LOUISVILLE METRO POLICE DEPT,Accepted,JEFFERSON,,,RAGGARD,RD,,KY1934,GREENBELT,,,,,38.174101548,-85.870897775,0.036,12/31/2019 12:00:00 AM,0943,2,2,0,2,CLOUDY,DRY,False,ANGLE COLLISION - ONE VEHICLE TURNING RIGHT,ANGLE,STRAIGHT & LEVEL,DAYLIGHT,,,1/1/2020 7:16:42 AM,False,7177,Accepted,
26119846,0568000,LOUISVILLE METRO POLICE DEPT,Accepted,JEFFERSON,,,STORY,AVE,,US0042,BROWNSBORO,,,,,38.260373293,-85.719584111,0.007,12/31/2019 12:00:00 AM,0002,2,2,0,0,CLEAR,DRY,False,COLLISION WITH PARKED VEHICLE,REAR END,STRAIGHT & LEVEL,DARK-HWY LIGHTED/ON,,,12/31/2019 8:18:20 AM,False,5148,Accepted,
26127373,0568000,LOUISVILLE METRO POLICE DEPT,Accepted,JEFFERSON,,,LANDCROSS,DR,,,BRANSTON,,,,,38.171864888,-85.857012790,0.186,12/31/2019 12:00:00 AM,1858,2,2,0,0,CLOUDY,DRY,False,COLLISION WITH PARKED VEHICLE,BACKING,STRAIGHT & LEVEL,DAYLIGHT,,,1/2/2020 8:46:51 AM,False,7340,Accepted,
26123294,0568000,LOUISVILLE METRO POLICE DEPT,Accepted,JEFFERSON,,,SEATONVILLE,RD,,KY1065,LOVERS,,,,,38.150831346,-85.579898058,0.001,12/31/2019 12:00:00 AM,2151,1,1,0,0,CLEAR,DRY,False,COLLISION WITH FIXED OBJECT IN INTERSECTION - FIRST EVENT COLLISION 09 - 32,SINGLE VEHICLE,STRAIGHT & LEVEL,DARK (UNKNOWN ROADWAY LIGHTING),,,1/1/2020 7:28:49 AM,False,5014,Accepted,
26123323,0568000,LOUISVILLE METRO POLICE DEPT,Accepted,JEFFERSON,,,MCCAWLEY,RD,,,EGYPT,,,,,38.144645160,-85.687200976,0.165,12/31/2019 12:00:00 AM,0209,2,1,0,1,CLEAR,DRY,True,COLLISION WITH PEDESTRIAN IN INTERSECTION,SINGLE VEHICLE,STRAIGHT & LEVEL,DARK-HWY LIGHTED/ON,,,1/1/2020 7:35:41 AM,False,5115,Accepted,
26123293,0568000,LOUISVILLE METRO POLICE DEPT,Accepted,JEFFERSON,,,BROAD RUN,RD,,,SEATONVILLE,,,,,38.137066496,-85.547525084,0.002,12/30/2019 12:00:00 AM,2205,1,1,0,0,CLEAR,WET,False,COLLISION WITH FIXED OBJECT IN INTERSECTION - FIRST EVENT COLLISION 09 - 32,SINGLE VEHICLE,CURVE & HILLCREST,DARK-HWY NOT LIGHTED,,,1/1/2020 7:28:34 AM,False,5014,Accepted,
26115394,0568000,LOUISVILLE METRO POLICE DEPT,Accepted,JEFFERSON,I 0264,,I264 E,,,I 0264,I264 E EXIT17A OFF RAMP TO KY155 S,,,,,38.218620179,-85.656781520,16.613,12/30/2019 12:00:00 AM,0315,1,1,0,1,CLEAR,DRY,False,COLLISION WITH FIXED OBJECT IN INTERSECTION - FIRST EVENT COLLISION 09 - 32,SINGLE VEHICLE,STRAIGHT & LEVEL,DARK-HWY LIGHTED/ON,,,12/30/2019 9:26:53 AM,False,5240,Accepted,