IncidentID,AgencyORI,AgencyName,IncidentStatusDesc,County,RdwyNumber,Street,RoadwayName,StreetSfx,StreetDir,IntersectionRdwy,IntersectionRdwyName,BetweenStRdwy1,BetweenStRdwyName1,BetweenStRdwy2,BetweenStRdwyName2,Latitude,Longitude,Milepoint,CollisionDate,CollisionTime,UnitsInvolved,MotorVehiclesInvolved,NumberKilled,NumberInjured,Weather,RdwyConditionCode,HitandRun,DirAnalysisCode,MannerofCollision,RdwyCharacter,LightCondition,RampFromRdwyId,RampToRdwyId,AcceptedDate,IsSecondaryCollision,OwnerBadge,IncidentStatus,
26119804,0568000,LOUISVILLE METRO POLICE DEPT,Accepted,JEFFERSON,,,CHESTNUT,ST,E,,BROOK,,,,,38.248286594,-85.751652883,0.053,12/30/2019 12:00:00 AM,1148,2,2,0,0,CLEAR,DRY,False,COLLISION WITH PARKED VEHICLE,REAR END,STRAIGHT & LEVEL,DAYLIGHT,,,12/31/2019 8:12:18 AM,False,5295,Accepted,
26119813,0568000,LOUISVILLE METRO POLICE DEPT,Accepted,JEFFERSON,KY1065,,OUTER,LOOP,,,SMYRNA,,,,,38.137966361,-85.641893228,8.514,12/30/2019 12:00:00 AM,1800,2,2,0,0,CLEAR,DRY,False,ANGLE COLLISION - ONE VEHICLE TURNING LEFT,ANGLE,STRAIGHT & LEVEL,DARK-HWY NOT LIGHTED,,,12/31/2019 8:13:38 AM,False,7486,Accepted,
26115406,0568000,LOUISVILLE METRO POLICE DEPT,Accepted,JEFFERSON,,,3RD,ST,S,,ARBOR,,,,,38.164613707,-85.769192264,2.366,12/30/2019 12:00:00 AM,0509,2,2,0,1,RAINING,WET,False,ANGLE COLLISION - OTHER,ANGLE,STRAIGHT & LEVEL,DARK-HWY LIGHTED/ON,,,12/30/2019 9:28:26 AM,False,7321,Accepted,
26119781,0568000,LOUISVILLE METRO POLICE DEPT,Accepted,JEFFERSON,KY0061,,PRESTON,HWY,,,PINECROFT,,,,,38.134445558,-85.684533650,3.664,12/30/2019 12:00:00 AM,0756,2,2,0,0,CLOUDY,WET,False,ANGLE COLLISION - OTHER,ANGLE,STRAIGHT & LEVEL,DAYLIGHT,,,12/31/2019 8:10:02 AM,False,2017,Accepted,
26119823,0568000,LOUISVILLE METRO POLICE DEPT,Accepted,JEFFERSON,,,1ST,ST,S,,ST CATHERINE,,,,,38.236848342,-85.754965569,1.334,12/30/2019 12:00:00 AM,0726,3,3,0,0,CLOUDY,DRY,False,ANGLE COLLISION - OTHER,ANGLE,STRAIGHT & LEVEL,DAWN,,,12/31/2019 8:15:01 AM,False,7495,Accepted,
26119828,0568000,LOUISVILLE METRO POLICE DEPT,Accepted,JEFFERSON,,,MUHAMMAD ALI,BLVD,W,,26TH,,,,,38.255229604,-85.794259527,2.290,12/30/2019 12:00:00 AM,2311,2,2,0,0,CLOUDY,DRY,False,ANGLE COLLISION - OTHER,ANGLE,STRAIGHT & LEVEL,DARK-HWY LIGHTED/ON,,,12/31/2019 8:16:01 AM,False,5047,Accepted,
26119843,0568000,LOUISVILLE METRO POLICE DEPT,Accepted,JEFFERSON,KY1447,,WESTPORT,RD,,KY1747,HURSTBOURNE,,,,,38.287618924,-85.572362612,5.237,12/30/2019 12:00:00 AM,0650,2,2,0,1,CLOUDY,WATER (STANDING OR MOVING),False,OPPOSING LEFT TURN,OPPOSING LEFT TURN,STRAIGHT & LEVEL,DARK-HWY NOT LIGHTED,,,12/31/2019 8:18:01 AM,False,7751,Accepted,
26119801,0568000,LOUISVILLE METRO POLICE DEPT,Accepted,JEFFERSON,US0031E,,BARDSTOWN,RD,,,BUECHEL,,,,,38.188357323,-85.639916125,9.549,12/30/2019 12:00:00 AM,1101,2,2,0,0,CLOUDY,DRY,False,OTHER INTERSECTION COLLISIONS,REAR END,STRAIGHT & LEVEL,DAYLIGHT,,,12/31/2019 8:11:57 AM,False,7366,Accepted,
26119850,0568000,LOUISVILLE METRO POLICE DEPT,Accepted,JEFFERSON,KY1065,,OUTER,LOOP,,,SHEPHERDSVILLE,,,,,38.138994662,-85.657480122,7.662,12/30/2019 12:00:00 AM,1615,2,2,0,0,CLOUDY,DRY,False,OTHER INTERSECTION COLLISIONS,REAR END,STRAIGHT & LEVEL,DAYLIGHT,,,12/31/2019 8:18:40 AM,False,2583,Accepted,
26123241,0568000,LOUISVILLE METRO POLICE DEPT,Accepted,JEFFERSON,,,DIXIE,HWY,,,GREENWOOD,,,,,38.240680466,-85.785431566,0.583,12/30/2019 12:00:00 AM,1235,3,3,0,1,CLEAR,DRY,False,OTHER INTERSECTION COLLISIONS,REAR TO REAR,STRAIGHT & LEVEL,DAYLIGHT,,,1/1/2020 7:19:25 AM,False,5266,Accepted,
26120577,0560300,ST. MATTHEWS POLICE DEPARTMENT,Accepted,JEFFERSON,US0060,,SHELBYVILLE,RD,,I 0264,I264 W EXIT20B OFF RAMP TO US60,,,,,38.250160308,-85.620943509,5.447,12/30/2019 12:00:00 AM,1820,3,3,0,0,CLOUDY,WET,False,OTHER INTERSECTION COLLISIONS,REAR END,STRAIGHT & LEVEL,DARK-HWY LIGHTED/ON,,,12/31/2019 2:40:23 PM,False,9193,Accepted,
26119825,0568000,LOUISVILLE METRO POLICE DEPT,Accepted,JEFFERSON,KY1703,,BAXTER,AVE,,,GRINSTEAD,,,,,38.237816551,-85.722391446,5.490,12/30/2019 12:00:00 AM,2209,2,2,0,0,CLOUDY,DRY,False,OTHER INTERSECTION COLLISIONS,REAR TO REAR,STRAIGHT & LEVEL,DARK-HWY LIGHTED/OFF,,,12/31/2019 8:15:37 AM,False,2816,Accepted,
26123236,0568000,LOUISVILLE METRO POLICE DEPT,Accepted,JEFFERSON,KY1865,,NEW CUT,RD,,KY0907,3RD ST,,,,,38.145869583,-85.775250906,2.672,12/30/2019 12:00:00 AM,1218,2,2,0,0,CLEAR,DRY,True,OTHER INTERSECTION COLLISIONS,REAR END,STRAIGHT & LEVEL,DAYLIGHT,,,1/1/2020 7:18:12 AM,False,5263,Accepted,
26119840,0568000,LOUISVILLE METRO POLICE DEPT,Accepted,JEFFERSON,KY1931,6902,MANSLICK,RD,,,,,,,,38.163340090,-85.797909396,6.109,12/30/2019 12:00:00 AM,2349,1,1,0,0,CLEAR,GRAVEL,False,COLLISION WITH FIXED OBJECT NON - INTERSECTION - FIRST EVENT COLLISION 09 - 32 EXCLUDING 16,SINGLE VEHICLE,STRAIGHT & LEVEL,DARK-HWY LIGHTED/OFF,,,12/31/2019 8:17:39 AM,False,5170,Accepted,
26119817,0568000,LOUISVILLE METRO POLICE DEPT,Accepted,JEFFERSON,,,12TH,ST,S,,,,OAK,,OLDHAM,38.236569731,-85.773567996,1.144,12/30/2019 12:00:00 AM,0906,1,1,0,0,CLOUDY,WET,True,COLLISION WITH FIXED OBJECT NON - INTERSECTION - FIRST EVENT COLLISION 09 - 32 EXCLUDING 16,SINGLE VEHICLE,STRAIGHT & LEVEL,UNKNOWN,,,12/31/2019 8:14:13 AM,False,5290,Accepted,
26123225,0568000,LOUISVILLE METRO POLICE DEPT,Accepted,JEFFERSON,I 0064,,I64 E,,,,,,,,,38.222662025,-85.517926238,18.310,12/30/2019 12:00:00 AM,1449,1,1,0,0,CLOUDY,DRY,False,COLLISION WITH FIXED OBJECT NON - INTERSECTION - FIRST EVENT COLLISION 09 - 32 EXCLUDING 16,SINGLE VEHICLE,STRAIGHT & GRADE,DAYLIGHT,,,1/1/2020 7:16:25 AM,False,7944,Accepted,
26115402,0568000,LOUISVILLE METRO POLICE DEPT,Accepted,JEFFERSON,,,JEFFERSON,BLVD,,,,,,,,38.147692445,-85.678840666,1.037,12/30/2019 12:00:00 AM,0323,1,1,0,0,CLOUDY,WET,False,COLLISION WITH FIXED OBJECT NON - INTERSECTION - FIRST EVENT COLLISION 09 - 32 EXCLUDING 16,SINGLE VEHICLE,CURVE & LEVEL,DARK-HWY LIGHTED/OFF,,,12/30/2019 9:28:00 AM,False,5042,Accepted,
26119782,0568000,LOUISVILLE METRO POLICE DEPT,Accepted,JEFFERSON,,,JUDGE,BLVD,,,,,,,,38.130495979,-85.667427210,0.545,12/30/2019 12:00:00 AM,0930,1,1,0,0,CLOUDY,MUD-DIRT,True,RAN OFF ROADWAY (1 VEHICLE WITH/EARTH EMBANKMENT/DITCH),SINGLE VEHICLE,,DAYLIGHT,,,12/31/2019 8:10:11 AM,False,2017,Accepted,
26123249,0568000,LOUISVILLE METRO POLICE DEPT,Accepted,JEFFERSON,KY0061,530,JACKSON,ST,S,,,,,,,38.237352874,-85.746933161,11.747,12/30/2019 12:00:00 AM,1718,2,2,0,0,CLEAR,DRY,False,1 VEHICLE PARKED POSITION (NOT PARKING LOT/DRIVEWAY),BACKING,STRAIGHT & LEVEL,DUSK,,,1/1/2020 7:20:43 AM,False,5265,Accepted,
26119818,0568000,LOUISVILLE METRO POLICE DEPT,Accepted,JEFFERSON,,,BEAUMONT,RD,,,,KY0155,TAYLORSVILLE,,HAWTHORNE,38.222492864,-85.667001810,0.020,12/30/2019 12:00:00 AM,1903,2,2,0,0,RAINING,WET,False,1 VEHICLE PARKED POSITION (NOT PARKING LOT/DRIVEWAY),BACKING,STRAIGHT & LEVEL,DARK-HWY LIGHTED/ON,,,12/31/2019 8:14:22 AM,False,6947,Accepted,
26119835,0568000,LOUISVILLE METRO POLICE DEPT,Accepted,JEFFERSON,,,CEDAR GARDEN,DR,,,,,CEDAR GARDEN,,CEDAR GARDEN,38.127312659,-85.590061834,0.101,12/30/2019 12:00:00 AM,1920,2,2,0,0,CLOUDY,WET,False,1 VEHICLE PARKED POSITION (NOT PARKING LOT/DRIVEWAY),BACKING,STRAIGHT & LEVEL,DARK-HWY NOT LIGHTED,,,12/31/2019 8:16:57 AM,False,5169,Accepted,
26115404,0568000,LOUISVILLE METRO POLICE DEPT,Accepted,JEFFERSON,,,WINDY WILLOW,DR,,,,,,,,38.318902962,-85.536059580,0.106,12/30/2019 12:00:00 AM,0505,2,2,0,0,CLOUDY,WET,False,1 VEHICLE PARKED POSITION (NOT PARKING LOT/DRIVEWAY),SIDESWIPE-OPPOSITE DIRECTION,STRAIGHT & LEVEL,DARK-HWY LIGHTED/ON,,,12/30/2019 9:28:18 AM,False,7475,Accepted,
26115462,0568000,LOUISVILLE METRO POLICE DEPT,Accepted,JEFFERSON,,,BLUEGRASS,AVE,,,,,CLIFF,,RUTLAND,38.179628295,-85.777443959,1.165,12/30/2019 12:00:00 AM,0815,1,1,0,0,CLOUDY,DRY,False,COLLISION WITH ANIMAL NON INTERSECTION,SINGLE VEHICLE,STRAIGHT & HILLCREST,DAYLIGHT,,,12/30/2019 9:34:39 AM,False,2499,Accepted,
26119838,0568000,LOUISVILLE METRO POLICE DEPT,Accepted,JEFFERSON,,4329,LONSDALE,AVE,,,,,,,,38.177546204,-85.786293553,0.100,12/30/2019 12:00:00 AM,1934,2,2,0,0,RAINING,WET,True,1 VEHICLE PARKED POSITION (NOT PARKING LOT/DRIVEWAY),SIDESWIPE-SAME DIRECTION,STRAIGHT & LEVEL,DARK-HWY LIGHTED/ON,,,12/31/2019 8:17:22 AM,False,5221,Accepted,
26119795,0568000,LOUISVILLE METRO POLICE DEPT,Accepted,JEFFERSON,,408,LIBERTY,ST,W,,,,,,,38.253251236,-85.757908955,0.565,12/30/2019 12:00:00 AM,1035,2,2,0,0,CLOUDY,DRY,False,1 VEHICLE PARKED POSITION (NOT PARKING LOT/DRIVEWAY),SIDESWIPE-SAME DIRECTION,STRAIGHT & LEVEL,DAYLIGHT,,,12/31/2019 8:11:29 AM,False,7345,Accepted,
26119821,0568000,LOUISVILLE METRO POLICE DEPT,Accepted,JEFFERSON,,101,38TH,ST,N,,,,,,,38.263386433,-85.811585597,0.593,12/30/2019 12:00:00 AM,1730,2,2,0,0,RAINING,WET,True,1 VEHICLE PARKED POSITION (NOT PARKING LOT/DRIVEWAY),REAR END,STRAIGHT & LEVEL,DARK-HWY LIGHTED/ON,,,12/31/2019 8:14:45 AM,False,7489,Accepted,
26119808,0568000,LOUISVILLE METRO POLICE DEPT,Accepted,JEFFERSON,KY0864,,POPLAR LEVEL,RD,,,,,,,,38.211153299,-85.718513135,12.576,12/30/2019 12:00:00 AM,1644,2,2,0,0,CLEAR,DRY,False,REAR END IN TRAFFIC LANES BOTH VEHICLES MOVING,REAR END,STRAIGHT & LEVEL,DAYLIGHT,,,12/31/2019 8:12:57 AM,False,7400,Accepted,
26119824,0568000,LOUISVILLE METRO POLICE DEPT,Accepted,JEFFERSON,I 0065,,I65 N,,,,,,,,,38.233855070,-85.750842186,134.403,12/30/2019 12:00:00 AM,1037,2,2,0,0,CLOUDY,DRY,False,REAR END IN TRAFFIC LANES BOTH VEHICLES MOVING,REAR END,STRAIGHT & LEVEL,DAYLIGHT,,,12/31/2019 8:15:15 AM,False,7495,Accepted,
26119814,0568000,LOUISVILLE METRO POLICE DEPT,Accepted,JEFFERSON,I 0065,,I65 S,,,,,,,,,38.087142428,-85.701220710,123.236,12/30/2019 12:00:00 AM,1526,3,3,0,0,CLOUDY,DRY,False,REAR END IN TRAFFIC LANES BOTH VEHICLES MOVING,REAR END,STRAIGHT & LEVEL,DAYLIGHT,,,12/31/2019 8:13:45 AM,False,7812,Accepted,
26119819,0568000,LOUISVILLE METRO POLICE DEPT,Accepted,JEFFERSON,KY0155,,TAYLORSVILLE,RD,,,,,LOWE,,HALLSDALE,38.219013336,-85.606628281,12.286,12/30/2019 12:00:00 AM,1855,2,2,0,0,CLOUDY,DRY,False,REAR END IN TRAFFIC LANES BOTH VEHICLES MOVING,REAR END,STRAIGHT & LEVEL,DARK (UNKNOWN ROADWAY LIGHTING),,,12/31/2019 8:14:36 AM,False,6100,Accepted,
26123271,0568000,LOUISVILLE METRO POLICE DEPT,Accepted,JEFFERSON,KY0864,,POPLAR LEVEL,RD,,,JEFFERSON,,,,,38.160040927,-85.671318374,8.058,12/30/2019 12:00:00 AM,1819,2,2,0,0,CLEAR,DRY,False,HEAD-ON COLLISION,HEAD ON,STRAIGHT & LEVEL,DARK-HWY LIGHTED/ON,,,1/1/2020 7:25:22 AM,False,5106,Accepted,
26144644,0568000,LOUISVILLE METRO POLICE DEPT,Accepted,JEFFERSON,KY1934,,CANE RUN,RD,,,,,MELODY ACRES,,NEW LYNNVIEW,38.187844819,-85.851605068,8.073,12/30/2019 12:00:00 AM,1500,2,2,0,0,CLEAR,DRY,False,SIDESWIPE COLLISION - SAME DIRECTION,SIDESWIPE-SAME DIRECTION,STRAIGHT & LEVEL,DAWN,,,1/6/2020 8:55:13 AM,False,7467,Accepted,
26157119,0568000,LOUISVILLE METRO POLICE DEPT,Accepted,JEFFERSON,,,8TH,ST,S,,,US0150,BROADWAY,,YORK,38.245673978,-85.765204508,0.813,12/30/2019 12:00:00 AM,0702,2,2,0,0,CLEAR,DRY,False,SIDESWIPE COLLISION - SAME DIRECTION,SIDESWIPE-SAME DIRECTION,STRAIGHT & LEVEL,DAYLIGHT,,,1/8/2020 8:25:46 AM,False,5251,Accepted,
26119796,0568000,LOUISVILLE METRO POLICE DEPT,Accepted,JEFFERSON,KY1934,,CANE RUN,RD,,,,,,,,38.190900265,-85.848643002,8.306,12/30/2019 12:00:00 AM,1254,2,2,0,0,CLOUDY,DRY,False,SIDESWIPE COLLISION - SAME DIRECTION,SIDESWIPE-SAME DIRECTION,STRAIGHT & GRADE,DAYLIGHT,,,12/31/2019 8:11:38 AM,False,5161,Accepted,
26119805,0568000,LOUISVILLE METRO POLICE DEPT,Accepted,JEFFERSON,I 0264,,I264 W,,,,,I 0264,I264 W EXIT1 ON RAMP FROM  BANK ST,I 0264,I264 W EXIT2 ON RAMP FROM  MUHAMMAD ALI BLVD,38.271566608,-85.808394223,0.410,12/30/2019 12:00:00 AM,0933,2,2,0,0,CLOUDY,DRY,False,SIDESWIPE COLLISION - SAME DIRECTION,SIDESWIPE-SAME DIRECTION,CURVE & LEVEL,DAYLIGHT,,,12/31/2019 8:12:30 AM,False,2000,Accepted,
26123223,0568000,LOUISVILLE METRO POLICE DEPT,Accepted,JEFFERSON,I 0065,,I65 N EXIT130 TRANSIT,,,,,,,,,38.181283101,-85.721004863,0.347,12/30/2019 12:00:00 AM,1300,2,2,0,0,CLOUDY,DRY,False,SIDESWIPE COLLISION - SAME DIRECTION,SIDESWIPE-SAME DIRECTION,CURVE & LEVEL,DAYLIGHT,,,1/1/2020 7:15:57 AM,False,7944,Accepted,
26123341,0568000,LOUISVILLE METRO POLICE DEPT,Accepted,JEFFERSON,,2115,PATTERSON,AVE,,,,,,,,38.238564740,-85.716986676,0.141,12/30/2019 12:00:00 AM,2200,3,3,0,0,CLEAR,DRY,False,1 VEHICLE ENTERING/LEAVING ENTRANCE,ANGLE,STRAIGHT & LEVEL,DARK-HWY LIGHTED/ON,,,1/1/2020 7:40:06 AM,False,5152,Accepted,
26119809,0568000,LOUISVILLE METRO POLICE DEPT,Accepted,JEFFERSON,KY0907,,3RD ST,RD,,,,,,,,38.123973180,-85.798266227,4.342,12/30/2019 12:00:00 AM,1546,2,2,0,0,CLOUDY,WET,False,1 VEHICLE ENTERING/LEAVING ENTRANCE,ANGLE,STRAIGHT & LEVEL,DAYLIGHT,,,12/31/2019 8:13:06 AM,False,7174,Accepted,
26119810,0568000,LOUISVILLE METRO POLICE DEPT,Accepted,JEFFERSON,KY0864,,POPLAR LEVEL,RD,,,,,RANGELAND,,INDIAN,38.171222315,-85.684553230,9.185,12/30/2019 12:00:00 AM,1047,2,2,0,0,CLOUDY,DRY,False,1 VEHICLE ENTERING/LEAVING ENTRANCE,ANGLE,STRAIGHT & LEVEL,DAYLIGHT,,,12/31/2019 8:13:14 AM,False,7473,Accepted,
26123265,0568000,LOUISVILLE METRO POLICE DEPT,Accepted,JEFFERSON,,,HUDSON,LN,,,,,ROMAN,,STOUT,38.170597238,-85.595786144,0.533,12/30/2019 12:00:00 AM,1756,2,2,0,0,CLOUDY,DRY,False,VEHICLE BACKING NON INTERSECTION,BACKING,STRAIGHT & LEVEL,DARK-HWY LIGHTED/OFF,,,1/1/2020 7:24:46 AM,False,5270,Accepted,
26119815,0568000,LOUISVILLE METRO POLICE DEPT,Accepted,JEFFERSON,,1527,HIGHLAND,AVE,,,,,RUBEL,US0031E,BAXTER,38.239899744,-85.725002598,0.694,12/30/2019 12:00:00 AM,1156,2,2,0,0,CLOUDY,DRY,False,VEHICLE BACKING NON INTERSECTION,BACKING,STRAIGHT & LEVEL,DAYLIGHT,,,12/31/2019 8:13:53 AM,False,5020,Accepted,
26123244,0568000,LOUISVILLE METRO POLICE DEPT,Accepted,JEFFERSON,,,MUHAMMAD ALI,BLVD,W,,,,1ST,KY1020,2ND,38.250756248,-85.754059324,0.080,12/30/2019 12:00:00 AM,1550,2,2,0,0,CLOUDY,DRY,True,VEHICLE BACKING NON INTERSECTION,BACKING,STRAIGHT & LEVEL,DAYLIGHT,,,1/1/2020 7:20:02 AM,False,2854,Accepted,
26119844,0568000,LOUISVILLE METRO POLICE DEPT,Accepted,JEFFERSON,US0060,,SHELBYVILLE,RD,,,,,WILDWOOD,,PROMENADE,38.246180426,-85.573039558,8.071,12/30/2019 12:00:00 AM,1457,2,2,0,0,CLOUDY,DRY,False,OTHER ROADWAY OR MID-BLOCK COLLISION,REAR END,STRAIGHT & LEVEL,DAYLIGHT,,,12/31/2019 8:18:12 AM,False,7751,Accepted,
26119788,0568000,LOUISVILLE METRO POLICE DEPT,Accepted,JEFFERSON,KY1065,,OUTER,LOOP,,,,,LAUREL RIDGE,,JUDGE,38.137784009,-85.671626104,6.883,12/30/2019 12:00:00 AM,1006,2,2,0,0,CLOUDY,WET,False,OTHER ROADWAY OR MID-BLOCK COLLISION,REAR END,STRAIGHT & LEVEL,DAYLIGHT,,,12/31/2019 8:10:42 AM,False,2547,Accepted,
26123247,0568000,LOUISVILLE METRO POLICE DEPT,Accepted,JEFFERSON,,,STONESTREET,RD,,,,,,,,38.100845118,-85.826107729,2.325,12/30/2019 12:00:00 AM,1729,2,2,0,0,CLEAR,DRY,False,OTHER ROADWAY OR MID-BLOCK COLLISION,REAR END,STRAIGHT & GRADE,DARK-HWY NOT LIGHTED,,,1/1/2020 7:20:27 AM,False,8278,Accepted,
26123242,0568000,LOUISVILLE METRO POLICE DEPT,Accepted,JEFFERSON,KY0864,4400,POPLAR LEVEL,RD,,,,,,,,38.188422665,-85.702823839,10.763,12/30/2019 12:00:00 AM,1627,2,2,0,0,CLEAR,DRY,False,OTHER ROADWAY OR MID-BLOCK COLLISION,OPPOSING LEFT TURN,STRAIGHT & LEVEL,DAYLIGHT,,,1/1/2020 7:19:43 AM,False,7879,Accepted,
26118397,0560300,ST. MATTHEWS POLICE DEPARTMENT,Accepted,JEFFERSON,US0060,5005,SHELBYVILLE,RD,,,,,,,,38.250302288,-85.622985011,5.336,12/30/2019 12:00:00 AM,1820,2,2,0,0,CLOUDY,DRY,False,OTHER ROADWAY OR MID-BLOCK COLLISION,REAR END,STRAIGHT & LEVEL,DARK-HWY LIGHTED/ON,,,12/30/2019 10:51:51 PM,False,9192,Accepted,
26123246,0568000,LOUISVILLE METRO POLICE DEPT,Accepted,JEFFERSON,I 0264,,,,,,,,,,,38.194596775,-85.707556800,0.300,12/30/2019 12:00:00 AM,1359,2,2,0,0,CLOUDY,DRY,False,OTHER RAMP RELATED COLLISIONS NOT LISTED ABOVE,REAR END,CURVE & GRADE,DAYLIGHT,I 0264,KY0864,1/1/2020 7:20:20 AM,False,8278,Accepted,
26144652,0568000,LOUISVILLE METRO POLICE DEPT,Accepted,JEFFERSON,I 0264,,,,,,,,,,,38.210598450,-85.670930829,0.323,12/30/2019 12:00:00 AM,0942,2,2,0,0,CLOUDY,DRY,False,OTHER RAMP RELATED COLLISIONS NOT LISTED ABOVE,REAR END,CURVE & LEVEL,DAYLIGHT,I 0264,US31E S,1/6/2020 8:55:30 AM,False,7840,Accepted,
26119798,0568000,LOUISVILLE METRO POLICE DEPT,Accepted,JEFFERSON,I 0064,,,,,,,,,,,38.225519725,-85.586449229,0.300,12/30/2019 12:00:00 AM,1310,2,2,0,0,CLEAR,DRY,False,OTHER RAMP RELATED COLLISIONS NOT LISTED ABOVE,SIDESWIPE-SAME DIRECTION,CURVE & LEVEL,DAYLIGHT,I 0064,KY1747,12/31/2019 8:11:46 AM,False,2142,Accepted,
26119833,0568000,LOUISVILLE METRO POLICE DEPT,Accepted,JEFFERSON,KY0061,5747,PRESTON,HWY,,,,,,,,38.166902919,-85.702662425,5.650,12/30/2019 12:00:00 AM,2027,2,2,0,0,RAINING,WET,True,COLLISION IN PARKING LOT,REAR TO REAR,STRAIGHT & LEVEL,DARK-HWY LIGHTED/ON,,,12/31/2019 8:16:44 AM,False,5269,Accepted,
26115342,0568000,LOUISVILLE METRO POLICE DEPT,Accepted,JEFFERSON,US0031E,4154,BARDSTOWN,RD,,,,,,,,38.189424137,-85.642367050,9.753,12/29/2019 12:00:00 AM,1722,2,2,0,0,RAINING,WET,False,COLLISION IN PARKING LOT,REAR END,STRAIGHT & LEVEL,DARK-HWY LIGHTED/ON,,,12/30/2019 9:19:12 AM,False,7338,Accepted,
26151111,0568000,LOUISVILLE METRO POLICE DEPT,Accepted,JEFFERSON,KY0061,2403,SHELBY,ST,S,,,,,,,38.213834655,-85.741999190,10.049,12/29/2019 12:00:00 AM,0035,2,2,0,0,CLEAR,DRY,True,COLLISION IN PARKING LOT,BACKING,STRAIGHT & LEVEL,DARK (UNKNOWN ROADWAY LIGHTING),,,1/7/2020 8:23:22 AM,False,7418,Accepted,
26115397,0568000,LOUISVILLE METRO POLICE DEPT,Accepted,JEFFERSON,,3005,SPRINGFIELD,DR,,,,,,,,38.147891902,-85.815559395,0.275,12/29/2019 12:00:00 AM,2005,2,2,0,0,RAINING,WET,False,COLLISION IN PARKING LOT,SIDESWIPE-SAME DIRECTION,STRAIGHT & LEVEL,DARK-HWY LIGHTED/ON,,,12/30/2019 9:27:15 AM,False,2721,Accepted,
26127383,0568000,LOUISVILLE METRO POLICE DEPT,Accepted,JEFFERSON,I 0065,,,,,,,,,,,38.157415924,-85.716342454,0.482,12/29/2019 12:00:00 AM,2007,2,2,0,0,RAINING,WET,False,OTHER RAMP RELATED COLLISIONS NOT LISTED ABOVE,ANGLE,CURVE & LEVEL,DARK-HWY LIGHTED/ON,I 0065,KY1631,1/2/2020 8:49:28 AM,False,6360,Accepted,
26115317,0568000,LOUISVILLE METRO POLICE DEPT,Accepted,JEFFERSON,I 0065,,,,,,,,,,,38.150997970,-85.713861963,1.365,12/29/2019 12:00:00 AM,1312,2,2,0,1,FOG WITH RAIN,WATER (STANDING OR MOVING),False,OTHER RAMP RELATED COLLISIONS NOT LISTED ABOVE,SIDESWIPE-SAME DIRECTION,STRAIGHT & GRADE,DAYLIGHT,I 0065,KY1631,12/30/2019 9:15:40 AM,False,7669,Accepted,
26115361,0568000,LOUISVILLE METRO POLICE DEPT,Accepted,JEFFERSON,US0031E,,BARDSTOWN,RD,,,,,,,,38.152644654,-85.588550486,5.754,12/29/2019 12:00:00 AM,1722,2,2,0,0,RAINING,WET,False,OTHER ROADWAY OR MID-BLOCK COLLISION,REAR END,STRAIGHT & LEVEL,DARK-HWY LIGHTED/ON,,,12/30/2019 9:22:14 AM,False,7255,Accepted,
26115369,0568000,LOUISVILLE METRO POLICE DEPT,Accepted,JEFFERSON,I 0071,,I71 S,,,,,,,,,38.321925956,-85.557528764,10.517,12/29/2019 12:00:00 AM,1843,1,1,0,0,RAINING,WATER (STANDING OR MOVING),False,OTHER ROADWAY OR MID-BLOCK COLLISION,SINGLE VEHICLE,STRAIGHT & LEVEL,DUSK,,,12/30/2019 9:23:24 AM,False,5030,Accepted,
26115357,0568000,LOUISVILLE METRO POLICE DEPT,Accepted,JEFFERSON,KY1747,,HURSTBOURNE,PKWY,S,,,,STONY BROOK,KY1747,KY1747 CROSSOVER,38.171952707,-85.604845428,7.700,12/29/2019 12:00:00 AM,1732,2,2,0,0,RAINING,WET,False,OTHER ROADWAY OR MID-BLOCK COLLISION,REAR END,STRAIGHT & GRADE,DARK-HWY NOT LIGHTED,,,12/30/2019 9:21:02 AM,False,7278,Accepted,
26115384,0568000,LOUISVILLE METRO POLICE DEPT,Accepted,JEFFERSON,KY1065,,BEULAH CHURCH,RD,,,,,,,,38.137653573,-85.613454213,10.010,12/29/2019 12:00:00 AM,2037,2,2,0,0,RAINING,WET,False,OTHER ROADWAY OR MID-BLOCK COLLISION,REAR END,STRAIGHT & LEVEL,DARK-HWY LIGHTED/ON,,,12/30/2019 9:25:24 AM,False,7449,Accepted,
26473806,0568000,LOUISVILLE METRO POLICE DEPT,Accepted,JEFFERSON,KY0841,,GENE SNYDER,FWY,,,,,,,,38.117941996,-85.738139019,8.196,12/29/2019 12:00:00 AM,0956,1,1,0,0,RAINING,WET,False,OTHER ROADWAY OR MID-BLOCK COLLISION,SINGLE VEHICLE,STRAIGHT & GRADE,DAYLIGHT,,,3/6/2020 1:21:40 PM,False,7221,Accepted,
26115322,0568000,LOUISVILLE METRO POLICE DEPT,Accepted,JEFFERSON,I 0065,,,,,,,,,,,38.192044732,-85.729831632,1.245,12/29/2019 12:00:00 AM,1351,1,1,0,1,RAINING,WET,False,COLLISION WITH FIXED OBJECT NOT IN GORE ,SINGLE VEHICLE,CURVE & GRADE,DAYLIGHT,I 0065,I 0264,12/30/2019 9:16:14 AM,False,5288,Accepted,