IncidentID,AgencyORI,AgencyName,IncidentStatusDesc,County,RdwyNumber,Street,RoadwayName,StreetSfx,StreetDir,IntersectionRdwy,IntersectionRdwyName,BetweenStRdwy1,BetweenStRdwyName1,BetweenStRdwy2,BetweenStRdwyName2,Latitude,Longitude,Milepoint,CollisionDate,CollisionTime,UnitsInvolved,MotorVehiclesInvolved,NumberKilled,NumberInjured,Weather,RdwyConditionCode,HitandRun,DirAnalysisCode,MannerofCollision,RdwyCharacter,LightCondition,RampFromRdwyId,RampToRdwyId,AcceptedDate,IsSecondaryCollision,OwnerBadge,IncidentStatus,
26198363,0568000,LOUISVILLE METRO POLICE DEPT,Accepted,JEFFERSON,I 0065,,I65 N,,,,,,,,,38.157666190,-85.718238769,128.288,12/29/2019 12:00:00 AM,1239,2,2,0,1,RAINING,WET,False,1 VEHICLE ENTERING/LEAVING ENTRANCE,ANGLE,STRAIGHT & LEVEL,DAYLIGHT,,,1/16/2020 8:14:52 AM,False,7269,Accepted,
26119806,0568000,LOUISVILLE METRO POLICE DEPT,Accepted,JEFFERSON,,,OAK,ST,W,,,,,,,38.237665216,-85.792663424,2.045,12/29/2019 12:00:00 AM,1030,2,2,0,0,RAINING,WET,False,1 VEHICLE ENTERING/LEAVING ENTRANCE,ANGLE,STRAIGHT & LEVEL,DAYLIGHT,,,12/31/2019 8:12:45 AM,False,5114,Accepted,
26127377,0568000,LOUISVILLE METRO POLICE DEPT,Accepted,JEFFERSON,I 0064,,I64 E,,,,,,,,,38.265480948,-85.777501655,3.186,12/29/2019 12:00:00 AM,1300,2,2,0,0,RAINING,WET,False,1 VEHICLE ENTERING/LEAVING ENTRANCE,ANGLE,STRAIGHT & LEVEL,DAYLIGHT,,,1/2/2020 8:48:17 AM,False,5275,Accepted,
26115380,0568000,LOUISVILLE METRO POLICE DEPT,Accepted,JEFFERSON,,3015,WILSON,AVE,,,,,,,,38.227062328,-85.806846071,1.951,12/29/2019 12:00:00 AM,2237,2,2,0,0,RAINING,WET,True,1 VEHICLE ENTERING/LEAVING ENTRANCE,ANGLE,STRAIGHT & LEVEL,DARK-HWY LIGHTED/ON,,,12/30/2019 9:24:17 AM,False,7181,Accepted,
26115388,0568000,LOUISVILLE METRO POLICE DEPT,Accepted,JEFFERSON,,,WOODLAWN,AVE,W,,,,,,,38.181816800,-85.768434245,0.656,12/29/2019 12:00:00 AM,0440,2,2,0,0,RAINING,WET,False,1 VEHICLE ENTERING/LEAVING ENTRANCE,ANGLE,STRAIGHT & LEVEL,DARK-HWY LIGHTED/ON,,,12/30/2019 9:26:04 AM,False,7560,Accepted,
26115392,0568000,LOUISVILLE METRO POLICE DEPT,Accepted,JEFFERSON,,3224,MUHAMMAD ALI,BLVD,W,,,,,,,38.256600977,-85.807455116,3.040,12/29/2019 12:00:00 AM,2125,2,2,0,2,RAINING,WET,False,1 VEHICLE ENTERING/LEAVING ENTRANCE,ANGLE,STRAIGHT & LEVEL,DARK-HWY LIGHTED/ON,,,12/30/2019 9:26:35 AM,False,7481,Accepted,
26115339,0568000,LOUISVILLE METRO POLICE DEPT,Accepted,JEFFERSON,,,BROOK,ST,S,,,,CHESTNUT,,MUHAMMAD ALI,38.248940606,-85.751848972,3.087,12/29/2019 12:00:00 AM,1630,2,2,0,0,RAINING,WET,False,SIDESWIPE COLLISION - SAME DIRECTION,SIDESWIPE-SAME DIRECTION,STRAIGHT & LEVEL,DAYLIGHT,,,12/30/2019 9:18:44 AM,False,6907,Accepted,
26115336,0568000,LOUISVILLE METRO POLICE DEPT,Accepted,JEFFERSON,I 0064,,I64 W,,,,,,,,,38.276736246,-85.795259034,1.726,12/29/2019 12:00:00 AM,1607,2,2,0,0,RAINING,WET,False,SIDESWIPE COLLISION - SAME DIRECTION,SIDESWIPE-SAME DIRECTION,CURVE & HILLCREST,DAYLIGHT,,,12/30/2019 9:18:28 AM,False,7988,Accepted,
26115359,0568000,LOUISVILLE METRO POLICE DEPT,Accepted,JEFFERSON,,,CRUMS,LN,,,,,,,,38.189918450,-85.804841328,0.230,12/29/2019 12:00:00 AM,1316,2,2,0,2,RAINING,WET,False,SIDESWIPE COLLISION - OPPOSITE DIRECTION,SIDESWIPE-OPPOSITE DIRECTION,CURVE & LEVEL,DAYLIGHT,,,12/30/2019 9:21:38 AM,False,5127,Accepted,
26115358,0568000,LOUISVILLE METRO POLICE DEPT,Accepted,JEFFERSON,I 0064,,I64 E,,,,,I 0064,I64 E EXIT17 ON RAMP FROM KY913,I 0064,I64 E EXIT19A RAMP TO I265 S,38.222773815,-85.512534736,18.599,12/29/2019 12:00:00 AM,1805,2,2,0,0,RAINING,WET,False,REAR END IN TRAFFIC LANES BOTH VEHICLES MOVING,REAR END,STRAIGHT & LEVEL,DARK-HWY LIGHTED/ON,,,12/30/2019 9:21:26 AM,False,6334,Accepted,
26115373,0568000,LOUISVILLE METRO POLICE DEPT,Accepted,JEFFERSON,,,BONNYCASTLE,AVE,,,,,,,,38.230771345,-85.704920437,0.539,12/29/2019 12:00:00 AM,1904,2,2,0,0,RAINING,WET,False,REAR END IN TRAFFIC LANES BOTH VEHICLES MOVING,REAR END,STRAIGHT & LEVEL,DARK-HWY LIGHTED/ON,,,12/30/2019 9:23:31 AM,False,5112,Accepted,
26115391,0568000,LOUISVILLE METRO POLICE DEPT,Accepted,JEFFERSON,I 0064,,I64 E,,,,,,,,,38.275081056,-85.812780900,0.827,12/29/2019 12:00:00 AM,1913,2,2,0,1,RAINING,WET,False,REAR END IN TRAFFIC LANES BOTH VEHICLES MOVING,REAR END,STRAIGHT & LEVEL,DARK-HWY LIGHTED/ON,,,12/30/2019 9:26:22 AM,False,7481,Accepted,
26170022,0568000,LOUISVILLE METRO POLICE DEPT,Accepted,JEFFERSON,,3140,RIVER PARK,DR,,,,,,,,38.254001846,-85.803636157,1.280,12/29/2019 12:00:00 AM,0358,2,1,0,0,RAINING,WET,True,1 VEHICLE PARKED POSITION (NOT PARKING LOT/DRIVEWAY),SIDESWIPE-SAME DIRECTION,STRAIGHT & LEVEL,DARK-HWY LIGHTED/OFF,,,1/10/2020 11:21:56 AM,False,7253,Accepted,
26115305,0568000,LOUISVILLE METRO POLICE DEPT,Accepted,JEFFERSON,,,ANGIES,WAY,,,,,NORTON HEALTHCARE,,CHAMBERLAIN,38.315018385,-85.568649073,0.216,12/29/2019 12:00:00 AM,1156,1,1,0,0,RAINING,WET,False,COLLISION WITH FIXED OBJECT NON - INTERSECTION - FIRST EVENT COLLISION 09 - 32 EXCLUDING 16,SINGLE VEHICLE,STRAIGHT & LEVEL,DAYLIGHT,,,12/30/2019 9:13:33 AM,False,2969,Accepted,
26198424,0568000,LOUISVILLE METRO POLICE DEPT,Accepted,JEFFERSON,KY1020,,3RD,ST,S,,,,CARDINAL,,BRANDEIS,38.219364905,-85.761396674,10.240,12/29/2019 12:00:00 AM,2216,1,1,0,1,CLOUDY,WET,False,COLLISION WITH FIXED OBJECT NON - INTERSECTION - FIRST EVENT COLLISION 09 - 32 EXCLUDING 16,SINGLE VEHICLE,CURVE & LEVEL,DARK-HWY LIGHTED/ON,,,1/16/2020 8:20:06 AM,False,7527,Accepted,
26115313,0568000,LOUISVILLE METRO POLICE DEPT,Accepted,JEFFERSON,,,PATTERSON,AVE,,US0031E,BARDSTOWN,,,,,38.237358266,-85.719056788,0.002,12/29/2019 12:00:00 AM,1419,3,3,0,0,RAINING,WET,False,OTHER INTERSECTION COLLISIONS,REAR END,STRAIGHT & LEVEL,DAYLIGHT,,,12/30/2019 9:14:58 AM,False,5243,Accepted,
26115329,0568000,LOUISVILLE METRO POLICE DEPT,Accepted,JEFFERSON,KY1020,,2ND,ST,S,,JEFFERSON,,,,,38.253479063,-85.753708447,12.627,12/29/2019 12:00:00 AM,1344,2,2,0,0,RAINING,WET,False,OTHER INTERSECTION COLLISIONS,REAR END,STRAIGHT & LEVEL,DAYLIGHT,,,12/30/2019 9:17:17 AM,False,5187,Accepted,
26115320,0568000,LOUISVILLE METRO POLICE DEPT,Accepted,JEFFERSON,,,37TH,ST,S,,DOERHOEFER,,,,,38.248089484,-85.812817683,0.136,12/29/2019 12:00:00 AM,1451,2,2,0,0,RAINING,WET,False,SIDESWIPE-SAME DIRECTION,SIDESWIPE-SAME DIRECTION,STRAIGHT & LEVEL,DAYLIGHT,,,12/30/2019 9:15:57 AM,False,7458,Accepted,
26115386,0568000,LOUISVILLE METRO POLICE DEPT,Accepted,JEFFERSON,,,JOHNSONTOWN,WAY,,,JOHNSONTOWN,,,,,38.116239030,-85.890376318,0.057,12/29/2019 12:00:00 AM,1904,2,2,0,0,RAINING,WET,True,SIDESWIPE-SAME DIRECTION,SIDESWIPE-SAME DIRECTION,STRAIGHT & LEVEL,DARK-HWY LIGHTED/ON,,,12/30/2019 9:25:49 AM,False,5211,Accepted,
26127375,0568000,LOUISVILLE METRO POLICE DEPT,Accepted,JEFFERSON,KY0061,,PRESTON,HWY,,KY6306,KY6306,,,,,38.096375916,-85.670086909,0.888,12/29/2019 12:00:00 AM,1806,2,2,0,0,RAINING,WET,False,OTHER INTERSECTION COLLISIONS,REAR END,STRAIGHT & GRADE,DARK-HWY NOT LIGHTED,,,1/2/2020 8:47:15 AM,False,6494,Accepted,
26115398,0568000,LOUISVILLE METRO POLICE DEPT,Accepted,JEFFERSON,KY1020,,3RD,ST,S,,YORK,,,,,38.244038346,-85.757065568,11.968,12/29/2019 12:00:00 AM,1836,2,2,0,0,RAINING,WET,False,OTHER INTERSECTION COLLISIONS,REAR END,STRAIGHT & LEVEL,DARK-HWY LIGHTED/ON,,,12/30/2019 9:27:22 AM,False,5186,Accepted,
26115375,0568000,LOUISVILLE METRO POLICE DEPT,Accepted,JEFFERSON,US0060A,,EASTERN,PKWY,,KY0061,SHELBY,,,,,38.214834330,-85.742649259,4.582,12/29/2019 12:00:00 AM,0419,2,2,0,2,RAINING,WET,True,OTHER INTERSECTION COLLISIONS,REAR END,STRAIGHT & LEVEL,DARK (UNKNOWN ROADWAY LIGHTING),,,12/30/2019 9:23:40 AM,False,5050,Accepted,
26115349,0568000,LOUISVILLE METRO POLICE DEPT,Accepted,JEFFERSON,KY0155,,TAYLORSVILLE,RD,,,LOWE,,,,,38.219054927,-85.606836056,12.299,12/29/2019 12:00:00 AM,1730,3,3,0,0,RAINING,WET,False,OTHER INTERSECTION COLLISIONS,REAR END,STRAIGHT & LEVEL,DARK-HWY NOT LIGHTED,,,12/30/2019 9:20:10 AM,False,7540,Accepted,
26262716,0568000,LOUISVILLE METRO POLICE DEPT,Accepted,JEFFERSON,,,MURPHY,LN,,KY1447,WESTPORT,,,,,38.302054171,-85.532611577,0.003,12/29/2019 12:00:00 AM,0724,2,2,0,0,CLEAR,DRY,False,REAR END - ONE VEHICLE TURNING RIGHT,REAR END,STRAIGHT & LEVEL,DAWN,,,1/29/2020 3:25:14 PM,False,2969,Accepted,
26115377,0568000,LOUISVILLE METRO POLICE DEPT,Accepted,JEFFERSON,US0031E,,BAXTER,AVE,,,MORTON,,,,,38.241408069,-85.725232015,15.737,12/29/2019 12:00:00 AM,0047,2,2,0,0,CLEAR,DRY,False,VEHICLE BACKING IN INTERSECTION,BACKING,STRAIGHT & LEVEL,DARK-HWY LIGHTED/ON,,,12/30/2019 9:23:49 AM,False,7049,Accepted,
26115365,0568000,LOUISVILLE METRO POLICE DEPT,Accepted,JEFFERSON,,,LINCOLN,AVE,,,LINDBERGH,,,,,38.215010218,-85.776365831,0.438,12/29/2019 12:00:00 AM,1732,2,2,0,0,RAINING,WET,False,ANGLE COLLISION - OTHER,ANGLE,STRAIGHT & LEVEL,DARK-HWY LIGHTED/ON,,,12/30/2019 9:23:17 AM,False,7422,Accepted,
26115393,0568000,LOUISVILLE METRO POLICE DEPT,Accepted,JEFFERSON,US0031W,,MAIN,ST,W,,3RD,,,,,38.256477299,-85.754902271,22.017,12/29/2019 12:00:00 AM,2319,2,2,0,1,RAINING,WET,False,ANGLE COLLISION - OTHER,ANGLE,STRAIGHT & HILLCREST,DARK-HWY LIGHTED/ON,,,12/30/2019 9:26:45 AM,False,5251,Accepted,
26115310,0568000,LOUISVILLE METRO POLICE DEPT,Accepted,JEFFERSON,KY1747,,HURSTBOURNE,PKWY,S,,SIX MILE,,,,,38.198574665,-85.602998275,9.582,12/29/2019 12:00:00 AM,1337,2,2,0,0,RAINING,WET,False,ANGLE COLLISION - OTHER,ANGLE,STRAIGHT & LEVEL,DAYLIGHT,,,12/30/2019 9:14:45 AM,False,7338,Accepted,
26115356,0568000,LOUISVILLE METRO POLICE DEPT,Accepted,JEFFERSON,US0031E,,BARDSTOWN,RD,,,GLENWORTH,,,,,38.203826930,-85.665319042,11.444,12/29/2019 12:00:00 AM,1805,2,2,0,0,RAINING,WET,False,ANGLE COLLISION - OTHER,ANGLE,STRAIGHT & LEVEL,DARK-HWY LIGHTED/ON,,,12/30/2019 9:20:44 AM,False,7431,Accepted,
26115379,0568000,LOUISVILLE METRO POLICE DEPT,Accepted,JEFFERSON,,,DIXIE,HWY,,,OSAGE,,,,,38.238997896,-85.786093988,0.721,12/29/2019 12:00:00 AM,2226,2,2,0,0,RAINING,WET,False,ANGLE COLLISION - OTHER,ANGLE,STRAIGHT & LEVEL,DARK-HWY LIGHTED/ON,,,12/30/2019 9:23:58 AM,False,5256,Accepted,
26115354,0568000,LOUISVILLE METRO POLICE DEPT,Accepted,JEFFERSON,US0060,,FRANKFORT,AVE,,,HILLCREST,,,,,38.254593537,-85.684218067,1.976,12/29/2019 12:00:00 AM,1813,2,2,0,0,RAINING,WET,False,ANGLE COLLISION - OTHER,ANGLE,STRAIGHT & LEVEL,DARK-HWY LIGHTED/ON,,,12/30/2019 9:20:27 AM,False,7833,Accepted,
26115362,0568000,LOUISVILLE METRO POLICE DEPT,Accepted,JEFFERSON,,,HILL,ST,W,,MCCLOSKEY,,,,,38.228212897,-85.787575845,1.660,12/29/2019 12:00:00 AM,1244,2,2,0,2,RAINING,WET,False,ANGLE COLLISION - OTHER,ANGLE,STRAIGHT & LEVEL,DAYLIGHT,,,12/30/2019 9:22:45 AM,False,7381,Accepted,
26115403,0568000,LOUISVILLE METRO POLICE DEPT,Accepted,JEFFERSON,,,3RD,ST,S,,WHITNEY,,,,,38.193974901,-85.764959408,0.457,12/29/2019 12:00:00 AM,1824,2,2,0,0,RAINING,WET,True,ANGLE COLLISION - OTHER,ANGLE,STRAIGHT & LEVEL,DUSK,,,12/30/2019 9:28:09 AM,False,7291,Accepted,
26115306,0568000,LOUISVILLE METRO POLICE DEPT,Accepted,JEFFERSON,KY1934,,CANE RUN,RD,,KY2049,CRUMS,,,,,38.199290376,-85.837326695,9.184,12/29/2019 12:00:00 AM,1142,2,2,0,0,RAINING,WET,False,ANGLE COLLISION - ONE VEHICLE TURNING LEFT,ANGLE,STRAIGHT & LEVEL,DAYLIGHT,,,12/30/2019 9:13:43 AM,False,2569,Accepted,
26127420,0568000,LOUISVILLE METRO POLICE DEPT,Accepted,JEFFERSON,US0031W,,DIXIE,HWY,,,FLINTLOCK,,,,,38.160040221,-85.832796037,12.729,12/29/2019 12:00:00 AM,2148,1,1,0,0,RAINING,WET,False,COLLISION WITH FIXED OBJECT IN INTERSECTION - FIRST EVENT COLLISION 09 - 32,SINGLE VEHICLE,STRAIGHT & LEVEL,DARK-HWY LIGHTED/ON,,,1/2/2020 8:53:26 AM,False,5059,Accepted,
26115401,0568000,LOUISVILLE METRO POLICE DEPT,Accepted,JEFFERSON,I 0065,,I65 N,,,,,I 0065,I65 N EXIT128 ON RAMP FROM KY1631,I 0065,I65 N EXIT130 OFF RAMP TO KY61,38.172963306,-85.720186635,129.369,12/29/2019 12:00:00 AM,1853,2,2,0,0,RAINING,WATER (STANDING OR MOVING),False,,REAR END,CURVE & GRADE,DARK-HWY LIGHTED/ON,,,12/30/2019 9:27:39 AM,False,5053,Accepted,
26115363,0568000,LOUISVILLE METRO POLICE DEPT,Accepted,JEFFERSON,KY0864,,POPLAR LEVEL,RD,,,TILE FACTORY,,,,,38.184669383,-85.699964331,10.462,12/29/2019 12:00:00 AM,0505,2,1,0,1,RAINING,WET,False,COLLISION WITH PEDESTRIAN IN INTERSECTION,SINGLE VEHICLE,STRAIGHT & LEVEL,DARK-HWY LIGHTED/ON,,,12/30/2019 9:23:06 AM,False,5189,Accepted,
26115272,0568000,LOUISVILLE METRO POLICE DEPT,Accepted,JEFFERSON,US0031W,,DIXIE,HWY,,KY1931,GREENWOOD,,,,,38.143494826,-85.839684339,11.691,12/28/2019 12:00:00 AM,1859,2,1,0,1,CLEAR,DRY,False,COLLISION WITH PEDESTRIAN IN INTERSECTION,SINGLE VEHICLE,STRAIGHT & LEVEL,DARK-HWY LIGHTED/ON,,,12/30/2019 9:08:22 AM,False,5059,Accepted,
26460065,0568000,LOUISVILLE METRO POLICE DEPT,Accepted,JEFFERSON,,,ARNOLDTOWN,RD,,,HARDWOOD FOREST,,,,,38.138669191,-85.820951972,0.772,12/28/2019 12:00:00 AM,0318,1,1,0,1,CLOUDY,DRY,False,COLLISION WITH FIXED OBJECT IN INTERSECTION - FIRST EVENT COLLISION 09 - 32,SINGLE VEHICLE,STRAIGHT & HILLCREST,DARK-HWY LIGHTED/ON,,,3/4/2020 8:16:13 AM,False,5110,Accepted,
26115396,0568000,LOUISVILLE METRO POLICE DEPT,Accepted,JEFFERSON,,,19TH,ST,S,,CHESTNUT,,,,,38.251895453,-85.782699754,0.521,12/28/2019 12:00:00 AM,2320,2,2,0,0,RAINING,WATER (STANDING OR MOVING),True,COLLISION WITH PARKED VEHICLE,SIDESWIPE-OPPOSITE DIRECTION,STRAIGHT & LEVEL,DARK-HWY LIGHTED/ON,,,12/30/2019 9:27:06 AM,False,7253,Accepted,
26115262,0568000,LOUISVILLE METRO POLICE DEPT,Accepted,JEFFERSON,,593,QUEST,DR,,,PLACE NOIR,,,,,38.251040258,-85.772454299,0.034,12/28/2019 12:00:00 AM,0700,2,2,0,0,CLEAR,DRY,True,COLLISION WITH PARKED VEHICLE,,STRAIGHT & LEVEL,DARK-HWY LIGHTED/ON,,,12/30/2019 9:06:33 AM,False,5168,Accepted,
26115203,0568000,LOUISVILLE METRO POLICE DEPT,Accepted,JEFFERSON,,,ST RITA,DR,,,SMITHTON,,,,,38.130818649,-85.674688792,0.392,12/28/2019 12:00:00 AM,1316,2,2,0,1,CLOUDY,DRY,False,ANGLE COLLISION - OTHER,ANGLE,STRAIGHT & LEVEL,DAYLIGHT,,,12/30/2019 8:57:30 AM,False,7379,Accepted,
26115227,0568000,LOUISVILLE METRO POLICE DEPT,Accepted,JEFFERSON,,,LONGFIELD,AVE,,US0060A,TAYLOR,,,,,38.198607291,-85.782776452,0.780,12/28/2019 12:00:00 AM,1443,2,2,0,3,CLOUDY,WET,False,ANGLE COLLISION - OTHER,ANGLE,STRAIGHT & LEVEL,DAYLIGHT,,,12/30/2019 9:01:09 AM,False,5213,Accepted,
26115230,0568000,LOUISVILLE METRO POLICE DEPT,Accepted,JEFFERSON,US0031W,,DIXIE,HWY,,,BARRETT,,,,,38.102994068,-85.869658113,8.273,12/28/2019 12:00:00 AM,1729,2,2,0,0,CLOUDY,DRY,False,ANGLE COLLISION - OTHER,ANGLE,STRAIGHT & LEVEL,DUSK,,,12/30/2019 9:03:08 AM,False,5293,Accepted,
26115237,0568000,LOUISVILLE METRO POLICE DEPT,Accepted,JEFFERSON,US0060A,,LEXINGTON,RD,,,WALLACE,,,,,38.252743555,-85.657868264,10.507,12/28/2019 12:00:00 AM,1702,2,2,0,3,CLEAR,DRY,False,ANGLE COLLISION - OTHER,ANGLE,STRAIGHT & LEVEL,DAYLIGHT,,,12/30/2019 9:04:39 AM,False,7043,Accepted,
26115245,0568000,LOUISVILLE METRO POLICE DEPT,Accepted,JEFFERSON,,,LIBERTY,ST,W,KY1020,3RD,,,,,38.252861270,-85.755524571,0.697,12/28/2019 12:00:00 AM,1507,2,2,0,0,CLEAR,DRY,False,ANGLE COLLISION - OTHER,ANGLE,STRAIGHT & LEVEL,DAYLIGHT,,,12/30/2019 9:05:45 AM,False,7386,Accepted,
26115263,0568000,LOUISVILLE METRO POLICE DEPT,Accepted,JEFFERSON,US0031W,,22ND,ST,S,,BROADWAY,,,,,38.249217180,-85.788201806,19.558,12/28/2019 12:00:00 AM,1315,2,2,0,0,CLEAR,DRY,True,ANGLE COLLISION - OTHER,ANGLE,STRAIGHT & LEVEL,DAYLIGHT,,,12/30/2019 9:06:42 AM,False,5275,Accepted,
26115257,0568000,LOUISVILLE METRO POLICE DEPT,Accepted,JEFFERSON,US0031E,,BARDSTOWN,RD,,,HEATHER,,,,,38.205722792,-85.666837791,11.555,12/28/2019 12:00:00 AM,1115,2,2,0,0,CLOUDY,DRY,False,ANGLE COLLISION - OTHER,ANGLE,STRAIGHT & LEVEL,DAYLIGHT,,,12/30/2019 9:06:14 AM,False,7482,Accepted,
26115284,0568000,LOUISVILLE METRO POLICE DEPT,Accepted,JEFFERSON,,,26TH,ST,S,,CHESTNUT,,,,,38.252996236,-85.794490740,0.536,12/28/2019 12:00:00 AM,2331,3,3,0,1,CLOUDY,WET,True,ANGLE COLLISION - OTHER,ANGLE,STRAIGHT & LEVEL,DARK-HWY LIGHTED/ON,,,12/30/2019 9:09:46 AM,False,5021,Accepted,
26115265,0568000,LOUISVILLE METRO POLICE DEPT,Accepted,JEFFERSON,,,ENGLISH STATION,RD,S,,TROON,,,,,38.237501535,-85.495792027,0.251,12/28/2019 12:00:00 AM,2000,2,2,0,0,CLOUDY,DRY,False,ANGLE COLLISION - OTHER,ANGLE,STRAIGHT & GRADE,DARK (UNKNOWN ROADWAY LIGHTING),,,12/30/2019 9:07:00 AM,False,2920,Accepted,
26115193,0568000,LOUISVILLE METRO POLICE DEPT,Accepted,JEFFERSON,KY1694,,BROWNSBORO,RD,,,STONE SCHOOL,,,,,38.324355862,-85.561349676,0.602,12/28/2019 12:00:00 AM,1251,2,2,0,0,CLOUDY,DRY,False,ANGLE COLLISION - OTHER,ANGLE,STRAIGHT & LEVEL,DAYLIGHT,,,12/30/2019 8:55:06 AM,False,7337,Accepted,
26271861,0568000,LOUISVILLE METRO POLICE DEPT,Accepted,JEFFERSON,KY0022,,BROWNSBORO,RD,,,CHAMBERLAIN,,,,,38.312613904,-85.567427230,4.438,12/28/2019 12:00:00 AM,0538,2,2,0,0,CLEAR,DRY,False,ANGLE COLLISION - OTHER,ANGLE,STRAIGHT & LEVEL,DARK-HWY NOT LIGHTED,,,1/31/2020 8:17:57 AM,False,7369,Accepted,
26115197,0568000,LOUISVILLE METRO POLICE DEPT,Accepted,JEFFERSON,,,35TH,ST,S,,BROADWAY,,,,,38.249971543,-85.810085313,0.582,12/28/2019 12:00:00 AM,1322,2,2,0,1,CLOUDY,DRY,False,REAR END - ONE VEHICLE TURNING LEFT,REAR END,STRAIGHT & LEVEL,DAYLIGHT,,,12/30/2019 8:56:13 AM,False,7458,Accepted,
26115271,0568000,LOUISVILLE METRO POLICE DEPT,Accepted,JEFFERSON,KY2251,,BARDSTOWN,RD,,US0031E,BUECHEL,,,,,38.200156189,-85.662201053,1.185,12/28/2019 12:00:00 AM,2120,2,2,0,0,RAINING,WET,False,REAR END - ONE VEHICLE TURNING RIGHT,REAR END,STRAIGHT & LEVEL,DARK-HWY LIGHTED/ON,,,12/30/2019 9:08:15 AM,False,5247,Accepted,
26115280,0568000,LOUISVILLE METRO POLICE DEPT,Accepted,JEFFERSON,KY1065,,OUTER,LOOP,,KY1865,NEW CUT,,,,,38.126369294,-85.776148241,1.027,12/28/2019 12:00:00 AM,2058,2,2,0,0,CLEAR,DRY,False,OPPOSING LEFT TURN,OPPOSING LEFT TURN,STRAIGHT & LEVEL,DARK-HWY LIGHTED/ON,,,12/30/2019 9:08:54 AM,False,5048,Accepted,
26115295,0568000,LOUISVILLE METRO POLICE DEPT,Accepted,JEFFERSON,,,BARRET,AVE,,US0150,BROADWAY,,,,,38.244208475,-85.734032605,0.315,12/28/2019 12:00:00 AM,2115,2,2,0,0,CLOUDY,DRY,False,OPPOSITE DIRECTION - BOTH VEHICLES GOING STRAIGHT AHEAD,SIDESWIPE-OPPOSITE DIRECTION,STRAIGHT & LEVEL,DARK-HWY LIGHTED/ON,,,12/30/2019 9:12:15 AM,False,5188,Accepted,
26115194,0568000,LOUISVILLE METRO POLICE DEPT,Accepted,JEFFERSON,KY1450,,BLUE LICK,RD,,KY0061,PRESTON,,,,,38.133702859,-85.684343009,3.531,12/28/2019 12:00:00 AM,1046,2,2,0,0,CLOUDY,DRY,False,OTHER INTERSECTION COLLISIONS,REAR END,STRAIGHT & LEVEL,DAYLIGHT,,,12/30/2019 8:55:23 AM,False,7269,Accepted,
26115195,0568000,LOUISVILLE METRO POLICE DEPT,Accepted,JEFFERSON,,,GRADE,LN,,KY1065,OUTER,,,,,38.129856255,-85.737799113,0.052,12/28/2019 12:00:00 AM,1328,2,2,0,0,CLOUDY,WET,False,OTHER INTERSECTION COLLISIONS,REAR END,CURVE & HILLCREST,DAYLIGHT,,,12/30/2019 8:55:43 AM,False,7269,Accepted,
26115291,0568000,LOUISVILLE METRO POLICE DEPT,Accepted,JEFFERSON,KY1727,,TERRY,RD,,,PARADISE,,,,,38.137585897,-85.873123154,1.091,12/28/2019 12:00:00 AM,2335,2,2,0,0,CLOUDY,WET,False,OTHER INTERSECTION COLLISIONS,REAR END,STRAIGHT & GRADE,DARK-HWY NOT LIGHTED,,,12/30/2019 9:10:56 AM,False,5043,Accepted,
26115259,0568000,LOUISVILLE METRO POLICE DEPT,Accepted,JEFFERSON,KY2251,,BARDSTOWN,RD,,US0031E,BUECHEL,,,,,38.200184554,-85.662186742,1.149,12/28/2019 12:00:00 AM,1410,2,2,0,0,CLOUDY,WET,False,OTHER INTERSECTION COLLISIONS,REAR END,STRAIGHT & GRADE,DAYLIGHT,,,12/30/2019 9:06:25 AM,False,7482,Accepted,
26115399,0568000,LOUISVILLE METRO POLICE DEPT,Accepted,JEFFERSON,US0031W,,DIXIE,HWY,,,STONESTREET,,,,,38.121250815,-85.855708514,9.746,12/28/2019 12:00:00 AM,1746,2,2,0,0,RAINING,WET,False,OTHER INTERSECTION COLLISIONS,REAR END,STRAIGHT & LEVEL,DARK (UNKNOWN ROADWAY LIGHTING),,,12/30/2019 9:27:31 AM,False,7483,Accepted,
26127408,0568000,LOUISVILLE METRO POLICE DEPT,Accepted,JEFFERSON,US0031E,,BARDSTOWN,RD,,,CEDAR SPRINGS,,,,,38.145189359,-85.584967872,5.191,12/28/2019 12:00:00 AM,2013,2,2,0,1,RAINING,WET,False,OTHER INTERSECTION COLLISIONS,REAR END,STRAIGHT & LEVEL,DARK-HWY NOT LIGHTED,,,1/2/2020 8:53:01 AM,False,7415,Accepted,
26115282,0568000,LOUISVILLE METRO POLICE DEPT,Accepted,JEFFERSON,,,GRADE,LN,,,MELTON,,,,,38.145969660,-85.737567771,2.936,12/28/2019 12:00:00 AM,2130,1,1,0,0,CLOUDY,WET,False,OTHER INTERSECTION COLLISIONS,SINGLE VEHICLE,STRAIGHT & LEVEL,DARK-HWY LIGHTED/ON,,,12/30/2019 9:09:11 AM,False,6360,Accepted,
26115200,0568000,LOUISVILLE METRO POLICE DEPT,Accepted,JEFFERSON,KY0907,,3RD ST,RD,,,BENTFORD,,,,,38.109517388,-85.839608496,1.631,12/28/2019 12:00:00 AM,1414,2,2,0,2,CLOUDY,WET,False,OTHER INTERSECTION COLLISIONS,REAR END,STRAIGHT & LEVEL,DAYLIGHT,,,12/30/2019 8:56:56 AM,False,6318,Accepted,