IncidentID,AgencyORI,AgencyName,IncidentStatusDesc,County,RdwyNumber,Street,RoadwayName,StreetSfx,StreetDir,IntersectionRdwy,IntersectionRdwyName,BetweenStRdwy1,BetweenStRdwyName1,BetweenStRdwy2,BetweenStRdwyName2,Latitude,Longitude,Milepoint,CollisionDate,CollisionTime,UnitsInvolved,MotorVehiclesInvolved,NumberKilled,NumberInjured,Weather,RdwyConditionCode,HitandRun,DirAnalysisCode,MannerofCollision,RdwyCharacter,LightCondition,RampFromRdwyId,RampToRdwyId,AcceptedDate,IsSecondaryCollision,OwnerBadge,IncidentStatus,
26115207,0568000,LOUISVILLE METRO POLICE DEPT,Accepted,JEFFERSON,I 0264,,,,,I 0264,I264 E EXIT20A OFF RAMP TO US60 E,,,,,38.246239940,-85.620273708,0.416,12/28/2019 12:00:00 AM,1457,3,3,0,0,RAINING,WET,True,OTHER INTERSECTION COLLISIONS,REAR END,STRAIGHT & LEVEL,DAYLIGHT,,,12/30/2019 8:57:59 AM,False,7358,Accepted,
26115216,0568000,LOUISVILLE METRO POLICE DEPT,Accepted,JEFFERSON,US0031W,,DIXIE,HWY,,,HILLVIEW,,,,,38.131553938,-85.846964040,10.618,12/28/2019 12:00:00 AM,1249,3,3,0,0,CLEAR,DRY,False,OTHER INTERSECTION COLLISIONS,REAR END,STRAIGHT & LEVEL,DAYLIGHT,,,12/30/2019 8:59:15 AM,False,7144,Accepted,
26151089,0568000,LOUISVILLE METRO POLICE DEPT,Accepted,JEFFERSON,US0031E,,BARDSTOWN,RD,,,TYLER,,,,,38.217805443,-85.677416577,12.593,12/28/2019 12:00:00 AM,1510,2,2,0,1,CLOUDY,WET,False,OTHER INTERSECTION COLLISIONS,REAR END,STRAIGHT & LEVEL,DAYLIGHT,,,1/7/2020 8:20:59 AM,False,7306,Accepted,
26179884,0568000,LOUISVILLE METRO POLICE DEPT,Accepted,JEFFERSON,KY0061,,PRESTON,HWY,,,COOPER CHAPEL,,,,,38.103585254,-85.672434550,1.396,12/28/2019 12:00:00 AM,1150,2,2,0,0,CLEAR,DRY,False,OTHER INTERSECTION COLLISIONS,REAR END,STRAIGHT & LEVEL,DAYLIGHT,,,1/13/2020 8:46:56 AM,False,7991,Accepted,
26115268,0568000,LOUISVILLE METRO POLICE DEPT,Accepted,JEFFERSON,KY0061,,PRESTON,ST,S,,ORMSBY,,,,,38.231194854,-85.749982352,11.269,12/28/2019 12:00:00 AM,1827,2,2,0,1,CLEAR,DRY,False,SIDESWIPE-SAME DIRECTION,SIDESWIPE-SAME DIRECTION,STRAIGHT & LEVEL,DARK-HWY LIGHTED/ON,,,12/30/2019 9:07:56 AM,False,5100,Accepted,
26115218,0568000,LOUISVILLE METRO POLICE DEPT,Accepted,JEFFERSON,US0031E,,BARDSTOWN,RD,,US0060A,EASTERN,,,,,38.231992695,-85.709319433,14.626,12/28/2019 12:00:00 AM,1413,2,2,0,0,CLEAR,DRY,False,SIDESWIPE-SAME DIRECTION,SIDESWIPE-SAME DIRECTION,STRAIGHT & LEVEL,DAYLIGHT,,,12/30/2019 9:00:20 AM,False,7129,Accepted,
26115300,0568000,LOUISVILLE METRO POLICE DEPT,Accepted,JEFFERSON,,,SPRINGHURST,BLVD,,,CHAMPION FARMS,,,,,38.296622678,-85.560090205,0.211,12/28/2019 12:00:00 AM,1712,2,2,0,0,CLOUDY,DRY,False,SIDESWIPE-SAME DIRECTION,SIDESWIPE-SAME DIRECTION,STRAIGHT & LEVEL,DAYLIGHT,,,12/30/2019 9:13:23 AM,False,6929,Accepted,
26115294,0568000,LOUISVILLE METRO POLICE DEPT,Accepted,JEFFERSON,KY0155,,TAYLORSVILLE,RD,,,POPE LICK,,,,,38.190823607,-85.487092399,4.885,12/28/2019 12:00:00 AM,1347,2,2,0,0,RAINING,WET,False,OTHER INTERSECTION COLLISIONS,REAR END,STRAIGHT & LEVEL,DAYLIGHT,,,12/30/2019 9:11:48 AM,False,7278,Accepted,
26115205,0568000,LOUISVILLE METRO POLICE DEPT,Accepted,JEFFERSON,,,PRODUCE,RD,,,PINEWOOD,,,,,38.181121584,-85.688527345,0.227,12/28/2019 12:00:00 AM,1359,1,1,0,0,CLEAR,DRY,False,OTHER INTERSECTION COLLISIONS,SINGLE VEHICLE,STRAIGHT & LEVEL,DAYLIGHT,,,12/30/2019 8:57:47 AM,False,7319,Accepted,
26115210,0568000,LOUISVILLE METRO POLICE DEPT,Accepted,JEFFERSON,KY0907,,SOUTHSIDE,DR,,,SOUTHVIEW,,,,,38.151549864,-85.766340389,6.955,12/28/2019 12:00:00 AM,1408,2,2,0,0,CLEAR,WET,False,OTHER INTERSECTION COLLISIONS,REAR END,STRAIGHT & LEVEL,DAYLIGHT,,,12/30/2019 8:58:29 AM,False,5276,Accepted,
26115288,0568000,LOUISVILLE METRO POLICE DEPT,Accepted,JEFFERSON,,,SPRINGHURST,BLVD,,KY1447,WESTPORT,,,,,38.293815988,-85.559280249,0.006,12/28/2019 12:00:00 AM,2051,2,2,0,0,CLEAR,DRY,False,OTHER INTERSECTION COLLISIONS,REAR END,STRAIGHT & LEVEL,DUSK,,,12/30/2019 9:10:25 AM,False,5030,Accepted,
26115307,0568000,LOUISVILLE METRO POLICE DEPT,Accepted,JEFFERSON,KY2054,2708,ALGONQUIN,PKWY,,,,,,,,38.224195008,-85.806518267,0.877,12/28/2019 12:00:00 AM,1620,1,1,0,0,CLOUDY,DRY,False,COLLISION WITH FIXED OBJECT NON - INTERSECTION - FIRST EVENT COLLISION 09 - 32 EXCLUDING 16,SINGLE VEHICLE,STRAIGHT & LEVEL,DAYLIGHT,,,12/30/2019 9:13:53 AM,False,2569,Accepted,
26113456,0560300,ST. MATTHEWS POLICE DEPARTMENT,Accepted,JEFFERSON,US0060,5000,SHELBYVILLE,RD,,,,,,,,38.250325455,-85.623455184,5.312,12/28/2019 12:00:00 AM,0600,2,2,0,0,CLEAR,DRY,False,1 VEHICLE PARKED POSITION (NOT PARKING LOT/DRIVEWAY),BACKING,STRAIGHT & LEVEL,DARK-HWY LIGHTED/ON,,,12/29/2019 9:41:19 PM,False,9186,Accepted,
26115214,0568000,LOUISVILLE METRO POLICE DEPT,Accepted,JEFFERSON,,1015,43RD,ST,S,,,,,,,38.244695326,-85.824375667,1.454,12/28/2019 12:00:00 AM,1540,3,3,0,0,CLEAR,DRY,True,1 VEHICLE PARKED POSITION (NOT PARKING LOT/DRIVEWAY),REAR END,STRAIGHT & LEVEL,DAYLIGHT,,,12/30/2019 8:58:53 AM,False,7460,Accepted,
26115180,0568000,LOUISVILLE METRO POLICE DEPT,Accepted,JEFFERSON,,,RUBEL,AVE,,,,,,,,38.245980371,-85.731061340,0.048,12/28/2019 12:00:00 AM,0339,5,5,0,0,CLEAR,DRY,False,1 VEHICLE PARKED POSITION (NOT PARKING LOT/DRIVEWAY),SIDESWIPE-SAME DIRECTION,STRAIGHT & LEVEL,DARK-HWY LIGHTED/ON,,,12/30/2019 8:52:51 AM,False,5188,Accepted,
26115184,0568000,LOUISVILLE METRO POLICE DEPT,Accepted,JEFFERSON,,4005,FAYETTE,AVE,,,,,,,,38.194905334,-85.727911983,0.344,12/28/2019 12:00:00 AM,0931,2,2,0,0,CLOUDY,DRY,True,1 VEHICLE PARKED POSITION (NOT PARKING LOT/DRIVEWAY),SIDESWIPE-OPPOSITE DIRECTION,STRAIGHT & LEVEL,DARK-HWY LIGHTED/ON,,,12/30/2019 8:54:03 AM,False,5153,Accepted,
26179624,0568000,LOUISVILLE METRO POLICE DEPT,Accepted,JEFFERSON,,2511,CHESTNUT,ST,W,,,,,,,38.252830203,-85.792930373,0.438,12/28/2019 12:00:00 AM,2200,2,2,0,0,CLEAR,DRY,True,1 VEHICLE PARKED POSITION (NOT PARKING LOT/DRIVEWAY),SIDESWIPE-SAME DIRECTION,STRAIGHT & LEVEL,DARK (UNKNOWN ROADWAY LIGHTING),,,1/13/2020 8:26:36 AM,False,5108,Accepted,
26115248,0568000,LOUISVILLE METRO POLICE DEPT,Accepted,JEFFERSON,I 0264,,I264 E,,,,,I 0264,I264 E EXIT8 ON RAMP FROM US31W N,I 0264,I264 E EXIT9 OFF RAMP TO KY1865,38.186500956,-85.797183178,8.350,12/28/2019 12:00:00 AM,1706,2,2,0,0,CLOUDY,DRY,True,REAR END IN TRAFFIC LANES BOTH VEHICLES MOVING,REAR END,STRAIGHT & LEVEL,DUSK,,,12/30/2019 9:05:57 AM,False,5260,Accepted,
26115223,0568000,LOUISVILLE METRO POLICE DEPT,Accepted,JEFFERSON,KY1934,,GREENBELT,HWY,,,,,,,,38.157203146,-85.884832920,5.173,12/28/2019 12:00:00 AM,1645,2,2,0,0,CLEAR,DRY,True,REAR END IN TRAFFIC LANES BOTH VEHICLES MOVING,REAR END,STRAIGHT & LEVEL,DUSK,,,12/30/2019 9:00:37 AM,False,7524,Accepted,
26115309,0568000,LOUISVILLE METRO POLICE DEPT,Accepted,JEFFERSON,,,DR WILLIAM G WEATHERS,DR,,,,,32ND,,LYMAN JOHNSON,38.228001098,-85.808880303,0.225,12/28/2019 12:00:00 AM,1330,2,2,0,0,CLEAR,DRY,True,REAR END IN TRAFFIC LANES BOTH VEHICLES MOVING,REAR END,STRAIGHT & LEVEL,DAYLIGHT,,,12/30/2019 9:14:01 AM,False,7656,Accepted,
26115198,0568000,LOUISVILLE METRO POLICE DEPT,Accepted,JEFFERSON,KY0022,,BROWNSBORO,RD,,,,,LIME KILN,,LIME KILN,38.283912544,-85.627953832,0.438,12/28/2019 12:00:00 AM,1336,2,2,0,0,CLOUDY,DRY,False,REAR END IN TRAFFIC LANES BOTH VEHICLES MOVING,REAR END,STRAIGHT & LEVEL,DAYLIGHT,,,12/30/2019 8:56:30 AM,False,6929,Accepted,
26115199,0568000,LOUISVILLE METRO POLICE DEPT,Accepted,JEFFERSON,KY0864,,POPLAR LEVEL,RD,,,,,,,,38.194146847,-85.707115828,11.249,12/28/2019 12:00:00 AM,1436,2,2,0,0,RAINING,WET,False,REAR END IN TRAFFIC LANES BOTH VEHICLES MOVING,REAR END,STRAIGHT & LEVEL,DAYLIGHT,,,12/30/2019 8:56:39 AM,False,5153,Accepted,
26115285,0568000,LOUISVILLE METRO POLICE DEPT,Accepted,JEFFERSON,KY0841,,GENE SNYDER,FWY,,,,,,,,38.117161399,-85.788547918,5.391,12/28/2019 12:00:00 AM,2351,2,2,0,0,CLEAR,DRY,True,REAR END IN TRAFFIC LANES BOTH VEHICLES MOVING,REAR END,STRAIGHT & LEVEL,,,,12/30/2019 9:09:59 AM,False,5209,Accepted,
26115293,0568000,LOUISVILLE METRO POLICE DEPT,Accepted,JEFFERSON,I 0265,,I265 W,,,,,I 0265,I265 W EXIT19 OFF RAMP TO KY1819,I 0265,I265 W EXIT23 ON RAMP FROM KY155,38.177923188,-85.512105627,22.291,12/28/2019 12:00:00 AM,1232,2,2,0,0,RAINING,WET,False,REAR END IN TRAFFIC LANES BOTH VEHICLES MOVING,REAR END,CURVE & LEVEL,DAYLIGHT,,,12/30/2019 9:11:26 AM,False,7278,Accepted,
26115196,0568000,LOUISVILLE METRO POLICE DEPT,Accepted,JEFFERSON,US0031E,,BARDSTOWN,RD,,,,,,,,38.143438666,-85.584200075,5.072,12/28/2019 12:00:00 AM,1345,2,2,0,0,CLOUDY,WET,False,REAR END IN TRAFFIC LANES BOTH VEHICLES MOVING,REAR END,STRAIGHT & LEVEL,DAYLIGHT,,,12/30/2019 8:55:57 AM,False,7255,Accepted,
26119830,0568000,LOUISVILLE METRO POLICE DEPT,Accepted,JEFFERSON,,,7TH,ST,S,,,,JORDAN,,JORDAN,38.225214032,-85.770019176,0.537,12/28/2019 12:00:00 AM,1812,2,2,1,1,CLOUDY,DRY,False,HEAD-ON COLLISION,HEAD ON,CURVE & LEVEL,DARK-HWY LIGHTED/ON,,,12/31/2019 8:16:27 AM,False,6886,Accepted,
26133735,0568000,LOUISVILLE METRO POLICE DEPT,Accepted,JEFFERSON,,,EWING,AVE,S,,,,,,,38.252990795,-85.699740032,0.053,12/28/2019 12:00:00 AM,1100,2,2,0,0,CLEAR,DRY,False,1 VEHICLE ENTERING/LEAVING ENTRANCE,ANGLE,STRAIGHT & LEVEL,DAYLIGHT,,,1/3/2020 10:00:11 AM,False,7023,Accepted,
26115224,0568000,LOUISVILLE METRO POLICE DEPT,Accepted,JEFFERSON,,6008,OAKDALE,LN,,,,,,,,38.161566497,-85.671852545,0.095,12/28/2019 12:00:00 AM,1636,2,2,0,0,CLEAR,DRY,False,1 VEHICLE ENTERING/LEAVING ENTRANCE,ANGLE,STRAIGHT & LEVEL,DAYLIGHT,,,12/30/2019 9:00:45 AM,False,7319,Accepted,
26115171,0568000,LOUISVILLE METRO POLICE DEPT,Accepted,JEFFERSON,I 0064,,I64 E,,,,,,,,,38.275289601,-85.816946114,0.556,12/28/2019 12:00:00 AM,0018,2,2,0,0,CLEAR,DRY,True,1 VEHICLE ENTERING/LEAVING ENTRANCE,ANGLE,STRAIGHT & LEVEL,DARK-HWY LIGHTED/ON,,,12/30/2019 8:50:56 AM,False,5057,Accepted,
26115204,0568000,LOUISVILLE METRO POLICE DEPT,Accepted,JEFFERSON,,,WATTERSON,TRL,,,,,STONY BROOK,,SAN MARCOS,38.183743258,-85.595897866,1.670,12/28/2019 12:00:00 AM,1451,2,2,0,0,CLEAR,DRY,True,1 VEHICLE ENTERING/LEAVING ENTRANCE,ANGLE,STRAIGHT & LEVEL,DAYLIGHT,,,12/30/2019 8:57:39 AM,False,7497,Accepted,
26115181,0568000,LOUISVILLE METRO POLICE DEPT,Accepted,JEFFERSON,US0031E,1504,BARDSTOWN,RD,,,,,,,,38.236358911,-85.717163633,15.171,12/28/2019 12:00:00 AM,0410,2,2,0,0,CLEAR,DRY,False,VEHICLE BACKING NON INTERSECTION,BACKING,STRAIGHT & LEVEL,DARK-HWY LIGHTED/ON,,,12/30/2019 8:53:05 AM,False,2192,Accepted,
26115192,0568000,LOUISVILLE METRO POLICE DEPT,Accepted,JEFFERSON,I 0065,,,,,,,,,,,38.250203876,-85.747546234,0.014,12/28/2019 12:00:00 AM,1240,1,1,0,0,CLOUDY,DRY,False,COLLISION WITH FIXED OBJECT NOT IN GORE ,SINGLE VEHICLE,CURVE & GRADE,DAYLIGHT,W MUHAMMAD ALI BLVD,I 0065,12/30/2019 8:54:54 AM,False,2855,Accepted,
26115385,0568000,LOUISVILLE METRO POLICE DEPT,Accepted,JEFFERSON,KY1447,,WESTPORT,RD,,,,,,,,38.287528934,-85.572494842,5.237,12/28/2019 12:00:00 AM,0010,2,2,0,0,CLEAR,DRY,False,OTHER ROADWAY OR MID-BLOCK COLLISION,OPPOSING LEFT TURN,STRAIGHT & LEVEL,DARK-HWY LIGHTED/ON,,,12/30/2019 9:25:35 AM,False,7785,Accepted,
26115283,0568000,LOUISVILLE METRO POLICE DEPT,Accepted,JEFFERSON,US0060A,,TAYLOR,BLVD,,,,,,,,38.201960190,-85.781689358,1.884,12/28/2019 12:00:00 AM,2348,2,2,0,3,CLEAR,WET,False,OTHER ROADWAY OR MID-BLOCK COLLISION,OPPOSING LEFT TURN,CURVE & LEVEL,DARK-HWY LIGHTED/ON,,,12/30/2019 9:09:18 AM,False,5252,Accepted,
26111046,0560300,ST. MATTHEWS POLICE DEPARTMENT,Accepted,JEFFERSON,US0060,5000,SHELBYVILLE,RD,,,,,,,,38.250172717,-85.623464379,5.310,12/28/2019 12:00:00 AM,1805,2,2,0,0,CLOUDY,DRY,False,OTHER ROADWAY OR MID-BLOCK COLLISION,REAR END,STRAIGHT & LEVEL,DARK-HWY LIGHTED/ON,,,12/28/2019 10:11:54 PM,False,9172,Accepted,
26115244,0568000,LOUISVILLE METRO POLICE DEPT,Accepted,JEFFERSON,I 0065,,,,,,,,,,,38.115703367,-85.698559154,0.343,12/28/2019 12:00:00 AM,0931,1,1,0,2,CLEAR,DRY,False,OTHER RAMP RELATED COLLISIONS NOT LISTED ABOVE,SINGLE VEHICLE,CURVE & GRADE,DAYLIGHT,I 0265,I 0065,12/30/2019 9:05:34 AM,False,7669,Accepted,
26115286,0568000,LOUISVILLE METRO POLICE DEPT,Accepted,JEFFERSON,US0031E,1250,BARDSTOWN,RD,,,,,,,,38.236376611,-85.717398131,15.182,12/28/2019 12:00:00 AM,0250,2,2,0,0,CLEAR,DRY,False,COLLISION IN PARKING LOT,BACKING,STRAIGHT & LEVEL,DARK-HWY NOT LIGHTED,,,12/30/2019 9:10:06 AM,False,6149,Accepted,
26115106,0568000,LOUISVILLE METRO POLICE DEPT,Accepted,JEFFERSON,KY0061,8319,PRESTON,HWY,,,,,,,,38.130864938,-85.682581485,3.398,12/27/2019 12:00:00 AM,1134,2,2,0,0,CLOUDY,DRY,False,COLLISION IN PARKING LOT,BACKING,STRAIGHT & GRADE,DAYLIGHT,,,12/30/2019 8:45:02 AM,False,2017,Accepted,
26115324,0568000,LOUISVILLE METRO POLICE DEPT,Accepted,JEFFERSON,,911,GRADE,LN,,,,,,,,38.159307297,-85.728811944,1.785,12/27/2019 12:00:00 AM,0845,2,1,0,0,CLEAR,DRY,True,COLLISION IN PARKING LOT,SINGLE VEHICLE,,DAYLIGHT,,,12/30/2019 9:16:27 AM,False,5288,Accepted,
26115083,0568000,LOUISVILLE METRO POLICE DEPT,Accepted,JEFFERSON,I 0265,,,,,,,,,,,38.309038968,-85.572956413,0.224,12/27/2019 12:00:00 AM,1157,2,2,0,0,CLOUDY,DRY,False,OTHER RAMP RELATED COLLISIONS NOT LISTED ABOVE,REAR END,STRAIGHT & LEVEL,DAYLIGHT,KY0022,KY0022,12/30/2019 8:40:43 AM,False,6929,Accepted,
26115091,0568000,LOUISVILLE METRO POLICE DEPT,Accepted,JEFFERSON,I 0264,,I264 W,,,,,,,,,38.195646877,-85.707651708,13.376,12/27/2019 12:00:00 AM,1020,1,1,0,3,CLOUDY,DRY,False,OTHER ROADWAY OR MID-BLOCK COLLISION,SINGLE VEHICLE,STRAIGHT & LEVEL,DAYLIGHT,,,12/30/2019 8:41:36 AM,False,7628,Accepted,
26115167,0568000,LOUISVILLE METRO POLICE DEPT,Accepted,JEFFERSON,KY1447,,WESTPORT,RD,,,,,,,,38.297237264,-85.549907964,6.587,12/27/2019 12:00:00 AM,1933,2,2,0,0,CLEAR,DRY,False,OTHER ROADWAY OR MID-BLOCK COLLISION,OPPOSING LEFT TURN,STRAIGHT & LEVEL,DARK-HWY LIGHTED/OFF,,,12/30/2019 8:50:24 AM,False,5155,Accepted,
26115065,0568000,LOUISVILLE METRO POLICE DEPT,Accepted,JEFFERSON,KY2052,,SHEPHERDSVILLE,RD,,,,,POPLAR PARK,KY1747,FERN VALLEY,38.155205805,-85.659764232,1.148,12/27/2019 12:00:00 AM,0701,2,2,0,0,CLOUDY,DRY,False,OTHER ROADWAY OR MID-BLOCK COLLISION,REAR END,STRAIGHT & LEVEL,DARK-HWY NOT LIGHTED,,,12/30/2019 8:37:30 AM,False,2017,Accepted,
26115109,0568000,LOUISVILLE METRO POLICE DEPT,Accepted,JEFFERSON,KY1747,,FERN VALLEY,RD,,,,,,KY6319,SIGNATURE,38.157325210,-85.715384497,1.001,12/27/2019 12:00:00 AM,1023,2,2,0,0,CLOUDY,DRY,False,OTHER ROADWAY OR MID-BLOCK COLLISION,REAR END,STRAIGHT & GRADE,DAYLIGHT,,,12/30/2019 8:45:21 AM,False,2017,Accepted,
26115327,0568000,LOUISVILLE METRO POLICE DEPT,Accepted,JEFFERSON,,5300,ROBBS,LN,,,,,GAYEWAY,KY1065,OUTER,38.137079269,-85.664353129,0.075,12/27/2019 12:00:00 AM,1237,2,2,0,0,CLOUDY,DRY,False,VEHICLE BACKING NON INTERSECTION,BACKING,STRAIGHT & LEVEL,DAYLIGHT,,,12/30/2019 9:16:51 AM,False,6494,Accepted,
26115278,0568000,LOUISVILLE METRO POLICE DEPT,Accepted,JEFFERSON,I 0065,,I65 S,,,,,I 0065,I65 S EXIT127 ON RAMP FROM KY1065,I 0065,I65 S EXIT125 OFF RAMP,38.124294895,-85.702169678,125.801,12/27/2019 12:00:00 AM,1717,2,2,0,0,CLOUDY,DRY,False,OTHER ROADWAY OR MID-BLOCK COLLISION,REAR END,STRAIGHT & HILLCREST,DUSK,,,12/30/2019 9:08:43 AM,False,2308,Accepted,
26115127,0568000,LOUISVILLE METRO POLICE DEPT,Accepted,JEFFERSON,KY1447,,WESTPORT,RD,,,,,FREYS HILL,,ASSEMBLY,38.292415957,-85.562155487,5.845,12/27/2019 12:00:00 AM,1401,2,2,0,0,CLEAR,DRY,False,OTHER ROADWAY OR MID-BLOCK COLLISION,OPPOSING LEFT TURN,STRAIGHT & LEVEL,DAYLIGHT,,,12/30/2019 8:46:08 AM,False,6929,Accepted,
26115163,0568000,LOUISVILLE METRO POLICE DEPT,Accepted,JEFFERSON,US0031E,,BARDSTOWN,RD,,,,KY1065,BEULAH CHURCH,,CEDARLOOK,38.148313080,-85.586461782,5.432,12/27/2019 12:00:00 AM,1803,3,3,0,0,CLOUDY,DRY,True,OTHER ROADWAY OR MID-BLOCK COLLISION,REAR END,STRAIGHT & LEVEL,DARK (UNKNOWN ROADWAY LIGHTING),,,12/30/2019 8:49:50 AM,False,7465,Accepted,
26115055,0568000,LOUISVILLE METRO POLICE DEPT,Accepted,JEFFERSON,US0060,,SHELBYVILLE,RD,,,,,,,,38.245035231,-85.559174945,8.827,12/27/2019 12:00:00 AM,0737,2,2,0,0,CLOUDY,DRY,False,OTHER ROADWAY OR MID-BLOCK COLLISION,OPPOSING LEFT TURN,STRAIGHT & LEVEL,DAWN,,,12/30/2019 8:35:06 AM,False,2218,Accepted,
26115113,0568000,LOUISVILLE METRO POLICE DEPT,Accepted,JEFFERSON,,,ANTLE,DR,,,,,,,,38.087508409,-85.668606475,0.134,12/27/2019 12:00:00 AM,1200,2,2,0,0,CLOUDY,DRY,False,1 VEHICLE ENTERING/LEAVING ENTRANCE,ANGLE,STRAIGHT & LEVEL,DAYLIGHT,,,12/30/2019 8:45:31 AM,False,2017,Accepted,
26115096,0568000,LOUISVILLE METRO POLICE DEPT,Accepted,JEFFERSON,US0031E,,BARDSTOWN,RD,,,,US0031E,US31E CROSSOVER,KY2251,KY2251 CROSSOVER,38.200250039,-85.662739870,11.151,12/27/2019 12:00:00 AM,1116,2,2,0,1,CLOUDY,DRY,False,1 VEHICLE ENTERING/LEAVING ENTRANCE,ANGLE,STRAIGHT & LEVEL,DAYLIGHT,,,12/30/2019 8:42:19 AM,False,7431,Accepted,
26115108,0568000,LOUISVILLE METRO POLICE DEPT,Accepted,JEFFERSON,,10613,EVANWOOD,DR,,,,,,,,38.105300080,-85.610631213,0.123,12/27/2019 12:00:00 AM,1338,2,2,0,0,CLOUDY,DRY,False,1 VEHICLE ENTERING/LEAVING ENTRANCE,ANGLE,CURVE & GRADE,DAYLIGHT,,,12/30/2019 8:45:12 AM,False,2017,Accepted,
26115176,0568000,LOUISVILLE METRO POLICE DEPT,Accepted,JEFFERSON,,,GOLDSMITH,LN,,,,,HEATHER,US0031E,BARDSTOWN,38.208762395,-85.668520991,1.085,12/27/2019 12:00:00 AM,1821,2,2,0,0,CLEAR,DRY,False,1 VEHICLE ENTERING/LEAVING ENTRANCE,ANGLE,STRAIGHT & LEVEL,DARK-HWY LIGHTED/ON,,,12/30/2019 8:52:11 AM,False,5247,Accepted,
26115165,0568000,LOUISVILLE METRO POLICE DEPT,Accepted,JEFFERSON,KY1931,,MANSLICK,RD,,,,,,CS1353F,CRUMS,38.188184155,-85.801576650,7.848,12/27/2019 12:00:00 AM,0900,2,2,0,0,CLOUDY,DRY,True,SIDESWIPE COLLISION - SAME DIRECTION,SIDESWIPE-SAME DIRECTION,STRAIGHT & HILLCREST,DAYLIGHT,,,12/30/2019 8:50:05 AM,False,7204,Accepted,
26115053,0568000,LOUISVILLE METRO POLICE DEPT,Accepted,JEFFERSON,I 0065,,I65 N,,,,,,,,,38.103636537,-85.701026598,124.376,12/27/2019 12:00:00 AM,0638,2,2,0,0,OTHER,DRY,True,SIDESWIPE COLLISION - SAME DIRECTION,SIDESWIPE-SAME DIRECTION,STRAIGHT & LEVEL,DARK-HWY LIGHTED/ON,,,12/30/2019 8:34:19 AM,False,4903,Accepted,
26115104,0568000,LOUISVILLE METRO POLICE DEPT,Accepted,JEFFERSON,,606,JEFFERSON,ST,E,,,,,,,38.252079994,-85.740563048,0.392,12/27/2019 12:00:00 AM,1430,2,2,0,0,CLEAR,DRY,False,SIDESWIPE COLLISION - SAME DIRECTION,SIDESWIPE-SAME DIRECTION,STRAIGHT & LEVEL,DAYLIGHT,,,12/30/2019 8:44:18 AM,False,6907,Accepted,
26115093,0568000,LOUISVILLE METRO POLICE DEPT,Accepted,JEFFERSON,KY1934,3640,CANE RUN,RD,,,,,,,,38.218516143,-85.814940144,10.985,12/27/2019 12:00:00 AM,1110,2,2,0,0,CLEAR,DRY,False,REAR END IN TRAFFIC LANES BOTH VEHICLES MOVING,REAR END,STRAIGHT & LEVEL,DAYLIGHT,,,12/30/2019 8:42:06 AM,False,7656,Accepted,
26115144,0568000,LOUISVILLE METRO POLICE DEPT,Accepted,JEFFERSON,US0031E,1500 BLK,BARDSTOWN,RD,,,,,,,,38.231640205,-85.708130886,14.537,12/27/2019 12:00:00 AM,1640,2,2,0,0,CLEAR,DRY,False,REAR END IN TRAFFIC LANES BOTH VEHICLES MOVING,REAR END,STRAIGHT & LEVEL,DAYLIGHT,,,12/30/2019 8:46:45 AM,False,5243,Accepted,
26109898,0566400,HURSTBOURNE ACRES PD,Accepted,JEFFERSON,KY1747,,HURSTBOURNE,PKWY,S,,,,HURSTBOURNE,KY1747,HURSTBOURNE,38.217179590,-85.588213773,11.220,12/27/2019 12:00:00 AM,1715,2,2,0,0,CLOUDY,DRY,False,REAR END IN TRAFFIC LANES BOTH VEHICLES MOVING,REAR END,STRAIGHT & LEVEL,DAYLIGHT,,,12/28/2019 2:46:37 PM,False,9205,Accepted,
26115333,0568000,LOUISVILLE METRO POLICE DEPT,Accepted,JEFFERSON,,,JEFFERSON,ST,W,,,,6TH,,7TH,38.254208644,-85.760407193,0.450,12/27/2019 12:00:00 AM,1758,3,3,0,0,CLEAR,DRY,False,REAR END IN TRAFFIC LANES BOTH VEHICLES MOVING,REAR END,STRAIGHT & LEVEL,DUSK,,,12/30/2019 9:17:38 AM,False,5173,Accepted,
26115209,0568000,LOUISVILLE METRO POLICE DEPT,Accepted,JEFFERSON,KY1020,7105,SOUTHSIDE,DR,,,,,,,,38.153371441,-85.765320190,5.743,12/27/2019 12:00:00 AM,1218,2,2,0,1,CLEAR,DRY,False,REAR END IN TRAFFIC LANES BOTH VEHICLES MOVING,REAR END,STRAIGHT & LEVEL,DAYLIGHT,,,12/30/2019 8:58:15 AM,False,5276,Accepted,
26115158,0568000,LOUISVILLE METRO POLICE DEPT,Accepted,JEFFERSON,KY1747,2058,HURSTBOURNE,PKWY,S,,,,HURSTBOURNE,KY1747,KY1747 CROSSOVER,38.217252681,-85.588243178,11.221,12/27/2019 12:00:00 AM,1723,2,2,0,0,CLEAR,DRY,False,REAR END IN TRAFFIC LANES BOTH VEHICLES MOVING,REAR END,STRAIGHT & LEVEL,DARK-HWY LIGHTED/OFF,,,12/30/2019 8:48:43 AM,False,7497,Accepted,
26192620,0568000,LOUISVILLE METRO POLICE DEPT,Accepted,JEFFERSON,KY1065,,OUTER,LOOP,,,,,,,,38.138068036,-85.675081404,6.695,12/27/2019 12:00:00 AM,1038,2,2,0,1,CLOUDY,DRY,False,REAR END IN TRAFFIC LANES BOTH VEHICLES MOVING,REAR END,STRAIGHT & LEVEL,DAYLIGHT,,,1/15/2020 8:15:54 AM,False,7348,Accepted,