IncidentID,AgencyORI,AgencyName,IncidentStatusDesc,County,RdwyNumber,Street,RoadwayName,StreetSfx,StreetDir,IntersectionRdwy,IntersectionRdwyName,BetweenStRdwy1,BetweenStRdwyName1,BetweenStRdwy2,BetweenStRdwyName2,Latitude,Longitude,Milepoint,CollisionDate,CollisionTime,UnitsInvolved,MotorVehiclesInvolved,NumberKilled,NumberInjured,Weather,RdwyConditionCode,HitandRun,DirAnalysisCode,MannerofCollision,RdwyCharacter,LightCondition,RampFromRdwyId,RampToRdwyId,AcceptedDate,IsSecondaryCollision,OwnerBadge,IncidentStatus,
26115166,0568000,LOUISVILLE METRO POLICE DEPT,Accepted,JEFFERSON,,,ROCKCREST,WAY,,,,,,,,38.236199360,-85.451177744,0.112,12/27/2019 12:00:00 AM,1942,2,2,0,0,CLEAR,DRY,False,1 VEHICLE PARKED POSITION (NOT PARKING LOT/DRIVEWAY),BACKING,CURVE & GRADE,DARK-HWY LIGHTED/ON,,,12/30/2019 8:50:14 AM,False,6931,Accepted,
26115242,0568000,LOUISVILLE METRO POLICE DEPT,Accepted,JEFFERSON,KY1631,,CRITTENDEN,DR,,,,,CHEYENNE,,KFEC GATE2 DR,38.196971182,-85.750878978,0.624,12/27/2019 12:00:00 AM,1544,2,2,0,0,CLEAR,DRY,False,1 VEHICLE PARKED POSITION (NOT PARKING LOT/DRIVEWAY),SIDESWIPE-SAME DIRECTION,STRAIGHT & LEVEL,DAYLIGHT,,,12/30/2019 9:05:23 AM,False,5204,Accepted,
26115360,0568000,LOUISVILLE METRO POLICE DEPT,Accepted,JEFFERSON,KY1020,3100,3RD,ST,S,,,,,,,38.202856961,-85.764289843,9.328,12/27/2019 12:00:00 AM,2137,2,2,0,0,CLEAR,DRY,False,1 VEHICLE PARKED POSITION (NOT PARKING LOT/DRIVEWAY),SIDESWIPE-SAME DIRECTION,STRAIGHT & LEVEL,DUSK,,,12/30/2019 9:22:00 AM,False,7291,Accepted,
26119783,0568000,LOUISVILLE METRO POLICE DEPT,Accepted,JEFFERSON,KY1020,,3RD,ST,S,,,,CARDINAL,,BLOOM,38.221750410,-85.760988810,10.426,12/27/2019 12:00:00 AM,1200,2,2,0,0,CLEAR,DRY,True,1 VEHICLE PARKED POSITION (NOT PARKING LOT/DRIVEWAY),REAR END,STRAIGHT & LEVEL,UNKNOWN,,,12/31/2019 8:10:22 AM,False,5289,Accepted,
26115161,0568000,LOUISVILLE METRO POLICE DEPT,Accepted,JEFFERSON,,5900,CROCKETT,DR,,,,,,,,38.166852751,-85.873759808,0.121,12/27/2019 12:00:00 AM,0831,2,2,0,0,CLEAR,DRY,False,1 VEHICLE PARKED POSITION (NOT PARKING LOT/DRIVEWAY),REAR END,STRAIGHT & LEVEL,DAYLIGHT,,,12/30/2019 8:49:17 AM,False,7267,Accepted,
26115221,0568000,LOUISVILLE METRO POLICE DEPT,Accepted,JEFFERSON,,1542,BEECH,ST,,,,,,,,38.230391396,-85.805277362,0.559,12/27/2019 12:00:00 AM,1630,2,2,0,0,CLEAR,DRY,True,1 VEHICLE PARKED POSITION (NOT PARKING LOT/DRIVEWAY),SIDESWIPE-SAME DIRECTION,STRAIGHT & LEVEL,DAYLIGHT,,,12/30/2019 9:00:30 AM,False,2569,Accepted,
26115116,0568000,LOUISVILLE METRO POLICE DEPT,Accepted,JEFFERSON,KY1020,10513,NATIONAL,TPKE,,,,,,,,38.096882312,-85.738162805,1.400,12/27/2019 12:00:00 AM,1248,1,1,0,0,CLEAR,DRY,False,COLLISION WITH FIXED OBJECT NON - INTERSECTION - FIRST EVENT COLLISION 09 - 32 EXCLUDING 16,SINGLE VEHICLE,STRAIGHT & LEVEL,DAYLIGHT,,,12/30/2019 8:45:42 AM,False,7202,Accepted,
26108100,0560400,SHIVELY POLICE DEPARTMENT,Accepted,JEFFERSON,I 0264,,I264 E,,,,,,,,,38.186274224,-85.826523727,6.717,12/27/2019 12:00:00 AM,0901,1,1,0,0,CLEAR,DRY,False,COLLISION WITH FIXED OBJECT NON - INTERSECTION - FIRST EVENT COLLISION 09 - 32 EXCLUDING 16,SINGLE VEHICLE,CURVE & LEVEL,DAYLIGHT,,,12/27/2019 10:54:01 PM,False,7085,Accepted,
26105117,0568000,LOUISVILLE METRO POLICE DEPT,Accepted,JEFFERSON,,,HOLLY LAKE,DR,,,,,CEDAR LAKE,,CEDARLOOK,38.146327480,-85.584088912,0.013,12/27/2019 12:00:00 AM,0005,1,1,0,0,CLEAR,DRY,False,COLLISION WITH FIXED OBJECT NON - INTERSECTION - FIRST EVENT COLLISION 09 - 32 EXCLUDING 16,SINGLE VEHICLE,CURVE & LEVEL,DARK-HWY LIGHTED/ON,,,12/27/2019 8:03:15 AM,False,2775,Accepted,
26115188,0568000,LOUISVILLE METRO POLICE DEPT,Accepted,JEFFERSON,,1448,DIXIE,HWY,,,,,BURNETT,,BOLLING,38.229753090,-85.789928229,1.392,12/27/2019 12:00:00 AM,1816,2,1,0,1,CLEAR,DRY,True,COLLISION WITH PEDESTRIAN NON - INTERSECTION,SINGLE VEHICLE,STRAIGHT & LEVEL,DARK-HWY LIGHTED/ON,,,12/30/2019 8:54:30 AM,False,7656,Accepted,
26115177,0568000,LOUISVILLE METRO POLICE DEPT,Accepted,JEFFERSON,KY3082,,BANK,ST,,,27TH,,,,,38.270106453,-85.793105842,0.962,12/27/2019 12:00:00 AM,2221,2,2,0,0,CLEAR,DRY,True,OTHER INTERSECTION COLLISIONS,REAR END,STRAIGHT & LEVEL,DARK-HWY LIGHTED/ON,,,12/30/2019 8:52:21 AM,False,5199,Accepted,
26115202,0568000,LOUISVILLE METRO POLICE DEPT,Accepted,JEFFERSON,KY1065,,OUTER,LOOP,,,JEFFERSON,,,,,38.138317932,-85.672775125,6.744,12/27/2019 12:00:00 AM,1800,2,2,0,0,CLEAR,DRY,False,OTHER INTERSECTION COLLISIONS,REAR END,STRAIGHT & LEVEL,DARK-HWY NOT LIGHTED,,,12/30/2019 8:57:22 AM,False,7379,Accepted,
26115103,0568000,LOUISVILLE METRO POLICE DEPT,Accepted,JEFFERSON,US0031E,,BARDSTOWN,RD,,I 0264,I264 E EXIT16 OFF RAMP TO US31E S,,,,,38.210572189,-85.670864401,11.988,12/27/2019 12:00:00 AM,1430,2,2,0,0,CLOUDY,DRY,False,OTHER INTERSECTION COLLISIONS,REAR END,CURVE & LEVEL,DAYLIGHT,,,12/30/2019 8:44:08 AM,False,7482,Accepted,
26127472,0560600,WEST BUECHEL POLICE DEPT.,Accepted,JEFFERSON,,2100,BASHFORD MANOR,LN,,US0031E,BARDSTOWN,,,,,38.202878610,-85.664569128,0.011,12/27/2019 12:00:00 AM,1050,2,2,0,0,CLEAR,DRY,False,OTHER INTERSECTION COLLISIONS,REAR END,STRAIGHT & LEVEL,DAYLIGHT,,,1/2/2020 9:09:27 AM,False,1272,Accepted,
26115231,0568000,LOUISVILLE METRO POLICE DEPT,Accepted,JEFFERSON,,,CHESTNUT,ST,E,,BROOK,,,,,38.248283082,-85.751831301,0.060,12/27/2019 12:00:00 AM,1055,2,2,0,0,CLOUDY,DRY,False,SIDESWIPE-SAME DIRECTION,SIDESWIPE-SAME DIRECTION,STRAIGHT & LEVEL,DAYLIGHT,,,12/30/2019 9:03:32 AM,False,5173,Accepted,
26115159,0568000,LOUISVILLE METRO POLICE DEPT,Accepted,JEFFERSON,,,HILL,ST,W,,15TH,,,,,38.227966106,-85.780124354,1.272,12/27/2019 12:00:00 AM,1300,2,2,0,0,CLEAR,DRY,True,SIDESWIPE-SAME DIRECTION,SIDESWIPE-SAME DIRECTION,STRAIGHT & LEVEL,DAYLIGHT,,,12/30/2019 8:48:52 AM,False,5272,Accepted,
26115145,0568000,LOUISVILLE METRO POLICE DEPT,Accepted,JEFFERSON,US0150,,BROADWAY,,W,KY1020,2ND,,,,,38.245872170,-85.755073155,2.557,12/27/2019 12:00:00 AM,1610,2,2,0,0,CLEAR,DRY,False,SIDESWIPE-SAME DIRECTION,SIDESWIPE-SAME DIRECTION,STRAIGHT & LEVEL,DAYLIGHT,,,12/30/2019 8:46:58 AM,False,7386,Accepted,
26115162,0568000,LOUISVILLE METRO POLICE DEPT,Accepted,JEFFERSON,US0031W,,DIXIE,HWY,,,ROSE FARM,,,,,38.146481238,-85.838287342,11.869,12/27/2019 12:00:00 AM,1811,2,2,0,0,CLEAR,DRY,False,SIDESWIPE-SAME DIRECTION,SIDESWIPE-SAME DIRECTION,STRAIGHT & LEVEL,DARK-HWY LIGHTED/OFF,,,12/30/2019 8:49:28 AM,False,7267,Accepted,
26115281,0568000,LOUISVILLE METRO POLICE DEPT,Accepted,JEFFERSON,KY1065,,OUTER,LOOP,,,CAROL,,,,,38.138452677,-85.684604028,6.173,12/27/2019 12:00:00 AM,1842,2,2,0,0,CLOUDY,DRY,False,OTHER INTERSECTION COLLISIONS,REAR END,STRAIGHT & LEVEL,DARK-HWY NOT LIGHTED,,,12/30/2019 9:09:02 AM,False,6360,Accepted,
26115141,0568000,LOUISVILLE METRO POLICE DEPT,Accepted,JEFFERSON,US0031E,,BARDSTOWN,RD,,,CEDARLOOK,,,,,38.147069112,-85.585874195,5.332,12/27/2019 12:00:00 AM,1503,3,3,0,0,CLOUDY,DRY,False,OTHER INTERSECTION COLLISIONS,REAR END,STRAIGHT & LEVEL,DAYLIGHT,,,12/30/2019 8:46:17 AM,False,7465,Accepted,
26115143,0568000,LOUISVILLE METRO POLICE DEPT,Accepted,JEFFERSON,US0060,,FRANKFORT,AVE,,,RESERVOIR,,,,,38.254483128,-85.680825549,2.165,12/27/2019 12:00:00 AM,1621,2,2,0,1,CLEAR,DRY,False,OTHER INTERSECTION COLLISIONS,REAR END,STRAIGHT & LEVEL,DAYLIGHT,,,12/30/2019 8:46:37 AM,False,7043,Accepted,
26115174,0568000,LOUISVILLE METRO POLICE DEPT,Accepted,JEFFERSON,KY1703,,NEWBURG,RD,,,TARTAN,,,,,38.209072434,-85.693737390,2.856,12/27/2019 12:00:00 AM,2230,1,1,0,1,CLEAR,DRY,False,OTHER INTERSECTION COLLISIONS,SINGLE VEHICLE,CURVE & HILLCREST,DARK-HWY LIGHTED/OFF,,,12/30/2019 8:51:35 AM,False,5240,Accepted,
26115156,0568000,LOUISVILLE METRO POLICE DEPT,Accepted,JEFFERSON,KY1747,,HURSTBOURNE,PKWY,S,,BUNSEN,,,,,38.218989490,-85.584166815,11.458,12/27/2019 12:00:00 AM,1734,2,2,0,0,CLEAR,DRY,False,OTHER INTERSECTION COLLISIONS,REAR END,STRAIGHT & LEVEL,DAYLIGHT,,,12/30/2019 8:48:19 AM,False,7448,Accepted,
26115085,0568000,LOUISVILLE METRO POLICE DEPT,Accepted,JEFFERSON,KY1934,,GREENBELT,HWY,,KY1230,LOWER RIVER,,,,,38.098211005,-85.891930023,1.033,12/27/2019 12:00:00 AM,0706,2,2,0,0,CLEAR,DRY,False,OTHER INTERSECTION COLLISIONS,REAR END,CURVE & LEVEL,DARK-HWY NOT LIGHTED,,,12/30/2019 8:40:57 AM,False,7205,Accepted,
26111043,0560300,ST. MATTHEWS POLICE DEPARTMENT,Accepted,JEFFERSON,US0060,,SHELBYVILLE,RD,,,TEN PIN,,,,,38.250250762,-85.622327288,5.372,12/27/2019 12:00:00 AM,1801,2,2,0,0,CLOUDY,DRY,False,OTHER INTERSECTION COLLISIONS,REAR END,STRAIGHT & LEVEL,DARK-HWY LIGHTED/ON,,,12/28/2019 10:11:20 PM,False,9193,Accepted,
26934494,0568000,LOUISVILLE METRO POLICE DEPT,Accepted,JEFFERSON,KY0864,,POPLAR LEVEL,RD,,,QUARRY HILL,,,,,38.209120758,-85.716300311,12.388,12/27/2019 12:00:00 AM,1043,2,2,0,1,CLEAR,DRY,False,ANGLE COLLISION - OTHER,ANGLE,STRAIGHT & LEVEL,DAYLIGHT,,,7/15/2020 8:56:02 AM,False,7938,Accepted,
26115183,0568000,LOUISVILLE METRO POLICE DEPT,Accepted,JEFFERSON,US0060,,SHELBYVILLE,RD,,,WICKFIELD,,,,,38.238667454,-85.486959962,12.971,12/27/2019 12:00:00 AM,1808,2,2,0,1,CLOUDY,DRY,False,ANGLE COLLISION - OTHER,ANGLE,STRAIGHT & LEVEL,DARK-HWY NOT LIGHTED,,,12/30/2019 8:53:49 AM,False,6334,Accepted,
26115081,0568000,LOUISVILLE METRO POLICE DEPT,Accepted,JEFFERSON,,,JEFFERSON,ST,E,,1ST,,,,,38.253291463,-85.752082248,1.048,12/27/2019 12:00:00 AM,1215,2,2,0,0,CLEAR,DRY,False,ANGLE COLLISION - OTHER,ANGLE,STRAIGHT & LEVEL,DAYLIGHT,,,12/30/2019 8:40:25 AM,False,6907,Accepted,
26115082,0568000,LOUISVILLE METRO POLICE DEPT,Accepted,JEFFERSON,,,SPRINGHURST,BLVD,,,WHITE BLOSSOM,,,,,38.304965142,-85.568736991,1.205,12/27/2019 12:00:00 AM,1151,2,2,0,0,CLOUDY,DRY,False,ANGLE COLLISION - OTHER,ANGLE,STRAIGHT & LEVEL,DAYLIGHT,,,12/30/2019 8:40:34 AM,False,6929,Accepted,
26115187,0568000,LOUISVILLE METRO POLICE DEPT,Accepted,JEFFERSON,US0150,,BROADWAY,,W,,18TH,,,,,38.248903189,-85.781468004,1.099,12/27/2019 12:00:00 AM,1837,2,2,0,2,CLOUDY,DRY,False,ANGLE COLLISION - OTHER,ANGLE,STRAIGHT & LEVEL,DARK-HWY LIGHTED/ON,,,12/30/2019 8:54:21 AM,False,7805,Accepted,
26115105,0568000,LOUISVILLE METRO POLICE DEPT,Accepted,JEFFERSON,US0060A,,EASTERN,PKWY,,,BARRET,,,,,38.226557753,-85.720484324,6.101,12/27/2019 12:00:00 AM,1425,2,2,0,0,CLEAR,DRY,False,ANGLE COLLISION - OTHER,ANGLE,STRAIGHT & LEVEL,DAYLIGHT,,,12/30/2019 8:44:50 AM,False,5243,Accepted,
26115079,0568000,LOUISVILLE METRO POLICE DEPT,Accepted,JEFFERSON,,,16TH,ST,N,,PORTLAND,,,,,38.262783344,-85.774954958,0.087,12/27/2019 12:00:00 AM,1222,1,1,0,0,CLOUDY,DRY,False,COLLISION WITH FIXED OBJECT IN INTERSECTION - FIRST EVENT COLLISION 09 - 32,SINGLE VEHICLE,CURVE & LEVEL,DAYLIGHT,,,12/30/2019 8:40:16 AM,False,7988,Accepted,
26115172,0568000,LOUISVILLE METRO POLICE DEPT,Accepted,JEFFERSON,,,MOORHAVEN,DR,,,FERNHAVEN,,,,,38.148196428,-85.631999304,,12/27/2019 12:00:00 AM,1955,1,1,0,1,CLEAR,DRY,False,COLLISION WITH FIXED OBJECT IN INTERSECTION - FIRST EVENT COLLISION 09 - 32,SINGLE VEHICLE,STRAIGHT & LEVEL,DARK-HWY NOT LIGHTED,,,12/30/2019 8:51:06 AM,False,7415,Accepted,
26144852,0568000,LOUISVILLE METRO POLICE DEPT,Accepted,JEFFERSON,,,26TH,ST,S,,HALE,,,,,38.239113962,-85.796051858,1.497,12/27/2019 12:00:00 AM,0325,3,3,0,0,CLEAR,DRY,False,COLLISION WITH PARKED VEHICLE,SIDESWIPE-SAME DIRECTION,STRAIGHT & LEVEL,DARK-HWY LIGHTED/ON,,,1/6/2020 9:12:19 AM,False,7175,Accepted,
26115179,0568000,LOUISVILLE METRO POLICE DEPT,Accepted,JEFFERSON,,,ELLWOOD,AVE,,US0031E,BARDSTOWN,,,,,38.237757776,-85.719804251,0.002,12/27/2019 12:00:00 AM,2348,2,2,0,0,CLEAR,DRY,False,COLLISION WITH PARKED VEHICLE,REAR END,STRAIGHT & LEVEL,DARK-HWY LIGHTED/ON,,,12/30/2019 8:52:38 AM,False,5188,Accepted,
26105075,0568000,LOUISVILLE METRO POLICE DEPT,Accepted,JEFFERSON,,,SKY BLUE,AVE,,KY1931,GREENWOOD,,,,,38.144441312,-85.852281370,0.031,12/26/2019 12:00:00 AM,1703,2,2,0,0,CLOUDY,DRY,True,COLLISION WITH PARKED VEHICLE,SIDESWIPE-SAME DIRECTION,STRAIGHT & LEVEL,DUSK,,,12/27/2019 7:57:46 AM,False,5100,Accepted,
26105109,0568000,LOUISVILLE METRO POLICE DEPT,Accepted,JEFFERSON,,,MONTANA,AVE,,,WELLER,,,,,38.209040744,-85.774565468,0.524,12/26/2019 12:00:00 AM,1422,1,1,0,1,CLEAR,DRY,False,COLLISION WITH FIXED OBJECT IN INTERSECTION - FIRST EVENT COLLISION 09 - 32,SINGLE VEHICLE,STRAIGHT & LEVEL,DAYLIGHT,,,12/27/2019 8:01:43 AM,False,2142,Accepted,
26105123,0568000,LOUISVILLE METRO POLICE DEPT,Accepted,JEFFERSON,KY1865,,TAYLOR,BLVD,,,LYNNHURST,,,,,38.178349431,-85.782913415,4.934,12/26/2019 12:00:00 AM,2248,1,1,0,0,CLEAR,DRY,False,COLLISION WITH FIXED OBJECT IN INTERSECTION - FIRST EVENT COLLISION 09 - 32,SINGLE VEHICLE,STRAIGHT & LEVEL,DARK-HWY LIGHTED/ON,,,12/27/2019 8:04:18 AM,False,5221,Accepted,
26115157,0568000,LOUISVILLE METRO POLICE DEPT,Accepted,JEFFERSON,KY2054,,ALGONQUIN,PKWY,,,RUSSELL LEE,,,,,38.225494065,-85.818502990,0.213,12/26/2019 12:00:00 AM,1556,1,1,0,0,CLEAR,DRY,False,COLLISION WITH FIXED OBJECT IN INTERSECTION - FIRST EVENT COLLISION 09 - 32,SINGLE VEHICLE,STRAIGHT & LEVEL,DAYLIGHT,,,12/30/2019 8:48:29 AM,False,7481,Accepted,
26119839,0568000,LOUISVILLE METRO POLICE DEPT,Accepted,JEFFERSON,,,ARCADE,AVE,,US0060A,TAYLOR,,,,,38.202129059,-85.781518213,0.001,12/26/2019 12:00:00 AM,1859,2,1,0,0,CLEAR,DRY,False,COLLISION WITH BICYCLE IN INTERSECTION,SINGLE VEHICLE,STRAIGHT & LEVEL,DARK-HWY LIGHTED/ON,,,12/31/2019 8:17:31 AM,False,5052,Accepted,
26105057,0568000,LOUISVILLE METRO POLICE DEPT,Accepted,JEFFERSON,US0060A,,TAYLOR,BLVD,,,DRESDEN,,,,,38.197018961,-85.782899786,1.516,12/26/2019 12:00:00 AM,1533,2,2,0,0,CLEAR,DRY,False,ANGLE COLLISION - ONE VEHICLE TURNING LEFT,ANGLE,STRAIGHT & LEVEL,DAYLIGHT,,,12/27/2019 7:55:36 AM,False,7427,Accepted,
26168843,0568000,LOUISVILLE METRO POLICE DEPT,Accepted,JEFFERSON,KY1631,,CRITTENDEN,DR,,,BOXLEY,,,,,38.205364958,-85.750811815,1.202,12/26/2019 12:00:00 AM,1822,2,2,0,0,CLEAR,DRY,False,ANGLE COLLISION - OTHER,ANGLE,STRAIGHT & LEVEL,DARK-HWY LIGHTED/ON,,,1/10/2020 8:29:14 AM,False,5163,Accepted,
26105077,0568000,LOUISVILLE METRO POLICE DEPT,Accepted,JEFFERSON,,,ROY WILKINS,AVE,,,MUHAMMAD ALI,,,,,38.252046144,-85.765505414,0.373,12/26/2019 12:00:00 AM,1710,2,2,0,0,CLEAR,DRY,False,ANGLE COLLISION - OTHER,ANGLE,STRAIGHT & LEVEL,DUSK,,,12/27/2019 7:58:07 AM,False,5265,Accepted,
26119786,0568000,LOUISVILLE METRO POLICE DEPT,Accepted,JEFFERSON,,,LIBERTY,ST,W,KY1020,3RD,,,,,38.252883097,-85.755495868,0.699,12/26/2019 12:00:00 AM,1015,2,2,0,1,CLEAR,DRY,False,ANGLE COLLISION - OTHER,ANGLE,STRAIGHT & LEVEL,DAYLIGHT,,,12/31/2019 8:10:33 AM,False,2854,Accepted,
26144643,0568000,LOUISVILLE METRO POLICE DEPT,Accepted,JEFFERSON,,,FEGENBUSH,LN,,,NORFOLK,,,,,38.186363035,-85.638109222,0.062,12/26/2019 12:00:00 AM,1533,2,2,0,0,CLOUDY,DRY,False,OPPOSING LEFT TURN,OPPOSING LEFT TURN,STRAIGHT & LEVEL,DAYLIGHT,,,1/6/2020 8:55:06 AM,False,7303,Accepted,
26115075,0568000,LOUISVILLE METRO POLICE DEPT,Accepted,JEFFERSON,KY1747,,HURSTBOURNE,PKWY,N,,BLOSSOM,,,,,38.289479034,-85.573806360,17.209,12/26/2019 12:00:00 AM,1348,2,2,0,0,CLOUDY,DRY,False,OPPOSING LEFT TURN,OPPOSING LEFT TURN,STRAIGHT & HILLCREST,DAYLIGHT,,,12/30/2019 8:39:04 AM,False,7751,Accepted,
26105067,0568000,LOUISVILLE METRO POLICE DEPT,Accepted,JEFFERSON,,,12TH,ST,S,,ORMSBY,,,,,38.234144048,-85.774031292,1.312,12/26/2019 12:00:00 AM,1722,2,2,0,0,CLEAR,DRY,False,OTHER INTERSECTION COLLISIONS,REAR END,STRAIGHT & LEVEL,DUSK,,,12/27/2019 7:56:41 AM,False,5282,Accepted,
26115063,0568000,LOUISVILLE METRO POLICE DEPT,Accepted,JEFFERSON,US0031E,,BUECHEL,BYP,,,HIKES,,,,,38.198426113,-85.660939655,10.974,12/26/2019 12:00:00 AM,1507,2,2,0,1,CLEAR,DRY,False,OTHER INTERSECTION COLLISIONS,REAR END,STRAIGHT & LEVEL,DAYLIGHT,,,12/30/2019 8:37:14 AM,False,5119,Accepted,
26119836,0568000,LOUISVILLE METRO POLICE DEPT,Accepted,JEFFERSON,US0031E,,BARDSTOWN,RD,,I 0265,I265 E EXIT17 OFF RAMP TO US31E,,,,,38.139339356,-85.582049621,4.793,12/26/2019 12:00:00 AM,2308,2,2,0,1,CLOUDY,DRY,False,OTHER INTERSECTION COLLISIONS,REAR END,STRAIGHT & GRADE,DARK-HWY LIGHTED/ON,,,12/31/2019 8:17:05 AM,False,5169,Accepted,
26105120,0568000,LOUISVILLE METRO POLICE DEPT,Accepted,JEFFERSON,KY1065,,OUTER,LOOP,,,JUDGE,,,,,38.137662424,-85.669238386,7.013,12/26/2019 12:00:00 AM,2118,2,2,0,1,CLEAR,DRY,False,OTHER INTERSECTION COLLISIONS,REAR END,STRAIGHT & LEVEL,DARK-HWY LIGHTED/ON,,,12/27/2019 8:03:50 AM,False,5107,Accepted,
26105121,0568000,LOUISVILLE METRO POLICE DEPT,Accepted,JEFFERSON,KY1065,,OUTER,LOOP,,KY0061,PRESTON,,,,,38.138225034,-85.685377861,6.128,12/26/2019 12:00:00 AM,2040,2,2,0,0,CLEAR,DRY,False,OTHER INTERSECTION COLLISIONS,REAR END,STRAIGHT & LEVEL,DARK-HWY LIGHTED/ON,,,12/27/2019 8:03:59 AM,False,5101,Accepted,
26105074,0568000,LOUISVILLE METRO POLICE DEPT,Accepted,JEFFERSON,US0031W,,DIXIE,HWY,,KY1931,ST ANDREWS CHURCH,,,,,38.143516540,-85.839453340,11.676,12/26/2019 12:00:00 AM,1436,2,2,0,0,CLOUDY,DRY,False,SIDESWIPE-SAME DIRECTION,SIDESWIPE-SAME DIRECTION,STRAIGHT & LEVEL,DAYLIGHT,,,12/27/2019 7:57:38 AM,False,5100,Accepted,
26105047,0568000,LOUISVILLE METRO POLICE DEPT,Accepted,JEFFERSON,,,CHESTNUT,ST,W,,28TH,,,,,38.253344172,-85.797606502,0.182,12/26/2019 12:00:00 AM,1320,2,2,0,0,CLEAR,DRY,True,SIDESWIPE-SAME DIRECTION,SIDESWIPE-SAME DIRECTION,STRAIGHT & LEVEL,DAYLIGHT,,,12/27/2019 7:54:19 AM,False,7220,Accepted,
26105073,0568000,LOUISVILLE METRO POLICE DEPT,Accepted,JEFFERSON,US0031W,,DIXIE,HWY,,,UPPER HUNTERS,,,,,38.168578033,-85.828554801,13.273,12/26/2019 12:00:00 AM,1739,2,2,0,0,CLEAR,DRY,False,SIDESWIPE-SAME DIRECTION,SIDESWIPE-SAME DIRECTION,STRAIGHT & LEVEL,DARK-HWY LIGHTED/ON,,,12/27/2019 7:57:29 AM,False,7177,Accepted,
26101425,0568000,LOUISVILLE METRO POLICE DEPT,Accepted,JEFFERSON,KY1230,,LOWER RIVER,RD,,KY1934,GREENBELT,,,,,38.098119060,-85.892121589,2.609,12/26/2019 12:00:00 AM,0536,2,2,0,1,CLEAR,DRY,False,OTHER INTERSECTION COLLISIONS,REAR END,STRAIGHT & LEVEL,DARK-HWY LIGHTED/OFF,,,12/26/2019 7:53:44 AM,False,7264,Accepted,
26123308,0568000,LOUISVILLE METRO POLICE DEPT,Accepted,JEFFERSON,I 0065,,I65 N,,,I 0065,I65 N EXIT128 OFF RAMP TO KY1631,,,,,38.150751029,-85.714047328,127.759,12/26/2019 12:00:00 AM,0013,2,2,0,0,CLEAR,DRY,False,OTHER INTERSECTION COLLISIONS,REAR TO REAR,STRAIGHT & LEVEL,DARK-HWY LIGHTED/ON,,,1/1/2020 7:30:56 AM,False,5269,Accepted,
26105116,0568000,LOUISVILLE METRO POLICE DEPT,Accepted,JEFFERSON,US0031E,,BARDSTOWN,RD,,,,,,,,38.224652646,-85.694062405,13.651,12/26/2019 12:00:00 AM,2234,2,1,0,1,CLEAR,DRY,False,COLLISION WITH PEDESTRIAN NON - INTERSECTION,SINGLE VEHICLE,STRAIGHT & LEVEL,DARK-HWY LIGHTED/ON,,,12/27/2019 8:03:06 AM,False,5274,Accepted,
26105100,0568000,LOUISVILLE METRO POLICE DEPT,Accepted,JEFFERSON,,,ZORN,AVE,,,,,MELLWOOD,,RIVERWOOD,38.272803073,-85.695841490,1.382,12/26/2019 12:00:00 AM,2014,1,1,0,0,CLOUDY,DRY,False,COLLISION WITH ANIMAL NON INTERSECTION,SINGLE VEHICLE,STRAIGHT & LEVEL,DARK-HWY LIGHTED/ON,,,12/27/2019 7:59:40 AM,False,2229,Accepted,
26105048,0568000,LOUISVILLE METRO POLICE DEPT,Accepted,JEFFERSON,I 0065,,I65 S,,,,,,,,,38.092438837,-85.701091065,123.601,12/26/2019 12:00:00 AM,0940,1,1,0,0,CLOUDY,DRY,False,RAN OFF ROADWAY (1 VEHICLE WITH/EARTH EMBANKMENT/DITCH),SINGLE VEHICLE,STRAIGHT & LEVEL,DAYLIGHT,,,12/27/2019 7:54:28 AM,False,7772,Accepted,
26115344,0568000,LOUISVILLE METRO POLICE DEPT,Accepted,JEFFERSON,,1106,CARLISLE,AVE,,,,,,,,38.194235912,-85.782369429,0.477,12/26/2019 12:00:00 AM,1019,2,2,0,0,CLOUDY,DRY,False,1 VEHICLE PARKED POSITION (NOT PARKING LOT/DRIVEWAY),ANGLE,STRAIGHT & LEVEL,DAYLIGHT,,,12/30/2019 9:19:36 AM,False,7495,Accepted,
26105039,0568000,LOUISVILLE METRO POLICE DEPT,Accepted,JEFFERSON,I 0065,,I65 E EXIT12 TRANSIT,,,,,,,,,38.189719452,-85.734868083,0.787,12/26/2019 12:00:00 AM,1039,2,2,0,0,CLOUDY,DRY,False,REAR END IN TRAFFIC LANES BOTH VEHICLES MOVING,REAR END,STRAIGHT & LEVEL,DAYLIGHT,,,12/27/2019 7:53:16 AM,False,4903,Accepted,
26105087,0568000,LOUISVILLE METRO POLICE DEPT,Accepted,JEFFERSON,KY0841,,GENE SNYDER,FWY,,,,,,,,38.116293959,-85.730239474,8.639,12/26/2019 12:00:00 AM,1745,2,2,0,0,CLEAR,DRY,False,REAR END IN TRAFFIC LANES BOTH VEHICLES MOVING,REAR END,STRAIGHT & LEVEL,DARK-HWY NOT LIGHTED,,,12/27/2019 7:59:08 AM,False,7786,Accepted,
26105071,0568000,LOUISVILLE METRO POLICE DEPT,Accepted,JEFFERSON,US0031E,,BARDSTOWN,RD,,,,,,,,38.141300849,-85.583183228,4.904,12/26/2019 12:00:00 AM,1728,2,2,0,0,CLOUDY,DRY,False,REAR END IN TRAFFIC LANES BOTH VEHICLES MOVING,REAR END,STRAIGHT & LEVEL,DUSK,,,12/27/2019 7:57:20 AM,False,4693,Accepted,