IncidentID,AgencyORI,AgencyName,IncidentStatusDesc,County,RdwyNumber,Street,RoadwayName,StreetSfx,StreetDir,IntersectionRdwy,IntersectionRdwyName,BetweenStRdwy1,BetweenStRdwyName1,BetweenStRdwy2,BetweenStRdwyName2,Latitude,Longitude,Milepoint,CollisionDate,CollisionTime,UnitsInvolved,MotorVehiclesInvolved,NumberKilled,NumberInjured,Weather,RdwyConditionCode,HitandRun,DirAnalysisCode,MannerofCollision,RdwyCharacter,LightCondition,RampFromRdwyId,RampToRdwyId,AcceptedDate,IsSecondaryCollision,OwnerBadge,IncidentStatus,
26133780,0568000,LOUISVILLE METRO POLICE DEPT,Accepted,JEFFERSON,I 0264,,I264 W,,,,,,,,,38.191112133,-85.718294660,12.686,12/26/2019 12:00:00 AM,1325,2,2,0,0,CLEAR,DRY,False,REAR END IN TRAFFIC LANES BOTH VEHICLES MOVING,REAR END,STRAIGHT & LEVEL,DAYLIGHT,,,1/3/2020 10:13:49 AM,False,7286,Accepted,
26105050,0568000,LOUISVILLE METRO POLICE DEPT,Accepted,JEFFERSON,KY1065,,OUTER,LOOP,,,,,,,,38.127433797,-85.746863626,2.713,12/26/2019 12:00:00 AM,1521,3,3,0,0,CLEAR,DRY,False,REAR END IN TRAFFIC LANES BOTH VEHICLES MOVING,REAR END,STRAIGHT & LEVEL,DAYLIGHT,,,12/27/2019 7:55:09 AM,False,5259,Accepted,
26105076,0568000,LOUISVILLE METRO POLICE DEPT,Accepted,JEFFERSON,KY2048,,CANNONS,LN,,,,,,,,38.222321425,-85.658353775,0.010,12/26/2019 12:00:00 AM,1231,2,2,0,0,CLOUDY,DRY,False,REAR END IN TRAFFIC LANES BOTH VEHICLES MOVING,REAR END,STRAIGHT & LEVEL,DAYLIGHT,,,12/27/2019 7:57:56 AM,False,6813,Accepted,
26105036,0568000,LOUISVILLE METRO POLICE DEPT,Accepted,JEFFERSON,,4917,COOPER CHAPEL,RD,,,,,,,,38.103743725,-85.672204213,0.021,12/26/2019 12:00:00 AM,1017,2,2,0,0,CLEAR,DRY,False,REAR END IN TRAFFIC LANES BOTH VEHICLES MOVING,REAR END,STRAIGHT & GRADE,DAYLIGHT,,,12/27/2019 7:52:46 AM,False,7799,Accepted,
26105069,0568000,LOUISVILLE METRO POLICE DEPT,Accepted,JEFFERSON,KY0155,,TAYLORSVILLE,RD,,,,,,,,38.188629102,-85.509762685,6.106,12/26/2019 12:00:00 AM,1255,4,4,0,1,CLOUDY,DRY,False,REAR END IN TRAFFIC LANES BOTH VEHICLES MOVING,REAR END,STRAIGHT & LEVEL,DAYLIGHT,,,12/27/2019 7:57:01 AM,False,4693,Accepted,
26105118,0568000,LOUISVILLE METRO POLICE DEPT,Accepted,JEFFERSON,KY1747,,FERN VALLEY,RD,,,,,,,,38.158047909,-85.721340150,0.599,12/26/2019 12:00:00 AM,2143,3,3,0,0,CLEAR,DRY,False,REAR END IN TRAFFIC LANES BOTH VEHICLES MOVING,REAR END,STRAIGHT & LEVEL,DARK-HWY NOT LIGHTED,,,12/27/2019 8:03:24 AM,False,5182,Accepted,
26105091,0568000,LOUISVILLE METRO POLICE DEPT,Accepted,JEFFERSON,KY0841,,GENE SNYDER,FWY,,,,,,,,38.116868656,-85.733844713,8.436,12/26/2019 12:00:00 AM,1743,2,2,0,0,CLEAR,DRY,False,SIDESWIPE COLLISION - SAME DIRECTION,SIDESWIPE-SAME DIRECTION,STRAIGHT & LEVEL,DARK-HWY LIGHTED/OFF,,,12/27/2019 7:59:20 AM,False,7786,Accepted,
26105119,0568000,LOUISVILLE METRO POLICE DEPT,Accepted,JEFFERSON,US0060,3801,FRANKFORT,AVE,,,,,,,,38.253029345,-85.657138037,3.460,12/26/2019 12:00:00 AM,0050,2,2,0,0,CLEAR,DRY,False,SIDESWIPE COLLISION - SAME DIRECTION,SIDESWIPE-SAME DIRECTION,STRAIGHT & LEVEL,DARK-HWY LIGHTED/ON,,,12/27/2019 8:03:40 AM,False,2673,Accepted,
26105111,0568000,LOUISVILLE METRO POLICE DEPT,Accepted,JEFFERSON,KY1934,,GREENBELT,HWY,,,,,,,,38.104195105,-85.893289396,1.452,12/26/2019 12:00:00 AM,2112,1,1,0,2,CLEAR,DRY,False,OTHER COLLISIONS ON SHOULDER,SINGLE VEHICLE,STRAIGHT & LEVEL,DARK-HWY LIGHTED/ON,,,12/27/2019 8:02:14 AM,False,7264,Accepted,
26105114,0568000,LOUISVILLE METRO POLICE DEPT,Accepted,JEFFERSON,US0031W,,DIXIE,HWY,,,,,BETHANY,,DIXIE GARDEN,38.097368392,-85.872884368,7.850,12/26/2019 12:00:00 AM,2052,2,2,0,0,CLEAR,DRY,False,1 VEHICLE ENTERING/LEAVING ENTRANCE,ANGLE,STRAIGHT & LEVEL,DARK-HWY LIGHTED/ON,,,12/27/2019 8:02:42 AM,False,7160,Accepted,
26105080,0568000,LOUISVILLE METRO POLICE DEPT,Accepted,JEFFERSON,,,BRENTLINGER,LN,,,,US0031E,BARDSTOWN,,CHISM TRAIL,38.134596388,-85.578143484,0.086,12/26/2019 12:00:00 AM,1314,2,2,0,0,CLEAR,DRY,False,1 VEHICLE ENTERING/LEAVING ENTRANCE,ANGLE,STRAIGHT & GRADE,DAYLIGHT,,,12/27/2019 7:58:31 AM,False,2321,Accepted,
26105081,0568000,LOUISVILLE METRO POLICE DEPT,Accepted,JEFFERSON,US0031E,,BARDSTOWN,RD,,,,,,,,38.125392317,-85.574684005,3.705,12/26/2019 12:00:00 AM,1327,2,2,0,0,CLEAR,DRY,False,1 VEHICLE ENTERING/LEAVING ENTRANCE,ANGLE,STRAIGHT & LEVEL,DAYLIGHT,,,12/27/2019 7:58:44 AM,False,2321,Accepted,
26105070,0568000,LOUISVILLE METRO POLICE DEPT,Accepted,JEFFERSON,KY1747,,FERN VALLEY,RD,,,,,,,,38.157286991,-85.695441241,2.024,12/26/2019 12:00:00 AM,1449,2,2,0,0,CLOUDY,DRY,False,1 VEHICLE ENTERING/LEAVING ENTRANCE,ANGLE,STRAIGHT & LEVEL,DAYLIGHT,,,12/27/2019 7:57:12 AM,False,4693,Accepted,
26119841,0568000,LOUISVILLE METRO POLICE DEPT,Accepted,JEFFERSON,,,BLOSSOM,LN,,,,KY1747,HURSTBOURNE,,GOOSE CREEK,38.288980452,-85.575801084,0.124,12/26/2019 12:00:00 AM,1300,2,2,0,0,CLEAR,DRY,False,1 VEHICLE ENTERING/LEAVING ENTRANCE,ANGLE,STRAIGHT & LEVEL,DAYLIGHT,,,12/31/2019 8:17:48 AM,False,2030,Accepted,
26105042,0568000,LOUISVILLE METRO POLICE DEPT,Accepted,JEFFERSON,KY0061,3206,PRESTON,HWY,,,,,,,,38.202608095,-85.734811984,9.160,12/26/2019 12:00:00 AM,1320,2,2,0,0,CLEAR,DRY,False,1 VEHICLE ENTERING/LEAVING ENTRANCE,ANGLE,STRAIGHT & LEVEL,DAYLIGHT,,,12/27/2019 7:53:37 AM,False,7400,Accepted,
26105078,0568000,LOUISVILLE METRO POLICE DEPT,Accepted,JEFFERSON,KY0022,,BALLARDSVILLE,RD,,,,,,,,38.317678327,-85.539589934,6.043,12/26/2019 12:00:00 AM,1832,2,2,0,0,CLEAR,DRY,False,1 VEHICLE ENTERING/LEAVING ENTRANCE,ANGLE,STRAIGHT & LEVEL,DARK-HWY LIGHTED/OFF,,,12/27/2019 7:58:15 AM,False,7615,Accepted,
26105110,0568000,LOUISVILLE METRO POLICE DEPT,Accepted,JEFFERSON,,,BELQUIN,RD,,,,,,,,38.222624781,-85.821675292,0.003,12/26/2019 12:00:00 AM,2100,2,2,0,0,CLEAR,DRY,False,1 VEHICLE ENTERING/LEAVING ENTRANCE,ANGLE,STRAIGHT & LEVEL,DARK-HWY LIGHTED/ON,,,12/27/2019 8:01:51 AM,False,7154,Accepted,
26105124,0568000,LOUISVILLE METRO POLICE DEPT,Accepted,JEFFERSON,,4960,NORTON HEALTHCARE,BLVD,,,,,,,,38.314915083,-85.574371240,0.433,12/26/2019 12:00:00 AM,2107,2,2,0,0,CLEAR,DRY,False,OTHER ROADWAY OR MID-BLOCK COLLISION,OPPOSING LEFT TURN,CURVE & LEVEL,DARK-HWY LIGHTED/ON,,,12/27/2019 8:04:32 AM,False,5056,Accepted,
26115069,0568000,LOUISVILLE METRO POLICE DEPT,Accepted,JEFFERSON,KY0022,,BROWNSBORO,RD,,,,KY2050,HERR,,HOLIDAY MANOR,38.283807750,-85.628181449,0.425,12/26/2019 12:00:00 AM,1111,2,2,0,0,CLOUDY,DRY,False,OTHER ROADWAY OR MID-BLOCK COLLISION,REAR END,STRAIGHT & LEVEL,DAYLIGHT,,,12/30/2019 8:38:26 AM,False,7751,Accepted,
26115076,0568000,LOUISVILLE METRO POLICE DEPT,Accepted,JEFFERSON,I 0265,,,,,,,,,,,38.285956943,-85.513632763,0.124,12/26/2019 12:00:00 AM,1621,2,2,0,0,CLOUDY,DRY,False,OTHER ROADWAY OR MID-BLOCK COLLISION,REAR END,STRAIGHT & HILLCREST,DAYLIGHT,,,12/30/2019 8:39:18 AM,False,7751,Accepted,
26105045,0568000,LOUISVILLE METRO POLICE DEPT,Accepted,JEFFERSON,,,SHEPHERDSVILLE,RD,,,,,SAVANNAH SPRINGS,,SHEPHERD CROSSING,38.128659074,-85.663065415,0.796,12/26/2019 12:00:00 AM,0756,4,4,0,0,CLOUDY,WET,True,OTHER ROADWAY OR MID-BLOCK COLLISION,REAR END,,DAYLIGHT,,,12/27/2019 7:54:01 AM,False,7914,Accepted,
26572278,0568000,LOUISVILLE METRO POLICE DEPT,Accepted,JEFFERSON,,1536,STORY,AVE,,,,,,,,38.260251206,-85.719775392,0.012,12/26/2019 12:00:00 AM,0636,1,1,0,1,CLEAR,DRY,True,OTHER ROADWAY OR MID-BLOCK COLLISION,SINGLE VEHICLE,CURVE & GRADE,DARK-HWY LIGHTED/ON,,,4/2/2020 8:03:37 AM,False,5195,Accepted,
26105063,0568000,LOUISVILLE METRO POLICE DEPT,Accepted,JEFFERSON,I 0264,,,,,,,,,,,38.201372101,-85.687725965,0.290,12/26/2019 12:00:00 AM,1318,2,2,0,0,CLOUDY,DRY,False,OTHER RAMP RELATED COLLISIONS NOT LISTED ABOVE,REAR END,CURVE & GRADE,DAYLIGHT,I 0264,KY1703,12/27/2019 7:56:07 AM,False,8278,Accepted,
26105046,0568000,LOUISVILLE METRO POLICE DEPT,Accepted,JEFFERSON,KY1065,,OUTER,LOOP,,,,,,,,38.138224650,-85.655002746,7.801,12/26/2019 12:00:00 AM,1336,2,1,0,1,CLOUDY,WET,False,COLLISION IN PARKING LOT,SINGLE VEHICLE,STRAIGHT & HILLCREST,DAYLIGHT,,,12/27/2019 7:54:09 AM,False,7914,Accepted,
26105040,0568000,LOUISVILLE METRO POLICE DEPT,Accepted,JEFFERSON,,,COCHRAN HILL,RD,,,,,SCENIC,,SCENIC,38.241238187,-85.697807261,0.016,12/25/2019 12:00:00 AM,1741,2,2,0,0,CLOUDY,DRY,False,COLLISION IN PARKING LOT,BACKING,STRAIGHT & GRADE,DARK-HWY NOT LIGHTED,,,12/27/2019 7:53:26 AM,False,2228,Accepted,
26101412,0568000,LOUISVILLE METRO POLICE DEPT,Accepted,JEFFERSON,US0031E,,BARDSTOWN,RD,,,,,,,,38.167302012,-85.603551414,7.100,12/25/2019 12:00:00 AM,1210,1,1,0,0,CLEAR,DRY,False,COLLISION IN PARKING LOT,SINGLE VEHICLE,STRAIGHT & LEVEL,DAYLIGHT,,,12/26/2019 7:52:30 AM,False,4693,Accepted,
26101413,0568000,LOUISVILLE METRO POLICE DEPT,Accepted,JEFFERSON,I 0265,,,,,,,,,,,38.139460449,-85.582483585,0.387,12/25/2019 12:00:00 AM,1308,2,2,0,0,CLEAR,DRY,False,OTHER RAMP RELATED COLLISIONS NOT LISTED ABOVE,REAR END,CURVE & LEVEL,DAYLIGHT,I 0265,US31E,12/26/2019 7:52:33 AM,False,4693,Accepted,
26179911,0568000,LOUISVILLE METRO POLICE DEPT,Accepted,JEFFERSON,I 0065,,I65 N,,,,,,,,,38.199650654,-85.734269701,131.455,12/25/2019 12:00:00 AM,0515,1,1,0,1,CLEAR,DRY,False,OTHER ROADWAY OR MID-BLOCK COLLISION,SINGLE VEHICLE,CURVE & LEVEL,DARK-HWY LIGHTED/ON,,,1/13/2020 8:49:05 AM,False,5252,Accepted,
26101419,0568000,LOUISVILLE METRO POLICE DEPT,Accepted,JEFFERSON,,,STONE,ALY,,,,,15TH,,16TH,38.252718095,-85.776920795,0.062,12/25/2019 12:00:00 AM,1454,2,2,0,0,CLEAR,DRY,False,OTHER ROADWAY OR MID-BLOCK COLLISION,REAR TO REAR,STRAIGHT & LEVEL,DAYLIGHT,,,12/26/2019 7:53:09 AM,False,7229,Accepted,
26105028,0568000,LOUISVILLE METRO POLICE DEPT,Accepted,JEFFERSON,KY0841,,GENE SNYDER,FWY,,,,,,,,38.321932422,-85.616003821,36.648,12/25/2019 12:00:00 AM,2006,1,1,0,0,CLEAR,DRY,False,OTHER ROADWAY OR MID-BLOCK COLLISION,SINGLE VEHICLE,STRAIGHT & GRADE,DARK-HWY LIGHTED/ON,,,12/27/2019 7:51:04 AM,False,7159,Accepted,
26101397,0568000,LOUISVILLE METRO POLICE DEPT,Accepted,JEFFERSON,KY0864,,BEULAH CHURCH,RD,,,,,,,,38.137637608,-85.613436602,4.250,12/25/2019 12:00:00 AM,1229,2,2,0,0,CLEAR,DRY,False,OTHER ROADWAY OR MID-BLOCK COLLISION,REAR END,STRAIGHT & LEVEL,DAYLIGHT,,,12/26/2019 7:51:22 AM,False,7486,Accepted,
26101415,0568000,LOUISVILLE METRO POLICE DEPT,Accepted,JEFFERSON,,7204,ARNOLDTOWN,RD,,,,,,,,38.149408959,-85.824018704,0.010,12/25/2019 12:00:00 AM,1725,2,2,0,0,CLEAR,DRY,False,OTHER ROADWAY OR MID-BLOCK COLLISION,REAR END,STRAIGHT & LEVEL,DUSK,,,12/26/2019 7:52:47 AM,False,7177,Accepted,
26101395,0568000,LOUISVILLE METRO POLICE DEPT,Accepted,JEFFERSON,I 0264,,I264 W,,,,,,,,,38.195732190,-85.707539444,13.385,12/25/2019 12:00:00 AM,1135,1,1,0,0,CLEAR,DRY,False,OTHER COLLISIONS ON SHOULDER,SINGLE VEHICLE,STRAIGHT & LEVEL,DAYLIGHT,,,12/26/2019 7:51:13 AM,False,4903,Accepted,
26101392,0568000,LOUISVILLE METRO POLICE DEPT,Accepted,JEFFERSON,I 0264,,I264 W,,,,,,,,,38.250500556,-85.806737923,1.861,12/25/2019 12:00:00 AM,0834,2,2,0,2,CLEAR,DRY,False,SIDESWIPE COLLISION - SAME DIRECTION,SIDESWIPE-SAME DIRECTION,STRAIGHT & LEVEL,DAYLIGHT,,,12/26/2019 7:50:46 AM,False,7220,Accepted,
26101418,0568000,LOUISVILLE METRO POLICE DEPT,Accepted,JEFFERSON,I 0064,,I64 E,,,,,I 0064,I64 N EXIT1 RAMP TO I64 E,I 0064,I64 E EXIT7 OFF RAMP TO  STORY AVE,38.261091322,-85.728607413,6.208,12/25/2019 12:00:00 AM,1805,2,2,0,0,CLEAR,DRY,False,SIDESWIPE COLLISION - SAME DIRECTION,SIDESWIPE-SAME DIRECTION,STRAIGHT & GRADE,DARK-HWY LIGHTED/ON,,,12/26/2019 7:53:03 AM,False,2764,Accepted,
26101405,0568000,LOUISVILLE METRO POLICE DEPT,Accepted,JEFFERSON,,,41ST,ST,S,,,,HALE,,VIRGINIA,38.241314336,-85.820463376,0.580,12/25/2019 12:00:00 AM,1450,2,2,0,0,CLEAR,DRY,False,SIDESWIPE COLLISION - OPPOSITE DIRECTION,SIDESWIPE-OPPOSITE DIRECTION,STRAIGHT & LEVEL,DAYLIGHT,,,12/26/2019 7:51:53 AM,False,7328,Accepted,
26101414,0568000,LOUISVILLE METRO POLICE DEPT,Accepted,JEFFERSON,,,BRENTLINGER,LN,,,,,,,,38.134797765,-85.574679503,0.276,12/25/2019 12:00:00 AM,1408,2,2,0,0,CLEAR,DRY,False,SIDESWIPE COLLISION - OPPOSITE DIRECTION,SIDESWIPE-OPPOSITE DIRECTION,STRAIGHT & LEVEL,DAYLIGHT,,,12/26/2019 7:52:36 AM,False,4693,Accepted,
26115340,0568000,LOUISVILLE METRO POLICE DEPT,Accepted,JEFFERSON,,2604,WOODLAND,AVE,,,,,,,,38.233769397,-85.797343374,0.409,12/25/2019 12:00:00 AM,0407,2,2,0,0,CLEAR,DRY,False,1 VEHICLE PARKED POSITION (NOT PARKING LOT/DRIVEWAY),REAR END,STRAIGHT & LEVEL,DARK-HWY LIGHTED/ON,,,12/30/2019 9:19:00 AM,False,7481,Accepted,
26119827,0568000,LOUISVILLE METRO POLICE DEPT,Accepted,JEFFERSON,,1736,COLUMBIA,ST,,,,,,,,38.261107687,-85.778812762,0.153,12/25/2019 12:00:00 AM,2100,2,2,0,0,CLEAR,DRY,True,1 VEHICLE PARKED POSITION (NOT PARKING LOT/DRIVEWAY),SIDESWIPE-SAME DIRECTION,STRAIGHT & LEVEL,DARK-HWY LIGHTED/ON,,,12/31/2019 8:15:52 AM,False,5162,Accepted,
26119832,0568000,LOUISVILLE METRO POLICE DEPT,Accepted,JEFFERSON,,3306,TEAKWOOD,CIR,,,,,,,,38.187991319,-85.852681283,0.168,12/25/2019 12:00:00 AM,2200,2,2,0,0,CLEAR,DRY,True,1 VEHICLE PARKED POSITION (NOT PARKING LOT/DRIVEWAY),ANGLE,STRAIGHT & LEVEL,DARK-HWY NOT LIGHTED,,,12/31/2019 8:16:37 AM,False,7437,Accepted,
26101394,0568000,LOUISVILLE METRO POLICE DEPT,Accepted,JEFFERSON,,9019,AUBURN WOODS,RD,,,,,,,,38.138892314,-85.776756745,0.088,12/25/2019 12:00:00 AM,1205,2,2,0,0,CLEAR,DRY,True,1 VEHICLE PARKED POSITION (NOT PARKING LOT/DRIVEWAY),ANGLE,STRAIGHT & LEVEL,DAYLIGHT,,,12/26/2019 7:51:04 AM,False,7373,Accepted,
26101403,0568000,LOUISVILLE METRO POLICE DEPT,Accepted,JEFFERSON,,1802,AUSTINWOOD,PL,,,,,,,,38.145992936,-85.797224844,0.053,12/25/2019 12:00:00 AM,1539,2,2,0,0,CLEAR,DRY,False,1 VEHICLE PARKED POSITION (NOT PARKING LOT/DRIVEWAY),BACKING,STRAIGHT & LEVEL,DAYLIGHT,,,12/26/2019 7:51:47 AM,False,7424,Accepted,
26119793,0568000,LOUISVILLE METRO POLICE DEPT,Accepted,JEFFERSON,,132,OTTAWA,AVE,,,,,,,,38.187942367,-85.760378443,0.219,12/25/2019 12:00:00 AM,1626,2,2,0,0,CLEAR,DRY,True,1 VEHICLE PARKED POSITION (NOT PARKING LOT/DRIVEWAY),BACKING,STRAIGHT & LEVEL,DAYLIGHT,,,12/31/2019 8:11:07 AM,False,7468,Accepted,
26101400,0568000,LOUISVILLE METRO POLICE DEPT,Accepted,JEFFERSON,,,LANDIS RIDGE,DR,,,,,ENGLISH STATION,,VICTORY RIDGE,38.235047213,-85.500955374,0.085,12/25/2019 12:00:00 AM,0850,2,2,0,0,CLEAR,DRY,True,1 VEHICLE PARKED POSITION (NOT PARKING LOT/DRIVEWAY),REAR END,,DARK-HWY NOT LIGHTED,,,12/26/2019 7:51:37 AM,False,2030,Accepted,
26101408,0568000,LOUISVILLE METRO POLICE DEPT,Accepted,JEFFERSON,,,NORRIS,PL,,,,US0060A,EASTERN,,EDENSIDE,38.231052748,-85.711738473,0.057,12/25/2019 12:00:00 AM,1600,2,2,0,0,CLEAR,DRY,True,1 VEHICLE PARKED POSITION (NOT PARKING LOT/DRIVEWAY),REAR END,STRAIGHT & LEVEL,DAYLIGHT,,,12/26/2019 7:52:06 AM,False,7900,Accepted,
26101398,0568000,LOUISVILLE METRO POLICE DEPT,Accepted,JEFFERSON,,,CAPRI,DR,,,,,,,,38.200114642,-85.676581570,0.180,12/25/2019 12:00:00 AM,1326,1,1,0,0,CLEAR,DRY,True,1 VEHICLE PARKED POSITION (NOT PARKING LOT/DRIVEWAY),SINGLE VEHICLE,STRAIGHT & LEVEL,DAYLIGHT,,,12/26/2019 7:51:26 AM,False,5292,Accepted,
26101411,0568000,LOUISVILLE METRO POLICE DEPT,Accepted,JEFFERSON,KY0841,,GENE SNYDER,FWY,,,,,,,,38.092859577,-85.875612122,0.028,12/25/2019 12:00:00 AM,1730,1,1,0,0,CLEAR,DRY,False,COLLISION WITH ANIMAL NON INTERSECTION,SINGLE VEHICLE,CURVE & LEVEL,DAYLIGHT,,,12/26/2019 7:52:24 AM,False,2936,Accepted,
26192539,0568000,LOUISVILLE METRO POLICE DEPT,Accepted,JEFFERSON,,,ARNOLDTOWN,RD,,,,,MOUNTAIN BROOK,,TIMBER HILLS,38.127912995,-85.809796089,1.743,12/25/2019 12:00:00 AM,0730,1,1,0,0,CLEAR,DRY,False,COLLISION WITH ANIMAL NON INTERSECTION,SINGLE VEHICLE,CURVE & GRADE,DAWN,,,1/15/2020 8:09:22 AM,False,7026,Accepted,
26101416,0568000,LOUISVILLE METRO POLICE DEPT,Accepted,JEFFERSON,,,32ND,ST,S,,MARKET,,,,,38.260607381,-85.804432173,2.264,12/25/2019 12:00:00 AM,1540,2,2,0,0,CLEAR,DRY,True,OTHER INTERSECTION COLLISIONS,REAR END,STRAIGHT & LEVEL,DAYLIGHT,,,12/26/2019 7:52:51 AM,False,7292,Accepted,
26120453,0563800,NORTHFIELD POLICE DEPARTMENT,Accepted,JEFFERSON,I 0264,,I264 W,,,I 0264,I264 W EXIT22 OFF RAMP TO US42,,,,,38.280141080,-85.636749108,22.110,12/25/2019 12:00:00 AM,2100,2,2,0,0,CLEAR,DRY,False,SIDESWIPE-SAME DIRECTION,SIDESWIPE-SAME DIRECTION,STRAIGHT & LEVEL,DARK-HWY LIGHTED/ON,,,12/31/2019 1:59:07 PM,False,1375,Accepted,
26105115,0568000,LOUISVILLE METRO POLICE DEPT,Accepted,JEFFERSON,KY1230,,CANE RUN,RD,,,SHERRARD,,,,,38.132372661,-85.898076373,3.776,12/25/2019 12:00:00 AM,1945,2,2,0,0,CLOUDY,DRY,False,OTHER INTERSECTION COLLISIONS,REAR END,STRAIGHT & LEVEL,DARK-HWY LIGHTED/ON,,,12/27/2019 8:02:54 AM,False,7160,Accepted,
26101420,0568000,LOUISVILLE METRO POLICE DEPT,Accepted,JEFFERSON,KY1447,,WESTPORT,RD,,,CHAMBERLAIN,,,,,38.299412200,-85.541764416,7.049,12/25/2019 12:00:00 AM,2140,2,2,0,0,CLEAR,DRY,False,OTHER INTERSECTION COLLISIONS,REAR END,STRAIGHT & LEVEL,DARK-HWY LIGHTED/ON,,,12/26/2019 7:53:15 AM,False,2013,Accepted,
26119792,0568000,LOUISVILLE METRO POLICE DEPT,Accepted,JEFFERSON,,,SOUTHLAND,BLVD,W,KY1020,SOUTHSIDE,,,,,38.171135565,-85.764765418,0.063,12/25/2019 12:00:00 AM,1626,2,2,0,0,CLEAR,DRY,False,VEHICLE BACKING IN INTERSECTION,BACKING,STRAIGHT & LEVEL,DAYLIGHT,,,12/31/2019 8:10:58 AM,False,7468,Accepted,
26101422,0568000,LOUISVILLE METRO POLICE DEPT,Accepted,JEFFERSON,KY1020,,NATIONAL,TPKE,,,TOLLS,,,,,38.135560855,-85.752342603,4.275,12/25/2019 12:00:00 AM,2054,2,2,0,0,CLEAR,DRY,False,ANGLE COLLISION - OTHER,ANGLE,STRAIGHT & LEVEL,DARK-HWY LIGHTED/ON,,,12/26/2019 7:53:27 AM,False,5121,Accepted,
26101393,0568000,LOUISVILLE METRO POLICE DEPT,Accepted,JEFFERSON,KY1450,,BLUE LICK,RD,,,WHISPERING BROOK,,,,,38.104198562,-85.693170956,1.307,12/25/2019 12:00:00 AM,1028,2,2,0,3,CLEAR,DRY,False,ANGLE COLLISION - OTHER,ANGLE,STRAIGHT & LEVEL,DAYLIGHT,,,12/26/2019 7:50:56 AM,False,2959,Accepted,
26101401,0568000,LOUISVILLE METRO POLICE DEPT,Accepted,JEFFERSON,,,HILL,ST,W,,17TH,,,,,38.227997334,-85.784762493,1.527,12/25/2019 12:00:00 AM,1415,2,2,0,1,CLEAR,DRY,True,ANGLE COLLISION - OTHER,ANGLE,STRAIGHT & LEVEL,DAYLIGHT,,,12/26/2019 7:51:42 AM,False,7538,Accepted,
26101409,0568000,LOUISVILLE METRO POLICE DEPT,Accepted,JEFFERSON,,,INDIAN,TRL,E,,FOREST,,,,,38.170682368,-85.688806018,0.985,12/25/2019 12:00:00 AM,1159,2,2,0,1,CLEAR,DRY,True,ANGLE COLLISION - OTHER,ANGLE,STRAIGHT & LEVEL,DAYLIGHT,,,12/26/2019 7:52:12 AM,False,7473,Accepted,
26101417,0568000,LOUISVILLE METRO POLICE DEPT,Accepted,JEFFERSON,,,34TH,ST,S,,KENTUCKY,,,,,38.244475320,-85.809299063,1.251,12/25/2019 12:00:00 AM,1648,2,2,0,2,CLEAR,DRY,False,ANGLE COLLISION - OTHER,ANGLE,STRAIGHT & LEVEL,DAYLIGHT,,,12/26/2019 7:52:56 AM,False,7329,Accepted,
26101423,0568000,LOUISVILLE METRO POLICE DEPT,Accepted,JEFFERSON,US0150,,22ND,ST,N,,DUNCAN,,,,,38.262579737,-85.785854696,0.558,12/25/2019 12:00:00 AM,2018,2,2,0,0,CLEAR,DRY,False,ANGLE COLLISION - OTHER,ANGLE,STRAIGHT & LEVEL,DARK-HWY LIGHTED/ON,,,12/26/2019 7:53:33 AM,False,5261,Accepted,
26105049,0568000,LOUISVILLE METRO POLICE DEPT,Accepted,JEFFERSON,,,DORSEY,LN,,,WARD,,,,,38.254203197,-85.558686031,0.732,12/25/2019 12:00:00 AM,1830,2,2,0,3,CLEAR,DRY,False,ANGLE COLLISION - OTHER,ANGLE,STRAIGHT & HILLCREST,DARK (UNKNOWN ROADWAY LIGHTING),,,12/27/2019 7:54:48 AM,False,5223,Accepted,
26101424,0568000,LOUISVILLE METRO POLICE DEPT,Accepted,JEFFERSON,I 0265,,I265 N,,,I 0064,I265 N EXIT25B RAMP TO I64 W,,,,,38.223532754,-85.505398794,25.535,12/25/2019 12:00:00 AM,1641,1,1,0,0,CLOUDY,DRY,False,COLLISION WITH FIXED OBJECT IN INTERSECTION - FIRST EVENT COLLISION 09 - 32,SINGLE VEHICLE,CURVE & LEVEL,DAYLIGHT,,,12/26/2019 7:53:38 AM,False,7751,Accepted,
26123256,0568000,LOUISVILLE METRO POLICE DEPT,Accepted,JEFFERSON,KY1020,,2ND,ST,S,,BRECKINRIDGE,,,,,38.241567644,-85.755840186,11.797,12/24/2019 12:00:00 AM,1423,2,1,0,1,CLEAR,DRY,False,COLLISION WITH PEDESTRIAN IN INTERSECTION,SINGLE VEHICLE,STRAIGHT & LEVEL,DAYLIGHT,,,1/1/2020 7:23:15 AM,False,2217,Accepted,
26105030,0568000,LOUISVILLE METRO POLICE DEPT,Accepted,JEFFERSON,,,MURPHY,LN,,,NANSEMOND,,,,,38.304231307,-85.534133891,0.174,12/24/2019 12:00:00 AM,1800,4,1,0,3,CLEAR,DRY,False,COLLISION WITH PEDESTRIAN IN INTERSECTION,SINGLE VEHICLE,STRAIGHT & HILLCREST,DARK-HWY LIGHTED/OFF,,,12/27/2019 7:51:26 AM,False,7355,Accepted,
26115387,0568000,LOUISVILLE METRO POLICE DEPT,Accepted,JEFFERSON,,,NORRIS,PL,,,RICHMOND,,,,,38.223301155,-85.705263096,0.699,12/24/2019 12:00:00 AM,0549,2,2,0,0,CLEAR,DRY,False,ANGLE COLLISION - OTHER,ANGLE,STRAIGHT & LEVEL,DARK-HWY LIGHTED/ON,,,12/30/2019 9:25:57 AM,False,7180,Accepted,