IncidentID,AgencyORI,AgencyName,IncidentStatusDesc,County,RdwyNumber,Street,RoadwayName,StreetSfx,StreetDir,IntersectionRdwy,IntersectionRdwyName,BetweenStRdwy1,BetweenStRdwyName1,BetweenStRdwy2,BetweenStRdwyName2,Latitude,Longitude,Milepoint,CollisionDate,CollisionTime,UnitsInvolved,MotorVehiclesInvolved,NumberKilled,NumberInjured,Weather,RdwyConditionCode,HitandRun,DirAnalysisCode,MannerofCollision,RdwyCharacter,LightCondition,RampFromRdwyId,RampToRdwyId,AcceptedDate,IsSecondaryCollision,OwnerBadge,IncidentStatus,
26101376,0568000,LOUISVILLE METRO POLICE DEPT,Accepted,JEFFERSON,,,BRECKINRIDGE,ST,E,,BROOK,,,,,38.241201832,-85.752460394,1.508,12/24/2019 12:00:00 AM,1333,2,2,0,0,CLEAR,DRY,False,ANGLE COLLISION - OTHER,ANGLE,STRAIGHT & LEVEL,DAYLIGHT,,,12/26/2019 7:49:16 AM,False,7407,Accepted,
26115383,0568000,LOUISVILLE METRO POLICE DEPT,Accepted,JEFFERSON,,,FERNDALE,RD,,,FERN CREEK,,,,,38.155213408,-85.592125801,0.114,12/24/2019 12:00:00 AM,2340,2,2,0,0,CLEAR,DRY,True,ANGLE COLLISION - OTHER,ANGLE,STRAIGHT & LEVEL,DARK-HWY LIGHTED/ON,,,12/30/2019 9:25:14 AM,False,7449,Accepted,
26325497,0568000,LOUISVILLE METRO POLICE DEPT,Accepted,JEFFERSON,,,BRECKINRIDGE,ST,E,KY0061,PRESTON,,,,,38.240731805,-85.748313395,1.280,12/24/2019 12:00:00 AM,0725,4,4,0,0,CLEAR,DRY,False,ANGLE COLLISION - OTHER,ANGLE,STRAIGHT & LEVEL,DAWN,,,2/10/2020 8:24:29 AM,False,7407,Accepted,
26101352,0568000,LOUISVILLE METRO POLICE DEPT,Accepted,JEFFERSON,KY0864,,POPLAR LEVEL,RD,,,BISHOP,,,,,38.184765358,-85.699864379,10.456,12/24/2019 12:00:00 AM,1140,2,2,0,0,CLEAR,DRY,False,OPPOSING LEFT TURN,OPPOSING LEFT TURN,STRAIGHT & LEVEL,DAYLIGHT,,,12/26/2019 7:47:05 AM,False,5027,Accepted,
26101332,0568000,LOUISVILLE METRO POLICE DEPT,Accepted,JEFFERSON,,,NORTHWESTERN,PKWY,,,JEWELL,,,,,38.269534210,-85.822273784,2.546,12/24/2019 12:00:00 AM,0919,2,2,0,0,CLEAR,DRY,False,OPPOSITE DIRECTION - BOTH VEHICLES GOING STRAIGHT AHEAD,SIDESWIPE-OPPOSITE DIRECTION,STRAIGHT & LEVEL,DAYLIGHT,,,12/26/2019 7:45:11 AM,False,5003,Accepted,
26105029,0568000,LOUISVILLE METRO POLICE DEPT,Accepted,JEFFERSON,,,GRADE,LN,,KY0061,PRESTON,,,,,38.179815240,-85.718520750,0.018,12/24/2019 12:00:00 AM,1511,2,2,0,0,CLEAR,DRY,False,OTHER INTERSECTION COLLISIONS,REAR END,CURVE & LEVEL,DAYLIGHT,,,12/27/2019 7:51:16 AM,False,7830,Accepted,
26101335,0568000,LOUISVILLE METRO POLICE DEPT,Accepted,JEFFERSON,,,ARNOLDTOWN,RD,,,HARDWOOD FOREST,,,,,38.138587374,-85.820969180,0.774,12/24/2019 12:00:00 AM,1230,2,2,0,0,CLEAR,DRY,False,OTHER INTERSECTION COLLISIONS,REAR END,STRAIGHT & HILLCREST,DAYLIGHT,,,12/26/2019 7:45:26 AM,False,7496,Accepted,
26101346,0568000,LOUISVILLE METRO POLICE DEPT,Accepted,JEFFERSON,,,BROADWAY,,W,,29TH,,,,,38.249613149,-85.799874435,0.636,12/24/2019 12:00:00 AM,1118,2,2,0,0,CLEAR,DRY,False,OTHER INTERSECTION COLLISIONS,REAR END,STRAIGHT & LEVEL,DAYLIGHT,,,12/26/2019 7:46:36 AM,False,7479,Accepted,
26101363,0568000,LOUISVILLE METRO POLICE DEPT,Accepted,JEFFERSON,,,UPPER HUNTERS,TRCE,,,FEYS,,,,,38.167114921,-85.839566566,0.627,12/24/2019 12:00:00 AM,1230,2,2,0,0,CLEAR,DRY,False,OTHER INTERSECTION COLLISIONS,REAR END,STRAIGHT & LEVEL,DAYLIGHT,,,12/26/2019 7:48:04 AM,False,5279,Accepted,
26101362,0568000,LOUISVILLE METRO POLICE DEPT,Accepted,JEFFERSON,KY1934,,CANE RUN,RD,,KY2051,LEES,,,,,38.183615094,-85.855416600,7.708,12/24/2019 12:00:00 AM,1426,2,2,0,0,CLEAR,DRY,False,OTHER INTERSECTION COLLISIONS,REAR END,STRAIGHT & LEVEL,DAYLIGHT,,,12/26/2019 7:47:58 AM,False,5279,Accepted,
26105125,0568000,LOUISVILLE METRO POLICE DEPT,Accepted,JEFFERSON,,,7TH,ST,S,,HILL,,,,,38.226758683,-85.768997426,0.658,12/24/2019 12:00:00 AM,2313,4,4,0,1,CLEAR,DRY,True,OTHER INTERSECTION COLLISIONS,REAR END,STRAIGHT & LEVEL,DARK-HWY LIGHTED/ON,,,12/27/2019 8:04:50 AM,False,5183,Accepted,
26151137,0568000,LOUISVILLE METRO POLICE DEPT,Accepted,JEFFERSON,US0060,,FRANKFORT,AVE,,KY2048,CANNONS,,,,,38.254060379,-85.670489535,2.734,12/24/2019 12:00:00 AM,1512,2,2,0,0,CLEAR,DRY,False,SIDESWIPE-SAME DIRECTION,SIDESWIPE-SAME DIRECTION,STRAIGHT & LEVEL,DAYLIGHT,,,1/7/2020 8:27:44 AM,False,5006,Accepted,
26101364,0568000,LOUISVILLE METRO POLICE DEPT,Accepted,JEFFERSON,US0031W,,DIXIE,HWY,,,ST ANDREWS CHURCH,,,,,38.143600083,-85.839411459,11.698,12/24/2019 12:00:00 AM,1021,2,2,0,0,CLEAR,DRY,True,SIDESWIPE-SAME DIRECTION,SIDESWIPE-SAME DIRECTION,STRAIGHT & LEVEL,DAYLIGHT,,,12/26/2019 7:48:11 AM,False,7267,Accepted,
26101365,0568000,LOUISVILLE METRO POLICE DEPT,Accepted,JEFFERSON,US0031W,,DIXIE,HWY,,,BRICK KILN,,,,,38.170563225,-85.826802037,13.455,12/24/2019 12:00:00 AM,1345,2,2,0,0,CLEAR,DRY,False,SIDESWIPE-SAME DIRECTION,SIDESWIPE-SAME DIRECTION,STRAIGHT & LEVEL,DAYLIGHT,,,12/26/2019 7:48:17 AM,False,7267,Accepted,
26101330,0568000,LOUISVILLE METRO POLICE DEPT,Accepted,JEFFERSON,,,BROADWAY,,W,,36TH,,,,,38.249998277,-85.811251684,1.255,12/24/2019 12:00:00 AM,1149,2,2,0,0,CLEAR,DRY,False,SIDESWIPE-SAME DIRECTION,SIDESWIPE-SAME DIRECTION,STRAIGHT & LEVEL,DAYLIGHT,,,12/26/2019 7:45:03 AM,False,7460,Accepted,
26097564,0568000,LOUISVILLE METRO POLICE DEPT,Accepted,JEFFERSON,US0150,,BROADWAY,,E,,BROOK,,,,,38.245636037,-85.751689233,2.727,12/24/2019 12:00:00 AM,0005,2,2,0,0,CLEAR,DRY,True,OTHER INTERSECTION COLLISIONS,REAR END,STRAIGHT & LEVEL,DARK-HWY LIGHTED/ON,,,12/24/2019 6:12:59 AM,False,5135,Accepted,
26101382,0568000,LOUISVILLE METRO POLICE DEPT,Accepted,JEFFERSON,KY1447,,WESTPORT,RD,,,MURPHY,,,,,38.302054035,-85.532537416,7.562,12/24/2019 12:00:00 AM,1830,3,3,0,0,CLOUDY,DRY,False,OTHER INTERSECTION COLLISIONS,REAR END,STRAIGHT & LEVEL,DARK-HWY LIGHTED/ON,,,12/26/2019 7:49:55 AM,False,5155,Accepted,
26101389,0568000,LOUISVILLE METRO POLICE DEPT,Accepted,JEFFERSON,US0031W,,DIXIE,HWY,,,PAGES,,,,,38.130185482,-85.847814981,10.498,12/24/2019 12:00:00 AM,2113,2,2,0,0,CLEAR,DRY,False,OTHER INTERSECTION COLLISIONS,REAR END,STRAIGHT & LEVEL,DARK-HWY NOT LIGHTED,,,12/26/2019 7:50:32 AM,False,5211,Accepted,
26101366,0568000,LOUISVILLE METRO POLICE DEPT,Accepted,JEFFERSON,US0031W,,DIXIE,HWY,,,LEWISTON,,,,,38.170835368,-85.826860992,13.480,12/24/2019 12:00:00 AM,1421,3,3,0,0,CLEAR,DRY,True,OTHER INTERSECTION COLLISIONS,REAR END,STRAIGHT & LEVEL,DAYLIGHT,,,12/26/2019 7:48:23 AM,False,7267,Accepted,
26101348,0568000,LOUISVILLE METRO POLICE DEPT,Accepted,JEFFERSON,KY0907,,VALLEY STATION,RD,,,RENAISSANCE VALLEY,,,,,38.105713740,-85.861412823,0.324,12/24/2019 12:00:00 AM,1521,2,2,0,0,CLEAR,DRY,False,OTHER INTERSECTION COLLISIONS,REAR END,STRAIGHT & LEVEL,DAYLIGHT,,,12/26/2019 7:46:47 AM,False,5293,Accepted,
26101349,0568000,LOUISVILLE METRO POLICE DEPT,Accepted,JEFFERSON,KY0155,,TAYLORSVILLE,RD,,,YORKSHIRE,,,,,38.220035057,-85.627882070,13.437,12/24/2019 12:00:00 AM,1535,2,2,0,0,CLEAR,DRY,False,OTHER INTERSECTION COLLISIONS,REAR END,STRAIGHT & LEVEL,DAYLIGHT,,,12/26/2019 7:46:53 AM,False,7448,Accepted,
26101387,0568000,LOUISVILLE METRO POLICE DEPT,Accepted,JEFFERSON,,,4TH,ST,S,,,,,,,38.230420767,-85.761144458,1.825,12/24/2019 12:00:00 AM,2100,2,2,0,0,CLEAR,DRY,True,1 VEHICLE PARKED POSITION (NOT PARKING LOT/DRIVEWAY),SIDESWIPE-SAME DIRECTION,STRAIGHT & LEVEL,DARK-HWY LIGHTED/ON,,,12/26/2019 7:50:20 AM,False,5236,Accepted,
26101385,0568000,LOUISVILLE METRO POLICE DEPT,Accepted,JEFFERSON,,5413,MONACO,DR,,,,,BUENA VISTA,,LAYNE,38.139639671,-85.660486907,0.153,12/24/2019 12:00:00 AM,0011,2,2,0,0,CLEAR,DRY,True,1 VEHICLE PARKED POSITION (NOT PARKING LOT/DRIVEWAY),SIDESWIPE-SAME DIRECTION,STRAIGHT & LEVEL,DARK-HWY LIGHTED/ON,,,12/26/2019 7:50:15 AM,False,5011,Accepted,
26101369,0568000,LOUISVILLE METRO POLICE DEPT,Accepted,JEFFERSON,US0031E,2490,BARDSTOWN,RD,,,,,,,,38.223002555,-85.684703494,13.126,12/24/2019 12:00:00 AM,1535,1,1,0,0,CLEAR,DRY,True,1 VEHICLE ENTERING OR LEAVING PARKED POSITION (NOT PARKING LOT),SINGLE VEHICLE,STRAIGHT & LEVEL,DAYLIGHT,,,12/26/2019 7:48:43 AM,False,7306,Accepted,
26097567,0568000,LOUISVILLE METRO POLICE DEPT,Accepted,JEFFERSON,,,PARK,RD,S,,,,MINOR,,OLD SOUTH PARK,38.116341650,-85.711793912,2.054,12/24/2019 12:00:00 AM,0134,1,1,0,1,CLEAR,DRY,False,COLLISION WITH FIXED OBJECT NON - INTERSECTION - FIRST EVENT COLLISION 09 - 32 EXCLUDING 16,SINGLE VEHICLE,STRAIGHT & LEVEL,DARK-HWY NOT LIGHTED,,,12/24/2019 6:13:10 AM,False,6360,Accepted,
26101388,0568000,LOUISVILLE METRO POLICE DEPT,Accepted,JEFFERSON,KY1020,,2ND,ST,S,,,,,,,38.218781184,-85.761386919,10.188,12/24/2019 12:00:00 AM,1933,1,1,0,1,CLEAR,DRY,False,COLLISION WITH NON-FIXED OBJECT ,SINGLE VEHICLE,CURVE & LEVEL,DARK-HWY LIGHTED/ON,,,12/26/2019 7:50:26 AM,False,5252,Accepted,
26101378,0568000,LOUISVILLE METRO POLICE DEPT,Accepted,JEFFERSON,I 0064,,I64 W,,,,,,,,,38.223636530,-85.530985741,17.542,12/24/2019 12:00:00 AM,1538,2,2,0,0,CLEAR,DRY,False,REAR END IN TRAFFIC LANES BOTH VEHICLES MOVING,REAR END,STRAIGHT & GRADE,DAYLIGHT,,,12/26/2019 7:49:32 AM,False,7802,Accepted,
26101368,0568000,LOUISVILLE METRO POLICE DEPT,Accepted,JEFFERSON,KY1934,,CANE RUN,RD,,,,,FARNSLEY,,TRAPPERS,38.203113035,-85.832576239,9.552,12/24/2019 12:00:00 AM,1015,2,2,0,0,CLEAR,DRY,False,REAR END IN TRAFFIC LANES BOTH VEHICLES MOVING,REAR END,STRAIGHT & LEVEL,DAYLIGHT,,,12/26/2019 7:48:36 AM,False,7381,Accepted,
26101356,0568000,LOUISVILLE METRO POLICE DEPT,Accepted,JEFFERSON,KY0061,,PRESTON,HWY,,,,,,,,38.118807506,-85.677469194,2.505,12/24/2019 12:00:00 AM,1329,2,2,0,0,CLEAR,DRY,False,REAR END IN TRAFFIC LANES BOTH VEHICLES MOVING,REAR END,STRAIGHT & LEVEL,DAYLIGHT,,,12/26/2019 7:47:23 AM,False,4693,Accepted,
26101357,0568000,LOUISVILLE METRO POLICE DEPT,Accepted,JEFFERSON,,,NOLTEMEYER WYNDE,,,,,,,,,38.138309129,-85.680440236,0.012,12/24/2019 12:00:00 AM,1104,2,2,0,0,CLEAR,DRY,False,REAR END IN TRAFFIC LANES BOTH VEHICLES MOVING,REAR END,STRAIGHT & LEVEL,DAYLIGHT,,,12/26/2019 7:47:28 AM,False,4693,Accepted,
26101334,0568000,LOUISVILLE METRO POLICE DEPT,Accepted,JEFFERSON,KY1932,,BRECKENRIDGE,LN,,,,,,,,38.181541421,-85.626706334,0.015,12/24/2019 12:00:00 AM,1220,2,2,0,0,CLEAR,DRY,False,REAR END IN TRAFFIC LANES BOTH VEHICLES MOVING,REAR END,STRAIGHT & LEVEL,DAYLIGHT,,,12/26/2019 7:45:21 AM,False,5159,Accepted,
26101373,0568000,LOUISVILLE METRO POLICE DEPT,Accepted,JEFFERSON,KY2860,,GRINSTEAD,DR,,,,,CHEROKEE,US0031E,BARDSTOWN,38.238696940,-85.720540027,0.031,12/24/2019 12:00:00 AM,1841,2,2,0,0,CLEAR,DRY,False,SIDESWIPE COLLISION - OPPOSITE DIRECTION,SIDESWIPE-OPPOSITE DIRECTION,STRAIGHT & LEVEL,DARK-HWY LIGHTED/ON,,,12/26/2019 7:49:05 AM,False,2230,Accepted,
26101370,0568000,LOUISVILLE METRO POLICE DEPT,Accepted,JEFFERSON,KY0907,5414,VALLEY STATION,RD,,,,,,,,38.106924952,-85.864692189,0.121,12/24/2019 12:00:00 AM,1803,2,2,0,0,CLEAR,DRY,False,SIDESWIPE COLLISION - SAME DIRECTION,SIDESWIPE-SAME DIRECTION,STRAIGHT & LEVEL,DARK-HWY LIGHTED/ON,,,12/26/2019 7:48:48 AM,False,7496,Accepted,
26101336,0568000,LOUISVILLE METRO POLICE DEPT,Accepted,JEFFERSON,,,GRINSTEAD,DR,,,,US0060A,GRINSTEAD,I 0064,I64 E EXIT8 OFF RAMP TO  GRINSTEAD DR,38.246233854,-85.701075773,0.055,12/24/2019 12:00:00 AM,1230,2,2,0,0,CLEAR,DRY,False,SIDESWIPE COLLISION - SAME DIRECTION,SIDESWIPE-SAME DIRECTION,STRAIGHT & LEVEL,DAYLIGHT,,,12/26/2019 7:45:36 AM,False,2230,Accepted,
26101353,0568000,LOUISVILLE METRO POLICE DEPT,Accepted,JEFFERSON,,4440,CRITTENDEN,DR,,,,,,,,38.189938811,-85.756642774,0.760,12/24/2019 12:00:00 AM,1552,2,2,0,0,CLEAR,DRY,True,SIDESWIPE COLLISION - SAME DIRECTION,SIDESWIPE-SAME DIRECTION,STRAIGHT & LEVEL,DAYLIGHT,,,12/26/2019 7:47:10 AM,False,5027,Accepted,
26101342,0568000,LOUISVILLE METRO POLICE DEPT,Accepted,JEFFERSON,US0150,1111,BROADWAY,,W,,,,,,,38.247323507,-85.770197128,1.729,12/24/2019 12:00:00 AM,1334,2,2,0,0,CLEAR,DRY,False,SIDESWIPE COLLISION - SAME DIRECTION,SIDESWIPE-SAME DIRECTION,STRAIGHT & LEVEL,DAYLIGHT,,,12/26/2019 7:46:19 AM,False,5187,Accepted,
26115054,0568000,LOUISVILLE METRO POLICE DEPT,Accepted,JEFFERSON,I 0264,,I264 W,,,,,I 0065,I264 W EXIT12 OFF RAMP TO,I 0264,I264 W EXIT14 ON RAMP FROM KY864,38.191305415,-85.716674112,12.797,12/24/2019 12:00:00 AM,1425,2,2,0,0,CLEAR,DRY,True,SIDESWIPE COLLISION - SAME DIRECTION,SIDESWIPE-SAME DIRECTION,STRAIGHT & LEVEL,DAYLIGHT,,,12/30/2019 8:34:52 AM,False,7938,Accepted,
26101372,0568000,LOUISVILLE METRO POLICE DEPT,Accepted,JEFFERSON,KY0155,12405,TAYLORSVILLE,RD,,,,,,,,38.186873522,-85.526580738,7.038,12/24/2019 12:00:00 AM,1614,2,2,0,1,CLEAR,DRY,False,HEAD-ON COLLISION,HEAD ON,STRAIGHT & LEVEL,DAYLIGHT,,,12/26/2019 7:49:01 AM,False,7484,Accepted,
26101367,0568000,LOUISVILLE METRO POLICE DEPT,Accepted,JEFFERSON,KY0061,,PRESTON,HWY,,,MEADOW,,,,,38.177082265,-85.715310484,7.092,12/24/2019 12:00:00 AM,1347,3,3,0,0,CLEAR,DRY,False,HEAD-ON COLLISION,HEAD ON,STRAIGHT & LEVEL,DAYLIGHT,,,12/26/2019 7:48:29 AM,False,7451,Accepted,
26101325,0568000,LOUISVILLE METRO POLICE DEPT,Accepted,JEFFERSON,I 0065,,,,,,,,,,,38.120486850,-85.701642081,0.727,12/24/2019 12:00:00 AM,0659,1,1,0,0,OTHER,DRY,False,OTHER ROADWAY OR MID-BLOCK COLLISION,SINGLE VEHICLE,CURVE & LEVEL,DARK-HWY LIGHTED/ON,,,12/26/2019 7:44:31 AM,False,4903,Accepted,
26101361,0568000,LOUISVILLE METRO POLICE DEPT,Accepted,JEFFERSON,,,SADDLEBROOK,LN,,,,,SADDLEBROOK,KY2051,ROCKFORD,38.177994499,-85.850925407,0.095,12/24/2019 12:00:00 AM,1050,2,2,0,0,CLEAR,DRY,False,VEHICLE BACKING NON INTERSECTION,BACKING,CURVE & LEVEL,DAYLIGHT,,,12/26/2019 7:47:52 AM,False,5279,Accepted,
26101358,0568000,LOUISVILLE METRO POLICE DEPT,Accepted,JEFFERSON,,,HUDSON,LN,,,,,,,,38.169650772,-85.591665427,0.768,12/24/2019 12:00:00 AM,1029,2,2,0,0,CLEAR,DRY,False,VEHICLE BACKING NON INTERSECTION,BACKING,STRAIGHT & LEVEL,DAYLIGHT,,,12/26/2019 7:47:33 AM,False,4693,Accepted,
26101359,0568000,LOUISVILLE METRO POLICE DEPT,Accepted,JEFFERSON,KY1065,,OUTER,LOOP,,,,,,,,38.130621145,-85.733967681,3.371,12/24/2019 12:00:00 AM,1410,2,2,0,0,CLEAR,DRY,False,1 VEHICLE ENTERING/LEAVING ENTRANCE,ANGLE,STRAIGHT & LEVEL,DAYLIGHT,,,12/26/2019 7:47:38 AM,False,4693,Accepted,
26105122,0568000,LOUISVILLE METRO POLICE DEPT,Accepted,JEFFERSON,US0031E,,BARDSTOWN,RD,,,,,,,,38.139744435,-85.582238932,4.782,12/24/2019 12:00:00 AM,1746,2,2,0,1,CLEAR,DRY,False,1 VEHICLE ENTERING/LEAVING ENTRANCE,ANGLE,STRAIGHT & LEVEL,DARK-HWY LIGHTED/ON,,,12/27/2019 8:04:08 AM,False,5014,Accepted,
26101338,0568000,LOUISVILLE METRO POLICE DEPT,Accepted,JEFFERSON,,,BUSH FARM,RD,,,,KY3084,OLD HENRY,,PROMENADE GREEN,38.273723199,-85.489758707,0.554,12/24/2019 12:00:00 AM,1308,2,2,0,0,CLEAR,DRY,False,OTHER ROADWAY OR MID-BLOCK COLLISION,REAR END,STRAIGHT & LEVEL,DAYLIGHT,,,12/26/2019 7:45:48 AM,False,7337,Accepted,
26115175,0568000,LOUISVILLE METRO POLICE DEPT,Accepted,JEFFERSON,I 0264,,I264 E,,,,,,,,,38.190132991,-85.755346336,10.671,12/24/2019 12:00:00 AM,1932,5,5,0,1,CLEAR,DRY,True,OTHER ROADWAY OR MID-BLOCK COLLISION,REAR TO REAR,STRAIGHT & LEVEL,DARK-HWY LIGHTED/ON,,,12/30/2019 8:51:52 AM,True,5189,Accepted,
26101410,0568000,LOUISVILLE METRO POLICE DEPT,Accepted,JEFFERSON,US0031W,,DIXIE,HWY,,,,,,,,38.095028497,-85.874281431,7.675,12/24/2019 12:00:00 AM,1920,2,2,0,0,CLEAR,DRY,False,OTHER ROADWAY OR MID-BLOCK COLLISION,REAR END,STRAIGHT & LEVEL,DARK (UNKNOWN ROADWAY LIGHTING),,,12/26/2019 7:52:18 AM,False,7483,Accepted,
26186305,0568000,LOUISVILLE METRO POLICE DEPT,Accepted,JEFFERSON,,,DIXIE,HWY,,,HILL,,,,,38.228368201,-85.790580490,1.490,12/24/2019 12:00:00 AM,1100,2,2,0,0,CLEAR,DRY,False,COLLISION IN PARKING LOT,SIDESWIPE-SAME DIRECTION,STRAIGHT & LEVEL,DAYLIGHT,,,1/14/2020 8:13:57 AM,False,5132,Accepted,
26101354,0568000,LOUISVILLE METRO POLICE DEPT,Accepted,JEFFERSON,,6500,SIX MILE,LN,,,,,WALLINGFORD,,LODGE,38.197838755,-85.632479093,1.185,12/24/2019 12:00:00 AM,1636,2,1,0,1,CLEAR,DRY,False,COLLISION IN PARKING LOT,SINGLE VEHICLE,STRAIGHT & LEVEL,DAYLIGHT,,,12/26/2019 7:47:14 AM,False,7482,Accepted,
26101360,0568000,LOUISVILLE METRO POLICE DEPT,Accepted,JEFFERSON,US0042,,BROWNSBORO,RD,,,,,,,,38.258728327,-85.704306774,1.703,12/24/2019 12:00:00 AM,1636,2,2,0,0,CLEAR,DRY,False,COLLISION IN PARKING LOT,SIDESWIPE-SAME DIRECTION,STRAIGHT & LEVEL,DAYLIGHT,,,12/26/2019 7:47:46 AM,False,7028,Accepted,
26101381,0568000,LOUISVILLE METRO POLICE DEPT,Accepted,JEFFERSON,US0060A,1511,BERRY,BLVD,,,,,,,,38.196516243,-85.789265388,1.118,12/24/2019 12:00:00 AM,0937,2,2,0,0,CLEAR,DRY,True,COLLISION IN PARKING LOT,BACKING,STRAIGHT & LEVEL,UNKNOWN,,,12/26/2019 7:49:49 AM,False,5260,Accepted,
26101347,0568000,LOUISVILLE METRO POLICE DEPT,Accepted,JEFFERSON,,,OLDE ENGLISH,CT,,,,,LAKERIDGE,KY0907,3RD ST,38.115684283,-85.811784979,0.065,12/24/2019 12:00:00 AM,1430,2,2,0,0,CLEAR,DRY,True,COLLISION IN PARKING LOT,ANGLE,STRAIGHT & LEVEL,DAYLIGHT,,,12/26/2019 7:46:42 AM,False,6318,Accepted,
26097528,0568000,LOUISVILLE METRO POLICE DEPT,Accepted,JEFFERSON,KY1703,990,BAXTER,AVE,,,,,,,,38.239445782,-85.723669017,5.620,12/23/2019 12:00:00 AM,1706,2,2,0,0,CLEAR,DRY,True,COLLISION IN PARKING LOT,,STRAIGHT & LEVEL,DAYLIGHT,,,12/24/2019 6:10:46 AM,False,5243,Accepted,
26115100,0568000,LOUISVILLE METRO POLICE DEPT,Accepted,JEFFERSON,US0031W,10445,DIXIE,HWY,,,,,,,,38.103984933,-85.868310146,8.371,12/23/2019 12:00:00 AM,1506,2,2,0,0,CLEAR,DRY,True,COLLISION IN PARKING LOT,SIDESWIPE-SAME DIRECTION,STRAIGHT & LEVEL,DAYLIGHT,,,12/30/2019 8:43:05 AM,False,7144,Accepted,
26133322,0568000,LOUISVILLE METRO POLICE DEPT,Accepted,JEFFERSON,KY1065,4901,OUTER,LOOP,,,,,,,,38.138040541,-85.665153336,7.242,12/23/2019 12:00:00 AM,1409,2,1,0,1,CLEAR,DRY,True,COLLISION IN PARKING LOT,SINGLE VEHICLE,STRAIGHT & LEVEL,DAYLIGHT,,,1/3/2020 9:09:08 AM,False,7354,Accepted,
26153877,0568000,LOUISVILLE METRO POLICE DEPT,Accepted,JEFFERSON,,800,VALLEY COLLEGE,DR,,,,,STONESTREET,,ANDALUSIA,38.117237773,-85.845291636,0.251,12/23/2019 12:00:00 AM,1036,1,1,0,0,CLEAR,WET,False,COLLISION IN PARKING LOT,SINGLE VEHICLE,STRAIGHT & HILLCREST,DAYLIGHT,,,1/7/2020 3:52:03 PM,False,7684,Accepted,
26097522,0568000,LOUISVILLE METRO POLICE DEPT,Accepted,JEFFERSON,I 0064,,,,,,,,,,,38.257860620,-85.723687118,0.154,12/23/2019 12:00:00 AM,1305,2,2,0,0,CLEAR,DRY,False,OTHER RAMP RELATED COLLISIONS NOT LISTED ABOVE,REAR END,STRAIGHT & LEVEL,DAYLIGHT,I 0064,STORY AVE,12/24/2019 6:10:12 AM,False,5187,Accepted,
26097572,0568000,LOUISVILLE METRO POLICE DEPT,Accepted,JEFFERSON,I 0064,,,,,,,,,,,38.257924241,-85.723644919,0.149,12/23/2019 12:00:00 AM,0657,2,2,0,0,CLEAR,DRY,False,OTHER RAMP RELATED COLLISIONS NOT LISTED ABOVE,REAR END,CURVE & GRADE,DARK-HWY LIGHTED/ON,I 0064,STORY AVE,12/24/2019 6:13:31 AM,False,7840,Accepted,
26101355,0568000,LOUISVILLE METRO POLICE DEPT,Accepted,JEFFERSON,KY1747,,HURSTBOURNE,PKWY,,,,,,,,38.167543710,-85.605904013,7.383,12/23/2019 12:00:00 AM,1320,4,4,0,1,CLEAR,DRY,False,OTHER ROADWAY OR MID-BLOCK COLLISION,OPPOSING LEFT TURN,STRAIGHT & LEVEL,DAYLIGHT,,,12/26/2019 7:47:18 AM,False,4693,Accepted,
26097486,0568000,LOUISVILLE METRO POLICE DEPT,Accepted,JEFFERSON,I 0264,,I264 E,,,,,,,,,38.250237801,-85.807029819,1.894,12/23/2019 12:00:00 AM,0648,1,1,0,0,OTHER,DRY,False,OTHER ROADWAY OR MID-BLOCK COLLISION,SINGLE VEHICLE,STRAIGHT & LEVEL,DARK-HWY LIGHTED/ON,,,12/24/2019 6:08:14 AM,False,4903,Accepted,
26097503,0568000,LOUISVILLE METRO POLICE DEPT,Accepted,JEFFERSON,KY1447,,WESTPORT,RD,,,,,,,,38.296968868,-85.550371571,6.557,12/23/2019 12:00:00 AM,1235,3,3,0,0,CLEAR,DRY,False,OTHER ROADWAY OR MID-BLOCK COLLISION,REAR END,STRAIGHT & LEVEL,DAYLIGHT,,,12/24/2019 6:08:59 AM,False,2969,Accepted,
26097551,0568000,LOUISVILLE METRO POLICE DEPT,Accepted,JEFFERSON,US0031E,,BARDSTOWN,RD,,,,,HEATHER,,MEADOW,38.205053197,-85.665993667,11.518,12/23/2019 12:00:00 AM,1040,2,2,0,0,CLEAR,DRY,True,OTHER ROADWAY OR MID-BLOCK COLLISION,REAR END,STRAIGHT & LEVEL,DAYLIGHT,,,12/24/2019 6:12:03 AM,False,7482,Accepted,
26096691,0560300,ST. MATTHEWS POLICE DEPARTMENT,Accepted,JEFFERSON,US0060,5000,SHELBYVILLE,RD,,,,,,,,38.250354075,-85.623522016,5.307,12/23/2019 12:00:00 AM,1825,2,2,0,0,CLEAR,DRY,False,OTHER ROADWAY OR MID-BLOCK COLLISION,REAR END,STRAIGHT & LEVEL,DARK-HWY LIGHTED/ON,,,12/23/2019 11:55:13 PM,False,9172,Accepted,
26097544,0568000,LOUISVILLE METRO POLICE DEPT,Accepted,JEFFERSON,,,NOLTEMEYER WYNDE,,,,,,,,,38.138979561,-85.680415501,0.058,12/23/2019 12:00:00 AM,1653,2,2,0,0,CLEAR,DRY,False,1 VEHICLE ENTERING/LEAVING ENTRANCE,ANGLE,STRAIGHT & LEVEL,DAYLIGHT,,,12/24/2019 6:11:39 AM,False,4693,Accepted,