IncidentID,AgencyORI,AgencyName,IncidentStatusDesc,County,RdwyNumber,Street,RoadwayName,StreetSfx,StreetDir,IntersectionRdwy,IntersectionRdwyName,BetweenStRdwy1,BetweenStRdwyName1,BetweenStRdwy2,BetweenStRdwyName2,Latitude,Longitude,Milepoint,CollisionDate,CollisionTime,UnitsInvolved,MotorVehiclesInvolved,NumberKilled,NumberInjured,Weather,RdwyConditionCode,HitandRun,DirAnalysisCode,MannerofCollision,RdwyCharacter,LightCondition,RampFromRdwyId,RampToRdwyId,AcceptedDate,IsSecondaryCollision,OwnerBadge,IncidentStatus,
26097561,0568000,LOUISVILLE METRO POLICE DEPT,Accepted,JEFFERSON,KY1065,100,OUTER,LOOP,,,,,,,,38.127514898,-85.794398737,0.020,12/23/2019 12:00:00 AM,2000,2,2,0,0,CLEAR,DRY,False,1 VEHICLE ENTERING/LEAVING ENTRANCE,ANGLE,STRAIGHT & LEVEL,DARK-HWY LIGHTED/ON,,,12/24/2019 6:12:46 AM,False,5209,Accepted,
26147194,0568000,LOUISVILLE METRO POLICE DEPT,Accepted,JEFFERSON,KY1065,,BEULAH CHURCH,RD,,,,US0031E,BARDSTOWN,,CEDAR SPRINGS,38.149422063,-85.588886027,11.762,12/23/2019 12:00:00 AM,1900,2,2,0,0,CLEAR,DRY,False,1 VEHICLE ENTERING/LEAVING ENTRANCE,ANGLE,STRAIGHT & HILLCREST,DARK-HWY LIGHTED/ON,,,1/6/2020 2:56:15 PM,False,7289,Accepted,
26097526,0568000,LOUISVILLE METRO POLICE DEPT,Accepted,JEFFERSON,US0060A,,LEXINGTON,RD,,,,,MACON,,WENDOVER,38.252177289,-85.659513373,10.416,12/23/2019 12:00:00 AM,1546,2,2,0,0,CLEAR,DRY,False,1 VEHICLE ENTERING/LEAVING ENTRANCE,ANGLE,STRAIGHT & LEVEL,DAYLIGHT,,,12/24/2019 6:10:35 AM,False,7043,Accepted,
26097531,0568000,LOUISVILLE METRO POLICE DEPT,Accepted,JEFFERSON,,,BROWNS,LN,,,,,RICHLAND,,EDMONIA,38.219997351,-85.625462292,3.014,12/23/2019 12:00:00 AM,1623,2,2,0,0,CLEAR,DRY,False,1 VEHICLE ENTERING/LEAVING ENTRANCE,ANGLE,STRAIGHT & LEVEL,DAYLIGHT,,,12/24/2019 6:10:56 AM,False,7448,Accepted,
26097554,0568000,LOUISVILLE METRO POLICE DEPT,Accepted,JEFFERSON,KY2049,3131,CRUMS,LN,,,,,,,,38.198212308,-85.834783241,0.156,12/23/2019 12:00:00 AM,1554,2,2,0,0,CLEAR,DRY,False,1 VEHICLE ENTERING/LEAVING ENTRANCE,ANGLE,STRAIGHT & LEVEL,DAYLIGHT,,,12/24/2019 6:12:17 AM,False,7420,Accepted,
26097518,0568000,LOUISVILLE METRO POLICE DEPT,Accepted,JEFFERSON,,,ASHBY,LN,,,,US0031W,DIXIE,,VILLA,38.103088835,-85.869920932,0.017,12/23/2019 12:00:00 AM,1541,2,2,0,0,CLEAR,DRY,False,VEHICLE BACKING NON INTERSECTION,BACKING,STRAIGHT & LEVEL,DAYLIGHT,,,12/24/2019 6:10:03 AM,False,7144,Accepted,
26097545,0568000,LOUISVILLE METRO POLICE DEPT,Accepted,JEFFERSON,I 0264,,I264 E,,,,,,,,,38.201837249,-85.688950315,14.502,12/23/2019 12:00:00 AM,1444,1,1,0,0,CLEAR,DRY,False,OTHER ROADWAY OR MID-BLOCK COLLISION,SINGLE VEHICLE,STRAIGHT & LEVEL,DAYLIGHT,,,12/24/2019 6:11:43 AM,False,7306,Accepted,
26101350,0568000,LOUISVILLE METRO POLICE DEPT,Accepted,JEFFERSON,KY0864,4520,POPLAR LEVEL,RD,,,,,,,,38.187986225,-85.702239469,10.712,12/23/2019 12:00:00 AM,1659,2,2,0,2,CLEAR,DRY,False,OTHER ROADWAY OR MID-BLOCK COLLISION,OPPOSING LEFT TURN,STRAIGHT & LEVEL,DAYLIGHT,,,12/26/2019 7:47:00 AM,False,5027,Accepted,
26101322,0568000,LOUISVILLE METRO POLICE DEPT,Accepted,JEFFERSON,KY1020,,SOUTHERN,PKWY,,KY2801,SOUTHERN HEIGHTS,,,,,38.189309798,-85.766759777,8.360,12/23/2019 12:00:00 AM,2205,2,2,0,0,CLEAR,DRY,False,HEAD-ON COLLISION,HEAD ON,STRAIGHT & LEVEL,DARK-HWY LIGHTED/ON,,,12/26/2019 7:44:12 AM,False,7040,Accepted,
26097506,0568000,LOUISVILLE METRO POLICE DEPT,Accepted,JEFFERSON,US0031W,,DIXIE,HWY,,,,,PAGES,,HILLVIEW,38.130562196,-85.847577145,10.536,12/23/2019 12:00:00 AM,1256,2,2,0,0,CLEAR,DRY,False,SIDESWIPE COLLISION - SAME DIRECTION,SIDESWIPE-SAME DIRECTION,STRAIGHT & LEVEL,DAYLIGHT,,,12/24/2019 6:09:15 AM,False,7144,Accepted,
26097507,0568000,LOUISVILLE METRO POLICE DEPT,Accepted,JEFFERSON,KY0061,721,PRESTON,ST,S,,,US0150,BROADWAY,,FINZER,38.244466244,-85.747707418,12.168,12/23/2019 12:00:00 AM,1330,2,2,0,0,CLEAR,DRY,False,SIDESWIPE COLLISION - SAME DIRECTION,SIDESWIPE-SAME DIRECTION,STRAIGHT & LEVEL,DAYLIGHT,,,12/24/2019 6:09:19 AM,False,7391,Accepted,
26097504,0568000,LOUISVILLE METRO POLICE DEPT,Accepted,JEFFERSON,US0031W,,DIXIE,HWY,,,,,UPPER HUNTERS,,BONNYVILLE,38.168293229,-85.828742181,13.256,12/23/2019 12:00:00 AM,1301,2,2,0,0,CLEAR,DRY,False,SIDESWIPE COLLISION - SAME DIRECTION,SIDESWIPE-SAME DIRECTION,STRAIGHT & LEVEL,DAYLIGHT,,,12/24/2019 6:09:03 AM,False,7339,Accepted,
26097498,0568000,LOUISVILLE METRO POLICE DEPT,Accepted,JEFFERSON,I 0265,,I265 S,,,,,,,,,38.314133267,-85.580790397,34.633,12/23/2019 12:00:00 AM,1046,2,2,0,0,CLEAR,DRY,False,SIDESWIPE COLLISION - SAME DIRECTION,SIDESWIPE-SAME DIRECTION,STRAIGHT & LEVEL,DAYLIGHT,,,12/24/2019 6:08:41 AM,False,4903,Accepted,
26097558,0568000,LOUISVILLE METRO POLICE DEPT,Accepted,JEFFERSON,I 0064,,I64 E,,,,,,,,,38.238230955,-85.666373149,10.084,12/23/2019 12:00:00 AM,1909,2,2,0,0,CLEAR,DRY,False,SIDESWIPE COLLISION - SAME DIRECTION,SIDESWIPE-SAME DIRECTION,CURVE & LEVEL,DARK-HWY NOT LIGHTED,,,12/24/2019 6:12:30 AM,False,5171,Accepted,
26115382,0568000,LOUISVILLE METRO POLICE DEPT,Accepted,JEFFERSON,KY1747,,FERN VALLEY,RD,,,,,,,,38.158932842,-85.644643960,4.871,12/23/2019 12:00:00 AM,1748,2,2,0,0,CLEAR,DRY,True,SIDESWIPE COLLISION - SAME DIRECTION,SIDESWIPE-SAME DIRECTION,STRAIGHT & LEVEL,DARK-HWY LIGHTED/ON,,,12/30/2019 9:25:04 AM,False,7449,Accepted,
26101324,0568000,LOUISVILLE METRO POLICE DEPT,Accepted,JEFFERSON,US0060A,,EASTERN,PKWY,,,,,DELOR,,KESWICK,38.217470184,-85.737811647,4.902,12/23/2019 12:00:00 AM,0702,4,4,0,0,CLEAR,DRY,False,SIDESWIPE COLLISION - OPPOSITE DIRECTION,SIDESWIPE-OPPOSITE DIRECTION,STRAIGHT & LEVEL,DARK-HWY LIGHTED/ON,,,12/26/2019 7:44:23 AM,False,7322,Accepted,
26097560,0568000,LOUISVILLE METRO POLICE DEPT,Accepted,JEFFERSON,KY1849,,MOORMAN,RD,,,,,TIERNEY,KY1230,LOWER RIVER,38.092859155,-85.884592182,0.508,12/23/2019 12:00:00 AM,2235,2,2,0,0,CLEAR,DRY,False,SIDESWIPE COLLISION - OPPOSITE DIRECTION,SIDESWIPE-OPPOSITE DIRECTION,STRAIGHT & LEVEL,DARK-HWY NOT LIGHTED,,,12/24/2019 6:12:42 AM,False,2021,Accepted,
26097500,0568000,LOUISVILLE METRO POLICE DEPT,Accepted,JEFFERSON,KY1065,,LOVERS,LN,,,,,FERN CREEK,,ROCKY,38.157556144,-85.572172600,13.085,12/23/2019 12:00:00 AM,1235,2,2,0,0,CLEAR,DRY,False,SIDESWIPE COLLISION - OPPOSITE DIRECTION,SIDESWIPE-OPPOSITE DIRECTION,STRAIGHT & GRADE,DAYLIGHT,,,12/24/2019 6:08:50 AM,False,2017,Accepted,
26096281,0560400,SHIVELY POLICE DEPARTMENT,Accepted,JEFFERSON,I 0264,,I264 W,,,,,,,,,38.197068021,-85.828266285,6.021,12/23/2019 12:00:00 AM,1537,2,2,0,1,CLEAR,DRY,False,SIDESWIPE COLLISION - SAME DIRECTION,SIDESWIPE-SAME DIRECTION,STRAIGHT & LEVEL,DAYLIGHT,,,12/23/2019 8:33:55 PM,False,7128,Accepted,
26101406,0568000,LOUISVILLE METRO POLICE DEPT,Accepted,JEFFERSON,I 0064,,I64 W,,,,,,,,,38.254262004,-85.719441537,6.632,12/23/2019 12:00:00 AM,1524,2,2,0,0,CLEAR,DRY,False,REAR END IN TRAFFIC LANES BOTH VEHICLES MOVING,REAR END,STRAIGHT & LEVEL,DAYLIGHT,,,12/26/2019 7:51:57 AM,False,7944,Accepted,
26097523,0568000,LOUISVILLE METRO POLICE DEPT,Accepted,JEFFERSON,US0031W,,DIXIE,HWY,,,,,CRAWFORD,,ST PAULS CHURCH,38.150395644,-85.836914363,12.097,12/23/2019 12:00:00 AM,1426,3,3,0,0,CLEAR,DRY,False,REAR END IN TRAFFIC LANES BOTH VEHICLES MOVING,REAR END,STRAIGHT & LEVEL,DAYLIGHT,,,12/24/2019 6:10:16 AM,False,5279,Accepted,
26097529,0568000,LOUISVILLE METRO POLICE DEPT,Accepted,JEFFERSON,,,WHISPERING HILLS,BLVD,,,,,BILLIE,KY2052,SHEPHERDSVILLE,38.148689684,-85.659047303,0.048,12/23/2019 12:00:00 AM,1400,2,2,0,0,CLEAR,DRY,False,REAR END IN TRAFFIC LANES BOTH VEHICLES MOVING,REAR END,STRAIGHT & LEVEL,DAYLIGHT,,,12/24/2019 6:10:49 AM,False,7289,Accepted,
26097530,0568000,LOUISVILLE METRO POLICE DEPT,Accepted,JEFFERSON,KY0061,,PRESTON,HWY,,,,,STANDIFORD,,GRADE,38.180504189,-85.718799626,7.387,12/23/2019 12:00:00 AM,1550,2,2,0,0,CLEAR,DRY,False,REAR END IN TRAFFIC LANES BOTH VEHICLES MOVING,REAR END,STRAIGHT & LEVEL,DAYLIGHT,,,12/24/2019 6:10:52 AM,False,5288,Accepted,
26093871,0568000,LOUISVILLE METRO POLICE DEPT,Accepted,JEFFERSON,KY1447,,WESTPORT,RD,,,,,,,,38.296321945,-85.553241395,6.396,12/23/2019 12:00:00 AM,0618,2,2,0,0,CLEAR,DRY,False,REAR END IN TRAFFIC LANES BOTH VEHICLES MOVING,REAR END,STRAIGHT & LEVEL,DARK-HWY LIGHTED/ON,,,12/23/2019 8:58:08 AM,False,5004,Accepted,
26102518,0564400,INDIAN HILLS POLICE DEPARTMENT,Accepted,JEFFERSON,US0042,4100,BROWNSBORO,RD,,,,,,,,38.267318293,-85.660393103,4.204,12/23/2019 12:00:00 AM,1537,2,2,0,0,CLEAR,DRY,False,REAR END IN TRAFFIC LANES BOTH VEHICLES MOVING,REAR END,STRAIGHT & LEVEL,DAYLIGHT,,,12/26/2019 2:15:10 PM,False,4432,Accepted,
26101371,0568000,LOUISVILLE METRO POLICE DEPT,Accepted,JEFFERSON,I 0265,,I265 W,,,,,I 0265,I265 W EXIT12 OFF RAMP TO KY61,I 0265,I265 W EXIT14 ON RAMP FROM  COOPER CHAPEL RD,38.113443060,-85.666871395,12.222,12/23/2019 12:00:00 AM,1644,3,3,0,0,CLEAR,DRY,False,REAR END IN TRAFFIC LANES BOTH VEHICLES MOVING,REAR END,STRAIGHT & LEVEL,DAYLIGHT,,,12/26/2019 7:48:54 AM,False,7484,Accepted,
26097542,0568000,LOUISVILLE METRO POLICE DEPT,Accepted,JEFFERSON,I 0065,,I65 S,,,,,,,,,38.124182227,-85.702178143,125.793,12/23/2019 12:00:00 AM,1558,2,2,0,0,CLEAR,DRY,False,REAR END IN TRAFFIC LANES BOTH VEHICLES MOVING,REAR END,STRAIGHT & LEVEL,DAYLIGHT,,,12/24/2019 6:11:35 AM,False,4693,Accepted,
26097511,0568000,LOUISVILLE METRO POLICE DEPT,Accepted,JEFFERSON,,,MADISON,ST,E,,,,,,,38.248539261,-85.743644302,0.299,12/23/2019 12:00:00 AM,0930,2,2,0,0,CLEAR,DRY,True,1 VEHICLE PARKED POSITION (NOT PARKING LOT/DRIVEWAY),BACKING,STRAIGHT & LEVEL,DAYLIGHT,,,12/24/2019 6:09:35 AM,False,6907,Accepted,
26097550,0568000,LOUISVILLE METRO POLICE DEPT,Accepted,JEFFERSON,,,HUNSINGER,LN,,,,,HIKES,,PAMELA,38.219479943,-85.626009577,0.008,12/23/2019 12:00:00 AM,1844,2,2,0,0,CLEAR,DRY,False,REAR END IN TRAFFIC LANES BOTH VEHICLES MOVING,REAR END,STRAIGHT & LEVEL,DARK-HWY LIGHTED/ON,,,12/24/2019 6:11:59 AM,False,7448,Accepted,
26101380,0568000,LOUISVILLE METRO POLICE DEPT,Accepted,JEFFERSON,,220,ABRAHAM FLEXNER,WAY,,,,,,,,38.248515256,-85.748001821,0.101,12/23/2019 12:00:00 AM,1235,1,1,0,0,CLEAR,DRY,False,COLLISION WITH FIXED OBJECT NON - INTERSECTION - FIRST EVENT COLLISION 09 - 32 EXCLUDING 16,SINGLE VEHICLE,STRAIGHT & GRADE,DAYLIGHT,,,12/26/2019 7:49:43 AM,False,5173,Accepted,
26105061,0568000,LOUISVILLE METRO POLICE DEPT,Accepted,JEFFERSON,KY0841,,GENE SNYDER,FWY,,,,,,,,38.117787725,-85.736525483,8.268,12/23/2019 12:00:00 AM,1518,1,1,0,1,CLEAR,DRY,False,COLLISION WITH FIXED OBJECT NON - INTERSECTION - FIRST EVENT COLLISION 09 - 32 EXCLUDING 16,SINGLE VEHICLE,CURVE & LEVEL,DAYLIGHT,,,12/27/2019 7:55:58 AM,False,8278,Accepted,
26144708,0568000,LOUISVILLE METRO POLICE DEPT,Accepted,JEFFERSON,KY1703,,NEWBURG,RD,,,,,,,,38.220631113,-85.710053714,4.124,12/23/2019 12:00:00 AM,0406,1,1,0,0,CLEAR,DRY,False,COLLISION WITH FIXED OBJECT NON - INTERSECTION - FIRST EVENT COLLISION 09 - 32 EXCLUDING 16,SINGLE VEHICLE,CURVE & HILLCREST,DARK-HWY LIGHTED/ON,,,1/6/2020 8:58:31 AM,False,2976,Accepted,
26097570,0568000,LOUISVILLE METRO POLICE DEPT,Accepted,JEFFERSON,,9904,CHAPEL HILL,RD,,,,,,,,38.104046381,-85.666917536,0.357,12/23/2019 12:00:00 AM,2104,2,2,0,0,CLEAR,DRY,False,1 VEHICLE PARKED POSITION (NOT PARKING LOT/DRIVEWAY),SIDESWIPE-OPPOSITE DIRECTION,STRAIGHT & GRADE,DARK-HWY NOT LIGHTED,,,12/24/2019 6:13:22 AM,False,5138,Accepted,
26115170,0568000,LOUISVILLE METRO POLICE DEPT,Accepted,JEFFERSON,,11803,POND CREEK,DR,,,,,,,,38.078715912,-85.867777737,0.222,12/23/2019 12:00:00 AM,1330,2,2,0,0,CLEAR,DRY,False,1 VEHICLE PARKED POSITION (NOT PARKING LOT/DRIVEWAY),BACKING,STRAIGHT & LEVEL,DAYLIGHT,,,12/30/2019 8:50:43 AM,False,7524,Accepted,
26097555,0568000,LOUISVILLE METRO POLICE DEPT,Accepted,JEFFERSON,,2519,BURNETT,AVE,W,,,,25TH,,CYPRESS,38.232041954,-85.797366417,1.157,12/23/2019 12:00:00 AM,1355,2,2,0,0,CLEAR,DRY,False,1 VEHICLE PARKED POSITION (NOT PARKING LOT/DRIVEWAY),SIDESWIPE-SAME DIRECTION,STRAIGHT & LEVEL,DAYLIGHT,,,12/24/2019 6:12:21 AM,False,5272,Accepted,
26123254,0568000,LOUISVILLE METRO POLICE DEPT,Accepted,JEFFERSON,US0031W,,DIXIE,HWY,,,,,,,,38.085380116,-85.879815520,6.935,12/23/2019 12:00:00 AM,1943,2,1,0,1,CLEAR,DRY,False,COLLISION WITH PEDESTRIAN NON - INTERSECTION,SINGLE VEHICLE,STRAIGHT & LEVEL,DARK-HWY NOT LIGHTED,,,1/1/2020 7:22:29 AM,False,2217,Accepted,
26115086,0568000,LOUISVILLE METRO POLICE DEPT,Accepted,JEFFERSON,US0031W,,DIXIE,HWY,,,STONESTREET,,,,,38.121205207,-85.855689692,9.749,12/23/2019 12:00:00 AM,1402,2,2,0,0,CLEAR,DRY,True,OTHER INTERSECTION COLLISIONS,REAR END,STRAIGHT & LEVEL,DAYLIGHT,,,12/30/2019 8:41:16 AM,False,7205,Accepted,
26097548,0568000,LOUISVILLE METRO POLICE DEPT,Accepted,JEFFERSON,US0031W,,DIXIE,HWY,,,KERRICK,,,,,38.153358798,-85.835705612,12.274,12/23/2019 12:00:00 AM,1412,3,3,0,0,CLEAR,DRY,False,OTHER INTERSECTION COLLISIONS,REAR END,STRAIGHT & LEVEL,DAYLIGHT,,,12/24/2019 6:11:51 AM,False,7267,Accepted,
26097691,0566700,MIDDLETOWN POLICE DEPARTMENT,Accepted,JEFFERSON,US0060,,SHELBYVILLE,RD,,,BECKLEY WOODS,,,,,38.241603373,-85.498474202,12.293,12/23/2019 12:00:00 AM,1123,2,2,0,0,CLEAR,DRY,False,OTHER INTERSECTION COLLISIONS,REAR END,STRAIGHT & GRADE,DAYLIGHT,,,12/24/2019 7:25:41 AM,False,2007,Accepted,
26097505,0568000,LOUISVILLE METRO POLICE DEPT,Accepted,JEFFERSON,KY0864,,POPLAR LEVEL,RD,,,HESS,,,,,38.212046334,-85.720930453,12.717,12/23/2019 12:00:00 AM,1233,2,2,0,0,CLEAR,DRY,False,OTHER INTERSECTION COLLISIONS,REAR END,STRAIGHT & LEVEL,DAYLIGHT,,,12/24/2019 6:09:08 AM,False,5153,Accepted,
26162918,0568000,LOUISVILLE METRO POLICE DEPT,Accepted,JEFFERSON,US0031E,,BARDSTOWN,RD,,,WROCKLAGE,,,,,38.223817875,-85.688851707,13.366,12/23/2019 12:00:00 AM,2042,2,2,0,0,CLEAR,DRY,False,OTHER INTERSECTION COLLISIONS,REAR END,STRAIGHT & LEVEL,DARK-HWY LIGHTED/ON,,,1/9/2020 8:18:38 AM,False,7180,Accepted,
26097569,0568000,LOUISVILLE METRO POLICE DEPT,Accepted,JEFFERSON,,,ST CATHERINE,ST,W,,4TH,,,,,38.237416591,-85.759916027,0.272,12/23/2019 12:00:00 AM,2113,2,2,0,0,CLEAR,DRY,False,SIDESWIPE-SAME DIRECTION,SIDESWIPE-SAME DIRECTION,STRAIGHT & LEVEL,DARK-HWY LIGHTED/ON,,,12/24/2019 6:13:18 AM,False,5186,Accepted,
26101379,0568000,LOUISVILLE METRO POLICE DEPT,Accepted,JEFFERSON,US0150,,BROADWAY,,W,,6TH,,,,,38.246407132,-85.762631340,2.135,12/23/2019 12:00:00 AM,1023,2,2,0,1,CLEAR,DRY,False,SIDESWIPE-SAME DIRECTION,SIDESWIPE-SAME DIRECTION,STRAIGHT & LEVEL,DAYLIGHT,,,12/26/2019 7:49:37 AM,False,5168,Accepted,
26101328,0568000,LOUISVILLE METRO POLICE DEPT,Accepted,JEFFERSON,KY0061,,JACKSON,ST,S,,GRAY,,,,,38.246272218,-85.745402696,12.367,12/23/2019 12:00:00 AM,1748,2,2,0,0,CLEAR,DRY,False,SIDESWIPE-SAME DIRECTION,SIDESWIPE-SAME DIRECTION,STRAIGHT & LEVEL,DARK-HWY LIGHTED/ON,,,12/26/2019 7:44:51 AM,False,5187,Accepted,
26097525,0568000,LOUISVILLE METRO POLICE DEPT,Accepted,JEFFERSON,KY1065,,OUTER,LOOP,,KY1020,NATIONAL,,,,,38.127117993,-85.748608876,2.536,12/23/2019 12:00:00 AM,1600,2,2,0,0,CLEAR,DRY,False,SIDESWIPE-SAME DIRECTION,SIDESWIPE-SAME DIRECTION,STRAIGHT & LEVEL,DAYLIGHT,,,12/24/2019 6:10:31 AM,False,7080,Accepted,
26101391,0568000,LOUISVILLE METRO POLICE DEPT,Accepted,JEFFERSON,KY1747,,FERN VALLEY,RD,,KY2052,SHEPHERDSVILLE,,,,,38.156159947,-85.661131836,3.902,12/23/2019 12:00:00 AM,2241,2,2,0,0,CLEAR,DRY,False,SIDESWIPE-SAME DIRECTION,SIDESWIPE-SAME DIRECTION,STRAIGHT & LEVEL,DARK-HWY LIGHTED/ON,,,12/26/2019 7:50:39 AM,False,5214,Accepted,
26097537,0568000,LOUISVILLE METRO POLICE DEPT,Accepted,JEFFERSON,,,ROY WILKINS,AVE,,,9TH,,,,,38.255958217,-85.765417663,0.080,12/23/2019 12:00:00 AM,1740,2,2,0,0,CLEAR,DRY,True,SIDESWIPE-SAME DIRECTION,SIDESWIPE-SAME DIRECTION,STRAIGHT & LEVEL,DAYLIGHT,,,12/24/2019 6:11:25 AM,False,5280,Accepted,
26097488,0568000,LOUISVILLE METRO POLICE DEPT,Accepted,JEFFERSON,KY1631,,CRITTENDEN,DR,,,PHILLIPS,,,,,38.192232976,-85.750896115,0.303,12/23/2019 12:00:00 AM,0945,2,2,0,0,CLEAR,DRY,False,SIDESWIPE-SAME DIRECTION,SIDESWIPE-SAME DIRECTION,STRAIGHT & LEVEL,DAYLIGHT,,,12/24/2019 6:08:23 AM,False,7872,Accepted,
26101340,0568000,LOUISVILLE METRO POLICE DEPT,Accepted,JEFFERSON,US0060A,,TAYLOR,BLVD,,,LONGFIELD,,,,,38.198417661,-85.782788480,1.609,12/23/2019 12:00:00 AM,1609,2,2,0,2,CLEAR,DRY,False,SIDESWIPE-SAME DIRECTION,SIDESWIPE-SAME DIRECTION,STRAIGHT & LEVEL,DAYLIGHT,,,12/26/2019 7:46:06 AM,False,7398,Accepted,
26120409,0561900,AUDUBON PARK POLICE DEPARTMENT,Accepted,JEFFERSON,KY0061,,PRESTON,HWY,,,HESS,,,,,38.204956159,-85.736309200,9.334,12/23/2019 12:00:00 AM,1608,2,2,0,0,CLEAR,DRY,False,SIDESWIPE-SAME DIRECTION,SIDESWIPE-SAME DIRECTION,STRAIGHT & LEVEL,DAYLIGHT,,,12/31/2019 1:42:13 PM,False,5105,Accepted,
26115077,0568000,LOUISVILLE METRO POLICE DEPT,Accepted,JEFFERSON,KY0155,,TAYLORSVILLE,RD,,,OLD HEADY,,,,,38.186028889,-85.535763252,7.540,12/23/2019 12:00:00 AM,1756,2,2,0,0,CLEAR,DRY,False,OTHER INTERSECTION COLLISIONS,REAR END,STRAIGHT & LEVEL,DARK-HWY NOT LIGHTED,,,12/30/2019 8:39:42 AM,False,7278,Accepted,
26101343,0568000,LOUISVILLE METRO POLICE DEPT,Accepted,JEFFERSON,KY0907,,SOUTHSIDE,DR,,,SOUTHVIEW,,,,,38.151425524,-85.766418631,6.945,12/23/2019 12:00:00 AM,1457,2,2,0,0,CLEAR,DRY,False,OTHER INTERSECTION COLLISIONS,REAR END,STRAIGHT & LEVEL,DAYLIGHT,,,12/26/2019 7:46:24 AM,False,5276,Accepted,
26101344,0568000,LOUISVILLE METRO POLICE DEPT,Accepted,JEFFERSON,KY1865,,NEW CUT,RD,,,SOUTHLAND,,,,,38.169798558,-85.781217356,4.341,12/23/2019 12:00:00 AM,1737,2,2,0,0,CLEAR,DRY,False,OTHER INTERSECTION COLLISIONS,REAR END,STRAIGHT & LEVEL,DARK (UNKNOWN ROADWAY LIGHTING),,,12/26/2019 7:46:31 AM,False,5276,Accepted,
26097492,0568000,LOUISVILLE METRO POLICE DEPT,Accepted,JEFFERSON,US0060A,,TAYLOR,BLVD,,,DRESDEN,,,,,38.197000273,-85.782895102,1.517,12/23/2019 12:00:00 AM,1049,2,2,0,1,CLEAR,DRY,True,OTHER INTERSECTION COLLISIONS,REAR END,STRAIGHT & LEVEL,DAYLIGHT,,,12/24/2019 6:08:32 AM,False,7433,Accepted,
26097508,0568000,LOUISVILLE METRO POLICE DEPT,Accepted,JEFFERSON,,,CHEROKEE,RD,,,HIGHLAND,,,,,38.241002033,-85.722832099,0.290,12/23/2019 12:00:00 AM,1359,2,2,0,0,CLEAR,DRY,False,OTHER INTERSECTION COLLISIONS,REAR TO REAR,STRAIGHT & LEVEL,DAYLIGHT,,,12/24/2019 6:09:23 AM,False,5243,Accepted,
26097519,0568000,LOUISVILLE METRO POLICE DEPT,Accepted,JEFFERSON,,,FLOYD,ST,S,,JEFFERSON,,,,,38.252894737,-85.748373181,0.193,12/23/2019 12:00:00 AM,0827,2,2,0,0,CLEAR,DRY,False,OTHER INTERSECTION COLLISIONS,REAR END,STRAIGHT & LEVEL,DAYLIGHT,,,12/24/2019 6:10:08 AM,False,5187,Accepted,
26097510,0568000,LOUISVILLE METRO POLICE DEPT,Accepted,JEFFERSON,US0031W,,DIXIE,HWY,,,FLINTLOCK,,,,,38.160002635,-85.832818199,12.732,12/23/2019 12:00:00 AM,1428,2,2,0,1,CLEAR,DRY,False,OPPOSING LEFT TURN,OPPOSING LEFT TURN,STRAIGHT & LEVEL,DAYLIGHT,,,12/24/2019 6:09:31 AM,False,7339,Accepted,
26097590,0568000,LOUISVILLE METRO POLICE DEPT,Accepted,JEFFERSON,,,MCCAWLEY,RD,,,JEFFERSON,,,,,38.143794406,-85.674684303,0.844,12/23/2019 12:00:00 AM,2122,2,2,0,0,CLEAR,DRY,False,REAR END - ONE VEHICLE TURNING RIGHT,REAR END,STRAIGHT & LEVEL,DARK-HWY LIGHTED/ON,,,12/24/2019 6:21:13 AM,False,5214,Accepted,
26097562,0568000,LOUISVILLE METRO POLICE DEPT,Accepted,JEFFERSON,,,9TH,ST,S,,BRECKINRIDGE,,,,,38.242990010,-85.767364648,0.263,12/23/2019 12:00:00 AM,2230,2,2,0,0,CLEAR,DRY,False,OPPOSING LEFT TURN,OPPOSING LEFT TURN,STRAIGHT & LEVEL,DARK-HWY LIGHTED/ON,,,12/24/2019 6:12:50 AM,False,5256,Accepted,
26097514,0568000,LOUISVILLE METRO POLICE DEPT,Accepted,JEFFERSON,,,GILMORE,LN,,KY0061,PRESTON,,,,,38.174679268,-85.712741630,0.003,12/23/2019 12:00:00 AM,1204,2,2,0,0,CLEAR,DRY,False,VEHICLE BACKING IN INTERSECTION,BACKING,STRAIGHT & LEVEL,DAYLIGHT,,,12/24/2019 6:09:46 AM,False,5288,Accepted,
26179883,0568000,LOUISVILLE METRO POLICE DEPT,Accepted,JEFFERSON,,,OAKLAWN,LN,,,RANGELAND,,,,,38.165020218,-85.669375558,0.310,12/23/2019 12:00:00 AM,1509,2,2,0,0,CLEAR,DRY,False,ANGLE COLLISION - OTHER,ANGLE,CURVE & GRADE,DAYLIGHT,,,1/13/2020 8:46:52 AM,False,7283,Accepted,
26097499,0568000,LOUISVILLE METRO POLICE DEPT,Accepted,JEFFERSON,,,MARKET,ST,W,US0031W,22ND,,,,,38.258559155,-85.786611444,0.003,12/23/2019 12:00:00 AM,1205,3,3,0,1,CLEAR,DRY,False,ANGLE COLLISION - OTHER,ANGLE,STRAIGHT & LEVEL,DAYLIGHT,,,12/24/2019 6:08:45 AM,False,7988,Accepted,
26097509,0568000,LOUISVILLE METRO POLICE DEPT,Accepted,JEFFERSON,US0150,,BROADWAY,,E,,LOGAN,,,,,38.244601710,-85.738287319,3.471,12/23/2019 12:00:00 AM,1106,2,2,0,0,CLEAR,DRY,False,ANGLE COLLISION - OTHER,ANGLE,STRAIGHT & LEVEL,DAYLIGHT,,,12/24/2019 6:09:27 AM,False,6907,Accepted,