IncidentID,AgencyORI,AgencyName,IncidentStatusDesc,County,RdwyNumber,Street,RoadwayName,StreetSfx,StreetDir,IntersectionRdwy,IntersectionRdwyName,BetweenStRdwy1,BetweenStRdwyName1,BetweenStRdwy2,BetweenStRdwyName2,Latitude,Longitude,Milepoint,CollisionDate,CollisionTime,UnitsInvolved,MotorVehiclesInvolved,NumberKilled,NumberInjured,Weather,RdwyConditionCode,HitandRun,DirAnalysisCode,MannerofCollision,RdwyCharacter,LightCondition,RampFromRdwyId,RampToRdwyId,AcceptedDate,IsSecondaryCollision,OwnerBadge,IncidentStatus,
26097534,0568000,LOUISVILLE METRO POLICE DEPT,Accepted,JEFFERSON,,,4TH,ST,S,,ORMSBY,,,,,38.232856586,-85.760702280,1.655,12/23/2019 12:00:00 AM,1543,2,2,0,0,CLEAR,DRY,True,ANGLE COLLISION - OTHER,ANGLE,STRAIGHT & LEVEL,DAYLIGHT,,,12/24/2019 6:11:14 AM,False,7441,Accepted,
26133325,0568000,LOUISVILLE METRO POLICE DEPT,Accepted,JEFFERSON,US0031E,,BARDSTOWN,RD,,,CEDAR SPRINGS,,,,,38.145213963,-85.584978718,5.193,12/23/2019 12:00:00 AM,1724,2,2,0,0,CLEAR,DRY,False,ANGLE COLLISION - OTHER,ANGLE,STRAIGHT & LEVEL,DUSK,,,1/3/2020 9:09:38 AM,False,7354,Accepted,
26093866,0568000,LOUISVILLE METRO POLICE DEPT,Accepted,JEFFERSON,,,LIBERTY,ST,E,US0031E,BAXTER,,,,,38.249775510,-85.731713305,1.141,12/23/2019 12:00:00 AM,0647,2,2,0,1,CLEAR,DRY,False,ANGLE COLLISION - OTHER,ANGLE,STRAIGHT & LEVEL,DARK-HWY LIGHTED/ON,,,12/23/2019 8:57:12 AM,False,5172,Accepted,
26101327,0568000,LOUISVILLE METRO POLICE DEPT,Accepted,JEFFERSON,,,NORTON HEALTHCARE,BLVD,,,VON ALLMEN,,,,,38.312025554,-85.571341876,0.101,12/23/2019 12:00:00 AM,1418,2,2,0,0,CLEAR,DRY,False,ANGLE COLLISION - OTHER,ANGLE,STRAIGHT & LEVEL,DAYLIGHT,,,12/26/2019 7:44:45 AM,False,2969,Accepted,
26097495,0568000,LOUISVILLE METRO POLICE DEPT,Accepted,JEFFERSON,KY1020,,2ND,ST,S,,CHESTNUT,,,,,38.248580479,-85.754565472,12.288,12/23/2019 12:00:00 AM,1048,3,3,0,0,CLEAR,DRY,False,ANGLE COLLISION - OTHER,ANGLE,STRAIGHT & LEVEL,DAYLIGHT,,,12/24/2019 6:08:36 AM,False,7848,Accepted,
26101384,0568000,LOUISVILLE METRO POLICE DEPT,Accepted,JEFFERSON,KY0061,,PRESTON,HWY,,,MANNING,,,,,38.198331105,-85.732032545,8.821,12/23/2019 12:00:00 AM,1336,3,3,0,0,CLEAR,DRY,False,ANGLE COLLISION - OTHER,ANGLE,STRAIGHT & LEVEL,DAYLIGHT,,,12/26/2019 7:50:08 AM,False,7938,Accepted,
26097513,0568000,LOUISVILLE METRO POLICE DEPT,Accepted,JEFFERSON,KY2052,,SHEPHERDSVILLE,RD,,KY0864,POPLAR LEVEL,,,,,38.159982882,-85.660049370,1.486,12/23/2019 12:00:00 AM,1452,2,2,0,0,CLEAR,DRY,False,ANGLE COLLISION - OTHER,ANGLE,STRAIGHT & LEVEL,DAYLIGHT,,,12/24/2019 6:09:42 AM,False,7338,Accepted,
26097540,0568000,LOUISVILLE METRO POLICE DEPT,Accepted,JEFFERSON,,,1ST,ST,S,,COLLEGE,,,,,38.243091324,-85.753882132,0.905,12/23/2019 12:00:00 AM,1320,2,2,0,0,CLEAR,DRY,False,ANGLE COLLISION - OTHER,ANGLE,STRAIGHT & LEVEL,DAYLIGHT,,,12/24/2019 6:11:31 AM,False,5213,Accepted,
26101326,0568000,LOUISVILLE METRO POLICE DEPT,Accepted,JEFFERSON,,,MARKET,ST,W,,32ND,,,,,38.260651344,-85.804401067,0.985,12/23/2019 12:00:00 AM,1625,2,2,0,1,CLEAR,DRY,False,ANGLE COLLISION - OTHER,ANGLE,STRAIGHT & LEVEL,DAYLIGHT,,,12/26/2019 7:44:39 AM,False,5275,Accepted,
26097565,0568000,LOUISVILLE METRO POLICE DEPT,Accepted,JEFFERSON,I 0064,,I64 E,,,I 0064,I264 W EXIT19 RAMP TO I64 E,,,,,38.237728409,-85.623425558,12.455,12/23/2019 12:00:00 AM,2116,1,1,0,0,CLEAR,DRY,False,COLLISION WITH FIXED OBJECT IN INTERSECTION - FIRST EVENT COLLISION 09 - 32,SINGLE VEHICLE,CURVE & LEVEL,DARK-HWY LIGHTED/ON,,,12/24/2019 6:13:03 AM,False,7055,Accepted,
26097535,0568000,LOUISVILLE METRO POLICE DEPT,Accepted,JEFFERSON,,,KIRBY,AVE,,,32ND,,,,,38.236222747,-85.808584707,0.176,12/23/2019 12:00:00 AM,1043,3,3,0,1,CLEAR,DRY,False,COLLISION WITH PARKED VEHICLE,SIDESWIPE-SAME DIRECTION,STRAIGHT & LEVEL,DAYLIGHT,,,12/24/2019 6:11:21 AM,False,5280,Accepted,
26115160,0568000,LOUISVILLE METRO POLICE DEPT,Accepted,JEFFERSON,,,GREENWOOD,AVE,,,36TH,,,,,38.243446539,-85.812814684,1.504,12/23/2019 12:00:00 AM,2219,2,2,0,1,CLEAR,DRY,True,ANGLE COLLISION - ONE VEHICLE TURNING RIGHT,ANGLE,STRAIGHT & LEVEL,DARK-HWY LIGHTED/ON,,,12/30/2019 8:49:05 AM,False,7439,Accepted,
26123232,0568000,LOUISVILLE METRO POLICE DEPT,Accepted,JEFFERSON,,,ZETA,CT,,,SCHOLAR,,,,,38.184697950,-85.711571085,0.009,12/23/2019 12:00:00 AM,,2,2,0,0,CLEAR,DRY,True,COLLISION WITH PARKED VEHICLE,ANGLE,STRAIGHT & LEVEL,DARK-HWY LIGHTED/ON,,,1/1/2020 7:17:08 AM,False,7298,Accepted,
26419883,0568000,LOUISVILLE METRO POLICE DEPT,Accepted,JEFFERSON,US0031W,,22ND,ST,S,,GARLAND,,,,,38.244068358,-85.789080100,19.198,12/22/2019 12:00:00 AM,0245,3,3,0,0,CLOUDY,DRY,True,COLLISION WITH PARKED VEHICLE,REAR END,STRAIGHT & LEVEL,DARK (UNKNOWN ROADWAY LIGHTING),,,2/25/2020 8:09:03 AM,False,5202,Accepted,
26093857,0568000,LOUISVILLE METRO POLICE DEPT,Accepted,JEFFERSON,,,BLUEGRASS,AVE,,,MALCOLM,,,,,38.179546542,-85.790623816,0.451,12/22/2019 12:00:00 AM,1818,1,1,0,2,CLEAR,DRY,False,COLLISION WITH FIXED OBJECT IN INTERSECTION - FIRST EVENT COLLISION 09 - 32,SINGLE VEHICLE,STRAIGHT & HILLCREST,DARK-HWY LIGHTED/ON,,,12/23/2019 8:56:30 AM,False,5230,Accepted,
26127475,0560600,WEST BUECHEL POLICE DEPT.,Accepted,JEFFERSON,,,ADELE,AVE,,,BASHFORD MANOR,,,,,38.201304666,-85.667453715,0.007,12/22/2019 12:00:00 AM,1715,2,2,0,0,CLEAR,DRY,False,COLLISION WITH FIXED OBJECT IN INTERSECTION - FIRST EVENT COLLISION 09 - 32,SIDESWIPE-SAME DIRECTION,STRAIGHT & LEVEL,DAYLIGHT,,,1/2/2020 9:10:01 AM,False,1717,Accepted,
26093850,0568000,LOUISVILLE METRO POLICE DEPT,Accepted,JEFFERSON,,,3RD,ST,N,US0031E,MAIN,,,,,38.256491011,-85.754975863,0.007,12/22/2019 12:00:00 AM,0510,2,2,0,0,CLEAR,DRY,False,ANGLE COLLISION - OTHER,ANGLE,STRAIGHT & LEVEL,DARK-HWY LIGHTED/ON,,,12/23/2019 8:55:51 AM,False,5008,Accepted,
26093799,0568000,LOUISVILLE METRO POLICE DEPT,Accepted,JEFFERSON,KY1450,9909,BLUE LICK,RD,,,WHISPERING BROOK,,,,,38.104191683,-85.693193057,1.308,12/22/2019 12:00:00 AM,1438,2,2,0,1,CLOUDY,DRY,True,ANGLE COLLISION - OTHER,ANGLE,STRAIGHT & LEVEL,DAYLIGHT,,,12/23/2019 8:54:19 AM,False,5270,Accepted,
26097502,0568000,LOUISVILLE METRO POLICE DEPT,Accepted,JEFFERSON,,,4TH,ST,S,,OAK,,,,,38.235016883,-85.760327944,1.505,12/22/2019 12:00:00 AM,2106,2,2,0,0,CLEAR,FLOODED,False,ANGLE COLLISION - OTHER,ANGLE,STRAIGHT & LEVEL,DARK (UNKNOWN ROADWAY LIGHTING),,,12/24/2019 6:08:55 AM,False,5111,Accepted,
26093775,0568000,LOUISVILLE METRO POLICE DEPT,Accepted,JEFFERSON,US0060A,,CHEROKEE,PKWY,,,WILLOW,,,,,38.236813778,-85.709666994,7.226,12/22/2019 12:00:00 AM,1433,2,2,0,0,CLEAR,DRY,False,ANGLE COLLISION - OTHER,ANGLE,STRAIGHT & LEVEL,DAYLIGHT,,,12/23/2019 8:53:37 AM,False,7900,Accepted,
26254837,0568000,LOUISVILLE METRO POLICE DEPT,Accepted,JEFFERSON,,,1ST,ST,S,,WAMPUM,,,,,38.186321685,-85.762005207,3.506,12/22/2019 12:00:00 AM,0429,2,2,0,5,CLEAR,DRY,False,ANGLE COLLISION - OTHER,ANGLE,STRAIGHT & LEVEL,DARK-HWY LIGHTED/ON,,,1/28/2020 8:14:05 AM,False,5139,Accepted,
26093751,0568000,LOUISVILLE METRO POLICE DEPT,Accepted,JEFFERSON,KY1020,,SOUTHERN,PKWY,,,EVELYN,,,,,38.196748784,-85.766801052,8.858,12/22/2019 12:00:00 AM,0308,2,2,0,0,CLEAR,DRY,True,OPPOSITE DIRECTION - BOTH VEHICLES GOING STRAIGHT AHEAD,SIDESWIPE-OPPOSITE DIRECTION,STRAIGHT & LEVEL,DARK-HWY LIGHTED/ON,,,12/23/2019 8:52:07 AM,False,5052,Accepted,
26105051,0568000,LOUISVILLE METRO POLICE DEPT,Accepted,JEFFERSON,,,GRADE,LN,,KY1747,FERN VALLEY,,,,,38.157272523,-85.731855371,2.146,12/22/2019 12:00:00 AM,1904,2,2,0,0,CLEAR,DRY,False,OTHER INTERSECTION COLLISIONS,REAR END,STRAIGHT & LEVEL,DARK-HWY LIGHTED/ON,,,12/27/2019 7:55:19 AM,False,5106,Accepted,
26093797,0568000,LOUISVILLE METRO POLICE DEPT,Accepted,JEFFERSON,KY1065,,OUTER,LOOP,,,JUDGE,,,,,38.137649856,-85.669775144,7.013,12/22/2019 12:00:00 AM,1354,2,2,0,0,CLOUDY,DRY,False,SIDESWIPE-SAME DIRECTION,SIDESWIPE-SAME DIRECTION,STRAIGHT & LEVEL,DAYLIGHT,,,12/23/2019 8:54:13 AM,False,2547,Accepted,
26093855,0568000,LOUISVILLE METRO POLICE DEPT,Accepted,JEFFERSON,US0031W,,DIXIE,HWY,,KY1931,GREENWOOD,,,,,38.143540775,-85.839556892,11.681,12/22/2019 12:00:00 AM,1833,2,2,0,0,CLEAR,DRY,True,SIDESWIPE-SAME DIRECTION,SIDESWIPE-SAME DIRECTION,STRAIGHT & LEVEL,DARK (UNKNOWN ROADWAY LIGHTING),,,12/23/2019 8:56:21 AM,False,7483,Accepted,
26093753,0568000,LOUISVILLE METRO POLICE DEPT,Accepted,JEFFERSON,,,MUHAMMAD ALI,BLVD,W,US0031W,DR W J HODGE,,,,,38.254235215,-85.785578899,1.815,12/22/2019 12:00:00 AM,0043,2,2,0,0,CLEAR,DRY,True,SIDESWIPE-SAME DIRECTION,SIDESWIPE-SAME DIRECTION,STRAIGHT & LEVEL,DARK-HWY LIGHTED/ON,,,12/23/2019 8:52:14 AM,False,5261,Accepted,
26097487,0568000,LOUISVILLE METRO POLICE DEPT,Accepted,JEFFERSON,,,SIX MILE,LN,,,BROOKHOLLOW,,,,,38.199228962,-85.609757065,2.495,12/22/2019 12:00:00 AM,2119,2,2,0,0,CLEAR,DRY,False,OTHER INTERSECTION COLLISIONS,REAR END,STRAIGHT & LEVEL,DARK-HWY LIGHTED/ON,,,12/24/2019 6:08:19 AM,False,5207,Accepted,
26101399,0568000,LOUISVILLE METRO POLICE DEPT,Accepted,JEFFERSON,I 0071,,I71 S,,,I 0071,I71 S EXIT5 RAMP TO I264 W,,,,,38.290458445,-85.643570618,5.245,12/22/2019 12:00:00 AM,1605,2,2,0,0,CLEAR,DRY,True,OTHER INTERSECTION COLLISIONS,REAR END,STRAIGHT & LEVEL,DAYLIGHT,,,12/26/2019 7:51:32 AM,False,2030,Accepted,
26093794,0568000,LOUISVILLE METRO POLICE DEPT,Accepted,JEFFERSON,KY1065,,OUTER,LOOP,,,CAROL,,,,,38.138277118,-85.684843377,6.159,12/22/2019 12:00:00 AM,1240,2,2,0,0,CLOUDY,DRY,False,OTHER INTERSECTION COLLISIONS,REAR END,STRAIGHT & LEVEL,DAYLIGHT,,,12/23/2019 8:54:07 AM,False,2547,Accepted,
26093804,0568000,LOUISVILLE METRO POLICE DEPT,Accepted,JEFFERSON,US0031E,,BARDSTOWN,RD,,,BANNON CROSSINGS,,,,,38.182268250,-85.628772526,8.812,12/22/2019 12:00:00 AM,1637,2,2,0,0,CLOUDY,DRY,False,OTHER INTERSECTION COLLISIONS,REAR END,STRAIGHT & LEVEL,DUSK,,,12/23/2019 8:54:24 AM,False,7307,Accepted,
26093822,0568000,LOUISVILLE METRO POLICE DEPT,Accepted,JEFFERSON,KY1020,,3RD,ST,S,,CENTRAL,,,,,38.204744198,-85.763947662,9.470,12/22/2019 12:00:00 AM,1542,2,2,0,0,CLEAR,DRY,False,OTHER INTERSECTION COLLISIONS,REAR END,STRAIGHT & LEVEL,DAYLIGHT,,,12/23/2019 8:54:34 AM,False,7207,Accepted,
26093771,0568000,LOUISVILLE METRO POLICE DEPT,Accepted,JEFFERSON,US0031E,,BARDSTOWN,RD,,,CEDARLOOK,,,,,38.147052840,-85.585862467,5.333,12/22/2019 12:00:00 AM,1058,2,2,0,1,CLEAR,DRY,False,OTHER INTERSECTION COLLISIONS,REAR END,STRAIGHT & LEVEL,DAYLIGHT,,,12/23/2019 8:53:19 AM,False,6878,Accepted,
26144705,0568000,LOUISVILLE METRO POLICE DEPT,Accepted,JEFFERSON,,,ARNOLDTOWN,RD,,,,,,,,38.137315881,-85.819624797,0.891,12/22/2019 12:00:00 AM,2339,1,1,0,0,CLEAR,DRY,False,COLLISION WITH ANIMAL NON INTERSECTION,SINGLE VEHICLE,STRAIGHT & LEVEL,DARK-HWY LIGHTED/ON,,,1/6/2020 8:58:24 AM,False,7332,Accepted,
26093860,0568000,LOUISVILLE METRO POLICE DEPT,Accepted,JEFFERSON,KY1020,307,TENNY,AVE,W,,,,,,,38.176861723,-85.765997198,7.418,12/22/2019 12:00:00 AM,2323,2,2,0,0,CLEAR,DRY,True,1 VEHICLE PARKED POSITION (NOT PARKING LOT/DRIVEWAY),SIDESWIPE-SAME DIRECTION,STRAIGHT & LEVEL,DARK-HWY LIGHTED/ON,,,12/23/2019 8:56:45 AM,False,5237,Accepted,
26093745,0568000,LOUISVILLE METRO POLICE DEPT,Accepted,JEFFERSON,,5302,RUSSETT,BLVD,,,,,,,,38.166227685,-85.663745548,0.252,12/22/2019 12:00:00 AM,0217,3,3,0,0,CLEAR,DRY,True,1 VEHICLE PARKED POSITION (NOT PARKING LOT/DRIVEWAY),ANGLE,STRAIGHT & LEVEL,DARK-HWY LIGHTED/ON,,,12/23/2019 8:51:21 AM,False,7341,Accepted,
26093856,0568000,LOUISVILLE METRO POLICE DEPT,Accepted,JEFFERSON,,3527,DEL PARK,TER,,,,,,,,38.253422986,-85.810221986,0.345,12/22/2019 12:00:00 AM,0400,2,2,0,0,CLEAR,DRY,True,1 VEHICLE PARKED POSITION (NOT PARKING LOT/DRIVEWAY),ANGLE,STRAIGHT & LEVEL,DARK-HWY LIGHTED/ON,,,12/23/2019 8:56:26 AM,False,7349,Accepted,
26093858,0568000,LOUISVILLE METRO POLICE DEPT,Accepted,JEFFERSON,,,PINE,ST,,,,,,,,38.249818393,-85.727209056,0.148,12/22/2019 12:00:00 AM,2349,2,2,0,0,CLEAR,DRY,True,1 VEHICLE PARKED POSITION (NOT PARKING LOT/DRIVEWAY),ANGLE,STRAIGHT & LEVEL,DARK (UNKNOWN ROADWAY LIGHTING),,,12/23/2019 8:56:36 AM,False,7376,Accepted,
26093773,0568000,LOUISVILLE METRO POLICE DEPT,Accepted,JEFFERSON,,,FAIRMOUNT,RD,,,,,,,,38.115807845,-85.565574634,2.767,12/22/2019 12:00:00 AM,1432,1,1,0,1,CLEAR,DRY,False,COLLISION WITH FIXED OBJECT NON - INTERSECTION - FIRST EVENT COLLISION 09 - 32 EXCLUDING 16,SINGLE VEHICLE,STRAIGHT & LEVEL,DAYLIGHT,,,12/23/2019 8:53:27 AM,False,6878,Accepted,
26096290,0560400,SHIVELY POLICE DEPARTMENT,Accepted,JEFFERSON,US0031W,2401,DIXIE,HWY,,,,,,,,38.216106964,-85.795410151,17.135,12/22/2019 12:00:00 AM,1515,2,2,0,0,CLEAR,DRY,True,1 VEHICLE PARKED POSITION (NOT PARKING LOT/DRIVEWAY),SIDESWIPE-SAME DIRECTION,STRAIGHT & LEVEL,DAYLIGHT,,,12/23/2019 8:34:39 PM,False,7105,Accepted,
26093851,0568000,LOUISVILLE METRO POLICE DEPT,Accepted,JEFFERSON,,648,44TH,ST,S,,,,,,,38.253594998,-85.825070548,0.319,12/22/2019 12:00:00 AM,2047,4,4,0,0,CLEAR,DRY,False,1 VEHICLE PARKED POSITION (NOT PARKING LOT/DRIVEWAY),SIDESWIPE-SAME DIRECTION,STRAIGHT & LEVEL,DARK-HWY LIGHTED/ON,,,12/23/2019 8:55:55 AM,False,7489,Accepted,
26093750,0568000,LOUISVILLE METRO POLICE DEPT,Accepted,JEFFERSON,,,HILL,ST,W,,,,4TH,,ST JAMES,38.226067093,-85.762692287,0.316,12/22/2019 12:00:00 AM,0045,4,4,0,1,CLEAR,DRY,False,1 VEHICLE PARKED POSITION (NOT PARKING LOT/DRIVEWAY),REAR END,STRAIGHT & LEVEL,DARK (UNKNOWN ROADWAY LIGHTING),,,12/23/2019 8:52:00 AM,False,5111,Accepted,
26093772,0568000,LOUISVILLE METRO POLICE DEPT,Accepted,JEFFERSON,,9000,SMYRNA,PKWY,,,,,,,,38.116926465,-85.644089663,1.426,12/22/2019 12:00:00 AM,1247,2,2,0,0,CLEAR,DRY,False,REAR END IN TRAFFIC LANES BOTH VEHICLES MOVING,REAR END,STRAIGHT & HILLCREST,DAYLIGHT,,,12/23/2019 8:53:23 AM,False,7799,Accepted,
26094029,0564500,PROSPECT POLICE DEPARTMENT,Accepted,JEFFERSON,KY0841,,GENE SNYDER,FWY,,,,,,I 0071,I71 S EXIT35B ON RAMP FROM KY841 S,38.317149938,-85.592761245,35.340,12/22/2019 12:00:00 AM,1900,2,2,0,0,CLOUDY,DRY,False,REAR END IN TRAFFIC LANES BOTH VEHICLES MOVING,REAR END,CURVE & LEVEL,DARK-HWY LIGHTED/ON,,,12/23/2019 9:36:09 AM,False,1123,Accepted,
26126069,0560300,ST. MATTHEWS POLICE DEPARTMENT,Accepted,JEFFERSON,US0060,5000,SHELBYVILLE,RD,,,,,,,,38.250347105,-85.623527351,5.307,12/22/2019 12:00:00 AM,1740,2,1,0,0,CLOUDY,DRY,True,SIDESWIPE COLLISION - SAME DIRECTION,SIDESWIPE-SAME DIRECTION,STRAIGHT & LEVEL,DARK-HWY LIGHTED/ON,,,1/2/2020 3:03:07 AM,False,9147,Accepted,
26101396,0568000,LOUISVILLE METRO POLICE DEPT,Accepted,JEFFERSON,,216,SHELBY,ST,S,,,,,,,38.251807688,-85.738279556,0.192,12/22/2019 12:00:00 AM,1211,2,2,0,0,CLEAR,DRY,False,SIDESWIPE COLLISION - SAME DIRECTION,SIDESWIPE-SAME DIRECTION,STRAIGHT & LEVEL,DAYLIGHT,,,12/26/2019 7:51:17 AM,False,5271,Accepted,
26093827,0568000,LOUISVILLE METRO POLICE DEPT,Accepted,JEFFERSON,KY1065,,OUTER,LOOP,,,,,CAROL,,NOLTEMEYER WYNDE,38.138419356,-85.684327884,6.188,12/22/2019 12:00:00 AM,1331,2,2,0,0,CLEAR,DRY,False,OTHER ROADWAY OR MID-BLOCK COLLISION,REAR END,STRAIGHT & LEVEL,DAYLIGHT,,,12/23/2019 8:54:44 AM,False,2324,Accepted,
26093854,0568000,LOUISVILLE METRO POLICE DEPT,Accepted,JEFFERSON,KY1065,,OUTER,LOOP,,,,,,,,38.138250007,-85.677309301,6.573,12/22/2019 12:00:00 AM,1923,3,3,0,0,CLEAR,DRY,False,OTHER ROADWAY OR MID-BLOCK COLLISION,OPPOSING LEFT TURN,STRAIGHT & LEVEL,DARK-HWY NOT LIGHTED,,,12/23/2019 8:56:15 AM,False,5101,Accepted,
26093824,0568000,LOUISVILLE METRO POLICE DEPT,Accepted,JEFFERSON,KY1065,,OUTER,LOOP,,,,,NOLTEMEYER WYNDE,,LAMBERT,38.138191297,-85.678173511,6.528,12/22/2019 12:00:00 AM,1103,4,4,0,2,CLEAR,DRY,False,1 VEHICLE ENTERING/LEAVING ENTRANCE,ANGLE,STRAIGHT & LEVEL,DAYLIGHT,,,12/23/2019 8:54:39 AM,False,5026,Accepted,
26093859,0568000,LOUISVILLE METRO POLICE DEPT,Accepted,JEFFERSON,KY0864,4920,POPLAR LEVEL,RD,,,,,RANGELAND,,INDIAN,38.169800234,-85.683516590,9.075,12/22/2019 12:00:00 AM,2037,2,2,0,2,CLEAR,DRY,False,1 VEHICLE ENTERING/LEAVING ENTRANCE,ANGLE,STRAIGHT & LEVEL,DARK-HWY LIGHTED/ON,,,12/23/2019 8:56:39 AM,False,5269,Accepted,
26093831,0568000,LOUISVILLE METRO POLICE DEPT,Accepted,JEFFERSON,KY1065,,OUTER,LOOP,,,,,CAROL,KY0061,PRESTON,38.138321468,-85.684796820,6.163,12/22/2019 12:00:00 AM,1721,2,2,0,0,CLEAR,DRY,False,OTHER ROADWAY OR MID-BLOCK COLLISION,REAR END,STRAIGHT & LEVEL,DUSK,,,12/23/2019 8:54:57 AM,False,2324,Accepted,
26093768,0568000,LOUISVILLE METRO POLICE DEPT,Accepted,JEFFERSON,I 0071,,,,,,,,,,,38.274535387,-85.696657415,0.009,12/22/2019 12:00:00 AM,0923,1,1,0,0,CLEAR,WET,False,COLLISION WITH FIXED OBJECT NOT IN GORE ,SINGLE VEHICLE,CURVE & LEVEL,DAYLIGHT,ZORN AVE,I 0071,12/23/2019 8:53:12 AM,False,7632,Accepted,
26116325,0568000,LOUISVILLE METRO POLICE DEPT,Accepted,JEFFERSON,I 0264,,,,,,,,,,,38.246251293,-85.620266938,0.417,12/22/2019 12:00:00 AM,1504,2,1,0,0,CLOUDY,DRY,False,OTHER RAMP RELATED COLLISIONS NOT LISTED ABOVE,REAR END,STRAIGHT & LEVEL,DAYLIGHT,I 0264,US0060,12/30/2019 1:01:02 PM,True,7751,Accepted,
26093774,0568000,LOUISVILLE METRO POLICE DEPT,Accepted,JEFFERSON,I 0264,,,,,,,,,,,38.191184682,-85.764908643,0.254,12/22/2019 12:00:00 AM,1425,2,2,0,0,CLEAR,DRY,False,OTHER RAMP RELATED COLLISIONS NOT LISTED ABOVE,REAR END,CURVE & GRADE,DAYLIGHT,I 0264,KY1020,12/23/2019 8:53:31 AM,False,7286,Accepted,
26093829,0568000,LOUISVILLE METRO POLICE DEPT,Accepted,JEFFERSON,I 0264,,,,,,,,,,,38.246187735,-85.620285805,0.419,12/22/2019 12:00:00 AM,1503,2,2,0,0,CLOUDY,DRY,False,OTHER RAMP RELATED COLLISIONS NOT LISTED ABOVE,REAR END,STRAIGHT & LEVEL,DAYLIGHT,I 0264,US0060,12/23/2019 8:54:50 AM,False,7751,Accepted,
26093725,0568000,LOUISVILLE METRO POLICE DEPT,Accepted,JEFFERSON,,,FLOYD,ST,S,,,,CENTRAL,,DENNY CRUM OVERPASS,38.202693771,-85.757174587,3.605,12/21/2019 12:00:00 AM,0851,2,2,0,0,CLEAR,DRY,False,OTHER ROADWAY OR MID-BLOCK COLLISION,REAR END,STRAIGHT & LEVEL,DAYLIGHT,,,12/23/2019 8:49:46 AM,False,5267,Accepted,
26144700,0568000,LOUISVILLE METRO POLICE DEPT,Accepted,JEFFERSON,KY0907,8201,3RD ST,RD,,,,,,,,38.125036188,-85.797068121,4.439,12/21/2019 12:00:00 AM,0329,1,1,0,0,CLEAR,DRY,True,OTHER ROADWAY OR MID-BLOCK COLLISION,SINGLE VEHICLE,CURVE & LEVEL,DARK-HWY LIGHTED/ON,,,1/6/2020 8:58:05 AM,False,7332,Accepted,
26093716,0568000,LOUISVILLE METRO POLICE DEPT,Accepted,JEFFERSON,KY2054,700,ALGONQUIN,PKWY,,,,,,,,38.211425392,-85.770391746,3.281,12/21/2019 12:00:00 AM,1452,2,2,0,3,CLEAR,DRY,False,COLLISION IN PARKING LOT,REAR END,STRAIGHT & LEVEL,DAYLIGHT,,,12/23/2019 8:48:57 AM,False,7977,Accepted,
26093732,0568000,LOUISVILLE METRO POLICE DEPT,Accepted,JEFFERSON,US0060A,1871,BERRY,BLVD,,,,,,,,38.197040421,-85.798368342,0.629,12/21/2019 12:00:00 AM,1902,2,2,0,0,CLEAR,DRY,True,COLLISION IN PARKING LOT,BACKING,STRAIGHT & LEVEL,DUSK,,,12/23/2019 8:50:27 AM,False,7977,Accepted,
26093766,0568000,LOUISVILLE METRO POLICE DEPT,Accepted,JEFFERSON,KY1447,9487,WESTPORT,RD,,,,,,,,38.286068576,-85.576801168,4.974,12/21/2019 12:00:00 AM,1811,2,2,0,0,CLOUDY,DRY,False,1 VEHICLE ENTERING/LEAVING ENTRANCE,ANGLE,STRAIGHT & LEVEL,DAYLIGHT,,,12/23/2019 8:53:07 AM,False,7751,Accepted,
26093682,0568000,LOUISVILLE METRO POLICE DEPT,Accepted,JEFFERSON,KY1934,4350,CANE RUN,RD,,,,,,,,38.197472639,-85.839898049,8.994,12/21/2019 12:00:00 AM,0046,2,2,0,0,CLEAR,DRY,False,1 VEHICLE ENTERING/LEAVING ENTRANCE,ANGLE,STRAIGHT & LEVEL,DARK-HWY LIGHTED/ON,,,12/23/2019 8:45:44 AM,False,7437,Accepted,
26093861,0568000,LOUISVILLE METRO POLICE DEPT,Accepted,JEFFERSON,,,VANGUARD,DR,,,,,,,,38.108024357,-85.692005537,0.015,12/21/2019 12:00:00 AM,2047,2,2,0,0,CLEAR,DRY,False,1 VEHICLE ENTERING/LEAVING ENTRANCE,ANGLE,STRAIGHT & LEVEL,DARK (UNKNOWN ROADWAY LIGHTING),,,12/23/2019 8:56:49 AM,False,5184,Accepted,
26093743,0568000,LOUISVILLE METRO POLICE DEPT,Accepted,JEFFERSON,,,JEFFERSON,ST,E,,,,,,,38.252664765,-85.745589031,0.695,12/21/2019 12:00:00 AM,2202,2,2,0,0,CLEAR,DRY,True,1 VEHICLE ENTERING/LEAVING ENTRANCE,ANGLE,CURVE & GRADE,DARK-HWY LIGHTED/ON,,,12/23/2019 8:51:17 AM,False,5195,Accepted,
26093853,0568000,LOUISVILLE METRO POLICE DEPT,Accepted,JEFFERSON,,,41ST,ST,S,,,,,,,38.257902926,-85.818543964,1.543,12/21/2019 12:00:00 AM,1915,2,2,0,0,CLEAR,DRY,True,1 VEHICLE ENTERING/LEAVING ENTRANCE,ANGLE,STRAIGHT & LEVEL,DARK-HWY LIGHTED/ON,,,12/23/2019 8:56:09 AM,False,5216,Accepted,
26093762,0568000,LOUISVILLE METRO POLICE DEPT,Accepted,JEFFERSON,I 0265,,,,,,,,,,,38.288264018,-85.512698048,0.339,12/21/2019 12:00:00 AM,1133,2,2,0,0,CLEAR,DRY,False,OTHER ROADWAY OR MID-BLOCK COLLISION,REAR END,STRAIGHT & LEVEL,DAYLIGHT,,,12/23/2019 8:52:57 AM,False,7751,Accepted,