IncidentID,AgencyORI,AgencyName,IncidentStatusDesc,County,RdwyNumber,Street,RoadwayName,StreetSfx,StreetDir,IntersectionRdwy,IntersectionRdwyName,BetweenStRdwy1,BetweenStRdwyName1,BetweenStRdwy2,BetweenStRdwyName2,Latitude,Longitude,Milepoint,CollisionDate,CollisionTime,UnitsInvolved,MotorVehiclesInvolved,NumberKilled,NumberInjured,Weather,RdwyConditionCode,HitandRun,DirAnalysisCode,MannerofCollision,RdwyCharacter,LightCondition,RampFromRdwyId,RampToRdwyId,AcceptedDate,IsSecondaryCollision,OwnerBadge,IncidentStatus,
26093704,0568000,LOUISVILLE METRO POLICE DEPT,Accepted,JEFFERSON,KY1747,,FERN VALLEY,RD,,,,,,,,38.157909833,-85.718693427,0.740,12/21/2019 12:00:00 AM,0715,2,2,0,0,CLEAR,DRY,False,OTHER ROADWAY OR MID-BLOCK COLLISION,REAR END,STRAIGHT & HILLCREST,DUSK,,,12/23/2019 8:47:53 AM,False,5026,Accepted,
26093736,0568000,LOUISVILLE METRO POLICE DEPT,Accepted,JEFFERSON,KY0061,8113,PRESTON,HWY,,,,,,,,38.134211183,-85.684405277,3.649,12/21/2019 12:00:00 AM,2124,2,2,0,0,CLEAR,DRY,False,OTHER ROADWAY OR MID-BLOCK COLLISION,REAR END,STRAIGHT & LEVEL,DARK-HWY LIGHTED/ON,,,12/23/2019 8:50:51 AM,False,5182,Accepted,
26093722,0568000,LOUISVILLE METRO POLICE DEPT,Accepted,JEFFERSON,KY0061,5117,PRESTON,HWY,,,,,,,,38.173608443,-85.711652508,6.782,12/21/2019 12:00:00 AM,1314,2,2,0,0,CLEAR,DRY,False,1 VEHICLE ENTERING/LEAVING ENTRANCE,ANGLE,STRAIGHT & LEVEL,DAYLIGHT,,,12/23/2019 8:49:31 AM,False,7473,Accepted,
26093811,0568000,LOUISVILLE METRO POLICE DEPT,Accepted,JEFFERSON,US0060A,3340,TAYLOR,BLVD,,,,,,,,38.200361836,-85.782579127,1.773,12/21/2019 12:00:00 AM,1754,2,2,0,0,CLEAR,DRY,True,VEHICLE BACKING NON INTERSECTION,BACKING,STRAIGHT & LEVEL,DARK (UNKNOWN ROADWAY LIGHTING),,,12/23/2019 8:54:29 AM,False,7207,Accepted,
26119790,0568000,LOUISVILLE METRO POLICE DEPT,Accepted,JEFFERSON,I 0264,,I264 W,,,,,,,,,38.196171827,-85.706931373,13.430,12/21/2019 12:00:00 AM,1640,2,2,0,0,CLEAR,DRY,True,SIDESWIPE COLLISION - SAME DIRECTION,SIDESWIPE-SAME DIRECTION,STRAIGHT & LEVEL,DAYLIGHT,,,12/31/2019 8:10:51 AM,False,7468,Accepted,
26093734,0568000,LOUISVILLE METRO POLICE DEPT,Accepted,JEFFERSON,I 0064,,I64 E,,,,,I 0265,I265 S,I 0265,I265 N,38.222726865,-85.506086422,18.924,12/21/2019 12:00:00 AM,1930,2,2,0,0,CLEAR,DRY,False,SIDESWIPE COLLISION - SAME DIRECTION,SIDESWIPE-SAME DIRECTION,STRAIGHT & LEVEL,DARK-HWY LIGHTED/ON,,,12/23/2019 8:50:38 AM,False,2013,Accepted,
26093737,0568000,LOUISVILLE METRO POLICE DEPT,Accepted,JEFFERSON,,,HILLCREST,AVE,,,,,NORBOURNE,US0060,FRANKFORT,38.254820412,-85.684326175,0.017,12/21/2019 12:00:00 AM,2325,2,2,0,0,CLEAR,DRY,True,SIDESWIPE COLLISION - OPPOSITE DIRECTION,SIDESWIPE-OPPOSITE DIRECTION,STRAIGHT & LEVEL,DARK-HWY LIGHTED/ON,,,12/23/2019 8:50:57 AM,False,2229,Accepted,
26093763,0568000,LOUISVILLE METRO POLICE DEPT,Accepted,JEFFERSON,I 0071,,I71 S,,,,,,,,,38.298933728,-85.621583758,6.638,12/21/2019 12:00:00 AM,1556,2,2,0,0,CLOUDY,DRY,True,SIDESWIPE COLLISION - SAME DIRECTION,SIDESWIPE-SAME DIRECTION,STRAIGHT & HILLCREST,DAYLIGHT,,,12/23/2019 8:53:03 AM,False,7751,Accepted,
26093724,0568000,LOUISVILLE METRO POLICE DEPT,Accepted,JEFFERSON,KY1931,,MANSLICK,RD,,,GLENROCK,,,,,38.173450200,-85.798086145,6.809,12/21/2019 12:00:00 AM,1614,2,2,0,0,CLOUDY,DRY,True,HEAD-ON COLLISION,HEAD ON,STRAIGHT & LEVEL,DAYLIGHT,,,12/23/2019 8:49:40 AM,False,5287,Accepted,
26093756,0568000,LOUISVILLE METRO POLICE DEPT,Accepted,JEFFERSON,KY1865,,TAYLOR,BLVD,,US0060A,BERRY,,,,,38.196298483,-85.782963942,6.192,12/21/2019 12:00:00 AM,2030,2,2,0,0,CLEAR,DRY,True,HEAD-ON COLLISION,HEAD ON,STRAIGHT & LEVEL,DARK-HWY LIGHTED/ON,,,12/23/2019 8:52:30 AM,False,7455,Accepted,
26093718,0568000,LOUISVILLE METRO POLICE DEPT,Accepted,JEFFERSON,,,34TH,ST,S,,,,GARLAND,,GARLAND,38.249418937,-85.808630147,0.905,12/21/2019 12:00:00 AM,1336,2,2,0,0,CLEAR,DRY,False,REAR END IN TRAFFIC LANES BOTH VEHICLES MOVING,REAR END,STRAIGHT & LEVEL,DAYLIGHT,,,12/23/2019 8:49:06 AM,False,7328,Accepted,
26093726,0568000,LOUISVILLE METRO POLICE DEPT,Accepted,JEFFERSON,,3406,BRYAN,WAY,,,,,,,,38.216063374,-85.637931024,0.159,12/21/2019 12:00:00 AM,1832,2,2,0,0,CLEAR,DRY,False,1 VEHICLE PARKED POSITION (NOT PARKING LOT/DRIVEWAY),BACKING,STRAIGHT & LEVEL,DARK-HWY LIGHTED/ON,,,12/23/2019 8:49:51 AM,False,7307,Accepted,
26093697,0568000,LOUISVILLE METRO POLICE DEPT,Accepted,JEFFERSON,,2243,GRAND,AVE,,,,,,,,38.240477176,-85.791992562,0.343,12/21/2019 12:00:00 AM,0500,2,2,0,0,CLOUDY,DRY,True,1 VEHICLE PARKED POSITION (NOT PARKING LOT/DRIVEWAY),SIDESWIPE-OPPOSITE DIRECTION,STRAIGHT & LEVEL,DARK-HWY LIGHTED/ON,,,12/23/2019 8:46:53 AM,False,7461,Accepted,
26093740,0568000,LOUISVILLE METRO POLICE DEPT,Accepted,JEFFERSON,US0031W,8800,DIXIE,HWY,,,,,,,,38.124085647,-85.853321968,9.986,12/21/2019 12:00:00 AM,1824,2,2,0,0,CLEAR,DRY,False,REAR END IN TRAFFIC LANES BOTH VEHICLES MOVING,REAR END,STRAIGHT & LEVEL,DARK-HWY LIGHTED/OFF,,,12/23/2019 8:51:10 AM,False,7277,Accepted,
26093733,0568000,LOUISVILLE METRO POLICE DEPT,Accepted,JEFFERSON,US0031W,,DIXIE,HWY,,,,,,,,38.128605878,-85.849156953,10.371,12/21/2019 12:00:00 AM,1830,3,3,0,0,CLEAR,DRY,False,REAR END IN TRAFFIC LANES BOTH VEHICLES MOVING,REAR END,STRAIGHT & LEVEL,DARK-HWY LIGHTED/ON,,,12/23/2019 8:50:32 AM,False,7295,Accepted,
26093723,0568000,LOUISVILLE METRO POLICE DEPT,Accepted,JEFFERSON,US0060,,SHELBYVILLE,RD,,,,I 0264,I264 W EXIT20B OFF RAMP TO US60,I 0264,I264 W EXIT20B OFF RAMP TO US60,38.249962395,-85.618797568,5.565,12/21/2019 12:00:00 AM,1424,2,2,0,0,CLEAR,DRY,False,REAR END IN TRAFFIC LANES BOTH VEHICLES MOVING,REAR END,STRAIGHT & LEVEL,DAYLIGHT,,,12/23/2019 8:49:36 AM,False,5109,Accepted,
26093719,0568000,LOUISVILLE METRO POLICE DEPT,Accepted,JEFFERSON,,12720,BEARCAMP,RD,,,,,,,,38.074661689,-85.808032531,2.018,12/21/2019 12:00:00 AM,1353,1,1,0,1,CLEAR,DRY,False,COLLISION WITH FIXED OBJECT NON - INTERSECTION - FIRST EVENT COLLISION 09 - 32 EXCLUDING 16,SINGLE VEHICLE,STRAIGHT & LEVEL,DAYLIGHT,,,12/23/2019 8:49:11 AM,False,7427,Accepted,
26093852,0568000,LOUISVILLE METRO POLICE DEPT,Accepted,JEFFERSON,,,LEMMAH,DR,,,,,,,,38.170939260,-85.863786646,0.156,12/21/2019 12:00:00 AM,2223,1,1,0,0,CLOUDY,DRY,False,COLLISION WITH FIXED OBJECT NON - INTERSECTION - FIRST EVENT COLLISION 09 - 32 EXCLUDING 16,SINGLE VEHICLE,STRAIGHT & LEVEL,DARK-HWY LIGHTED/ON,,,12/23/2019 8:56:04 AM,False,7340,Accepted,
26093685,0568000,LOUISVILLE METRO POLICE DEPT,Accepted,JEFFERSON,KY1747,,FERN VALLEY,RD,,,,,,,,38.156895604,-85.699649535,1.780,12/21/2019 12:00:00 AM,0419,1,1,0,0,CLEAR,DRY,False,RAN OFF ROADWAY (1 VEHICLE WITH/EARTH EMBANKMENT/DITCH),SINGLE VEHICLE,STRAIGHT & LEVEL,DARK-HWY LIGHTED/ON,,,12/23/2019 8:46:02 AM,False,7016,Accepted,
26093735,0568000,LOUISVILLE METRO POLICE DEPT,Accepted,JEFFERSON,,2125,MUHAMMAD ALI,BLVD,W,,,,,,,38.254356485,-85.786546181,1.868,12/21/2019 12:00:00 AM,2107,2,2,0,0,CLEAR,DRY,False,1 VEHICLE PARKED POSITION (NOT PARKING LOT/DRIVEWAY),SIDESWIPE-SAME DIRECTION,STRAIGHT & LEVEL,DARK-HWY LIGHTED/ON,,,12/23/2019 8:50:45 AM,False,7417,Accepted,
26093738,0568000,LOUISVILLE METRO POLICE DEPT,Accepted,JEFFERSON,,3315,OLEANDA,AVE,,,,,SOUTHGATE,,WEYLER,38.203243697,-85.784913753,0.361,12/21/2019 12:00:00 AM,0330,2,2,0,0,CLEAR,DRY,False,1 VEHICLE PARKED POSITION (NOT PARKING LOT/DRIVEWAY),SIDESWIPE-SAME DIRECTION,STRAIGHT & LEVEL,DARK-HWY LIGHTED/ON,,,12/23/2019 8:51:04 AM,False,5245,Accepted,
26105068,0568000,LOUISVILLE METRO POLICE DEPT,Accepted,JEFFERSON,,613,38TH,ST,S,,,,,,,38.255090121,-85.814509779,0.427,12/21/2019 12:00:00 AM,1400,2,2,0,0,CLEAR,DRY,False,1 VEHICLE PARKED POSITION (NOT PARKING LOT/DRIVEWAY),SIDESWIPE-OPPOSITE DIRECTION,STRAIGHT & LEVEL,DAYLIGHT,,,12/27/2019 7:56:52 AM,False,5113,Accepted,
26093730,0568000,LOUISVILLE METRO POLICE DEPT,Accepted,JEFFERSON,KY1747,,HURSTBOURNE,PKWY,N,,,,,,,38.277648567,-85.565027960,16.231,12/21/2019 12:00:00 AM,1820,1,1,0,0,CLEAR,DRY,False,COLLISION WITH ANIMAL NON INTERSECTION,SINGLE VEHICLE,STRAIGHT & GRADE,DAYLIGHT,,,12/23/2019 8:50:16 AM,False,2346,Accepted,
26093755,0568000,LOUISVILLE METRO POLICE DEPT,Accepted,JEFFERSON,KY1450,,BLUE LICK,RD,,,,,,,,38.106856689,-85.692254848,1.499,12/21/2019 12:00:00 AM,2030,2,1,0,1,CLEAR,DRY,False,COLLISION WITH PEDESTRIAN NON - INTERSECTION,SINGLE VEHICLE,STRAIGHT & LEVEL,DARK-HWY NOT LIGHTED,,,12/23/2019 8:52:24 AM,False,5198,Accepted,
26093711,0568000,LOUISVILLE METRO POLICE DEPT,Accepted,JEFFERSON,US0031E,,BARDSTOWN,RD,,,HIDDEN VALLEY FARM,,,,,38.086619348,-85.555738813,0.770,12/21/2019 12:00:00 AM,1415,2,2,0,1,CLEAR,DRY,False,OTHER INTERSECTION COLLISIONS,REAR END,STRAIGHT & LEVEL,DAYLIGHT,,,12/23/2019 8:48:34 AM,False,6878,Accepted,
26093727,0568000,LOUISVILLE METRO POLICE DEPT,Accepted,JEFFERSON,KY1747,,HURSTBOURNE,PKWY,S,,BUNSEN,,,,,38.218802219,-85.584017911,11.461,12/21/2019 12:00:00 AM,1750,2,2,0,2,CLEAR,DRY,False,OTHER INTERSECTION COLLISIONS,REAR END,STRAIGHT & LEVEL,DARK-HWY LIGHTED/ON,,,12/23/2019 8:49:56 AM,False,2429,Accepted,
26093713,0568000,LOUISVILLE METRO POLICE DEPT,Accepted,JEFFERSON,KY1065,,OUTER,LOOP,,,CAROL,,,,,38.138436063,-85.684763446,6.156,12/21/2019 12:00:00 AM,1309,2,2,0,0,CLOUDY,DRY,False,OTHER INTERSECTION COLLISIONS,REAR END,STRAIGHT & LEVEL,DAYLIGHT,,,12/23/2019 8:48:44 AM,False,2547,Accepted,
26093714,0568000,LOUISVILLE METRO POLICE DEPT,Accepted,JEFFERSON,US0042,,STORY,AVE,,,JOHNSON,,,,,38.254587360,-85.731118705,0.089,12/21/2019 12:00:00 AM,1203,2,2,0,0,CLEAR,DRY,False,SIDESWIPE-SAME DIRECTION,SIDESWIPE-SAME DIRECTION,STRAIGHT & LEVEL,DAYLIGHT,,,12/23/2019 8:48:48 AM,False,7266,Accepted,
26093715,0568000,LOUISVILLE METRO POLICE DEPT,Accepted,JEFFERSON,US0031E,,BARDSTOWN,RD,,,CHEROKEE,,,,,38.234558080,-85.713839461,14.941,12/21/2019 12:00:00 AM,1519,2,2,0,0,CLEAR,DRY,False,OTHER INTERSECTION COLLISIONS,REAR END,STRAIGHT & LEVEL,DAYLIGHT,,,12/23/2019 8:48:53 AM,False,7900,Accepted,
26093709,0568000,LOUISVILLE METRO POLICE DEPT,Accepted,JEFFERSON,KY1747,,HURSTBOURNE,PKWY,S,KY6159,BLUEGRASS PKWY ACCESS,,,,,38.220184328,-85.581447959,11.634,12/21/2019 12:00:00 AM,1002,2,2,0,0,CLEAR,DRY,False,OTHER INTERSECTION COLLISIONS,REAR END,STRAIGHT & LEVEL,DAYLIGHT,,,12/23/2019 8:48:25 AM,False,2429,Accepted,
26093729,0568000,LOUISVILLE METRO POLICE DEPT,Accepted,JEFFERSON,KY0155,,TAYLORSVILLE,RD,,US0031E,BARDSTOWN,,,,,38.223003876,-85.684698909,16.541,12/21/2019 12:00:00 AM,1715,2,2,0,0,CLEAR,DRY,False,OPPOSING LEFT TURN,OPPOSING LEFT TURN,STRAIGHT & LEVEL,DUSK,,,12/23/2019 8:50:11 AM,False,7403,Accepted,
26093717,0568000,LOUISVILLE METRO POLICE DEPT,Accepted,JEFFERSON,KY0146,,LA GRANGE,RD,,I 0265,I265 S EXIT30 ON RAMP FROM KY146,,,,,38.286478459,-85.514083722,7.342,12/21/2019 12:00:00 AM,1148,2,2,0,0,CLEAR,DRY,False,OPPOSING LEFT TURN,OPPOSING LEFT TURN,STRAIGHT & LEVEL,DAYLIGHT,,,12/23/2019 8:49:01 AM,False,5223,Accepted,
26116504,0568000,LOUISVILLE METRO POLICE DEPT,Accepted,JEFFERSON,,,PORTLAND,AVE,,US0150,22ND,,,,,38.268397044,-85.782522511,0.695,12/21/2019 12:00:00 AM,2100,3,1,0,0,,,True,OPPOSITE DIRECTION - BOTH VEHICLES GOING STRAIGHT AHEAD,SIDESWIPE-OPPOSITE DIRECTION,STRAIGHT & LEVEL,,,,12/30/2019 1:31:53 PM,False,7425,Accepted,
26116307,0568000,LOUISVILLE METRO POLICE DEPT,Accepted,JEFFERSON,,,PORTLAND,AVE,,US0150,22ND,,,,,38.268384084,-85.782534369,0.696,12/21/2019 12:00:00 AM,2100,3,1,0,0,CLEAR,DRY,True,OPPOSITE DIRECTION - BOTH VEHICLES GOING STRAIGHT AHEAD,SIDESWIPE-OPPOSITE DIRECTION,STRAIGHT & LEVEL,DARK (UNKNOWN ROADWAY LIGHTING),,,12/30/2019 12:54:52 PM,False,7425,Accepted,
26093710,0568000,LOUISVILLE METRO POLICE DEPT,Accepted,JEFFERSON,KY2251,,BARDSTOWN,RD,,KY2251,KY2251 CROSSOVER,,,,,38.200181151,-85.662281102,1.192,12/21/2019 12:00:00 AM,1142,2,2,0,0,CLEAR,DRY,False,ANGLE COLLISION - OTHER,ANGLE,STRAIGHT & LEVEL,DAYLIGHT,,,12/23/2019 8:48:29 AM,False,7864,Accepted,
26093712,0568000,LOUISVILLE METRO POLICE DEPT,Accepted,JEFFERSON,KY0061,,PRESTON,ST,S,US0031E,MARKET,,,,,38.254039516,-85.746106449,12.868,12/21/2019 12:00:00 AM,1415,2,2,0,0,CLEAR,DRY,False,ANGLE COLLISION - OTHER,ANGLE,STRAIGHT & LEVEL,DAYLIGHT,,,12/23/2019 8:48:40 AM,False,2764,Accepted,
26093720,0568000,LOUISVILLE METRO POLICE DEPT,Accepted,JEFFERSON,,,28TH,ST,S,,MUHAMMAD ALI,,,,,38.255531660,-85.797220590,0.383,12/21/2019 12:00:00 AM,1654,2,2,0,6,CLEAR,DRY,False,ANGLE COLLISION - OTHER,ANGLE,STRAIGHT & LEVEL,DAYLIGHT,,,12/23/2019 8:49:15 AM,False,7463,Accepted,
26093721,0568000,LOUISVILLE METRO POLICE DEPT,Accepted,JEFFERSON,KY0061,,JACKSON,ST,S,,ST CATHERINE,,,,,38.235357135,-85.747267398,11.613,12/21/2019 12:00:00 AM,1515,2,2,0,0,CLEAR,DRY,False,ANGLE COLLISION - OTHER,ANGLE,STRAIGHT & LEVEL,DAYLIGHT,,,12/23/2019 8:49:21 AM,False,7429,Accepted,
26093746,0568000,LOUISVILLE METRO POLICE DEPT,Accepted,JEFFERSON,US0031W,,22ND,ST,S,,HILL,,,,,38.228876493,-85.792848568,18.160,12/21/2019 12:00:00 AM,2135,2,2,0,2,CLEAR,DRY,False,ANGLE COLLISION - OTHER,ANGLE,STRAIGHT & LEVEL,DARK-HWY LIGHTED/ON,,,12/23/2019 8:51:27 AM,False,7388,Accepted,
26093847,0568000,LOUISVILLE METRO POLICE DEPT,Accepted,JEFFERSON,,,ST CATHERINE,ST,W,KY1020,2ND,,,,,38.237351984,-85.756543219,0.075,12/21/2019 12:00:00 AM,0045,2,2,0,0,CLEAR,DRY,True,ANGLE COLLISION - OTHER,ANGLE,STRAIGHT & GRADE,DARK (UNKNOWN ROADWAY LIGHTING),,,12/23/2019 8:55:31 AM,False,5166,Accepted,
26093698,0568000,LOUISVILLE METRO POLICE DEPT,Accepted,JEFFERSON,,,BRADLEY,AVE,,,HARRISON,,,,,38.211378256,-85.747047480,0.542,12/21/2019 12:00:00 AM,0330,4,4,0,0,CLEAR,DRY,True,COLLISION WITH PARKED VEHICLE,HEAD ON,STRAIGHT & LEVEL,DARK-HWY LIGHTED/OFF,,,12/23/2019 8:46:59 AM,True,5178,Accepted,
26093700,0568000,LOUISVILLE METRO POLICE DEPT,Accepted,JEFFERSON,US0031E,,MAIN,ST,E,,1ST,,,,,38.255996050,-85.751587035,17.784,12/21/2019 12:00:00 AM,0030,2,2,0,0,CLEAR,DRY,True,COLLISION WITH PARKED VEHICLE,SIDESWIPE-SAME DIRECTION,STRAIGHT & LEVEL,DARK-HWY LIGHTED/ON,,,12/23/2019 8:47:08 AM,False,5148,Accepted,
26101407,0568000,LOUISVILLE METRO POLICE DEPT,Accepted,JEFFERSON,US0031W,,DIXIE,HWY,,,BARRETT,,,,,38.102963393,-85.869649937,8.275,12/21/2019 12:00:00 AM,2351,2,1,0,1,CLEAR,DRY,False,COLLISION WITH PEDESTRIAN IN INTERSECTION,SINGLE VEHICLE,STRAIGHT & LEVEL,DARK-HWY LIGHTED/ON,,,12/26/2019 7:52:03 AM,False,7944,Accepted,
26083121,0568000,LOUISVILLE METRO POLICE DEPT,Accepted,JEFFERSON,KY0907,,3RD ST,RD,,,WINDSOR PARK,,,,,38.117245408,-85.806929703,3.664,12/20/2019 12:00:00 AM,0711,1,1,0,0,CLEAR,DRY,False,COLLISION WITH ANIMAL IN INTERSECTION,SINGLE VEHICLE,CURVE & LEVEL,DARK-HWY LIGHTED/ON,,,12/20/2019 8:35:42 AM,False,7321,Accepted,
26115450,0568000,LOUISVILLE METRO POLICE DEPT,Accepted,JEFFERSON,,,WHITNEY,AVE,W,,PEACHTREE,,,,,38.193402566,-85.779530997,0.196,12/20/2019 12:00:00 AM,1712,2,2,0,0,CLEAR,DRY,False,COLLISION WITH PARKED VEHICLE,HEAD ON,STRAIGHT & LEVEL,DAYLIGHT,,,12/30/2019 9:34:03 AM,False,5232,Accepted,
26119849,0568000,LOUISVILLE METRO POLICE DEPT,Accepted,JEFFERSON,,,GREENWOOD,AVE,,,40TH,,,,,38.244030795,-85.818422409,0.730,12/20/2019 12:00:00 AM,2210,2,2,0,2,CLEAR,DRY,False,ANGLE COLLISION - OTHER,ANGLE,STRAIGHT & LEVEL,DARK-HWY LIGHTED/ON,,,12/31/2019 8:18:28 AM,False,5181,Accepted,
26093728,0568000,LOUISVILLE METRO POLICE DEPT,Accepted,JEFFERSON,US0031E,,BARDSTOWN,RD,,,STRATHMOOR,,,,,38.220376839,-85.680739914,12.845,12/20/2019 12:00:00 AM,1806,2,2,0,0,CLEAR,DRY,False,ANGLE COLLISION - OTHER,ANGLE,STRAIGHT & LEVEL,DARK-HWY LIGHTED/ON,,,12/23/2019 8:50:03 AM,False,7403,Accepted,
26093612,0568000,LOUISVILLE METRO POLICE DEPT,Accepted,JEFFERSON,,,LEE,ST,E,,1ST,,,,,38.222848799,-85.757404218,0.001,12/20/2019 12:00:00 AM,1443,2,2,0,0,CLEAR,DRY,False,ANGLE COLLISION - OTHER,ANGLE,STRAIGHT & LEVEL,DAYLIGHT,,,12/23/2019 8:40:48 AM,False,5289,Accepted,
26083123,0568000,LOUISVILLE METRO POLICE DEPT,Accepted,JEFFERSON,,,3RD,ST,S,,FAIRMONT,,,,,38.195492750,-85.765002361,0.368,12/20/2019 12:00:00 AM,0447,2,2,0,0,CLEAR,DRY,False,ANGLE COLLISION - OTHER,ANGLE,STRAIGHT & LEVEL,DARK-HWY LIGHTED/ON,,,12/20/2019 8:36:00 AM,False,5205,Accepted,
26084102,0568000,LOUISVILLE METRO POLICE DEPT,Accepted,JEFFERSON,US0031E,,BARDSTOWN,RD,,,SPEED,,,,,38.228522441,-85.701152090,14.130,12/20/2019 12:00:00 AM,0829,2,2,0,0,CLEAR,DRY,False,ANGLE COLLISION - OTHER,ANGLE,STRAIGHT & LEVEL,DAYLIGHT,,,12/20/2019 12:06:25 PM,False,2100,Accepted,
26093624,0568000,LOUISVILLE METRO POLICE DEPT,Accepted,JEFFERSON,KY0864,,POPLAR LEVEL,RD,,,SHADY VILLA,,,,,38.163145616,-85.678700078,8.550,12/20/2019 12:00:00 AM,1241,2,2,0,0,CLEAR,DRY,False,ANGLE COLLISION - OTHER,ANGLE,STRAIGHT & LEVEL,DAYLIGHT,,,12/23/2019 8:42:11 AM,False,5269,Accepted,
26093634,0568000,LOUISVILLE METRO POLICE DEPT,Accepted,JEFFERSON,,,STANDIFORD PLAZA,DR,,,ANTLE,,,,,38.087500453,-85.666197949,0.386,12/20/2019 12:00:00 AM,1658,2,2,0,0,CLEAR,DRY,True,ANGLE COLLISION - OTHER,ANGLE,STRAIGHT & LEVEL,DARK-HWY NOT LIGHTED,,,12/23/2019 8:43:09 AM,False,4693,Accepted,
26093708,0568000,LOUISVILLE METRO POLICE DEPT,Accepted,JEFFERSON,,,GOLDSMITH,LN,,US0031E,BARDSTOWN,,,,,38.208526965,-85.668939491,1.057,12/20/2019 12:00:00 AM,1304,2,2,0,1,CLOUDY,DRY,False,ANGLE COLLISION - OTHER,ANGLE,STRAIGHT & LEVEL,DAYLIGHT,,,12/23/2019 8:48:20 AM,False,2429,Accepted,
26084096,0568000,LOUISVILLE METRO POLICE DEPT,Accepted,JEFFERSON,US0031E,,BARDSTOWN,RD,,,TYLER,,,,,38.217805763,-85.677417200,12.593,12/20/2019 12:00:00 AM,0720,2,2,0,0,CLEAR,DRY,False,ANGLE COLLISION - OTHER,ANGLE,STRAIGHT & LEVEL,DAWN,,,12/20/2019 12:05:33 PM,False,7128,Accepted,
26093611,0568000,LOUISVILLE METRO POLICE DEPT,Accepted,JEFFERSON,,,ANGIES,WAY,,,NORTON HEALTHCARE,,,,,38.314019237,-85.572390048,0.001,12/20/2019 12:00:00 AM,1618,2,2,0,0,CLOUDY,DRY,False,REAR END - ONE VEHICLE TURNING LEFT,REAR END,STRAIGHT & LEVEL,DAYLIGHT,,,12/23/2019 8:40:41 AM,False,2346,Accepted,
26093631,0568000,LOUISVILLE METRO POLICE DEPT,Accepted,JEFFERSON,KY2845,,MANSLICK,RD,E,,SMYRNA,,,,,38.122850706,-85.643160562,2.093,12/20/2019 12:00:00 AM,1551,2,2,0,0,CLEAR,DRY,False,OPPOSING LEFT TURN,OPPOSING LEFT TURN,STRAIGHT & LEVEL,DAYLIGHT,,,12/23/2019 8:42:59 AM,False,4693,Accepted,
26093689,0568000,LOUISVILLE METRO POLICE DEPT,Accepted,JEFFERSON,,,GARDINER,LN,,KY0864,POPLAR LEVEL,,,,,38.192733327,-85.705874904,0.008,12/20/2019 12:00:00 AM,2008,2,2,0,0,CLEAR,DRY,False,OPPOSING LEFT TURN,OPPOSING LEFT TURN,STRAIGHT & LEVEL,DARK-HWY LIGHTED/ON,,,12/23/2019 8:46:17 AM,False,5286,Accepted,
26093843,0568000,LOUISVILLE METRO POLICE DEPT,Accepted,JEFFERSON,,,BUECHEL BANK,RD,,,HELLER,,,,,38.178424130,-85.657426612,1.461,12/20/2019 12:00:00 AM,1447,2,2,0,0,CLEAR,DRY,False,OPPOSING LEFT TURN,OPPOSING LEFT TURN,STRAIGHT & LEVEL,DAYLIGHT,,,12/23/2019 8:55:12 AM,False,7303,Accepted,
26093838,0568000,LOUISVILLE METRO POLICE DEPT,Accepted,JEFFERSON,KY2052,,SHEPHERDSVILLE,RD,,,INDIAN,,,,,38.185836127,-85.659650261,3.263,12/20/2019 12:00:00 AM,1405,2,2,0,0,CLEAR,DRY,False,OPPOSING LEFT TURN,OPPOSING LEFT TURN,CURVE & LEVEL,DAYLIGHT,,,12/23/2019 8:55:06 AM,False,7303,Accepted,
26093644,0568000,LOUISVILLE METRO POLICE DEPT,Accepted,JEFFERSON,US0031E,,BARDSTOWN,RD,,KY2251,KY2251 CROSSOVER,,,,,38.200245267,-85.662734825,11.151,12/20/2019 12:00:00 AM,1848,2,2,0,0,CLEAR,DRY,False,OPPOSING LEFT TURN,OPPOSING LEFT TURN,STRAIGHT & LEVEL,DUSK,,,12/23/2019 8:43:43 AM,False,7864,Accepted,
26093777,0568000,LOUISVILLE METRO POLICE DEPT,Accepted,JEFFERSON,US0060A,,EASTERN,PKWY,,,NORRIS,,,,,38.230736305,-85.711583222,6.677,12/20/2019 12:00:00 AM,1535,2,2,0,0,CLOUDY,DRY,False,VEHICLE BACKING IN INTERSECTION,BACKING,STRAIGHT & GRADE,DAYLIGHT,,,12/23/2019 8:53:43 AM,False,2228,Accepted,
26093731,0568000,LOUISVILLE METRO POLICE DEPT,Accepted,JEFFERSON,,,WATTERSON,TRL,,US0031E,BARDSTOWN,,,,,38.179041990,-85.622750506,0.011,12/20/2019 12:00:00 AM,1843,2,2,0,0,CLEAR,DRY,False,OTHER INTERSECTION COLLISIONS,REAR END,CURVE & LEVEL,DARK (UNKNOWN ROADWAY LIGHTING),,,12/23/2019 8:50:20 AM,False,7366,Accepted,
26093699,0568000,LOUISVILLE METRO POLICE DEPT,Accepted,JEFFERSON,I 0065,,I65 N,,,I 0065,I65 N EXIT136C OFF RAMP TO  W MUHAMMAD ALI BLVD,,,,,38.250387141,-85.751145105,135.592,12/20/2019 12:00:00 AM,2034,2,2,0,0,CLEAR,DRY,False,OTHER INTERSECTION COLLISIONS,REAR END,CURVE & GRADE,DARK-HWY LIGHTED/ON,,,12/23/2019 8:47:03 AM,False,5148,Accepted,