IncidentID,AgencyORI,AgencyName,IncidentStatusDesc,County,RdwyNumber,Street,RoadwayName,StreetSfx,StreetDir,IntersectionRdwy,IntersectionRdwyName,BetweenStRdwy1,BetweenStRdwyName1,BetweenStRdwy2,BetweenStRdwyName2,Latitude,Longitude,Milepoint,CollisionDate,CollisionTime,UnitsInvolved,MotorVehiclesInvolved,NumberKilled,NumberInjured,Weather,RdwyConditionCode,HitandRun,DirAnalysisCode,MannerofCollision,RdwyCharacter,LightCondition,RampFromRdwyId,RampToRdwyId,AcceptedDate,IsSecondaryCollision,OwnerBadge,IncidentStatus,
26093666,0568000,LOUISVILLE METRO POLICE DEPT,Accepted,JEFFERSON,,,KRAMERS,LN,,KY2051,CAMP GROUND,,,,,38.206468428,-85.849049021,0.858,12/20/2019 12:00:00 AM,2129,2,1,0,1,CLEAR,DRY,True,OTHER INTERSECTION COLLISIONS,SINGLE VEHICLE,STRAIGHT & LEVEL,DARK-HWY NOT LIGHTED,,,12/23/2019 8:44:49 AM,False,7437,Accepted,
26093608,0568000,LOUISVILLE METRO POLICE DEPT,Accepted,JEFFERSON,US0150,,BROADWAY,,E,,CLAY,,,,,38.244843418,-85.741640236,3.298,12/20/2019 12:00:00 AM,1316,2,2,0,0,CLEAR,DRY,False,SIDESWIPE-SAME DIRECTION,SIDESWIPE-SAME DIRECTION,STRAIGHT & LEVEL,DAYLIGHT,,,12/23/2019 8:40:26 AM,False,7406,Accepted,
26168815,0568000,LOUISVILLE METRO POLICE DEPT,Accepted,JEFFERSON,US0031W,,DIXIE,HWY,,,HARDESTY,,,,,38.217166804,-85.795040115,17.172,12/20/2019 12:00:00 AM,1712,2,2,0,0,CLEAR,DRY,False,SIDESWIPE-SAME DIRECTION,SIDESWIPE-SAME DIRECTION,STRAIGHT & LEVEL,DUSK,,,1/10/2020 8:26:25 AM,False,5002,Accepted,
26093701,0568000,LOUISVILLE METRO POLICE DEPT,Accepted,JEFFERSON,,,SCRIM,AVE,,,EAST,,,,,38.107099345,-85.850750940,0.078,12/20/2019 12:00:00 AM,1826,2,2,0,0,CLEAR,DRY,False,SIDESWIPE-SAME DIRECTION,SIDESWIPE-SAME DIRECTION,STRAIGHT & LEVEL,DARK-HWY NOT LIGHTED,,,12/23/2019 8:47:16 AM,False,7424,Accepted,
26093639,0568000,LOUISVILLE METRO POLICE DEPT,Accepted,JEFFERSON,,,FLOYD,ST,S,,OAK,,,,,38.234204941,-85.751684478,1.491,12/20/2019 12:00:00 AM,1759,2,2,0,0,CLEAR,DRY,False,SIDESWIPE-SAME DIRECTION,SIDESWIPE-SAME DIRECTION,STRAIGHT & LEVEL,DARK-HWY LIGHTED/ON,,,12/23/2019 8:43:26 AM,False,5289,Accepted,
26093636,0568000,LOUISVILLE METRO POLICE DEPT,Accepted,JEFFERSON,KY1865,,NEW CUT,RD,,,INVERNESS,,,,,38.163536453,-85.779780743,3.908,12/20/2019 12:00:00 AM,1711,2,2,0,0,CLEAR,DRY,False,OTHER INTERSECTION COLLISIONS,REAR END,STRAIGHT & LEVEL,DAYLIGHT,,,12/23/2019 8:43:18 AM,False,7427,Accepted,
26093845,0568000,LOUISVILLE METRO POLICE DEPT,Accepted,JEFFERSON,,,OAK,ST,W,,S 9TH STREET RAMP TO CS 1022F,,,,,38.235542910,-85.766055765,0.587,12/20/2019 12:00:00 AM,1953,2,2,0,0,CLEAR,DRY,False,OTHER INTERSECTION COLLISIONS,REAR END,STRAIGHT & HILLCREST,DARK (UNKNOWN ROADWAY LIGHTING),,,12/23/2019 8:55:23 AM,False,5166,Accepted,
26093626,0568000,LOUISVILLE METRO POLICE DEPT,Accepted,JEFFERSON,,,TYLER RETAIL,WAY,,KY0155,TAYLORSVILLE,,,,,38.187504886,-85.519237348,0.124,12/20/2019 12:00:00 AM,1507,2,2,0,0,CLEAR,DRY,False,OTHER INTERSECTION COLLISIONS,REAR END,STRAIGHT & LEVEL,DAYLIGHT,,,12/23/2019 8:42:20 AM,False,5262,Accepted,
26093601,0568000,LOUISVILLE METRO POLICE DEPT,Accepted,JEFFERSON,,,26TH,ST,S,,CHESTNUT,,,,,38.252944262,-85.794506736,0.532,12/20/2019 12:00:00 AM,1432,2,2,0,0,CLEAR,DRY,False,OTHER INTERSECTION COLLISIONS,REAR END,STRAIGHT & LEVEL,DAYLIGHT,,,12/23/2019 8:39:52 AM,False,7220,Accepted,
26093661,0568000,LOUISVILLE METRO POLICE DEPT,Accepted,JEFFERSON,,,BASHFORD MANOR,LN,,KY1703,NEWBURG,,,,,38.195338049,-85.679149151,0.953,12/20/2019 12:00:00 AM,1212,2,2,0,0,CLOUDY,DRY,False,OTHER INTERSECTION COLLISIONS,REAR END,STRAIGHT & LEVEL,DAYLIGHT,,,12/23/2019 8:44:30 AM,False,6100,Accepted,
26093668,0568000,LOUISVILLE METRO POLICE DEPT,Accepted,JEFFERSON,,,PARK,RD,S,KY1450,BLUE LICK,,,,,38.116328469,-85.689531560,0.699,12/20/2019 12:00:00 AM,2333,2,2,0,0,CLEAR,DRY,True,OTHER INTERSECTION COLLISIONS,REAR END,STRAIGHT & LEVEL,DARK-HWY LIGHTED/ON,,,12/23/2019 8:45:12 AM,False,7016,Accepted,
26123316,0568000,LOUISVILLE METRO POLICE DEPT,Accepted,JEFFERSON,KY1934,,CANE RUN,RD,,KY2049,CRUMS,,,,,38.199342381,-85.837383320,9.189,12/20/2019 12:00:00 AM,1930,1,1,0,0,CLEAR,DRY,True,OTHER INTERSECTION COLLISIONS,SINGLE VEHICLE,,DARK-HWY LIGHTED/ON,,,1/1/2020 7:33:46 AM,False,7466,Accepted,
26093596,0568000,LOUISVILLE METRO POLICE DEPT,Accepted,JEFFERSON,,,HOBBLEBUSH,ST,,,,,,,,38.325502265,-85.566807415,0.016,12/20/2019 12:00:00 AM,1330,2,2,0,0,CLEAR,DRY,False,1 VEHICLE PARKED POSITION (NOT PARKING LOT/DRIVEWAY),SIDESWIPE-SAME DIRECTION,STRAIGHT & LEVEL,DAYLIGHT,,,12/23/2019 8:39:12 AM,False,7615,Accepted,
26105108,0568000,LOUISVILLE METRO POLICE DEPT,Accepted,JEFFERSON,KY2051,5303,CAMP GROUND,RD,,,,,,,,38.209764991,-85.842726619,4.896,12/20/2019 12:00:00 AM,1346,1,1,0,1,CLEAR,DRY,False,COLLISION WITH FIXED OBJECT NON - INTERSECTION - FIRST EVENT COLLISION 09 - 32 EXCLUDING 16,SINGLE VEHICLE,STRAIGHT & LEVEL,DAYLIGHT,,,12/27/2019 8:00:59 AM,False,2142,Accepted,
26083104,0568000,LOUISVILLE METRO POLICE DEPT,Accepted,JEFFERSON,KY1819,,BILLTOWN,RD,,,,,,,,38.153162525,-85.557784715,6.015,12/20/2019 12:00:00 AM,0055,1,1,0,1,CLEAR,DRY,False,COLLISION WITH FIXED OBJECT NON - INTERSECTION - FIRST EVENT COLLISION 09 - 32 EXCLUDING 16,SINGLE VEHICLE,STRAIGHT & LEVEL,DARK-HWY NOT LIGHTED,,,12/20/2019 8:33:29 AM,False,7761,Accepted,
26093632,0568000,LOUISVILLE METRO POLICE DEPT,Accepted,JEFFERSON,KY6162,,KY6162 TURN LANE,,,,,,,,,38.136415010,-85.713088566,0.021,12/20/2019 12:00:00 AM,1650,2,2,0,0,CLEAR,DRY,False,REAR END IN TRAFFIC LANES BOTH VEHICLES MOVING,REAR END,CURVE & LEVEL,DAYLIGHT,,,12/23/2019 8:43:05 AM,False,4693,Accepted,
26093630,0568000,LOUISVILLE METRO POLICE DEPT,Accepted,JEFFERSON,KY1747,,FERN VALLEY,RD,,,,,,,,38.157461216,-85.716618483,0.850,12/20/2019 12:00:00 AM,1447,2,2,0,0,CLOUDY,DRY,False,REAR END IN TRAFFIC LANES BOTH VEHICLES MOVING,REAR END,STRAIGHT & HILLCREST,DAYLIGHT,,,12/23/2019 8:42:53 AM,False,4693,Accepted,
26093625,0568000,LOUISVILLE METRO POLICE DEPT,Accepted,JEFFERSON,,6813,SEATON WOODS,DR,,,,,,,,38.145962443,-85.570498601,0.037,12/20/2019 12:00:00 AM,1037,2,2,0,0,CLEAR,DRY,False,1 VEHICLE PARKED POSITION (NOT PARKING LOT/DRIVEWAY),BACKING,STRAIGHT & LEVEL,DAYLIGHT,,,12/23/2019 8:42:15 AM,False,5262,Accepted,
26093691,0568000,LOUISVILLE METRO POLICE DEPT,Accepted,JEFFERSON,,8804,HAGNER,DR,,,,,,,,38.125724965,-85.862688729,0.092,12/20/2019 12:00:00 AM,1829,2,2,0,0,CLEAR,DRY,True,1 VEHICLE PARKED POSITION (NOT PARKING LOT/DRIVEWAY),SIDESWIPE-SAME DIRECTION,STRAIGHT & LEVEL,DUSK,,,12/23/2019 8:46:22 AM,False,5224,Accepted,
26093703,0568000,LOUISVILLE METRO POLICE DEPT,Accepted,JEFFERSON,,,ST CATHERINE,ST,E,,,,,,,38.236544162,-85.751438341,1.079,12/20/2019 12:00:00 AM,1509,2,2,0,0,CLEAR,DRY,False,REAR END IN TRAFFIC LANES BOTH VEHICLES MOVING,REAR END,STRAIGHT & LEVEL,DAYLIGHT,,,12/23/2019 8:47:44 AM,False,7495,Accepted,
26093629,0568000,LOUISVILLE METRO POLICE DEPT,Accepted,JEFFERSON,KY1065,,OUTER,LOOP,,,,,,,,38.138103585,-85.676187054,6.635,12/20/2019 12:00:00 AM,1329,2,2,0,0,CLEAR,DRY,False,REAR END IN TRAFFIC LANES BOTH VEHICLES MOVING,REAR END,STRAIGHT & LEVEL,DAYLIGHT,,,12/23/2019 8:42:43 AM,False,4693,Accepted,
26093760,0568000,LOUISVILLE METRO POLICE DEPT,Accepted,JEFFERSON,US0031E,,BARDSTOWN,RD,,,,,,,,38.163589899,-85.596890488,6.659,12/20/2019 12:00:00 AM,1737,2,2,0,2,CLEAR,DRY,False,REAR END IN TRAFFIC LANES BOTH VEHICLES MOVING,REAR END,STRAIGHT & LEVEL,DARK-HWY NOT LIGHTED,,,12/23/2019 8:52:53 AM,False,7755,Accepted,
26093655,0568000,LOUISVILLE METRO POLICE DEPT,Accepted,JEFFERSON,KY1142,,PALATKA,RD,,,,,,,,38.150850257,-85.776681342,1.427,12/20/2019 12:00:00 AM,1312,2,2,0,1,CLEAR,DRY,False,REAR END IN TRAFFIC LANES BOTH VEHICLES MOVING,REAR END,STRAIGHT & LEVEL,DAYLIGHT,,,12/23/2019 8:44:03 AM,False,7234,Accepted,
26093594,0568000,LOUISVILLE METRO POLICE DEPT,Accepted,JEFFERSON,KY1703,,NEWBURG,RD,,,,,,,,38.209201626,-85.693817992,2.866,12/20/2019 12:00:00 AM,1201,3,3,0,2,CLEAR,DRY,False,REAR END IN TRAFFIC LANES BOTH VEHICLES MOVING,REAR END,CURVE & GRADE,DAYLIGHT,,,12/23/2019 8:39:00 AM,False,7284,Accepted,
26097953,0565000,LYNDON POLICE DEPARTMENT,Accepted,JEFFERSON,KY2050,,HERR,LN,,,,,,,,38.278808785,-85.623756136,1.766,12/20/2019 12:00:00 AM,1335,3,3,0,0,CLEAR,DRY,False,REAR END IN TRAFFIC LANES BOTH VEHICLES MOVING,REAR END,STRAIGHT & LEVEL,DAYLIGHT,,,12/24/2019 10:34:05 AM,False,1320,Accepted,
26179625,0568000,LOUISVILLE METRO POLICE DEPT,Accepted,JEFFERSON,I 0064,,I64 W,,,,,,,,,38.277278734,-85.806956094,1.086,12/20/2019 12:00:00 AM,1026,2,2,0,0,RAINING,WET,False,REAR END IN TRAFFIC LANES BOTH VEHICLES MOVING,REAR END,STRAIGHT & GRADE,DAYLIGHT,,,1/13/2020 8:26:46 AM,False,5108,Accepted,
26093619,0568000,LOUISVILLE METRO POLICE DEPT,Accepted,JEFFERSON,US0031W,,DIXIE,HWY,,,PARAMOUNT,,,,,38.134586396,-85.845080353,10.896,12/20/2019 12:00:00 AM,1615,2,2,0,2,CLOUDY,DRY,False,HEAD-ON COLLISION,HEAD ON,STRAIGHT & LEVEL,DAYLIGHT,,,12/23/2019 8:41:40 AM,False,6877,Accepted,
26083112,0568000,LOUISVILLE METRO POLICE DEPT,Accepted,JEFFERSON,,2523,POPE LICK,RD,S,,,,,,,38.193207522,-85.488791342,0.374,12/20/2019 12:00:00 AM,0010,1,1,0,0,CLEAR,DRY,False,OTHER COLLISIONS ON SHOULDER,SINGLE VEHICLE,CURVE & HILLCREST,DARK (UNKNOWN ROADWAY LIGHTING),,,12/20/2019 8:34:34 AM,False,2920,Accepted,
26084101,0568000,LOUISVILLE METRO POLICE DEPT,Accepted,JEFFERSON,I 0265,,I265 W,,,,,I 0265,I265 W EXIT17 ON RAMP FROM US31E,I 0265,I265 E EXIT17 ON RAMP FROM US31E,38.141875115,-85.583295991,17.295,12/20/2019 12:00:00 AM,0930,2,2,0,0,CLEAR,DRY,False,SIDESWIPE COLLISION - SAME DIRECTION,SIDESWIPE-SAME DIRECTION,STRAIGHT & LEVEL,DAYLIGHT,,,12/20/2019 12:06:17 PM,False,6878,Accepted,
26093653,0568000,LOUISVILLE METRO POLICE DEPT,Accepted,JEFFERSON,US0031,,CLARK MEMORIAL,BRG,,,,,,,,38.266460030,-85.750992126,0.716,12/20/2019 12:00:00 AM,1559,2,2,0,0,CLEAR,DRY,False,SIDESWIPE COLLISION - SAME DIRECTION,SIDESWIPE-SAME DIRECTION,STRAIGHT & LEVEL,DAYLIGHT,,,12/23/2019 8:43:58 AM,False,5124,Accepted,
26093627,0568000,LOUISVILLE METRO POLICE DEPT,Accepted,JEFFERSON,,,MCCAWLEY,RD,,,,,,,,38.143421992,-85.672038455,0.743,12/20/2019 12:00:00 AM,1143,2,2,0,0,CLEAR,DRY,True,SIDESWIPE COLLISION - SAME DIRECTION,SIDESWIPE-SAME DIRECTION,STRAIGHT & LEVEL,DAYLIGHT,,,12/23/2019 8:42:28 AM,False,4693,Accepted,
26093620,0568000,LOUISVILLE METRO POLICE DEPT,Accepted,JEFFERSON,,,4TH,ST,S,,,,MUHAMMAD ALI,,CHESTNUT,38.250045659,-85.757684994,0.458,12/20/2019 12:00:00 AM,1247,2,2,0,0,CLEAR,DRY,False,SIDESWIPE COLLISION - SAME DIRECTION,SIDESWIPE-SAME DIRECTION,STRAIGHT & LEVEL,DAYLIGHT,,,12/23/2019 8:41:46 AM,False,5124,Accepted,
26093642,0568000,LOUISVILLE METRO POLICE DEPT,Accepted,JEFFERSON,KY1747,,HURSTBOURNE,PKWY,S,,,,,,,38.218985648,-85.584175545,11.458,12/20/2019 12:00:00 AM,1122,2,2,0,0,CLEAR,DRY,False,SIDESWIPE COLLISION - SAME DIRECTION,SIDESWIPE-SAME DIRECTION,STRAIGHT & LEVEL,DAYLIGHT,,,12/23/2019 8:43:33 AM,False,7864,Accepted,
26093650,0568000,LOUISVILLE METRO POLICE DEPT,Accepted,JEFFERSON,I 0264,,I264 W,,,,,,,,,38.223478129,-85.646861955,17.247,12/20/2019 12:00:00 AM,1112,2,2,0,0,CLEAR,DRY,False,SIDESWIPE COLLISION - SAME DIRECTION,SIDESWIPE-SAME DIRECTION,STRAIGHT & LEVEL,DAYLIGHT,,,12/23/2019 8:43:53 AM,False,6813,Accepted,
26093592,0568000,LOUISVILLE METRO POLICE DEPT,Accepted,JEFFERSON,US0042,,BROWNSBORO,RD,,,,,PENNSYLVANIA,,ZORN,38.260995712,-85.684563961,2.817,12/20/2019 12:00:00 AM,1247,2,2,0,0,CLEAR,DRY,False,SIDESWIPE COLLISION - SAME DIRECTION,SIDESWIPE-SAME DIRECTION,STRAIGHT & LEVEL,DAYLIGHT,,,12/23/2019 8:38:48 AM,False,7632,Accepted,
26093622,0568000,LOUISVILLE METRO POLICE DEPT,Accepted,JEFFERSON,,,4TH,ST,S,,,,MONTANA,US0060A,WINKLER,38.210218077,-85.764696371,3.216,12/20/2019 12:00:00 AM,1621,2,2,0,0,CLEAR,DRY,True,SIDESWIPE COLLISION - SAME DIRECTION,SIDESWIPE-SAME DIRECTION,STRAIGHT & LEVEL,DAYLIGHT,,,12/23/2019 8:42:02 AM,False,5267,Accepted,
26105031,0568000,LOUISVILLE METRO POLICE DEPT,Accepted,JEFFERSON,KY1747,,HURSTBOURNE,PKWY,S,,,,,,,38.219917259,-85.582405221,11.577,12/20/2019 12:00:00 AM,1955,2,2,0,0,CLEAR,DRY,False,SIDESWIPE COLLISION - SAME DIRECTION,SIDESWIPE-SAME DIRECTION,STRAIGHT & LEVEL,DARK-HWY LIGHTED/ON,,,12/27/2019 7:51:39 AM,False,7200,Accepted,
26093864,0568000,LOUISVILLE METRO POLICE DEPT,Accepted,JEFFERSON,I 0264,,I264 E,,,,,,,,,38.190130444,-85.754386707,10.723,12/20/2019 12:00:00 AM,0739,2,2,0,0,CLEAR,DRY,False,SIDESWIPE COLLISION - SAME DIRECTION,SIDESWIPE-SAME DIRECTION,STRAIGHT & LEVEL,DAYLIGHT,,,12/23/2019 8:57:05 AM,False,4903,Accepted,
26093637,0568000,LOUISVILLE METRO POLICE DEPT,Accepted,JEFFERSON,US0031E,,BARDSTOWN,RD,,,,,,,,38.217682147,-85.677287452,12.582,12/20/2019 12:00:00 AM,1706,2,2,0,0,CLEAR,DRY,False,VEHICLE BACKING NON INTERSECTION,BACKING,STRAIGHT & LEVEL,DAYLIGHT,,,12/23/2019 8:43:22 AM,False,7284,Accepted,
26093593,0568000,LOUISVILLE METRO POLICE DEPT,Accepted,JEFFERSON,KY0061,,PRESTON,HWY,,,,,,,,38.189751989,-85.726472993,8.156,12/20/2019 12:00:00 AM,1400,2,2,0,0,CLEAR,DRY,False,OTHER ROADWAY OR MID-BLOCK COLLISION,REAR END,STRAIGHT & LEVEL,DAYLIGHT,,,12/23/2019 8:38:54 AM,False,7400,Accepted,
26083109,0568000,LOUISVILLE METRO POLICE DEPT,Accepted,JEFFERSON,,,3RD,ST,S,,,,,,,38.171775692,-85.767945471,1.869,12/20/2019 12:00:00 AM,0237,1,1,0,0,CLEAR,DRY,True,OTHER ROADWAY OR MID-BLOCK COLLISION,SINGLE VEHICLE,STRAIGHT & LEVEL,DARK-HWY LIGHTED/ON,,,12/20/2019 8:34:06 AM,False,7963,Accepted,
26093688,0568000,LOUISVILLE METRO POLICE DEPT,Accepted,JEFFERSON,,,7TH,ST,S,,,,DAVIES,,COMMERCE,38.223818946,-85.771713306,0.402,12/20/2019 12:00:00 AM,1938,2,2,0,0,CLOUDY,DRY,True,OTHER ROADWAY OR MID-BLOCK COLLISION,REAR END,STRAIGHT & GRADE,DARK-HWY LIGHTED/OFF,,,12/23/2019 8:46:10 AM,False,5230,Accepted,
26093693,0568000,LOUISVILLE METRO POLICE DEPT,Accepted,JEFFERSON,KY1447,,WESTPORT,RD,,,,,FREYS HILL,,ASSEMBLY,38.293468505,-85.559839804,5.990,12/20/2019 12:00:00 AM,1127,2,2,0,0,CLOUDY,DRY,False,OTHER ROADWAY OR MID-BLOCK COLLISION,REAR END,STRAIGHT & LEVEL,DAYLIGHT,,,12/23/2019 8:46:27 AM,False,7751,Accepted,
26093694,0568000,LOUISVILLE METRO POLICE DEPT,Accepted,JEFFERSON,I 0264,,I264 E EXIT20 TRANSIT,,,,,,,,,38.247483013,-85.619397086,0.096,12/20/2019 12:00:00 AM,1312,2,2,0,0,CLOUDY,DRY,False,OTHER ROADWAY OR MID-BLOCK COLLISION,REAR END,STRAIGHT & LEVEL,DAYLIGHT,,,12/23/2019 8:46:32 AM,False,7751,Accepted,
26093696,0568000,LOUISVILLE METRO POLICE DEPT,Accepted,JEFFERSON,KY1447,8414,WESTPORT,RD,,,,,,,,38.278197184,-85.597464875,3.699,12/20/2019 12:00:00 AM,1444,3,3,0,2,CLOUDY,DRY,False,OTHER ROADWAY OR MID-BLOCK COLLISION,REAR END,STRAIGHT & HILLCREST,DAYLIGHT,,,12/23/2019 8:46:42 AM,False,7751,Accepted,
26105060,0568000,LOUISVILLE METRO POLICE DEPT,Accepted,JEFFERSON,I 0065,,I65 S,,,,,,,,,38.229348089,-85.751323326,134.099,12/20/2019 12:00:00 AM,1701,3,3,0,0,CLEAR,DRY,False,OTHER ROADWAY OR MID-BLOCK COLLISION,REAR END,STRAIGHT & LEVEL,DUSK,,,12/27/2019 7:55:45 AM,False,8278,Accepted,
26093635,0568000,LOUISVILLE METRO POLICE DEPT,Accepted,JEFFERSON,US0031E,642,BAXTER,AVE,,,,,ROGERS,US0150,BROADWAY,38.244393153,-85.727615808,15.957,12/20/2019 12:00:00 AM,1554,2,2,0,0,CLEAR,DRY,False,OTHER ROADWAY OR MID-BLOCK COLLISION,OPPOSING LEFT TURN,STRAIGHT & LEVEL,DAYLIGHT,,,12/23/2019 8:43:13 AM,False,5020,Accepted,
26102517,0564400,INDIAN HILLS POLICE DEPARTMENT,Accepted,JEFFERSON,US0042,4800,BROWNSBORO,RD,,,,,,,,38.278633133,-85.638004099,5.659,12/20/2019 12:00:00 AM,1545,2,2,0,0,CLEAR,DRY,False,OTHER ROADWAY OR MID-BLOCK COLLISION,REAR END,STRAIGHT & LEVEL,DAYLIGHT,,,12/26/2019 2:14:59 PM,False,4433,Accepted,
26093604,0568000,LOUISVILLE METRO POLICE DEPT,Accepted,JEFFERSON,,,OAK,ST,W,,,,,,,38.234628494,-85.756125567,0.043,12/20/2019 12:00:00 AM,1550,2,2,0,0,CLEAR,DRY,False,1 VEHICLE ENTERING/LEAVING ENTRANCE,ANGLE,STRAIGHT & LEVEL,DAYLIGHT,,,12/23/2019 8:40:07 AM,False,7296,Accepted,
26093588,0568000,LOUISVILLE METRO POLICE DEPT,Accepted,JEFFERSON,,4300,MUD,LN,,,,,,,,38.088454363,-85.684213874,1.257,12/20/2019 12:00:00 AM,0750,2,2,0,0,CLEAR,DRY,False,1 VEHICLE ENTERING/LEAVING ENTRANCE,ANGLE,STRAIGHT & LEVEL,DAYLIGHT,,,12/23/2019 8:38:35 AM,False,7799,Accepted,
26101383,0568000,LOUISVILLE METRO POLICE DEPT,Accepted,JEFFERSON,KY1747,,FERN VALLEY,RD,,,,,,,,38.157137286,-85.712458785,1.082,12/20/2019 12:00:00 AM,0622,2,2,0,1,CLEAR,DRY,False,1 VEHICLE ENTERING/LEAVING ENTRANCE,ANGLE,STRAIGHT & LEVEL,DAWN,,,12/26/2019 7:50:02 AM,False,5248,Accepted,
26093597,0568000,LOUISVILLE METRO POLICE DEPT,Accepted,JEFFERSON,KY1447,,WESTPORT,RD,,,,,,,,38.297367628,-85.548740122,6.650,12/20/2019 12:00:00 AM,1425,2,2,0,0,CLEAR,DRY,False,1 VEHICLE ENTERING/LEAVING ENTRANCE,ANGLE,STRAIGHT & LEVEL,DAYLIGHT,,,12/23/2019 8:39:21 AM,False,7615,Accepted,
26093600,0568000,LOUISVILLE METRO POLICE DEPT,Accepted,JEFFERSON,,,WATTERSON,TRL,S,,,,,,,38.178248340,-85.622644455,0.005,12/20/2019 12:00:00 AM,1437,2,2,0,0,CLEAR,DRY,False,1 VEHICLE ENTERING/LEAVING ENTRANCE,ANGLE,STRAIGHT & LEVEL,DAYLIGHT,,,12/23/2019 8:39:47 AM,False,7307,Accepted,
26093602,0568000,LOUISVILLE METRO POLICE DEPT,Accepted,JEFFERSON,KY1450,8111,BLUE LICK,RD,,,,,,,,38.132902037,-85.685813142,3.429,12/20/2019 12:00:00 AM,1145,2,2,0,0,CLOUDY,DRY,False,COLLISION IN PARKING LOT,SIDESWIPE-OPPOSITE DIRECTION,STRAIGHT & LEVEL,DAYLIGHT,,,12/23/2019 8:39:57 AM,False,2324,Accepted,
26093628,0568000,LOUISVILLE METRO POLICE DEPT,Accepted,JEFFERSON,,,JEFFERSON,BLVD,,,,,,,,38.141065663,-85.673712307,,12/20/2019 12:00:00 AM,1253,2,2,0,0,CLEAR,DRY,False,COLLISION IN PARKING LOT,BACKING,STRAIGHT & LEVEL,DAYLIGHT,,,12/23/2019 8:42:35 AM,False,4693,Accepted,
26097568,0568000,LOUISVILLE METRO POLICE DEPT,Accepted,JEFFERSON,KY1747,,FERN VALLEY,RD,,,,,BEANBLOSSOM,,BEANBLOSSOM,38.157620778,-85.725846688,0.340,12/20/2019 12:00:00 AM,0524,3,3,0,1,CLEAR,DRY,False,OTHER ROADWAY OR MID-BLOCK COLLISION,REAR END,STRAIGHT & LEVEL,DARK-HWY LIGHTED/ON,,,12/24/2019 6:13:14 AM,False,7840,Accepted,
26084097,0568000,LOUISVILLE METRO POLICE DEPT,Accepted,JEFFERSON,KY1727,7602,TERRY,RD,,,,,,,,38.144228756,-85.871871513,1.559,12/20/2019 12:00:00 AM,0750,1,1,0,0,CLOUDY,DRY,False,OTHER ROADWAY OR MID-BLOCK COLLISION,SINGLE VEHICLE,STRAIGHT & LEVEL,DAYLIGHT,,,12/20/2019 12:05:40 PM,False,2936,Accepted,
26093614,0568000,LOUISVILLE METRO POLICE DEPT,Accepted,JEFFERSON,,5522,JOHNSONTOWN,RD,,,,,,,,38.121703300,-85.874031168,1.000,12/20/2019 12:00:00 AM,0810,4,4,0,0,CLEAR,DRY,False,OTHER ROADWAY OR MID-BLOCK COLLISION,REAR END,STRAIGHT & LEVEL,DAYLIGHT,,,12/23/2019 8:41:25 AM,False,6877,Accepted,
26083118,0568000,LOUISVILLE METRO POLICE DEPT,Accepted,JEFFERSON,,2931,FLOYD,ST,S,,,,,,,38.201580814,-85.757375715,3.735,12/20/2019 12:00:00 AM,0533,1,1,0,0,CLEAR,DRY,False,OTHER ROADWAY OR MID-BLOCK COLLISION,SINGLE VEHICLE,CURVE & LEVEL,DAWN,,,12/20/2019 8:35:22 AM,False,5175,Accepted,
26093610,0568000,LOUISVILLE METRO POLICE DEPT,Accepted,JEFFERSON,I 0264,,,,,,,,,,,38.201107251,-85.688984758,0.214,12/20/2019 12:00:00 AM,1544,2,2,0,0,CLEAR,DRY,False,OTHER RAMP RELATED COLLISIONS NOT LISTED ABOVE,SIDESWIPE-SAME DIRECTION,CURVE & LEVEL,DAYLIGHT,I 0264,KY1703,12/23/2019 8:40:33 AM,False,7284,Accepted,
26083009,0568000,LOUISVILLE METRO POLICE DEPT,Accepted,JEFFERSON,I 0065,,,,,,,,,,,38.115920040,-85.698675260,0.359,12/19/2019 12:00:00 AM,0710,3,3,0,0,CLEAR,DRY,False,OTHER RAMP RELATED COLLISIONS NOT LISTED ABOVE,REAR END,CURVE & LEVEL,DAYLIGHT,I 0065,I 0065,12/20/2019 8:22:05 AM,False,7991,Accepted,
26083031,0568000,LOUISVILLE METRO POLICE DEPT,Accepted,JEFFERSON,I 0065,,,,,,,,,,,38.131135195,-85.703830563,0.631,12/19/2019 12:00:00 AM,1213,2,2,0,0,CLEAR,DRY,False,OTHER RAMP RELATED COLLISIONS NOT LISTED ABOVE,SIDESWIPE-SAME DIRECTION,STRAIGHT & LEVEL,DAYLIGHT,KY1065,I 0065,12/20/2019 8:25:07 AM,False,4693,Accepted,
26097524,0568000,LOUISVILLE METRO POLICE DEPT,Accepted,JEFFERSON,I 0065,,,,,,,,,,,38.133284681,-85.705069903,0.466,12/19/2019 12:00:00 AM,1524,1,1,0,0,CLEAR,DRY,False,COLLISION WITH FIXED OBJECT NOT IN GORE ,SINGLE VEHICLE,CURVE & LEVEL,DAYLIGHT,KY1065,I 0065,12/24/2019 6:10:26 AM,False,2308,Accepted,
26097517,0568000,LOUISVILLE METRO POLICE DEPT,Accepted,JEFFERSON,I 0264,,,,,,,,,,,38.189850849,-85.770604305,0.241,12/19/2019 12:00:00 AM,0710,1,1,0,0,CLOUDY,ICE,False,OTHER RAMP RELATED COLLISIONS NOT LISTED ABOVE,SINGLE VEHICLE,STRAIGHT & GRADE,DAWN,KY1020,I 0264,12/24/2019 6:09:59 AM,False,7772,Accepted,