IncidentID,AgencyORI,AgencyName,IncidentStatusDesc,County,RdwyNumber,Street,RoadwayName,StreetSfx,StreetDir,IntersectionRdwy,IntersectionRdwyName,BetweenStRdwy1,BetweenStRdwyName1,BetweenStRdwy2,BetweenStRdwyName2,Latitude,Longitude,Milepoint,CollisionDate,CollisionTime,UnitsInvolved,MotorVehiclesInvolved,NumberKilled,NumberInjured,Weather,RdwyConditionCode,HitandRun,DirAnalysisCode,MannerofCollision,RdwyCharacter,LightCondition,RampFromRdwyId,RampToRdwyId,AcceptedDate,IsSecondaryCollision,OwnerBadge,IncidentStatus,
26083037,0568000,LOUISVILLE METRO POLICE DEPT,Accepted,JEFFERSON,US0031E,,BARDSTOWN,RD,,,,,,,,38.152765970,-85.588420897,5.746,12/19/2019 12:00:00 AM,1723,2,2,0,0,CLEAR,DRY,False,COLLISION IN PARKING LOT,ANGLE,STRAIGHT & LEVEL,DUSK,,,12/20/2019 8:25:47 AM,False,4693,Accepted,
26083113,0568000,LOUISVILLE METRO POLICE DEPT,Accepted,JEFFERSON,KY1703,1423,BAXTER,AVE,,,,,,,,38.229449107,-85.715662141,4.806,12/19/2019 12:00:00 AM,1920,2,2,0,0,CLEAR,DRY,False,OTHER ROADWAY OR MID-BLOCK COLLISION,REAR END,STRAIGHT & HILLCREST,DARK-HWY LIGHTED/ON,,,12/20/2019 8:34:47 AM,False,5154,Accepted,
26083004,0568000,LOUISVILLE METRO POLICE DEPT,Accepted,JEFFERSON,,5313,YUCCA,LN,,,,,,,,38.146134747,-85.859302480,0.059,12/19/2019 12:00:00 AM,1616,1,1,0,0,CLEAR,DRY,False,OTHER ROADWAY OR MID-BLOCK COLLISION,SINGLE VEHICLE,STRAIGHT & LEVEL,DAYLIGHT,,,12/20/2019 8:21:15 AM,False,7339,Accepted,
26083001,0568000,LOUISVILLE METRO POLICE DEPT,Accepted,JEFFERSON,KY1020,737,3RD,ST,S,,,,,,,38.244945931,-85.756875845,12.031,12/19/2019 12:00:00 AM,1416,2,2,0,0,CLEAR,DRY,True,COLLISION IN PARKING LOT,REAR END,STRAIGHT & LEVEL,DAYLIGHT,,,12/20/2019 8:20:41 AM,False,5260,Accepted,
26082961,0568000,LOUISVILLE METRO POLICE DEPT,Accepted,JEFFERSON,KY0841,,GENE SNYDER,FWY,,,,KY0841,KY841 RAMP FROM  STONESTREET RD,KY2055,MANSLICK,38.102532687,-85.819670786,3.396,12/19/2019 12:00:00 AM,0844,2,2,0,1,CLEAR,ICE,False,1 VEHICLE ENTERING/LEAVING ENTRANCE,ANGLE,STRAIGHT & LEVEL,DAYLIGHT,,,12/20/2019 8:16:16 AM,False,6318,Accepted,
26082985,0568000,LOUISVILLE METRO POLICE DEPT,Accepted,JEFFERSON,KY1931,,MANSLICK,RD,,,,,OLD MANSLICK,,LANCE,38.182578173,-85.799725115,7.468,12/19/2019 12:00:00 AM,1017,2,2,0,0,CLEAR,DRY,False,1 VEHICLE ENTERING/LEAVING ENTRANCE,ANGLE,STRAIGHT & LEVEL,DAYLIGHT,,,12/20/2019 8:18:56 AM,False,7204,Accepted,
26083075,0568000,LOUISVILLE METRO POLICE DEPT,Accepted,JEFFERSON,,2840,KLONDIKE,LN,,,,,,,,38.203560329,-85.637877577,0.279,12/19/2019 12:00:00 AM,1816,2,2,0,1,CLEAR,DRY,False,1 VEHICLE ENTERING/LEAVING ENTRANCE,ANGLE,STRAIGHT & LEVEL,DARK-HWY LIGHTED/ON,,,12/20/2019 8:29:49 AM,False,7448,Accepted,
26077876,0568000,LOUISVILLE METRO POLICE DEPT,Accepted,JEFFERSON,,,GRINSTEAD,DR,,,,KY1703,BAXTER,US0031E,BARDSTOWN,38.237979554,-85.721836393,0.056,12/19/2019 12:00:00 AM,0038,2,2,0,1,CLEAR,DRY,False,1 VEHICLE ENTERING/LEAVING ENTRANCE,ANGLE,STRAIGHT & LEVEL,DARK-HWY LIGHTED/ON,,,12/19/2019 8:27:47 AM,False,5188,Accepted,
26083059,0568000,LOUISVILLE METRO POLICE DEPT,Accepted,JEFFERSON,US0060A,,3RD,ST,S,,,US0060A,WINKLER,US0060A,EASTERN,38.210687868,-85.762863700,3.195,12/19/2019 12:00:00 AM,1210,1,1,0,0,CLEAR,DRY,False,OTHER ROADWAY OR MID-BLOCK COLLISION,SINGLE VEHICLE,STRAIGHT & GRADE,DAYLIGHT,,,12/20/2019 8:27:24 AM,False,5204,Accepted,
26082981,0568000,LOUISVILLE METRO POLICE DEPT,Accepted,JEFFERSON,KY0146,7705,NEW LA GRANGE,RD,,,,,,,,38.254279567,-85.611848716,0.460,12/19/2019 12:00:00 AM,1053,2,2,0,0,CLEAR,DRY,False,VEHICLE BACKING NON INTERSECTION,BACKING,STRAIGHT & LEVEL,DAYLIGHT,,,12/20/2019 8:18:18 AM,False,7358,Accepted,
26082988,0568000,LOUISVILLE METRO POLICE DEPT,Accepted,JEFFERSON,US0031W,,DIXIE,HWY,,,,,BLANTON,,FLINTLOCK,38.157775949,-85.833946096,12.564,12/19/2019 12:00:00 AM,0916,2,2,0,0,CLEAR,DRY,False,SIDESWIPE COLLISION - SAME DIRECTION,SIDESWIPE-SAME DIRECTION,STRAIGHT & LEVEL,DAYLIGHT,,,12/20/2019 8:19:04 AM,False,6326,Accepted,
26083013,0568000,LOUISVILLE METRO POLICE DEPT,Accepted,JEFFERSON,KY0907,,VALLEY STATION,RD,,,,,,,,38.107272567,-85.865625651,0.065,12/19/2019 12:00:00 AM,1447,2,2,0,0,CLEAR,DRY,False,SIDESWIPE COLLISION - SAME DIRECTION,SIDESWIPE-SAME DIRECTION,STRAIGHT & LEVEL,DAYLIGHT,,,12/20/2019 8:22:43 AM,False,7234,Accepted,
26077874,0568000,LOUISVILLE METRO POLICE DEPT,Accepted,JEFFERSON,,3001,CHAMBERLAIN,LN,,,,,,,,38.296150590,-85.540825599,1.873,12/19/2019 12:00:00 AM,0552,2,2,0,1,CLOUDY,DRY,False,SIDESWIPE COLLISION - SAME DIRECTION,SIDESWIPE-SAME DIRECTION,STRAIGHT & LEVEL,DARK-HWY LIGHTED/ON,,,12/19/2019 8:27:35 AM,False,5155,Accepted,
26083087,0568000,LOUISVILLE METRO POLICE DEPT,Accepted,JEFFERSON,US0031E,,BARDSTOWN,RD,,,,,RICHLAND,,MEADOWBROOK,38.189738354,-85.642485031,9.773,12/19/2019 12:00:00 AM,1905,2,2,0,0,CLEAR,DRY,False,SIDESWIPE COLLISION - OPPOSITE DIRECTION,SIDESWIPE-OPPOSITE DIRECTION,STRAIGHT & LEVEL,DARK-HWY LIGHTED/ON,,,12/20/2019 8:31:30 AM,False,6668,Accepted,
26083091,0568000,LOUISVILLE METRO POLICE DEPT,Accepted,JEFFERSON,,6105,DEADY,DR,,,,,,,,38.158506585,-85.870501870,0.038,12/19/2019 12:00:00 AM,0558,2,2,0,0,CLEAR,DRY,True,SIDESWIPE COLLISION - OPPOSITE DIRECTION,SIDESWIPE-OPPOSITE DIRECTION,STRAIGHT & LEVEL,DARK (UNKNOWN ROADWAY LIGHTING),,,12/20/2019 8:31:45 AM,False,5059,Accepted,
26083017,0568000,LOUISVILLE METRO POLICE DEPT,Accepted,JEFFERSON,KY1934,4400BLK,CANE RUN,RD,,,,,CRUMS,,RICHMONT,38.196632895,-85.840839321,8.913,12/19/2019 12:00:00 AM,1641,2,2,0,0,CLEAR,DRY,False,SIDESWIPE COLLISION - SAME DIRECTION,SIDESWIPE-SAME DIRECTION,STRAIGHT & LEVEL,DAYLIGHT,,,12/20/2019 8:23:20 AM,False,7381,Accepted,
26082992,0568000,LOUISVILLE METRO POLICE DEPT,Accepted,JEFFERSON,I 0264,,I264 W,,,,,,,,,38.200901871,-85.695656562,14.137,12/19/2019 12:00:00 AM,0803,2,2,0,0,CLEAR,DRY,False,SIDESWIPE COLLISION - SAME DIRECTION,SIDESWIPE-SAME DIRECTION,STRAIGHT & GRADE,DAYLIGHT,,,12/20/2019 8:19:33 AM,False,2000,Accepted,
26133410,0568000,LOUISVILLE METRO POLICE DEPT,Accepted,JEFFERSON,US0031E,,BARDSTOWN,RD,,,,,WEBER,,WROCKLAGE,38.223746485,-85.688074656,13.323,12/19/2019 12:00:00 AM,1412,2,2,0,0,CLEAR,DRY,False,SIDESWIPE COLLISION - SAME DIRECTION,SIDESWIPE-SAME DIRECTION,STRAIGHT & LEVEL,DAYLIGHT,,,1/3/2020 9:17:12 AM,False,7960,Accepted,
26082964,0568000,LOUISVILLE METRO POLICE DEPT,Accepted,JEFFERSON,KY0022,,BROWNSBORO,RD,,,,KY1694,BROWNSBORO,,BROWNSBORO GLEN,38.315273002,-85.562407187,4.767,12/19/2019 12:00:00 AM,0653,2,2,0,0,CLEAR,DRY,False,SIDESWIPE COLLISION - SAME DIRECTION,SIDESWIPE-SAME DIRECTION,STRAIGHT & LEVEL,DAYLIGHT,,,12/20/2019 8:16:31 AM,False,6929,Accepted,
26083554,0560400,SHIVELY POLICE DEPARTMENT,Accepted,JEFFERSON,I 0264,,I264 W,,,,,,,,,38.186088963,-85.803134833,8.122,12/19/2019 12:00:00 AM,0143,1,1,0,0,CLEAR,DRY,True,OTHER COLLISIONS ON SHOULDER,SINGLE VEHICLE,STRAIGHT & LEVEL,DARK-HWY LIGHTED/ON,,,12/20/2019 10:11:25 AM,False,7114,Accepted,
26082982,0568000,LOUISVILLE METRO POLICE DEPT,Accepted,JEFFERSON,I 0064,,I64 E,,,,,,,,,38.232043915,-85.606334733,13.460,12/19/2019 12:00:00 AM,1103,2,2,0,0,CLEAR,DRY,False,HEAD-ON COLLISION,HEAD ON,STRAIGHT & LEVEL,DAYLIGHT,,,12/20/2019 8:18:27 AM,False,4903,Accepted,
26083044,0568000,LOUISVILLE METRO POLICE DEPT,Accepted,JEFFERSON,KY1020,,3RD,ST,S,,HARLAN,,,,,38.201559819,-85.764523631,9.230,12/19/2019 12:00:00 AM,1736,2,2,0,0,CLEAR,DRY,False,HEAD-ON COLLISION,HEAD ON,STRAIGHT & LEVEL,DARK (UNKNOWN ROADWAY LIGHTING),,,12/20/2019 8:26:18 AM,False,7132,Accepted,
26083029,0568000,LOUISVILLE METRO POLICE DEPT,Accepted,JEFFERSON,I 0265,,I265 E,,,,,,,,,38.197377500,-85.507932374,23.725,12/19/2019 12:00:00 AM,1341,2,2,0,0,CLEAR,DRY,False,OTHER COLLISIONS ON SHOULDER,SIDESWIPE-SAME DIRECTION,STRAIGHT & LEVEL,DAYLIGHT,,,12/20/2019 8:24:52 AM,False,7839,Accepted,
26083069,0568000,LOUISVILLE METRO POLICE DEPT,Accepted,JEFFERSON,,,8TH,ST,N,,,,,,,38.257747509,-85.763116388,0.028,12/19/2019 12:00:00 AM,1135,2,2,0,0,CLEAR,DRY,False,1 VEHICLE PARKED POSITION (NOT PARKING LOT/DRIVEWAY),BACKING,STRAIGHT & GRADE,DAYLIGHT,,,12/20/2019 8:28:45 AM,False,5168,Accepted,
27592385,0568000,LOUISVILLE METRO POLICE DEPT,Accepted,JEFFERSON,I 0064,,I64 E,,,,,,,,,38.234816850,-85.614285005,12.999,12/19/2019 12:00:00 AM,0823,2,2,0,0,CLEAR,DRY,False,1 VEHICLE PARKED POSITION (NOT PARKING LOT/DRIVEWAY),SIDESWIPE-SAME DIRECTION,STRAIGHT & LEVEL,DAYLIGHT,,,12/22/2020 8:10:49 AM,False,4903,Accepted,
26083111,0568000,LOUISVILLE METRO POLICE DEPT,Accepted,JEFFERSON,,,RODMAN,ST,,,,,,,,38.208759339,-85.769983981,0.212,12/19/2019 12:00:00 AM,2041,2,2,0,0,CLEAR,DRY,False,1 VEHICLE PARKED POSITION (NOT PARKING LOT/DRIVEWAY),HEAD ON,STRAIGHT & LEVEL,DARK-HWY LIGHTED/ON,,,12/20/2019 8:34:22 AM,False,5252,Accepted,
26083102,0568000,LOUISVILLE METRO POLICE DEPT,Accepted,JEFFERSON,I 0265,,I265 E,,,,,I 0265,I265 E EXIT12 ON RAMP FROM KY61 N,I 0265,I265 E EXIT14 OFF RAMP TO  SMYRNA PKWY,38.116167830,-85.655352891,12.886,12/19/2019 12:00:00 AM,2330,3,3,0,1,CLEAR,DRY,False,1 VEHICLE PARKED POSITION (NOT PARKING LOT/DRIVEWAY),REAR END,STRAIGHT & LEVEL,DARK-HWY NOT LIGHTED,,,12/20/2019 8:33:11 AM,False,6360,Accepted,
26083103,0568000,LOUISVILLE METRO POLICE DEPT,Accepted,JEFFERSON,,,BROOKRIDGE,LN,,,,,PINECROFT,,CUTLER,38.133633561,-85.689860357,0.082,12/19/2019 12:00:00 AM,0615,2,2,0,2,CLEAR,DRY,False,1 VEHICLE PARKED POSITION (NOT PARKING LOT/DRIVEWAY),REAR END,STRAIGHT & LEVEL,DARK-HWY NOT LIGHTED,,,12/20/2019 8:33:19 AM,False,6360,Accepted,
26084107,0568000,LOUISVILLE METRO POLICE DEPT,Accepted,JEFFERSON,,1011,CHEROKEE,RD,,,,,HIGHLAND,KY2860,GRINSTEAD,38.240946557,-85.722724983,0.305,12/19/2019 12:00:00 AM,1958,2,2,0,0,CLEAR,DRY,True,1 VEHICLE PARKED POSITION (NOT PARKING LOT/DRIVEWAY),SIDESWIPE-OPPOSITE DIRECTION,STRAIGHT & LEVEL,DARK-HWY LIGHTED/ON,,,12/20/2019 12:06:35 PM,False,7180,Accepted,
26083080,0568000,LOUISVILLE METRO POLICE DEPT,Accepted,JEFFERSON,KY1447,,WESTPORT,RD,,,,,CREEKSIDE,,STONEBRIDGE,38.291158540,-85.564904090,5.676,12/19/2019 12:00:00 AM,1656,2,2,0,0,CLEAR,DRY,False,REAR END IN TRAFFIC LANES BOTH VEHICLES MOVING,REAR END,STRAIGHT & LEVEL,DAYLIGHT,,,12/20/2019 8:30:33 AM,False,6929,Accepted,
26083094,0568000,LOUISVILLE METRO POLICE DEPT,Accepted,JEFFERSON,KY1747,,HURSTBOURNE,PKWY,N,,,,,,,38.246606226,-85.576865867,13.518,12/19/2019 12:00:00 AM,2058,2,2,0,0,CLEAR,DRY,False,REAR END IN TRAFFIC LANES BOTH VEHICLES MOVING,REAR END,STRAIGHT & LEVEL,DARK-HWY LIGHTED/ON,,,12/20/2019 8:32:09 AM,False,6777,Accepted,
26083046,0568000,LOUISVILLE METRO POLICE DEPT,Accepted,JEFFERSON,I 0064,,I64 W,,,,,,,,,38.234541769,-85.612970310,12.866,12/19/2019 12:00:00 AM,1805,2,2,0,0,CLEAR,DRY,False,REAR END IN TRAFFIC LANES BOTH VEHICLES MOVING,REAR END,STRAIGHT & LEVEL,DARK-HWY NOT LIGHTED,,,12/20/2019 8:26:27 AM,False,7358,Accepted,
26083035,0568000,LOUISVILLE METRO POLICE DEPT,Accepted,JEFFERSON,,,FEGENBUSH,LN,,,,,,,,38.161481947,-85.641013034,1.791,12/19/2019 12:00:00 AM,1434,2,2,0,0,CLEAR,DRY,True,REAR END IN TRAFFIC LANES BOTH VEHICLES MOVING,REAR END,STRAIGHT & LEVEL,DAYLIGHT,,,12/20/2019 8:25:38 AM,False,4693,Accepted,
26083012,0568000,LOUISVILLE METRO POLICE DEPT,Accepted,JEFFERSON,KY0907,,3RD ST,RD,,,,,,,,38.113212308,-85.836926428,1.901,12/19/2019 12:00:00 AM,1124,2,2,0,0,CLEAR,DRY,False,REAR END IN TRAFFIC LANES BOTH VEHICLES MOVING,REAR END,STRAIGHT & LEVEL,DAYLIGHT,,,12/20/2019 8:22:35 AM,False,7234,Accepted,
26082970,0568000,LOUISVILLE METRO POLICE DEPT,Accepted,JEFFERSON,I 0265,,I265 W,,,,,I 0265,I265 W EXIT15 ON RAMP FROM KY864,I 0265,I265 W EXIT14 OFF RAMP TO  COOPER CHAPEL RD,38.120781433,-85.630290289,14.285,12/19/2019 12:00:00 AM,0735,2,2,0,0,CLEAR,DRY,False,REAR END IN TRAFFIC LANES BOTH VEHICLES MOVING,REAR END,STRAIGHT & LEVEL,DAYLIGHT,,,12/20/2019 8:17:09 AM,False,7656,Accepted,
26083072,0568000,LOUISVILLE METRO POLICE DEPT,Accepted,JEFFERSON,I 0264,,I264 W,,,,,,,,,38.211323278,-85.671177800,15.680,12/19/2019 12:00:00 AM,1627,2,2,0,0,CLEAR,DRY,False,REAR END IN TRAFFIC LANES BOTH VEHICLES MOVING,REAR END,STRAIGHT & LEVEL,DAYLIGHT,,,12/20/2019 8:29:16 AM,False,7306,Accepted,
26083074,0568000,LOUISVILLE METRO POLICE DEPT,Accepted,JEFFERSON,KY0155,,TAYLORSVILLE,RD,,,,I 0264,I264 E EXIT17B OFF RAMP TO KY155 N,I 0264,I264 W EXIT17B OFF RAMP TO KY155 N,38.221465490,-85.649787878,14.633,12/19/2019 12:00:00 AM,1654,2,2,0,0,CLEAR,DRY,False,REAR END IN TRAFFIC LANES BOTH VEHICLES MOVING,REAR END,STRAIGHT & LEVEL,DAYLIGHT,,,12/20/2019 8:29:41 AM,False,7448,Accepted,
26082966,0568000,LOUISVILLE METRO POLICE DEPT,Accepted,JEFFERSON,KY0022,,BROWNSBORO,RD,,,,I 0265,I265 N EXIT34 ON RAMP FROM KY22 W,I 0265,I265 S EXIT34 OFF RAMP TO KY22,38.310300570,-85.571245592,4.196,12/19/2019 12:00:00 AM,0859,2,2,0,0,CLEAR,DRY,False,REAR END IN TRAFFIC LANES BOTH VEHICLES MOVING,REAR END,STRAIGHT & LEVEL,DAYLIGHT,,,12/20/2019 8:16:49 AM,False,6929,Accepted,
26077909,0568000,LOUISVILLE METRO POLICE DEPT,Accepted,JEFFERSON,I 0264,,I264 W,,,,,,,,,38.195530917,-85.707857923,13.362,12/19/2019 12:00:00 AM,0751,2,2,0,0,CLEAR,DRY,False,REAR END IN TRAFFIC LANES BOTH VEHICLES MOVING,REAR END,STRAIGHT & LEVEL,DAYLIGHT,,,12/19/2019 8:29:15 AM,False,4903,Accepted,
26083033,0568000,LOUISVILLE METRO POLICE DEPT,Accepted,JEFFERSON,,,FEGENBUSH,LN,,,,,,,,38.161341163,-85.640918066,1.803,12/19/2019 12:00:00 AM,1434,3,3,0,0,CLEAR,DRY,False,REAR END IN TRAFFIC LANES BOTH VEHICLES MOVING,REAR END,STRAIGHT & HILLCREST,DAYLIGHT,,,12/20/2019 8:25:24 AM,False,4693,Accepted,
26262725,0568000,LOUISVILLE METRO POLICE DEPT,Accepted,JEFFERSON,,8606,FERNDALE,RD,,,,,,,,38.155154571,-85.591175379,0.071,12/19/2019 12:00:00 AM,1900,1,1,0,1,CLEAR,WET,False,COLLISION WITH FIXED OBJECT NON - INTERSECTION - FIRST EVENT COLLISION 09 - 32 EXCLUDING 16,SINGLE VEHICLE,STRAIGHT & LEVEL,DARK-HWY LIGHTED/OFF,,,1/29/2020 3:25:47 PM,False,7289,Accepted,
26083023,0568000,LOUISVILLE METRO POLICE DEPT,Accepted,JEFFERSON,I 0265,,I265 E,,,,,,,,,38.210093839,-85.506670811,24.605,12/19/2019 12:00:00 AM,1241,1,1,0,0,CLEAR,DRY,False,COLLISION WITH FIXED OBJECT NON - INTERSECTION - FIRST EVENT COLLISION 09 - 32 EXCLUDING 16,SINGLE VEHICLE,STRAIGHT & GRADE,DAYLIGHT,,,12/20/2019 8:24:03 AM,False,8278,Accepted,
26083025,0568000,LOUISVILLE METRO POLICE DEPT,Accepted,JEFFERSON,I 0064,,I64 E,,,,,,,,,38.251165784,-85.716115319,7.188,12/19/2019 12:00:00 AM,1520,1,1,0,0,CLEAR,DRY,False,COLLISION WITH FIXED OBJECT NON - INTERSECTION - FIRST EVENT COLLISION 09 - 32 EXCLUDING 16,SINGLE VEHICLE,CURVE & LEVEL,DAYLIGHT,,,12/20/2019 8:24:10 AM,False,8278,Accepted,
26082989,0568000,LOUISVILLE METRO POLICE DEPT,Accepted,JEFFERSON,,10407,BAY POINTE,DR,,,,,,,,38.304351957,-85.555865169,0.117,12/19/2019 12:00:00 AM,1101,2,2,0,0,CLEAR,DRY,True,1 VEHICLE PARKED POSITION (NOT PARKING LOT/DRIVEWAY),SIDESWIPE-SAME DIRECTION,STRAIGHT & LEVEL,DAYLIGHT,,,12/20/2019 8:19:13 AM,False,2489,Accepted,
26082983,0568000,LOUISVILLE METRO POLICE DEPT,Accepted,JEFFERSON,,1539,ARLING,AVE,,,,,,,,38.173402775,-85.783302509,0.061,12/19/2019 12:00:00 AM,0038,2,2,0,0,CLEAR,DRY,False,1 VEHICLE PARKED POSITION (NOT PARKING LOT/DRIVEWAY),HEAD ON,STRAIGHT & HILLCREST,DARK-HWY LIGHTED/ON,,,12/20/2019 8:18:35 AM,False,7040,Accepted,
26083010,0568000,LOUISVILLE METRO POLICE DEPT,Accepted,JEFFERSON,KY1065,4900,OUTER,LOOP,,,,,,,,38.137663517,-85.669451679,7.001,12/19/2019 12:00:00 AM,1459,2,1,0,1,CLEAR,DRY,False,COLLISION WITH PEDESTRIAN NON - INTERSECTION,SINGLE VEHICLE,STRAIGHT & LEVEL,DAYLIGHT,,,12/20/2019 8:22:14 AM,False,7991,Accepted,
26083014,0568000,LOUISVILLE METRO POLICE DEPT,Accepted,JEFFERSON,I 0265,,,,,KY0146,LA GRANGE,,,,,38.288186308,-85.513025318,0.357,12/19/2019 12:00:00 AM,1637,2,2,0,0,CLEAR,DRY,False,OTHER INTERSECTION COLLISIONS,REAR END,STRAIGHT & LEVEL,DAYLIGHT,,,12/20/2019 8:22:53 AM,False,6334,Accepted,
26083058,0568000,LOUISVILLE METRO POLICE DEPT,Accepted,JEFFERSON,,,CENTRAL,AVE,,US0060A,TAYLOR,,,,,38.206345114,-85.776178283,1.028,12/19/2019 12:00:00 AM,0852,2,2,0,0,CLEAR,DRY,False,OTHER INTERSECTION COLLISIONS,REAR END,STRAIGHT & LEVEL,DAWN,,,12/20/2019 8:27:16 AM,False,5204,Accepted,
26082980,0568000,LOUISVILLE METRO POLICE DEPT,Accepted,JEFFERSON,KY0022,,BROWNSBORO,RD,,,NEW CHAMBERLAIN,,,,,38.315427159,-85.561436469,4.820,12/19/2019 12:00:00 AM,0740,3,3,0,0,CLOUDY,DRY,False,OTHER INTERSECTION COLLISIONS,REAR END,STRAIGHT & LEVEL,DAYLIGHT,,,12/20/2019 8:18:10 AM,False,7358,Accepted,
26083042,0568000,LOUISVILLE METRO POLICE DEPT,Accepted,JEFFERSON,I 0264,,I264 E,,,I 0264,I264 E EXIT14 OFF RAMP TO KY864,,,,,38.192389081,-85.712661210,13.023,12/19/2019 12:00:00 AM,1747,2,2,0,1,CLEAR,DRY,False,OTHER INTERSECTION COLLISIONS,REAR END,STRAIGHT & LEVEL,DARK-HWY LIGHTED/ON,,,12/20/2019 8:26:08 AM,False,5288,Accepted,
26083084,0568000,LOUISVILLE METRO POLICE DEPT,Accepted,JEFFERSON,KY1703,,NEWBURG,RD,,,GARDINER,,,,,38.203115677,-85.690809862,2.387,12/19/2019 12:00:00 AM,1757,2,2,0,0,CLEAR,DRY,False,SIDESWIPE-SAME DIRECTION,SIDESWIPE-SAME DIRECTION,STRAIGHT & LEVEL,DARK-HWY LIGHTED/ON,,,12/20/2019 8:31:11 AM,False,7049,Accepted,
26083050,0568000,LOUISVILLE METRO POLICE DEPT,Accepted,JEFFERSON,KY0061,,PRESTON,ST,S,,FINZER,,,,,38.244294797,-85.747704116,12.179,12/19/2019 12:00:00 AM,1438,2,2,0,0,CLEAR,DRY,False,SIDESWIPE-SAME DIRECTION,SIDESWIPE-SAME DIRECTION,STRAIGHT & LEVEL,DAYLIGHT,,,12/20/2019 8:26:46 AM,False,7322,Accepted,
26083015,0568000,LOUISVILLE METRO POLICE DEPT,Accepted,JEFFERSON,,,CATALPA,ST,,,WILSON,,,,,38.231620700,-85.802391815,0.419,12/19/2019 12:00:00 AM,1634,2,2,0,0,CLEAR,DRY,False,SIDESWIPE-SAME DIRECTION,SIDESWIPE-SAME DIRECTION,STRAIGHT & LEVEL,DAYLIGHT,,,12/20/2019 8:23:03 AM,False,2569,Accepted,
26083016,0568000,LOUISVILLE METRO POLICE DEPT,Accepted,JEFFERSON,KY1703,,NEWBURG,RD,,,BISHOP,,,,,38.200699937,-85.685914127,2.098,12/19/2019 12:00:00 AM,0914,2,2,0,0,CLEAR,DRY,False,SIDESWIPE-SAME DIRECTION,SIDESWIPE-SAME DIRECTION,STRAIGHT & LEVEL,DAYLIGHT,,,12/20/2019 8:23:12 AM,False,7319,Accepted,
26083117,0568000,LOUISVILLE METRO POLICE DEPT,Accepted,JEFFERSON,I 0064,,I64 E,,,I 0264,I264 E,,,,,38.275106595,-85.812619886,0.819,12/19/2019 12:00:00 AM,2206,2,2,0,0,CLEAR,DRY,True,SIDESWIPE-SAME DIRECTION,SIDESWIPE-SAME DIRECTION,CURVE & LEVEL,DARK-HWY LIGHTED/ON,,,12/20/2019 8:35:11 AM,False,7181,Accepted,
26101341,0568000,LOUISVILLE METRO POLICE DEPT,Accepted,JEFFERSON,,,ROY WILKINS,AVE,,,JEFFERSON,,,,,38.254743456,-85.765287561,0.198,12/19/2019 12:00:00 AM,0957,2,2,0,0,CLEAR,DRY,True,SIDESWIPE-SAME DIRECTION,SIDESWIPE-SAME DIRECTION,CURVE & LEVEL,DAYLIGHT,,,12/26/2019 7:46:13 AM,False,5187,Accepted,
26097490,0568000,LOUISVILLE METRO POLICE DEPT,Accepted,JEFFERSON,,,ROY WILKINS,AVE,,,LIBERTY,,,,,38.253334886,-85.765249171,0.278,12/19/2019 12:00:00 AM,0759,2,2,0,0,CLEAR,DRY,False,SIDESWIPE-SAME DIRECTION,SIDESWIPE-SAME DIRECTION,STRAIGHT & LEVEL,DAYLIGHT,,,12/24/2019 6:08:28 AM,False,5168,Accepted,
26082976,0568000,LOUISVILLE METRO POLICE DEPT,Accepted,JEFFERSON,,,WATTERSON,TRL,,,SUNNY CROSSING,,,,,38.184039736,-85.601037882,1.339,12/19/2019 12:00:00 AM,1100,2,2,0,0,CLEAR,DRY,True,OTHER INTERSECTION COLLISIONS,REAR END,STRAIGHT & GRADE,DAYLIGHT,,,12/20/2019 8:17:51 AM,False,7294,Accepted,
26083068,0568000,LOUISVILLE METRO POLICE DEPT,Accepted,JEFFERSON,,,MARKET,ST,W,,AMY,,,,,38.261628690,-85.813043018,1.460,12/19/2019 12:00:00 AM,0935,2,2,0,0,CLEAR,DRY,False,OTHER INTERSECTION COLLISIONS,REAR END,STRAIGHT & LEVEL,DAYLIGHT,,,12/20/2019 8:28:28 AM,False,7112,Accepted,
26083011,0568000,LOUISVILLE METRO POLICE DEPT,Accepted,JEFFERSON,,,DODGE,LN,,KY0907,VALLEY STATION,,,,,38.105800489,-85.844805902,0.008,12/19/2019 12:00:00 AM,0915,2,2,0,0,CLEAR,DRY,False,OTHER INTERSECTION COLLISIONS,REAR END,STRAIGHT & HILLCREST,DAYLIGHT,,,12/20/2019 8:22:23 AM,False,7144,Accepted,
26115068,0568000,LOUISVILLE METRO POLICE DEPT,Accepted,JEFFERSON,I 0264,,I264 W,,,I 0264,I264 W EXIT16 OFF RAMP TO US31E,,,,,38.214053462,-85.666218202,16.010,12/19/2019 12:00:00 AM,1627,2,2,0,1,CLEAR,DRY,False,OTHER INTERSECTION COLLISIONS,REAR END,STRAIGHT & LEVEL,DAYLIGHT,,,12/30/2019 8:38:11 AM,False,5243,Accepted,
26081224,0561000,JEFFERSONTOWN POLICE DEPT,Accepted,JEFFERSON,,,WATTERSON,TRL,,,LOCHRIDGE,,,,,38.183437146,-85.590466554,1.961,12/19/2019 12:00:00 AM,1619,2,2,0,0,CLEAR,DRY,False,REAR END - ONE VEHICLE TURNING LEFT,REAR END,CURVE & LEVEL,DAYLIGHT,,,12/19/2019 9:47:29 PM,False,8287,Accepted,