IncidentID,AgencyORI,AgencyName,IncidentStatusDesc,County,RdwyNumber,Street,RoadwayName,StreetSfx,StreetDir,IntersectionRdwy,IntersectionRdwyName,BetweenStRdwy1,BetweenStRdwyName1,BetweenStRdwy2,BetweenStRdwyName2,Latitude,Longitude,Milepoint,CollisionDate,CollisionTime,UnitsInvolved,MotorVehiclesInvolved,NumberKilled,NumberInjured,Weather,RdwyConditionCode,HitandRun,DirAnalysisCode,MannerofCollision,RdwyCharacter,LightCondition,RampFromRdwyId,RampToRdwyId,AcceptedDate,IsSecondaryCollision,OwnerBadge,IncidentStatus,
26083119,0568000,LOUISVILLE METRO POLICE DEPT,Accepted,JEFFERSON,KY1934,,CANE RUN,RD,,,ROCKFORD,,,,,38.183794197,-85.855240068,7.724,12/19/2019 12:00:00 AM,1905,2,2,0,1,CLEAR,,True,ANGLE COLLISION - OTHER,ANGLE,STRAIGHT & LEVEL,DARK-HWY LIGHTED/ON,,,12/20/2019 8:35:33 AM,False,2877,Accepted,
26097533,0568000,LOUISVILLE METRO POLICE DEPT,Accepted,JEFFERSON,,,6TH,ST,S,,MUHAMMAD ALI,,,,,38.251525984,-85.760820742,0.380,12/19/2019 12:00:00 AM,1822,2,2,0,0,CLEAR,DRY,False,ANGLE COLLISION - OTHER,ANGLE,STRAIGHT & LEVEL,DARK-HWY LIGHTED/ON,,,12/24/2019 6:11:07 AM,False,5168,Accepted,
26083095,0568000,LOUISVILLE METRO POLICE DEPT,Accepted,JEFFERSON,KY1447,,WESTPORT,RD,,I 0265,I265 N EXIT33 OFF RAMP TO KY1447,,,,,38.297601841,-85.548574921,6.663,12/19/2019 12:00:00 AM,1841,2,2,0,0,CLEAR,DRY,False,ANGLE COLLISION - OTHER,ANGLE,STRAIGHT & LEVEL,DAYLIGHT,,,12/20/2019 8:32:18 AM,False,5030,Accepted,
26083105,0568000,LOUISVILLE METRO POLICE DEPT,Accepted,JEFFERSON,,,24TH,ST,N,KY3064,PORTLAND,,,,,38.270053278,-85.787118498,0.677,12/19/2019 12:00:00 AM,2025,2,2,0,0,CLEAR,DRY,True,ANGLE COLLISION - OTHER,ANGLE,STRAIGHT & LEVEL,DARK-HWY LIGHTED/ON,,,12/20/2019 8:33:36 AM,False,7190,Accepted,
26083070,0568000,LOUISVILLE METRO POLICE DEPT,Accepted,JEFFERSON,,,RIVER,RD,,,MOCKINGBIRD VALLEY,,,,,38.279108757,-85.696780437,,12/19/2019 12:00:00 AM,1843,2,2,0,1,CLEAR,DRY,False,ANGLE COLLISION - OTHER,ANGLE,STRAIGHT & LEVEL,DARK-HWY LIGHTED/ON,,,12/20/2019 8:28:58 AM,False,7043,Accepted,
26083115,0568000,LOUISVILLE METRO POLICE DEPT,Accepted,JEFFERSON,,,ZORN,AVE,,,MELLWOOD,,,,,38.273733340,-85.696220950,1.438,12/19/2019 12:00:00 AM,2050,2,2,0,0,CLEAR,DRY,False,ANGLE COLLISION - OTHER,ANGLE,STRAIGHT & LEVEL,DARK-HWY LIGHTED/ON,,,12/20/2019 8:34:57 AM,False,5154,Accepted,
26083065,0568000,LOUISVILLE METRO POLICE DEPT,Accepted,JEFFERSON,,,WELLINGTON,AVE,W,,2ND,,,,,38.183735213,-85.764160189,0.189,12/19/2019 12:00:00 AM,0920,2,2,0,0,CLEAR,DRY,False,ANGLE COLLISION - OTHER,ANGLE,STRAIGHT & LEVEL,DAYLIGHT,,,12/20/2019 8:27:55 AM,False,5127,Accepted,
26083066,0568000,LOUISVILLE METRO POLICE DEPT,Accepted,JEFFERSON,,,INTERCHANGE,DR,,,ANTONIA,,,,,38.095273458,-85.672002257,0.666,12/19/2019 12:00:00 AM,0842,2,2,0,0,CLEAR,DRY,True,ANGLE COLLISION - OTHER,ANGLE,STRAIGHT & LEVEL,DAYLIGHT,,,12/20/2019 8:28:06 AM,False,5005,Accepted,
26083073,0568000,LOUISVILLE METRO POLICE DEPT,Accepted,JEFFERSON,KY0155,,TAYLORSVILLE,RD,,KY1932,BRECKENRIDGE,,,,,38.220192373,-85.630517762,13.588,12/19/2019 12:00:00 AM,1449,2,2,0,0,CLEAR,DRY,True,ANGLE COLLISION - OTHER,ANGLE,STRAIGHT & LEVEL,DAYLIGHT,,,12/20/2019 8:29:26 AM,False,7448,Accepted,
26083081,0568000,LOUISVILLE METRO POLICE DEPT,Accepted,JEFFERSON,US0031W,,22ND,ST,S,,GREEN,,,,,38.256480571,-85.787014162,20.060,12/19/2019 12:00:00 AM,2104,2,2,0,0,CLEAR,DRY,True,ANGLE COLLISION - OTHER,ANGLE,STRAIGHT & LEVEL,DARK-HWY LIGHTED/OFF,,,12/20/2019 8:30:43 AM,False,7217,Accepted,
26082958,0568000,LOUISVILLE METRO POLICE DEPT,Accepted,JEFFERSON,,,LORETTA,ST,,,MARIGOLD,,,,,38.166598954,-85.709713656,0.523,12/19/2019 12:00:00 AM,0710,2,2,0,0,OTHER,DRY,False,ANGLE COLLISION - OTHER,ANGLE,STRAIGHT & LEVEL,DAYLIGHT,,,12/20/2019 8:15:56 AM,False,7830,Accepted,
26083048,0568000,LOUISVILLE METRO POLICE DEPT,Accepted,JEFFERSON,KY1020,,2ND,ST,S,,ST CATHERINE,,,,,38.237063769,-85.756606870,11.506,12/19/2019 12:00:00 AM,1421,2,2,0,1,CLEAR,DRY,False,ANGLE COLLISION - OTHER,ANGLE,STRAIGHT & LEVEL,DAYLIGHT,,,12/20/2019 8:26:37 AM,False,5213,Accepted,
26115182,0568000,LOUISVILLE METRO POLICE DEPT,Accepted,JEFFERSON,,,HIKES,LN,,KY2251,BARDSTOWN,,,,,38.199039730,-85.660023171,0.862,12/19/2019 12:00:00 AM,1949,2,2,0,0,CLEAR,DRY,False,ANGLE COLLISION - OTHER,ANGLE,STRAIGHT & LEVEL,DARK-HWY LIGHTED/ON,,,12/30/2019 8:53:24 AM,False,5117,Accepted,
26083026,0568000,LOUISVILLE METRO POLICE DEPT,Accepted,JEFFERSON,,,36TH,ST,N,,ROWAN,,,,,38.263749169,-85.809506149,0.092,12/19/2019 12:00:00 AM,1714,2,2,0,0,CLEAR,DRY,False,COLLISION WITH PARKED VEHICLE,SIDESWIPE-SAME DIRECTION,STRAIGHT & LEVEL,DAYLIGHT,,,12/20/2019 8:24:20 AM,False,7460,Accepted,
26077908,0568000,LOUISVILLE METRO POLICE DEPT,Accepted,JEFFERSON,KY1931,,7TH ST,RD,,,EUCLID,,,,,38.219359631,-85.778179081,10.418,12/19/2019 12:00:00 AM,0307,1,1,0,0,CLEAR,DRY,False,COLLISION WITH FIXED OBJECT IN INTERSECTION - FIRST EVENT COLLISION 09 - 32,SINGLE VEHICLE,STRAIGHT & LEVEL,DARK-HWY LIGHTED/ON,,,12/19/2019 8:29:03 AM,False,5205,Accepted,
26083110,0568000,LOUISVILLE METRO POLICE DEPT,Accepted,JEFFERSON,KY0864,,CEDAR CREEK,RD,,KY0864,COOPER CHAPEL,,,,,38.102764745,-85.614072313,1.744,12/19/2019 12:00:00 AM,1836,1,1,0,0,CLEAR,DRY,False,COLLISION WITH ANIMAL IN INTERSECTION,SINGLE VEHICLE,STRAIGHT & LEVEL,DARK-HWY NOT LIGHTED,,,12/20/2019 8:34:14 AM,False,5011,Accepted,
26083079,0568000,LOUISVILLE METRO POLICE DEPT,Accepted,JEFFERSON,KY2055,,MANSLICK,RD,W,,STAR REST,,,,,38.118430117,-85.793834046,3.655,12/19/2019 12:00:00 AM,1836,2,1,0,1,CLEAR,DRY,True,COLLISION WITH BICYCLE IN INTERSECTION,SINGLE VEHICLE,CURVE & LEVEL,DARK-HWY LIGHTED/ON,,,12/20/2019 8:30:26 AM,False,6886,Accepted,
26082984,0568000,LOUISVILLE METRO POLICE DEPT,Accepted,JEFFERSON,US0150,,BROADWAY,,W,KY1020,3RD,,,,,38.246035284,-85.756788502,2.468,12/19/2019 12:00:00 AM,1256,2,1,0,1,CLEAR,DRY,False,COLLISION WITH PEDESTRIAN IN INTERSECTION,SINGLE VEHICLE,STRAIGHT & LEVEL,DAYLIGHT,,,12/20/2019 8:18:47 AM,False,7386,Accepted,
26083071,0568000,LOUISVILLE METRO POLICE DEPT,Accepted,JEFFERSON,KY2048,,CANNONS,LN,,,SIDNEY PARK,,,,,38.229076712,-85.653104037,0.739,12/19/2019 12:00:00 AM,1038,2,2,0,0,CLEAR,DRY,False,ANGLE COLLISION - ONE VEHICLE TURNING LEFT,ANGLE,STRAIGHT & LEVEL,DAYLIGHT,,,12/20/2019 8:29:07 AM,False,7306,Accepted,
26083067,0568000,LOUISVILLE METRO POLICE DEPT,Accepted,JEFFERSON,US0031W,,DIXIE,HWY,,,FLINTLOCK,,,,,38.159974325,-85.832888950,12.735,12/19/2019 12:00:00 AM,1026,2,2,0,0,CLEAR,DRY,False,ANGLE COLLISION - ONE VEHICLE TURNING RIGHT,ANGLE,STRAIGHT & LEVEL,DAYLIGHT,,,12/20/2019 8:28:15 AM,False,7267,Accepted,
26082997,0568000,LOUISVILLE METRO POLICE DEPT,Accepted,JEFFERSON,,,GRINSTEAD,DR,,US0031E,BARDSTOWN,,,,,38.238446523,-85.720985038,0.002,12/19/2019 12:00:00 AM,1422,2,2,0,0,CLEAR,DRY,False,ANGLE COLLISION - ONE VEHICLE TURNING LEFT,ANGLE,STRAIGHT & LEVEL,DAYLIGHT,,,12/20/2019 8:20:12 AM,False,5243,Accepted,
26083064,0568000,LOUISVILLE METRO POLICE DEPT,Accepted,JEFFERSON,KY1703,,BAXTER,AVE,,,STEVENS,,,,,38.227284375,-85.713962879,4.627,12/19/2019 12:00:00 AM,1600,2,2,0,0,CLEAR,DRY,False,ANGLE COLLISION - ONE VEHICLE TURNING LEFT,ANGLE,STRAIGHT & LEVEL,DAYLIGHT,,,12/20/2019 8:27:45 AM,False,7960,Accepted,
26075379,0568000,LOUISVILLE METRO POLICE DEPT,Accepted,JEFFERSON,US0031W,,DIXIE,HWY,,KY1931,GREENWOOD,,,,,38.143448775,-85.839702614,11.687,12/18/2019 12:00:00 AM,1600,2,2,0,0,CLEAR,DRY,False,ANGLE COLLISION - ONE VEHICLE TURNING LEFT,ANGLE,STRAIGHT & LEVEL,DAYLIGHT,,,12/18/2019 5:13:23 PM,False,7267,Accepted,
26077849,0568000,LOUISVILLE METRO POLICE DEPT,Accepted,JEFFERSON,US0031E,,BARDSTOWN,RD,,,LAKESIDE,,,,,38.222469091,-85.683661726,13.059,12/18/2019 12:00:00 AM,1553,2,2,0,0,CLOUDY,DRY,False,ANGLE COLLISION - ONE VEHICLE TURNING LEFT,ANGLE,STRAIGHT & LEVEL,DAYLIGHT,,,12/19/2019 8:24:54 AM,False,7306,Accepted,
26074277,0568000,LOUISVILLE METRO POLICE DEPT,Accepted,JEFFERSON,,,ENGLISH STATION,RD,S,,HEARTHSIDE,,,,,38.232443637,-85.497272173,3.897,12/18/2019 12:00:00 AM,1004,2,2,0,0,CLOUDY,DRY,False,ANGLE COLLISION - ONE VEHICLE TURNING LEFT,ANGLE,STRAIGHT & GRADE,DAYLIGHT,,,12/18/2019 2:18:38 PM,False,7337,Accepted,
26186264,0568000,LOUISVILLE METRO POLICE DEPT,Accepted,JEFFERSON,,,BEALS BRANCH,DR,,,SUNNYSIDE,,,,,38.243232046,-85.674137623,0.240,12/18/2019 12:00:00 AM,0718,1,1,0,0,CLEAR,DRY,False,COLLISION WITH FIXED OBJECT IN INTERSECTION - FIRST EVENT COLLISION 09 - 32,SINGLE VEHICLE,CURVE & GRADE,DARK-HWY LIGHTED/ON,,,1/14/2020 8:10:28 AM,False,7673,Accepted,
26083003,0568000,LOUISVILLE METRO POLICE DEPT,Accepted,JEFFERSON,KY2052,,SHEPHERDSVILLE,RD,,,INDIAN,,,,,38.185815410,-85.659661245,3.264,12/18/2019 12:00:00 AM,1919,2,2,0,0,CLEAR,DRY,False,ANGLE COLLISION - OTHER,ANGLE,STRAIGHT & LEVEL,DARK-HWY NOT LIGHTED,,,12/20/2019 8:21:04 AM,False,7338,Accepted,
26077820,0568000,LOUISVILLE METRO POLICE DEPT,Accepted,JEFFERSON,,,RIVER PARK,DR,,,35TH,,,,,38.254710668,-85.809219697,0.969,12/18/2019 12:00:00 AM,1550,2,2,0,0,CLEAR,DRY,False,ANGLE COLLISION - OTHER,ANGLE,STRAIGHT & LEVEL,DAYLIGHT,,,12/19/2019 8:20:15 AM,False,5280,Accepted,
26077822,0568000,LOUISVILLE METRO POLICE DEPT,Accepted,JEFFERSON,KY0155,,TAYLORSVILLE,RD,,US0031E,BARDSTOWN,,,,,38.223060447,-85.684758657,16.536,12/18/2019 12:00:00 AM,1620,2,2,0,0,CLEAR,DRY,False,ANGLE COLLISION - OTHER,ANGLE,STRAIGHT & LEVEL,DAYLIGHT,,,12/19/2019 8:20:34 AM,False,5243,Accepted,
26077823,0568000,LOUISVILLE METRO POLICE DEPT,Accepted,JEFFERSON,,,7TH,ST,S,,HILL,,,,,38.226761026,-85.768998396,0.658,12/18/2019 12:00:00 AM,1627,2,2,0,0,CLOUDY,DRY,False,ANGLE COLLISION - OTHER,ANGLE,STRAIGHT & LEVEL,DAYLIGHT,,,12/19/2019 8:20:46 AM,False,7334,Accepted,
26083027,0568000,LOUISVILLE METRO POLICE DEPT,Accepted,JEFFERSON,,,4TH,ST,S,US0031W,MAIN,,,,,38.256636711,-85.756570753,0.001,12/18/2019 12:00:00 AM,0853,2,2,0,0,CLOUDY,DRY,False,ANGLE COLLISION - OTHER,ANGLE,STRAIGHT & LEVEL,DAYLIGHT,,,12/20/2019 8:24:28 AM,False,5173,Accepted,
26082974,0568000,LOUISVILLE METRO POLICE DEPT,Accepted,JEFFERSON,KY1865,,TAYLOR,BLVD,,,CARRICO,,,,,38.184713653,-85.783987613,5.396,12/18/2019 12:00:00 AM,1912,2,2,0,5,CLOUDY,DRY,False,REAR END - ONE VEHICLE TURNING LEFT,REAR END,STRAIGHT & LEVEL,DARK-HWY NOT LIGHTED,,,12/20/2019 8:17:31 AM,False,7978,Accepted,
26093873,0568000,LOUISVILLE METRO POLICE DEPT,Accepted,JEFFERSON,,,MCKINLEY,AVE,,,GREENUP,,,,,38.210967238,-85.730700403,0.477,12/18/2019 12:00:00 AM,1510,2,2,0,0,CLEAR,DRY,False,VEHICLE BACKING IN INTERSECTION,BACKING,STRAIGHT & LEVEL,DAYLIGHT,,,12/23/2019 8:58:58 AM,False,7938,Accepted,
26077816,0568000,LOUISVILLE METRO POLICE DEPT,Accepted,JEFFERSON,,,FLOYD,ST,S,,GAULBERT,,,,,38.223728067,-85.753513385,2.185,12/18/2019 12:00:00 AM,1559,2,2,0,0,CLEAR,DRY,False,OPPOSING LEFT TURN,OPPOSING LEFT TURN,STRAIGHT & LEVEL,DAYLIGHT,,,12/19/2019 8:19:45 AM,False,7391,Accepted,
26074270,0568000,LOUISVILLE METRO POLICE DEPT,Accepted,JEFFERSON,US0031E,,BAXTER,AVE,,,LIBERTY,,,,,38.249743532,-85.731692160,16.419,12/18/2019 12:00:00 AM,0830,2,2,0,0,CLOUDY,DRY,False,OTHER INTERSECTION COLLISIONS,REAR END,STRAIGHT & LEVEL,DAYLIGHT,,,12/18/2019 2:17:46 PM,False,2855,Accepted,
26083078,0568000,LOUISVILLE METRO POLICE DEPT,Accepted,JEFFERSON,KY1447,,WESTPORT,RD,,,COLLINS,,,,,38.304228157,-85.524286443,8.028,12/18/2019 12:00:00 AM,2320,2,2,0,1,CLEAR,DRY,False,OTHER INTERSECTION COLLISIONS,REAR END,STRAIGHT & LEVEL,DARK-HWY NOT LIGHTED,,,12/20/2019 8:30:14 AM,False,6886,Accepted,
26083002,0568000,LOUISVILLE METRO POLICE DEPT,Accepted,JEFFERSON,KY0864,,POPLAR LEVEL,RD,,,RANGELAND,,,,,38.166583959,-85.681136383,8.855,12/18/2019 12:00:00 AM,1738,2,2,0,0,CLOUDY,DRY,True,OTHER INTERSECTION COLLISIONS,REAR END,STRAIGHT & GRADE,DUSK,,,12/20/2019 8:20:51 AM,False,5153,Accepted,
26077843,0568000,LOUISVILLE METRO POLICE DEPT,Accepted,JEFFERSON,US0060A,,TAYLOR,BLVD,,,SALE,,,,,38.197564977,-85.782916707,1.503,12/18/2019 12:00:00 AM,0828,2,2,0,0,CLOUDY,DRY,True,SIDESWIPE-SAME DIRECTION,SIDESWIPE-SAME DIRECTION,STRAIGHT & LEVEL,DAYLIGHT,,,12/19/2019 8:24:06 AM,False,7472,Accepted,
26077866,0568000,LOUISVILLE METRO POLICE DEPT,Accepted,JEFFERSON,,,FISCHER PARK,DR,,,SHELBURN PARK,,,,,38.296225741,-85.557106590,0.169,12/18/2019 12:00:00 AM,2107,2,2,0,0,CLEAR,DRY,False,SIDESWIPE-SAME DIRECTION,SIDESWIPE-SAME DIRECTION,STRAIGHT & LEVEL,DAWN,,,12/19/2019 8:26:48 AM,False,5155,Accepted,
26083040,0568000,LOUISVILLE METRO POLICE DEPT,Accepted,JEFFERSON,KY0061,,PRESTON,HWY,,,GILMORE,,,,,38.174644305,-85.712716630,6.880,12/18/2019 12:00:00 AM,1508,2,2,0,0,CLEAR,DRY,False,OTHER INTERSECTION COLLISIONS,REAR END,STRAIGHT & LEVEL,DAYLIGHT,,,12/20/2019 8:26:00 AM,False,5027,Accepted,
26077850,0568000,LOUISVILLE METRO POLICE DEPT,Accepted,JEFFERSON,US0031E,,BARDSTOWN,RD,,,HAWTHORNE,,,,,38.216968783,-85.676342554,12.510,12/18/2019 12:00:00 AM,1708,2,2,0,0,CLOUDY,DRY,False,OTHER INTERSECTION COLLISIONS,REAR END,STRAIGHT & LEVEL,DAYLIGHT,,,12/19/2019 8:25:05 AM,False,7306,Accepted,
26077841,0568000,LOUISVILLE METRO POLICE DEPT,Accepted,JEFFERSON,KY1020,,2ND,ST,S,US0150,BROADWAY,,,,,38.245839925,-85.755046655,12.097,12/18/2019 12:00:00 AM,1640,3,3,0,0,CLEAR,DRY,False,OTHER INTERSECTION COLLISIONS,REAR END,STRAIGHT & LEVEL,DAYLIGHT,,,12/19/2019 8:23:38 AM,False,5187,Accepted,
26077827,0568000,LOUISVILLE METRO POLICE DEPT,Accepted,JEFFERSON,KY1865,,NEW CUT,RD,,,SOUTHLAND,,,,,38.167550926,-85.780611569,4.185,12/18/2019 12:00:00 AM,1721,2,2,0,0,CLEAR,DRY,False,OTHER INTERSECTION COLLISIONS,REAR END,STRAIGHT & LEVEL,DUSK,,,12/19/2019 8:21:17 AM,False,5293,Accepted,
26075369,0568000,LOUISVILLE METRO POLICE DEPT,Accepted,JEFFERSON,,800,CAWTHON,ST,,,,,,,,38.244029719,-85.764644232,0.046,12/18/2019 12:00:00 AM,1055,2,2,0,0,CLOUDY,DRY,False,1 VEHICLE PARKED POSITION (NOT PARKING LOT/DRIVEWAY),REAR END,STRAIGHT & LEVEL,DAYLIGHT,,,12/18/2019 5:12:49 PM,False,5260,Accepted,
26077835,0568000,LOUISVILLE METRO POLICE DEPT,Accepted,JEFFERSON,,,ZELMA FIELDS,AVE,,,,,,,,38.130832862,-85.612421199,0.091,12/18/2019 12:00:00 AM,1731,2,2,0,0,CLOUDY,DRY,True,1 VEHICLE PARKED POSITION (NOT PARKING LOT/DRIVEWAY),SIDESWIPE-OPPOSITE DIRECTION,STRAIGHT & LEVEL,DAYLIGHT,,,12/19/2019 8:22:34 AM,False,4693,Accepted,
26116225,0568000,LOUISVILLE METRO POLICE DEPT,Accepted,JEFFERSON,US0031W,,MARKET,ST,W,,,,5TH,,4TH,38.255393612,-85.758184237,21.748,12/18/2019 12:00:00 AM,1338,2,1,0,0,CLOUDY,DRY,False,1 VEHICLE PARKED POSITION (NOT PARKING LOT/DRIVEWAY),REAR END,STRAIGHT & LEVEL,DAYLIGHT,,,12/30/2019 12:36:48 PM,False,5173,Accepted,
26074276,0568000,LOUISVILLE METRO POLICE DEPT,Accepted,JEFFERSON,,7519,NACHAND,LN,,,,,,,,38.192623644,-85.615597333,0.570,12/18/2019 12:00:00 AM,1027,1,1,0,0,CLOUDY,ICE,True,COLLISION WITH FIXED OBJECT NON - INTERSECTION - FIRST EVENT COLLISION 09 - 32 EXCLUDING 16,SINGLE VEHICLE,CURVE & LEVEL,UNKNOWN,,,12/18/2019 2:18:30 PM,False,7294,Accepted,
26074278,0568000,LOUISVILLE METRO POLICE DEPT,Accepted,JEFFERSON,,,POPE LICK,RD,S,,,,REHL,KY0155,TAYLORSVILLE,38.203781971,-85.489555154,1.121,12/18/2019 12:00:00 AM,0906,1,1,0,0,CLOUDY,ICE,False,COLLISION WITH FIXED OBJECT NON - INTERSECTION - FIRST EVENT COLLISION 09 - 32 EXCLUDING 16,SINGLE VEHICLE,CURVE & HILLCREST,DAYLIGHT,,,12/18/2019 2:18:46 PM,False,7337,Accepted,
26075363,0568000,LOUISVILLE METRO POLICE DEPT,Accepted,JEFFERSON,KY1020,10804,NATIONAL,TPKE,,,,,,,,38.093486767,-85.726743233,0.711,12/18/2019 12:00:00 AM,0759,1,1,0,1,CLOUDY,ICE,False,RAN OFF ROADWAY (1 VEHICLE WITH/EARTH EMBANKMENT/DITCH),SINGLE VEHICLE,CURVE & GRADE,DAYLIGHT,,,12/18/2019 5:12:05 PM,False,6326,Accepted,
26083082,0568000,LOUISVILLE METRO POLICE DEPT,Accepted,JEFFERSON,I 0264,,I264 W,,,,,I 0264,I264 W EXIT14 ON RAMP FROM KY864,I 0065,I264 W EXIT12 OFF RAMP TO,38.191220569,-85.717222199,12.766,12/18/2019 12:00:00 AM,1816,2,2,0,0,CLOUDY,DRY,False,REAR END IN TRAFFIC LANES BOTH VEHICLES MOVING,REAR END,STRAIGHT & LEVEL,DUSK,,,12/20/2019 8:30:51 AM,False,7851,Accepted,
26083022,0568000,LOUISVILLE METRO POLICE DEPT,Accepted,JEFFERSON,I 0064,,I64 E,,,,,,,,,38.222744344,-85.508536275,18.813,12/18/2019 12:00:00 AM,1814,6,6,0,1,CLEAR,DRY,False,REAR END IN TRAFFIC LANES BOTH VEHICLES MOVING,REAR END,STRAIGHT & GRADE,DARK-HWY LIGHTED/ON,,,12/20/2019 8:23:53 AM,False,8278,Accepted,
26077828,0568000,LOUISVILLE METRO POLICE DEPT,Accepted,JEFFERSON,KY1065,,OUTER,LOOP,,,,,,,,38.137870471,-85.673336221,6.791,12/18/2019 12:00:00 AM,1240,2,2,0,0,CLOUDY,DRY,False,REAR END IN TRAFFIC LANES BOTH VEHICLES MOVING,REAR END,STRAIGHT & LEVEL,DAYLIGHT,,,12/19/2019 8:21:35 AM,False,4693,Accepted,
26077819,0568000,LOUISVILLE METRO POLICE DEPT,Accepted,JEFFERSON,KY1747,,HURSTBOURNE,PKWY,S,,,,BUNSEN,,HURSTBOURNE,38.218716711,-85.584199134,11.468,12/18/2019 12:00:00 AM,1646,2,2,0,0,CLEAR,DRY,False,REAR END IN TRAFFIC LANES BOTH VEHICLES MOVING,REAR END,STRAIGHT & LEVEL,DUSK,,,12/19/2019 8:20:08 AM,False,7482,Accepted,
26077834,0568000,LOUISVILLE METRO POLICE DEPT,Accepted,JEFFERSON,US0031E,,BARDSTOWN,RD,,,,,,,,38.152413546,-85.588451840,5.737,12/18/2019 12:00:00 AM,1533,2,2,0,0,CLOUDY,DRY,False,REAR END IN TRAFFIC LANES BOTH VEHICLES MOVING,REAR END,STRAIGHT & LEVEL,DAYLIGHT,,,12/19/2019 8:22:21 AM,False,4693,Accepted,
26101432,0568000,LOUISVILLE METRO POLICE DEPT,Accepted,JEFFERSON,I 0064,,I64 E,,,,,,,,,38.258734498,-85.756991924,4.524,12/18/2019 12:00:00 AM,0800,2,2,0,0,CLEAR,DRY,False,REAR END IN TRAFFIC LANES BOTH VEHICLES MOVING,REAR END,STRAIGHT & LEVEL,DAYLIGHT,,,12/26/2019 8:02:16 AM,False,5025,Accepted,
26077829,0568000,LOUISVILLE METRO POLICE DEPT,Accepted,JEFFERSON,KY1747,,FERN VALLEY,RD,,,,,,,,38.157253073,-85.680028805,2.892,12/18/2019 12:00:00 AM,1304,2,2,0,0,CLOUDY,DRY,False,REAR END IN TRAFFIC LANES BOTH VEHICLES MOVING,REAR END,STRAIGHT & LEVEL,DAYLIGHT,,,12/19/2019 8:21:56 AM,False,4693,Accepted,
26077831,0568000,LOUISVILLE METRO POLICE DEPT,Accepted,JEFFERSON,KY1065,,OUTER,LOOP,,,,,,,,38.137726843,-85.670744781,6.931,12/18/2019 12:00:00 AM,1359,2,2,0,0,CLOUDY,DRY,False,REAR END IN TRAFFIC LANES BOTH VEHICLES MOVING,REAR END,STRAIGHT & LEVEL,DAYLIGHT,,,12/19/2019 8:22:04 AM,False,4693,Accepted,
26077840,0568000,LOUISVILLE METRO POLICE DEPT,Accepted,JEFFERSON,I 0065,,I65 N,,,,,,,,,38.241819042,-85.752901782,134.987,12/18/2019 12:00:00 AM,1825,2,2,0,0,CLOUDY,DRY,False,REAR END IN TRAFFIC LANES BOTH VEHICLES MOVING,REAR END,STRAIGHT & LEVEL,DARK-HWY LIGHTED/ON,,,12/19/2019 8:23:30 AM,False,2855,Accepted,
26083077,0568000,LOUISVILLE METRO POLICE DEPT,Accepted,JEFFERSON,US0031,,CLARK MEMORIAL,BRG,,,,,,,,38.261577115,-85.752129612,0.374,12/18/2019 12:00:00 AM,1752,2,2,0,2,CLEAR,DRY,False,REAR END IN TRAFFIC LANES BOTH VEHICLES MOVING,REAR END,STRAIGHT & LEVEL,DARK-HWY LIGHTED/ON,,,12/20/2019 8:30:03 AM,False,5187,Accepted,
26077837,0568000,LOUISVILLE METRO POLICE DEPT,Accepted,JEFFERSON,,3213,KEMMONS,DR,,,,,,,,38.203578299,-85.680638296,0.071,12/18/2019 12:00:00 AM,1356,2,2,0,0,CLEAR,DRY,True,1 VEHICLE PARKED POSITION (NOT PARKING LOT/DRIVEWAY),SIDESWIPE-SAME DIRECTION,STRAIGHT & LEVEL,DAYLIGHT,,,12/19/2019 8:23:00 AM,False,7319,Accepted,
26075367,0568000,LOUISVILLE METRO POLICE DEPT,Accepted,JEFFERSON,,3810,SPRINGHURST,BLVD,,,,,,,,38.302960068,-85.559857768,0.670,12/18/2019 12:00:00 AM,1000,2,2,0,0,CLOUDY,DRY,False,1 VEHICLE PARKED POSITION (NOT PARKING LOT/DRIVEWAY),SIDESWIPE-SAME DIRECTION,STRAIGHT & LEVEL,DAYLIGHT,,,12/18/2019 5:12:39 PM,False,6929,Accepted,
26077848,0568000,LOUISVILLE METRO POLICE DEPT,Accepted,JEFFERSON,,,BUCKNER,AVE,,,,,,,,38.170032990,-85.772699722,0.113,12/18/2019 12:00:00 AM,1237,2,2,0,0,CLOUDY,DRY,False,1 VEHICLE PARKED POSITION (NOT PARKING LOT/DRIVEWAY),REAR END,STRAIGHT & LEVEL,DAYLIGHT,,,12/19/2019 8:24:45 AM,False,7234,Accepted,
26083076,0568000,LOUISVILLE METRO POLICE DEPT,Accepted,JEFFERSON,US0031,,CLARK MEMORIAL,BRG,,,,,,,,38.261577115,-85.752129612,0.374,12/18/2019 12:00:00 AM,1756,2,2,0,0,CLEAR,DRY,False,REAR END IN TRAFFIC LANES BOTH VEHICLES MOVING,REAR END,STRAIGHT & LEVEL,DAYLIGHT,,,12/20/2019 8:29:57 AM,False,5187,Accepted,
26083106,0568000,LOUISVILLE METRO POLICE DEPT,Accepted,JEFFERSON,,5812,ELDORADO,AVE,,,,,,,,38.192161501,-85.632220268,0.244,12/18/2019 12:00:00 AM,1823,2,2,0,0,CLEAR,DRY,False,HEAD-ON COLLISION,HEAD ON,CURVE & LEVEL,DARK-HWY NOT LIGHTED,,,12/20/2019 8:33:45 AM,False,7415,Accepted,