IncidentID,AgencyORI,AgencyName,IncidentStatusDesc,County,RdwyNumber,Street,RoadwayName,StreetSfx,StreetDir,IntersectionRdwy,IntersectionRdwyName,BetweenStRdwy1,BetweenStRdwyName1,BetweenStRdwy2,BetweenStRdwyName2,Latitude,Longitude,Milepoint,CollisionDate,CollisionTime,UnitsInvolved,MotorVehiclesInvolved,NumberKilled,NumberInjured,Weather,RdwyConditionCode,HitandRun,DirAnalysisCode,MannerofCollision,RdwyCharacter,LightCondition,RampFromRdwyId,RampToRdwyId,AcceptedDate,IsSecondaryCollision,OwnerBadge,IncidentStatus,
26079698,0560600,WEST BUECHEL POLICE DEPT.,Accepted,JEFFERSON,,,BUECHEL BYPASS,,,,,,,,,38.191204169,-85.652098126,0.013,12/18/2019 12:00:00 AM,0803,3,3,0,0,CLOUDY,ICE,False,HEAD-ON COLLISION,HEAD ON,STRAIGHT & HILLCREST,DAYLIGHT,,,12/19/2019 2:54:24 PM,True,1264,Accepted,
26077854,0568000,LOUISVILLE METRO POLICE DEPT,Accepted,JEFFERSON,KY0841,,GENE SNYDER,FWY,,,,,,,,38.114841074,-85.793667932,5.054,12/18/2019 12:00:00 AM,1321,1,1,0,2,CLOUDY,DRY,False,OTHER COLLISIONS ON SHOULDER,SINGLE VEHICLE,STRAIGHT & LEVEL,DAYLIGHT,,,12/19/2019 8:25:32 AM,False,7944,Accepted,
26074273,0568000,LOUISVILLE METRO POLICE DEPT,Accepted,JEFFERSON,I 0264,,I264 E,,,,,,,,,38.189411162,-85.773381060,9.686,12/18/2019 12:00:00 AM,0956,1,1,0,0,CLOUDY,ICE,False,OTHER COLLISIONS ON SHOULDER,SINGLE VEHICLE,CURVE & GRADE,DAYLIGHT,,,12/18/2019 2:18:23 PM,False,7840,Accepted,
26105084,0568000,LOUISVILLE METRO POLICE DEPT,Accepted,JEFFERSON,I 0071,,I71 N,,,,,,,,,38.290619823,-85.649722088,4.840,12/18/2019 12:00:00 AM,1948,2,2,0,0,CLEAR,DRY,False,SIDESWIPE COLLISION - SAME DIRECTION,SIDESWIPE-SAME DIRECTION,CURVE & LEVEL,DARK-HWY LIGHTED/ON,,,12/27/2019 7:59:01 AM,False,7786,Accepted,
26077836,0568000,LOUISVILLE METRO POLICE DEPT,Accepted,JEFFERSON,I 0065,,I65 N,,,,,,,,,38.137399904,-85.706934010,126.759,12/18/2019 12:00:00 AM,1416,2,2,0,0,CLOUDY,DRY,False,SIDESWIPE COLLISION - SAME DIRECTION,SIDESWIPE-SAME DIRECTION,STRAIGHT & LEVEL,DAYLIGHT,,,12/19/2019 8:22:44 AM,False,7839,Accepted,
26074285,0568000,LOUISVILLE METRO POLICE DEPT,Accepted,JEFFERSON,I 0264,,I264 W,,,,,,,,,38.190528363,-85.727736450,12.191,12/18/2019 12:00:00 AM,0647,2,2,0,0,CLOUDY,DRY,True,SIDESWIPE COLLISION - SAME DIRECTION,SIDESWIPE-SAME DIRECTION,STRAIGHT & LEVEL,DARK-HWY LIGHTED/ON,,,12/18/2019 2:19:29 PM,False,4656,Accepted,
26077844,0568000,LOUISVILLE METRO POLICE DEPT,Accepted,JEFFERSON,KY1065,4304,OUTER,LOOP,,,,,,,,38.138241895,-85.683196262,6.252,12/18/2019 12:00:00 AM,1603,2,2,0,0,CLEAR,DRY,False,SIDESWIPE COLLISION - SAME DIRECTION,SIDESWIPE-SAME DIRECTION,STRAIGHT & LEVEL,DAYLIGHT,,,12/19/2019 8:24:14 AM,False,7348,Accepted,
26077860,0568000,LOUISVILLE METRO POLICE DEPT,Accepted,JEFFERSON,US0031W,5340,DIXIE,HWY,,,,,,,,38.158850004,-85.833415167,12.642,12/18/2019 12:00:00 AM,2332,2,2,0,0,CLEAR,DRY,False,SIDESWIPE COLLISION - SAME DIRECTION,SIDESWIPE-SAME DIRECTION,STRAIGHT & LEVEL,DARK-HWY LIGHTED/ON,,,12/19/2019 8:26:19 AM,False,5276,Accepted,
26083093,0568000,LOUISVILLE METRO POLICE DEPT,Accepted,JEFFERSON,I 0064,,I64 W,,,,,,,,,38.222856987,-85.508819703,18.691,12/18/2019 12:00:00 AM,1845,3,3,0,0,CLEAR,DRY,False,SIDESWIPE COLLISION - SAME DIRECTION,SIDESWIPE-SAME DIRECTION,STRAIGHT & LEVEL,DARK-HWY LIGHTED/ON,,,12/20/2019 8:32:01 AM,False,6777,Accepted,
26074295,0568000,LOUISVILLE METRO POLICE DEPT,Accepted,JEFFERSON,I 0065,,,,,,,,,,,38.117628116,-85.700501290,0.517,12/18/2019 12:00:00 AM,0832,2,2,0,0,CLOUDY,DRY,False,SIDESWIPE COLLISION - SAME DIRECTION,SIDESWIPE-SAME DIRECTION,CURVE & LEVEL,DAYLIGHT,,,12/18/2019 2:20:21 PM,False,2017,Accepted,
26077839,0568000,LOUISVILLE METRO POLICE DEPT,Accepted,JEFFERSON,KY1747,,HURSTBOURNE,PKWY,S,,,KY0155,TAYLORSVILLE,KY1747,KY1747 CROSSOVER,38.215977204,-85.590559311,11.068,12/18/2019 12:00:00 AM,1812,2,2,0,0,CLOUDY,DRY,False,SIDESWIPE COLLISION - SAME DIRECTION,SIDESWIPE-SAME DIRECTION,STRAIGHT & LEVEL,DARK-HWY LIGHTED/ON,,,12/19/2019 8:23:18 AM,False,7431,Accepted,
26077846,0568000,LOUISVILLE METRO POLICE DEPT,Accepted,JEFFERSON,US0031E,1722,BARDSTOWN,RD,,,,,,,,38.229485253,-85.702687494,14.233,12/18/2019 12:00:00 AM,1721,2,2,0,0,CLEAR,DRY,False,SIDESWIPE COLLISION - SAME DIRECTION,SIDESWIPE-SAME DIRECTION,STRAIGHT & LEVEL,DAYLIGHT,,,12/19/2019 8:24:35 AM,False,7960,Accepted,
26077855,0568000,LOUISVILLE METRO POLICE DEPT,Accepted,JEFFERSON,I 0265,,I265 E,,,,,,,,,38.113007614,-85.694612817,10.641,12/18/2019 12:00:00 AM,1758,2,2,0,1,CLOUDY,DRY,False,SIDESWIPE COLLISION - SAME DIRECTION,SIDESWIPE-SAME DIRECTION,STRAIGHT & HILLCREST,DARK-HWY LIGHTED/ON,,,12/19/2019 8:25:43 AM,False,7944,Accepted,
26082996,0568000,LOUISVILLE METRO POLICE DEPT,Accepted,JEFFERSON,I 0065,,I65 N,,,,,,,,,38.132043084,-85.703853094,126.353,12/18/2019 12:00:00 AM,1337,3,3,0,0,CLOUDY,DRY,True,SIDESWIPE COLLISION - SAME DIRECTION,SIDESWIPE-SAME DIRECTION,STRAIGHT & LEVEL,DAYLIGHT,,,12/20/2019 8:20:01 AM,False,2017,Accepted,
26082962,0568000,LOUISVILLE METRO POLICE DEPT,Accepted,JEFFERSON,I 0265,,I265 N,,,,,I 0265,I265 N EXIT34 ON RAMP FROM KY22 W,I 0071,I71 N EXIT35A RAMP TO I71 N,38.311059249,-85.574860356,34.256,12/18/2019 12:00:00 AM,1740,2,2,0,0,CLOUDY,DRY,True,SIDESWIPE COLLISION - SAME DIRECTION,SIDESWIPE-SAME DIRECTION,STRAIGHT & LEVEL,DARK (UNKNOWN ROADWAY LIGHTING),,,12/20/2019 8:16:24 AM,False,6929,Accepted,
26075364,0568000,LOUISVILLE METRO POLICE DEPT,Accepted,JEFFERSON,US0031W,,DIXIE,HWY,,,,,,,,38.120845714,-85.856088684,9.716,12/18/2019 12:00:00 AM,0653,2,2,0,0,CLOUDY,DRY,False,SIDESWIPE COLLISION - SAME DIRECTION,SIDESWIPE-SAME DIRECTION,STRAIGHT & LEVEL,DARK (UNKNOWN ROADWAY LIGHTING),,,12/18/2019 5:12:14 PM,False,6326,Accepted,
26077838,0568000,LOUISVILLE METRO POLICE DEPT,Accepted,JEFFERSON,,,BARRETT,LN,,,,US0031W,DIXIE,,MONTERAY PLACE,38.102955025,-85.869560013,0.005,12/18/2019 12:00:00 AM,1804,2,2,0,0,CLOUDY,DRY,False,VEHICLE BACKING NON INTERSECTION,BACKING,STRAIGHT & LEVEL,DARK (UNKNOWN ROADWAY LIGHTING),,,12/19/2019 8:23:06 AM,False,7073,Accepted,
26075365,0568000,LOUISVILLE METRO POLICE DEPT,Accepted,JEFFERSON,,6210,STRAWBERRY,LN,,,,,,,,38.164306237,-85.756048645,0.634,12/18/2019 12:00:00 AM,1247,2,2,0,0,CLOUDY,DRY,False,VEHICLE BACKING NON INTERSECTION,BACKING,STRAIGHT & LEVEL,DAYLIGHT,,,12/18/2019 5:12:22 PM,False,6326,Accepted,
26077845,0568000,LOUISVILLE METRO POLICE DEPT,Accepted,JEFFERSON,US0031E,,BARDSTOWN,RD,,,,,DEERWOOD,,MARYLAND,38.229293910,-85.702426335,14.215,12/18/2019 12:00:00 AM,1327,2,2,0,0,CLOUDY,DRY,True,OTHER ROADWAY OR MID-BLOCK COLLISION,REAR END,STRAIGHT & LEVEL,DAYLIGHT,,,12/19/2019 8:24:22 AM,False,7960,Accepted,
26072363,0568000,LOUISVILLE METRO POLICE DEPT,Accepted,JEFFERSON,,1538,ARLING,AVE,,,,,,,,38.173513103,-85.786345864,0.220,12/18/2019 12:00:00 AM,0149,1,1,0,0,CLEAR,DRY,False,OTHER ROADWAY OR MID-BLOCK COLLISION,SINGLE VEHICLE,STRAIGHT & LEVEL,DARK-HWY LIGHTED/ON,,,12/18/2019 8:40:48 AM,False,5237,Accepted,
26077833,0568000,LOUISVILLE METRO POLICE DEPT,Accepted,JEFFERSON,,,BATES,AVE,,,,,,,,38.140237942,-85.675793937,0.634,12/18/2019 12:00:00 AM,1503,2,2,0,0,CLOUDY,DRY,False,1 VEHICLE ENTERING/LEAVING ENTRANCE,ANGLE,STRAIGHT & LEVEL,DAYLIGHT,,,12/19/2019 8:22:13 AM,False,4693,Accepted,
26074292,0568000,LOUISVILLE METRO POLICE DEPT,Accepted,JEFFERSON,KY1934,,CANE RUN,RD,,,,,,,,38.183913227,-85.855383379,7.734,12/18/2019 12:00:00 AM,0925,2,2,0,0,CLEAR,DRY,False,1 VEHICLE ENTERING/LEAVING ENTRANCE,ANGLE,STRAIGHT & LEVEL,DAWN,,,12/18/2019 2:19:46 PM,False,5250,Accepted,
26075366,0568000,LOUISVILLE METRO POLICE DEPT,Accepted,JEFFERSON,KY1865,,TAYLOR,BLVD,,,,,BLUEGRASS,,LYNNHURST,38.178890175,-85.783136818,4.981,12/18/2019 12:00:00 AM,1151,3,3,0,3,CLOUDY,DRY,False,1 VEHICLE ENTERING/LEAVING ENTRANCE,ANGLE,STRAIGHT & LEVEL,DAYLIGHT,,,12/18/2019 5:12:30 PM,False,7978,Accepted,
26075075,0560300,ST. MATTHEWS POLICE DEPARTMENT,Accepted,JEFFERSON,,6221,DUTCHMANS,LN,,,,,,,,38.230791114,-85.639395256,0.975,12/18/2019 12:00:00 AM,1500,2,2,0,0,CLOUDY,DRY,False,COLLISION IN PARKING LOT,BACKING,STRAIGHT & LEVEL,DAYLIGHT,,,12/18/2019 4:14:28 PM,False,9155,Accepted,
26077869,0568000,LOUISVILLE METRO POLICE DEPT,Accepted,JEFFERSON,US0031W,6650,DIXIE,HWY,,,,,,,,38.154195175,-85.835557198,12.322,12/18/2019 12:00:00 AM,1837,2,2,0,0,CLEAR,DRY,True,COLLISION IN PARKING LOT,ANGLE,STRAIGHT & LEVEL,DARK-HWY LIGHTED/ON,,,12/19/2019 8:26:55 AM,False,7992,Accepted,
26083020,0568000,LOUISVILLE METRO POLICE DEPT,Accepted,JEFFERSON,I 0265,,I265 E,,,,,,,,,38.119303370,-85.635331579,14.000,12/18/2019 12:00:00 AM,1700,3,3,0,0,CLEAR,DRY,False,OTHER ROADWAY OR MID-BLOCK COLLISION,REAR END,STRAIGHT & LEVEL,DUSK,,,12/20/2019 8:23:42 AM,False,8278,Accepted,
26083028,0568000,LOUISVILLE METRO POLICE DEPT,Accepted,JEFFERSON,KY1020,,2ND,ST,S,,,,MUHAMMAD ALI,,LIBERTY,38.251237659,-85.754094227,12.470,12/18/2019 12:00:00 AM,1757,2,2,0,0,CLEAR,DRY,False,OTHER ROADWAY OR MID-BLOCK COLLISION,REAR END,STRAIGHT & LEVEL,DARK (UNKNOWN ROADWAY LIGHTING),,,12/20/2019 8:24:43 AM,False,5173,Accepted,
26082953,0568000,LOUISVILLE METRO POLICE DEPT,Accepted,JEFFERSON,I 0064,,I64 E,,,,,,,,,38.258800274,-85.757753183,4.481,12/18/2019 12:00:00 AM,1825,2,2,0,0,CLEAR,DRY,False,OTHER ROADWAY OR MID-BLOCK COLLISION,REAR TO REAR,STRAIGHT & LEVEL,DARK-HWY LIGHTED/ON,,,12/20/2019 8:15:29 AM,False,6907,Accepted,
26075387,0568000,LOUISVILLE METRO POLICE DEPT,Accepted,JEFFERSON,I 0065,,,,,,,,,,,38.178364093,-85.717910586,0.068,12/18/2019 12:00:00 AM,1413,1,1,0,0,CLOUDY,DRY,False,OVERTURNED ON RAMP,SINGLE VEHICLE,STRAIGHT & LEVEL,DAYLIGHT,KY0061,I 0065,12/18/2019 5:13:32 PM,False,7451,Accepted,
26074269,0568000,LOUISVILLE METRO POLICE DEPT,Accepted,JEFFERSON,I 0064,,,,,,,,,,,38.257952464,-85.723655722,0.147,12/18/2019 12:00:00 AM,0735,2,2,0,0,CLOUDY,DRY,True,OTHER RAMP RELATED COLLISIONS NOT LISTED ABOVE,REAR END,CURVE & GRADE,DAYLIGHT,I 0064,STORY AVE,12/18/2019 2:17:36 PM,False,6907,Accepted,
26077853,0568000,LOUISVILLE METRO POLICE DEPT,Accepted,JEFFERSON,I 0064,,,,,,,,,,,38.238790271,-85.620522607,0.503,12/18/2019 12:00:00 AM,1749,2,2,0,0,CLEAR,DRY,False,OTHER RAMP RELATED COLLISIONS NOT LISTED ABOVE,REAR END,CURVE & GRADE,DARK-HWY LIGHTED/ON,I 0064,I 0264,12/19/2019 8:25:23 AM,False,7355,Accepted,
26077842,0568000,LOUISVILLE METRO POLICE DEPT,Accepted,JEFFERSON,I 0264,,,,,,,,,,,38.248694907,-85.618034530,0.628,12/18/2019 12:00:00 AM,1745,2,2,0,1,CLEAR,DRY,False,OTHER RAMP RELATED COLLISIONS NOT LISTED ABOVE,REAR END,CURVE & LEVEL,DARK-HWY LIGHTED/ON,I 0264,US0060,12/19/2019 8:23:47 AM,False,6406,Accepted,
26083019,0568000,LOUISVILLE METRO POLICE DEPT,Accepted,JEFFERSON,I 0065,,,,,,,,,,,38.157401197,-85.716388876,0.479,12/17/2019 12:00:00 AM,1624,2,2,0,0,CLEAR,DRY,False,OTHER RAMP RELATED COLLISIONS NOT LISTED ABOVE,REAR END,STRAIGHT & GRADE,DAYLIGHT,I 0065,KY1631,12/20/2019 8:23:30 AM,False,8278,Accepted,
26072325,0568000,LOUISVILLE METRO POLICE DEPT,Accepted,JEFFERSON,KY0061,530,JACKSON,ST,S,,,,,,,38.247618369,-85.745168758,12.455,12/17/2019 12:00:00 AM,1620,2,2,0,0,CLEAR,DRY,False,COLLISION IN PARKING LOT,BACKING,STRAIGHT & LEVEL,DAYLIGHT,,,12/18/2019 8:34:36 AM,False,7406,Accepted,
26072314,0568000,LOUISVILLE METRO POLICE DEPT,Accepted,JEFFERSON,KY0061,6507,PRESTON,HWY,,,,,,,,38.158773773,-85.697784251,5.498,12/17/2019 12:00:00 AM,1112,1,1,0,0,CLEAR,WET,False,OTHER ROADWAY OR MID-BLOCK COLLISION,SINGLE VEHICLE,STRAIGHT & GRADE,DAYLIGHT,,,12/18/2019 8:32:38 AM,False,5130,Accepted,
26072251,0568000,LOUISVILLE METRO POLICE DEPT,Accepted,JEFFERSON,,,TOWNE CENTER,DR,,,SPRINGHURST,,,,,38.298292764,-85.556180848,0.215,12/17/2019 12:00:00 AM,1300,2,2,0,0,CLEAR,DRY,True,COLLISION IN PARKING LOT,REAR END,STRAIGHT & LEVEL,DAYLIGHT,,,12/18/2019 8:28:26 AM,False,7631,Accepted,
26072328,0568000,LOUISVILLE METRO POLICE DEPT,Accepted,JEFFERSON,KY1747,,FERN VALLEY,RD,,,,,,,,38.155465389,-85.698684464,,12/17/2019 12:00:00 AM,1014,2,2,0,0,CLOUDY,WET,True,COLLISION IN PARKING LOT,ANGLE,STRAIGHT & LEVEL,DAYLIGHT,,,12/18/2019 8:35:18 AM,False,4693,Accepted,
26080069,0564400,INDIAN HILLS POLICE DEPARTMENT,Accepted,JEFFERSON,US0042,3900,BROWNSBORO,RD,,,,,,,,38.265929134,-85.665445997,3.914,12/17/2019 12:00:00 AM,1910,2,2,0,2,CLEAR,DRY,False,1 VEHICLE ENTERING/LEAVING ENTRANCE,ANGLE,STRAIGHT & LEVEL,DARK-HWY NOT LIGHTED,,,12/19/2019 3:48:51 PM,False,4411,Accepted,
26074280,0568000,LOUISVILLE METRO POLICE DEPT,Accepted,JEFFERSON,US0031E,,BARDSTOWN,RD,,,,,,,,38.086674806,-85.555735547,0.781,12/17/2019 12:00:00 AM,1334,3,3,0,1,CLEAR,DRY,False,1 VEHICLE ENTERING/LEAVING ENTRANCE,ANGLE,STRAIGHT & LEVEL,DAYLIGHT,,,12/18/2019 2:18:54 PM,False,4693,Accepted,
26072341,0568000,LOUISVILLE METRO POLICE DEPT,Accepted,JEFFERSON,,1941,BISHOP,LN,,,,KY1703,NEWBURG,,LEITH,38.202636327,-85.683136574,0.199,12/17/2019 12:00:00 AM,1131,6,6,0,0,CLEAR,WET,False,1 VEHICLE ENTERING/LEAVING ENTRANCE,ANGLE,STRAIGHT & LEVEL,DAYLIGHT,,,12/18/2019 8:37:14 AM,False,5269,Accepted,
26101421,0568000,LOUISVILLE METRO POLICE DEPT,Accepted,JEFFERSON,,5801,FEGENBUSH,LN,,,,,,,,38.167035623,-85.640332996,1.401,12/17/2019 12:00:00 AM,0706,2,2,0,0,SLEET HAIL FREEZING RAIN,WET,False,1 VEHICLE ENTERING/LEAVING ENTRANCE,ANGLE,STRAIGHT & LEVEL,DARK-HWY LIGHTED/OFF,,,12/26/2019 7:53:21 AM,False,7200,Accepted,
26115445,0568000,LOUISVILLE METRO POLICE DEPT,Accepted,JEFFERSON,KY1865,,TAYLOR,BLVD,,,,,,,,38.181885413,-85.783606231,5.143,12/17/2019 12:00:00 AM,1133,2,2,0,1,CLEAR,DRY,False,1 VEHICLE ENTERING/LEAVING ENTRANCE,ANGLE,STRAIGHT & LEVEL,DAYLIGHT,,,12/30/2019 9:33:52 AM,False,5232,Accepted,
26072343,0568000,LOUISVILLE METRO POLICE DEPT,Accepted,JEFFERSON,KY0864,,BEULAH CHURCH,RD,,,,,DELCOUR,KY0864,FEGENBUSH,38.136757217,-85.613603954,4.190,12/17/2019 12:00:00 AM,1811,2,2,0,0,CLEAR,DRY,False,1 VEHICLE ENTERING/LEAVING ENTRANCE,ANGLE,STRAIGHT & GRADE,DARK-HWY NOT LIGHTED,,,12/18/2019 8:37:34 AM,False,2959,Accepted,
26072329,0568000,LOUISVILLE METRO POLICE DEPT,Accepted,JEFFERSON,,,JEFFERSON,BLVD,,,,,,,,38.142469435,-85.674186856,0.314,12/17/2019 12:00:00 AM,1204,2,2,0,0,CLEAR,DRY,False,1 VEHICLE ENTERING/LEAVING ENTRANCE,ANGLE,STRAIGHT & LEVEL,DAYLIGHT,,,12/18/2019 8:35:24 AM,False,4693,Accepted,
26072245,0568000,LOUISVILLE METRO POLICE DEPT,Accepted,JEFFERSON,,,MELTON,AVE,,,,,,,,38.145790652,-85.733074832,0.245,12/17/2019 12:00:00 AM,1239,2,2,0,0,CLEAR,DRY,False,1 VEHICLE ENTERING/LEAVING ENTRANCE,ANGLE,STRAIGHT & LEVEL,DAYLIGHT,,,12/18/2019 8:27:27 AM,False,7755,Accepted,
26072359,0568000,LOUISVILLE METRO POLICE DEPT,Accepted,JEFFERSON,I 0264,,I264 W,,,,,,,,,38.190350215,-85.756567746,10.696,12/17/2019 12:00:00 AM,2017,3,3,0,1,CLEAR,DRY,False,SIDESWIPE COLLISION - SAME DIRECTION,SIDESWIPE-SAME DIRECTION,STRAIGHT & GRADE,DARK-HWY LIGHTED/ON,,,12/18/2019 8:40:13 AM,False,7786,Accepted,
26083005,0568000,LOUISVILLE METRO POLICE DEPT,Accepted,JEFFERSON,I 0071,,I71 S,,,,,,,,,38.276882984,-85.694318480,2.000,12/17/2019 12:00:00 AM,0843,2,2,0,1,SNOWING,WET,False,SIDESWIPE COLLISION - SAME DIRECTION,SIDESWIPE-SAME DIRECTION,STRAIGHT & LEVEL,DAYLIGHT,,,12/20/2019 8:21:37 AM,False,4656,Accepted,
26067285,0568000,LOUISVILLE METRO POLICE DEPT,Accepted,JEFFERSON,I 0065,,I65 N,,,,,,,,,38.179078141,-85.719703219,129.801,12/17/2019 12:00:00 AM,0649,2,2,0,0,RAINING,WET,True,SIDESWIPE COLLISION - SAME DIRECTION,SIDESWIPE-SAME DIRECTION,STRAIGHT & LEVEL,DARK-HWY LIGHTED/ON,,,12/17/2019 8:42:21 AM,False,4903,Accepted,
26144796,0568000,LOUISVILLE METRO POLICE DEPT,Accepted,JEFFERSON,US0060A,3726,LEXINGTON,RD,,,,,MACON,,WENDOVER,38.252250632,-85.659280605,10.429,12/17/2019 12:00:00 AM,1056,2,2,0,0,CLEAR,WET,True,SIDESWIPE COLLISION - SAME DIRECTION,SIDESWIPE-SAME DIRECTION,STRAIGHT & LEVEL,DAYLIGHT,,,1/6/2020 9:06:22 AM,False,7632,Accepted,
26072279,0568000,LOUISVILLE METRO POLICE DEPT,Accepted,JEFFERSON,KY1230,,CANE RUN,RD,,,,,SHERRARD,,WINSTEAD,38.132764450,-85.898032322,3.804,12/17/2019 12:00:00 AM,1110,1,1,0,0,CLOUDY,WET,False,OTHER COLLISIONS ON SHOULDER,SINGLE VEHICLE,STRAIGHT & LEVEL,DAYLIGHT,,,12/18/2019 8:31:32 AM,False,6326,Accepted,
26072242,0568000,LOUISVILLE METRO POLICE DEPT,Accepted,JEFFERSON,,211,GHEENS,AVE,,,,,,,,38.168037770,-85.765611501,0.047,12/17/2019 12:00:00 AM,1123,1,1,0,0,CLEAR,DRY,False,OTHER COLLISIONS ON SHOULDER,SINGLE VEHICLE,STRAIGHT & LEVEL,DAYLIGHT,,,12/18/2019 8:26:49 AM,False,5259,Accepted,
26072352,0568000,LOUISVILLE METRO POLICE DEPT,Accepted,JEFFERSON,,,ASHLAWN,DR,,,,,,,,38.062532428,-85.883847226,0.029,12/17/2019 12:00:00 AM,1058,2,2,0,0,CLOUDY,WET,False,HEAD-ON COLLISION,HEAD ON,CURVE & LEVEL,DAYLIGHT,,,12/18/2019 8:39:09 AM,False,7234,Accepted,
26072243,0568000,LOUISVILLE METRO POLICE DEPT,Accepted,JEFFERSON,I 0264,,I264 W,,,,,,,,,38.283537152,-85.640496377,22.411,12/17/2019 12:00:00 AM,1214,2,2,0,0,CLEAR,DRY,True,SIDESWIPE COLLISION - SAME DIRECTION,SIDESWIPE-SAME DIRECTION,STRAIGHT & LEVEL,DAYLIGHT,,,12/18/2019 8:26:58 AM,False,4903,Accepted,
26072244,0568000,LOUISVILLE METRO POLICE DEPT,Accepted,JEFFERSON,I 0065,,I65 N,,,,,,,,,38.182202038,-85.721595105,130.038,12/17/2019 12:00:00 AM,0730,3,3,0,0,SNOWING,WET,True,SIDESWIPE COLLISION - SAME DIRECTION,SIDESWIPE-SAME DIRECTION,,DAWN,,,12/18/2019 8:27:16 AM,False,7298,Accepted,
26072337,0568000,LOUISVILLE METRO POLICE DEPT,Accepted,JEFFERSON,KY1447,,WESTPORT,RD,,,,,SHELBURN PARK,,TOWNE CENTER,38.295795968,-85.554793761,6.304,12/17/2019 12:00:00 AM,1225,2,2,0,0,CLEAR,DRY,False,SIDESWIPE COLLISION - SAME DIRECTION,SIDESWIPE-SAME DIRECTION,STRAIGHT & LEVEL,DAYLIGHT,,,12/18/2019 8:36:42 AM,False,2030,Accepted,
26093595,0568000,LOUISVILLE METRO POLICE DEPT,Accepted,JEFFERSON,I 0265,,I265 N,,,,,,,,,38.301987052,-85.555258763,33.014,12/17/2019 12:00:00 AM,0850,2,2,0,0,SNOWING,WET,False,REAR END IN TRAFFIC LANES BOTH VEHICLES MOVING,REAR END,STRAIGHT & LEVEL,DAYLIGHT,,,12/23/2019 8:39:06 AM,False,7615,Accepted,
26072240,0568000,LOUISVILLE METRO POLICE DEPT,Accepted,JEFFERSON,I 0265,,I265 S,,,,,I 0265,I265 S EXIT27 ON RAMP FROM US60,I 0064,I265 S EXIT25B RAMP TO I64 W,38.230826053,-85.504970173,26.006,12/17/2019 12:00:00 AM,0924,2,2,0,0,SNOWING,WET,False,REAR END IN TRAFFIC LANES BOTH VEHICLES MOVING,REAR END,STRAIGHT & LEVEL,DAYLIGHT,,,12/18/2019 8:26:31 AM,False,7840,Accepted,
26105037,0568000,LOUISVILLE METRO POLICE DEPT,Accepted,JEFFERSON,,,SMYRNA,PKWY,,,,,,,,38.120943633,-85.643303405,1.175,12/17/2019 12:00:00 AM,1827,3,3,0,0,CLEAR,DRY,False,REAR END IN TRAFFIC LANES BOTH VEHICLES MOVING,REAR END,STRAIGHT & LEVEL,DARK-HWY NOT LIGHTED,,,12/27/2019 7:53:03 AM,False,7573,Accepted,
26072358,0568000,LOUISVILLE METRO POLICE DEPT,Accepted,JEFFERSON,,8409,HURSTBOURNE WOODS,PL,,,,,,,,38.189474783,-85.601749233,0.072,12/17/2019 12:00:00 AM,2320,2,2,0,0,CLEAR,DRY,True,1 VEHICLE PARKED POSITION (NOT PARKING LOT/DRIVEWAY),BACKING,STRAIGHT & LEVEL,DARK-HWY LIGHTED/OFF,,,12/18/2019 8:40:06 AM,False,5207,Accepted,
26072331,0568000,LOUISVILLE METRO POLICE DEPT,Accepted,JEFFERSON,,760,HANCOCK,ST,S,,,,,,,38.242843373,-85.743949926,0.847,12/17/2019 12:00:00 AM,0945,2,2,0,0,CLEAR,WET,True,1 VEHICLE PARKED POSITION (NOT PARKING LOT/DRIVEWAY),SIDESWIPE-SAME DIRECTION,STRAIGHT & LEVEL,DAYLIGHT,,,12/18/2019 8:35:41 AM,False,5289,Accepted,
26072332,0568000,LOUISVILLE METRO POLICE DEPT,Accepted,JEFFERSON,KY0061,,LYNN,ST,,,,KY0061,PRESTON,,SHELBY,38.217642634,-85.745394106,10.431,12/17/2019 12:00:00 AM,1012,2,2,0,0,CLOUDY,WET,False,1 VEHICLE PARKED POSITION (NOT PARKING LOT/DRIVEWAY),REAR END,STRAIGHT & LEVEL,DAYLIGHT,,,12/18/2019 8:35:52 AM,False,5289,Accepted,
26072340,0568000,LOUISVILLE METRO POLICE DEPT,Accepted,JEFFERSON,,201,PETERSON,AVE,S,,,,GEORGE ROGERS CLARK,US0060,FRANKFORT,38.253618113,-85.697979857,0.026,12/17/2019 12:00:00 AM,1240,2,2,0,0,CLEAR,DRY,True,1 VEHICLE PARKED POSITION (NOT PARKING LOT/DRIVEWAY),SIDESWIPE-SAME DIRECTION,STRAIGHT & LEVEL,DAYLIGHT,,,12/18/2019 8:37:07 AM,False,2413,Accepted,
26072248,0568000,LOUISVILLE METRO POLICE DEPT,Accepted,JEFFERSON,,10316,WAYCROSS,AVE,,,,,,,,38.099595044,-85.653794560,0.031,12/17/2019 12:00:00 AM,1310,2,2,0,0,CLEAR,DRY,True,1 VEHICLE PARKED POSITION (NOT PARKING LOT/DRIVEWAY),SIDESWIPE-SAME DIRECTION,STRAIGHT & LEVEL,DAYLIGHT,,,12/18/2019 8:27:58 AM,False,7989,Accepted,
26072347,0568000,LOUISVILLE METRO POLICE DEPT,Accepted,JEFFERSON,US0031E,,BARDSTOWN,RD,,,,,,,,38.210498069,-85.670809340,11.994,12/17/2019 12:00:00 AM,0637,2,2,0,0,RAINING,WET,False,REAR END IN TRAFFIC LANES BOTH VEHICLES MOVING,REAR END,STRAIGHT & LEVEL,DARK-HWY LIGHTED/ON,,,12/18/2019 8:38:20 AM,False,2976,Accepted,