IncidentID,AgencyORI,AgencyName,IncidentStatusDesc,County,RdwyNumber,Street,RoadwayName,StreetSfx,StreetDir,IntersectionRdwy,IntersectionRdwyName,BetweenStRdwy1,BetweenStRdwyName1,BetweenStRdwy2,BetweenStRdwyName2,Latitude,Longitude,Milepoint,CollisionDate,CollisionTime,UnitsInvolved,MotorVehiclesInvolved,NumberKilled,NumberInjured,Weather,RdwyConditionCode,HitandRun,DirAnalysisCode,MannerofCollision,RdwyCharacter,LightCondition,RampFromRdwyId,RampToRdwyId,AcceptedDate,IsSecondaryCollision,OwnerBadge,IncidentStatus,
26072357,0568000,LOUISVILLE METRO POLICE DEPT,Accepted,JEFFERSON,US0031W,10011,DIXIE,HWY,,,,,,,,38.109737861,-85.865322478,8.798,12/17/2019 12:00:00 AM,2220,3,2,0,0,CLEAR,DRY,True,REAR END IN TRAFFIC LANES BOTH VEHICLES MOVING,REAR END,STRAIGHT & LEVEL,DARK-HWY NOT LIGHTED,,,12/18/2019 8:39:56 AM,False,7264,Accepted,
26072336,0568000,LOUISVILLE METRO POLICE DEPT,Accepted,JEFFERSON,KY1447,,WESTPORT,RD,,,,,SHELBURN PARK,,TOWNE CENTER,38.295883473,-85.554558752,6.318,12/17/2019 12:00:00 AM,0845,2,2,0,0,SNOWING,WET,False,REAR END IN TRAFFIC LANES BOTH VEHICLES MOVING,REAR END,STRAIGHT & LEVEL,DAYLIGHT,,,12/18/2019 8:36:29 AM,False,2030,Accepted,
26072235,0568000,LOUISVILLE METRO POLICE DEPT,Accepted,JEFFERSON,I 0064,,I64 E,,,,,,,,,38.249363033,-85.708153269,7.633,12/17/2019 12:00:00 AM,0815,2,2,0,0,SNOWING,WET,False,REAR END IN TRAFFIC LANES BOTH VEHICLES MOVING,REAR END,STRAIGHT & LEVEL,DAYLIGHT,,,12/18/2019 8:25:54 AM,False,4903,Accepted,
26072267,0568000,LOUISVILLE METRO POLICE DEPT,Accepted,JEFFERSON,KY0907,,VALLEY STATION,RD,,,,,MILLERS,,AMRONA,38.105945753,-85.851383662,0.879,12/17/2019 12:00:00 AM,0754,1,1,0,0,SNOWING,WET,False,RAN OFF ROADWAY (1 VEHICLE WITH/EARTH EMBANKMENT/DITCH),SINGLE VEHICLE,STRAIGHT & LEVEL,DAYLIGHT,,,12/18/2019 8:30:57 AM,False,6326,Accepted,
26072321,0568000,LOUISVILLE METRO POLICE DEPT,Accepted,JEFFERSON,,,2ND,ST,S,,,,WOODLAWN,,WELLINGTON,38.182265048,-85.764520614,0.949,12/17/2019 12:00:00 AM,1333,2,2,0,0,CLEAR,DRY,False,1 VEHICLE PARKED POSITION (NOT PARKING LOT/DRIVEWAY),SIDESWIPE-SAME DIRECTION,STRAIGHT & LEVEL,DAYLIGHT,,,12/18/2019 8:34:05 AM,False,2499,Accepted,
26072241,0568000,LOUISVILLE METRO POLICE DEPT,Accepted,JEFFERSON,I 0064,,I64 E,,,,,,,,,38.230498253,-85.601558777,13.733,12/17/2019 12:00:00 AM,1047,1,1,0,0,CLOUDY,WET,False,COLLISION WITH FIXED OBJECT NON - INTERSECTION - FIRST EVENT COLLISION 09 - 32 EXCLUDING 16,SINGLE VEHICLE,STRAIGHT & LEVEL,DAYLIGHT,,,12/18/2019 8:26:42 AM,False,4903,Accepted,
26072353,0568000,LOUISVILLE METRO POLICE DEPT,Accepted,JEFFERSON,,,ROYAL OAK,DR,,,,,,,,38.122680129,-85.814666688,0.292,12/17/2019 12:00:00 AM,1630,1,1,0,0,CLOUDY,DRY,False,COLLISION WITH FIXED OBJECT NON - INTERSECTION - FIRST EVENT COLLISION 09 - 32 EXCLUDING 16,SINGLE VEHICLE,CURVE & GRADE,DAYLIGHT,,,12/18/2019 8:39:17 AM,False,7234,Accepted,
26072345,0568000,LOUISVILLE METRO POLICE DEPT,Accepted,JEFFERSON,,2702,WOODLAND,AVE,,,,,,,,38.233932089,-85.799648220,0.508,12/17/2019 12:00:00 AM,0956,2,2,0,0,CLOUDY,WET,True,1 VEHICLE PARKED POSITION (NOT PARKING LOT/DRIVEWAY),SIDESWIPE-SAME DIRECTION,STRAIGHT & LEVEL,DAYLIGHT,,,12/18/2019 8:37:58 AM,False,7387,Accepted,
26074266,0568000,LOUISVILLE METRO POLICE DEPT,Accepted,JEFFERSON,KY1450,8710,BLUE LICK,RD,,,,,,,,38.122917946,-85.689552207,2.565,12/17/2019 12:00:00 AM,1930,2,1,0,0,CLEAR,DRY,True,COLLISION WITH PEDESTRIAN NON - INTERSECTION,SINGLE VEHICLE,STRAIGHT & LEVEL,DARK-HWY NOT LIGHTED,,,12/18/2019 2:16:47 PM,False,5182,Accepted,
26072351,0568000,LOUISVILLE METRO POLICE DEPT,Accepted,JEFFERSON,,,WARNOCK,ST,,I 0065,I65 N EXIT133 OFF RAMP TO  WARNOCK ST,,,,,38.214289822,-85.752111465,0.198,12/17/2019 12:00:00 AM,2023,3,3,0,0,CLOUDY,DRY,True,OTHER INTERSECTION COLLISIONS,REAR END,STRAIGHT & LEVEL,DARK-HWY LIGHTED/ON,,,12/18/2019 8:38:57 AM,False,5037,Accepted,
26072346,0568000,LOUISVILLE METRO POLICE DEPT,Accepted,JEFFERSON,,,STONY BROOK,DR,,KY1747,HURSTBOURNE,,,,,38.171203576,-85.604495011,0.008,12/17/2019 12:00:00 AM,1853,2,2,0,0,CLEAR,DRY,False,OTHER INTERSECTION COLLISIONS,REAR END,STRAIGHT & GRADE,DARK-HWY LIGHTED/ON,,,12/18/2019 8:38:07 AM,False,5262,Accepted,
26072234,0568000,LOUISVILLE METRO POLICE DEPT,Accepted,JEFFERSON,KY0022,,BROWNSBORO,RD,,,NORTON HEALTHCARE,,,,,38.311037464,-85.570399929,4.279,12/17/2019 12:00:00 AM,0800,2,2,0,0,SNOWING,WET,False,OTHER INTERSECTION COLLISIONS,REAR END,STRAIGHT & LEVEL,DAYLIGHT,,,12/18/2019 8:25:45 AM,False,7631,Accepted,
26072327,0568000,LOUISVILLE METRO POLICE DEPT,Accepted,JEFFERSON,US0031E,,BARDSTOWN,RD,,,RICHLAND,,,,,38.189960178,-85.642842136,9.802,12/17/2019 12:00:00 AM,1503,3,3,0,2,CLEAR,DRY,False,OTHER INTERSECTION COLLISIONS,REAR END,STRAIGHT & LEVEL,DAYLIGHT,,,12/18/2019 8:35:04 AM,False,7307,Accepted,
26072338,0568000,LOUISVILLE METRO POLICE DEPT,Accepted,JEFFERSON,KY1747,,HURSTBOURNE,PKWY,N,,HOUNZ LN CONN,,,,,38.281336778,-85.566752066,16.506,12/17/2019 12:00:00 AM,1630,2,2,0,0,CLEAR,DRY,False,OTHER INTERSECTION COLLISIONS,REAR END,STRAIGHT & LEVEL,DAYLIGHT,,,12/18/2019 8:36:51 AM,False,2030,Accepted,
26093705,0568000,LOUISVILLE METRO POLICE DEPT,Accepted,JEFFERSON,,,BRECKINRIDGE,ST,E,,BROOK,,,,,38.241186002,-85.752499781,1.509,12/17/2019 12:00:00 AM,0745,2,2,0,0,SNOWING,SNOW/SLUSH,False,SIDESWIPE-SAME DIRECTION,SIDESWIPE-SAME DIRECTION,STRAIGHT & LEVEL,DAWN,,,12/23/2019 8:47:58 AM,False,7296,Accepted,
26074294,0568000,LOUISVILLE METRO POLICE DEPT,Accepted,JEFFERSON,US0031E,,BARDSTOWN,RD,,KY1747,HURSTBOURNE,,,,,38.168894815,-85.604947923,7.238,12/17/2019 12:00:00 AM,0726,2,2,0,0,SNOWING,WET,True,SIDESWIPE-SAME DIRECTION,SIDESWIPE-SAME DIRECTION,STRAIGHT & LEVEL,DAWN,,,12/18/2019 2:20:10 PM,False,2017,Accepted,
26159556,0568000,LOUISVILLE METRO POLICE DEPT,Accepted,JEFFERSON,,,BROOK,ST,S,US0150,BROADWAY,,,,,38.245656081,-85.751723855,2.855,12/17/2019 12:00:00 AM,1556,2,2,0,0,CLEAR,DRY,True,OTHER INTERSECTION COLLISIONS,REAR END,STRAIGHT & LEVEL,DAYLIGHT,,,1/8/2020 3:06:04 PM,False,5265,Accepted,
26093674,0568000,LOUISVILLE METRO POLICE DEPT,Accepted,JEFFERSON,KY1020,,SOUTHSIDE,DR,,,THALIA,,,,,38.158187744,-85.764727088,6.085,12/17/2019 12:00:00 AM,1854,2,2,0,0,CLEAR,DRY,False,OTHER INTERSECTION COLLISIONS,REAR END,STRAIGHT & LEVEL,DARK-HWY LIGHTED/ON,,,12/23/2019 8:45:21 AM,False,7649,Accepted,
26072266,0568000,LOUISVILLE METRO POLICE DEPT,Accepted,JEFFERSON,KY1865,,NEW CUT,RD,,,SOUTHERN,,,,,38.169818724,-85.781233058,4.343,12/17/2019 12:00:00 AM,0700,2,2,0,0,SNOWING,WET,False,OTHER INTERSECTION COLLISIONS,REAR END,STRAIGHT & LEVEL,DAYLIGHT,,,12/18/2019 8:30:46 AM,False,6326,Accepted,
26072334,0568000,LOUISVILLE METRO POLICE DEPT,Accepted,JEFFERSON,KY0155,,TAYLORSVILLE,RD,,,POPE LICK,,,,,38.190853819,-85.486902578,4.871,12/17/2019 12:00:00 AM,0858,2,2,0,0,SNOWING,WET,False,OTHER INTERSECTION COLLISIONS,REAR END,STRAIGHT & GRADE,DAYLIGHT,,,12/18/2019 8:36:09 AM,False,5262,Accepted,
26067284,0568000,LOUISVILLE METRO POLICE DEPT,Accepted,JEFFERSON,,,FEGENBUSH,LN,,,WOODHAVEN PLACE,,,,,38.168661476,-85.640169720,1.287,12/17/2019 12:00:00 AM,0707,2,2,0,0,CLEAR,WET,False,OTHER INTERSECTION COLLISIONS,REAR END,STRAIGHT & LEVEL,DARK-HWY LIGHTED/ON,,,12/17/2019 8:42:17 AM,False,5207,Accepted,
26072339,0568000,LOUISVILLE METRO POLICE DEPT,Accepted,JEFFERSON,KY1703,,NEWBURG,RD,,,MEADOWCREEK,,,,,38.198924142,-85.683495885,1.887,12/17/2019 12:00:00 AM,1059,2,2,0,0,CLOUDY,WET,False,OTHER INTERSECTION COLLISIONS,REAR END,STRAIGHT & LEVEL,DAYLIGHT,,,12/18/2019 8:37:00 AM,False,5269,Accepted,
26072342,0568000,LOUISVILLE METRO POLICE DEPT,Accepted,JEFFERSON,KY1065,,OUTER,LOOP,,,CAROL,,,,,38.138193075,-85.684707476,6.155,12/17/2019 12:00:00 AM,1452,4,4,0,2,CLEAR,DRY,False,OTHER INTERSECTION COLLISIONS,REAR END,STRAIGHT & LEVEL,DAYLIGHT,,,12/18/2019 8:37:26 AM,False,5026,Accepted,
26115062,0568000,LOUISVILLE METRO POLICE DEPT,Accepted,JEFFERSON,KY2052,,SHEPHERDSVILLE,RD,,,BUECHEL BANK,,,,,38.178747832,-85.659315089,2.770,12/17/2019 12:00:00 AM,0921,2,2,0,1,SNOWING,WET,False,OTHER INTERSECTION COLLISIONS,REAR END,STRAIGHT & LEVEL,DAYLIGHT,,,12/30/2019 8:36:55 AM,False,5119,Accepted,
26072322,0568000,LOUISVILLE METRO POLICE DEPT,Accepted,JEFFERSON,,,FEATHERBELL,BLVD,,KY1694,BROWNSBORO,,,,,38.322825401,-85.561417062,1.024,12/17/2019 12:00:00 AM,1607,2,2,0,0,CLEAR,DRY,False,REAR END - ONE VEHICLE TURNING RIGHT,REAR END,STRAIGHT & LEVEL,DAYLIGHT,,,12/18/2019 8:34:15 AM,False,2346,Accepted,
26072326,0568000,LOUISVILLE METRO POLICE DEPT,Accepted,JEFFERSON,,,MURPHY,LN,,KY1447,WESTPORT,,,,,38.302171187,-85.532685393,0.012,12/17/2019 12:00:00 AM,1624,2,2,0,0,CLEAR,DRY,False,REAR END - ONE VEHICLE TURNING RIGHT,REAR END,STRAIGHT & LEVEL,DAYLIGHT,,,12/18/2019 8:34:51 AM,False,2346,Accepted,
26072236,0568000,LOUISVILLE METRO POLICE DEPT,Accepted,JEFFERSON,,,ANTLE,DR,,KY0061,PRESTON,,,,,38.087513045,-85.667892428,0.144,12/17/2019 12:00:00 AM,0808,2,2,0,0,SNOWING,WET,False,OPPOSITE DIRECTION - BOTH VEHICLES GOING STRAIGHT AHEAD,SIDESWIPE-OPPOSITE DIRECTION,STRAIGHT & LEVEL,DAYLIGHT,,,12/18/2019 8:26:05 AM,False,7989,Accepted,
26072365,0568000,LOUISVILLE METRO POLICE DEPT,Accepted,JEFFERSON,,,NORTON COMMONS,BLVD,,,MEETING,,,,,38.324850039,-85.566245665,0.350,12/17/2019 12:00:00 AM,1903,2,2,0,0,CLEAR,DRY,False,ANGLE COLLISION - OTHER,ANGLE,STRAIGHT & LEVEL,DARK-HWY LIGHTED/ON,,,12/18/2019 8:41:09 AM,False,7159,Accepted,
26072307,0568000,LOUISVILLE METRO POLICE DEPT,Accepted,JEFFERSON,KY1931,,GREENWOOD,RD,,KY1934,GREENBELT,,,,,38.146923339,-85.886338757,0.538,12/17/2019 12:00:00 AM,1224,2,2,0,1,CLEAR,DRY,False,ANGLE COLLISION - OTHER,ANGLE,STRAIGHT & LEVEL,DAYLIGHT,,,12/18/2019 8:32:00 AM,False,6326,Accepted,
26072315,0568000,LOUISVILLE METRO POLICE DEPT,Accepted,JEFFERSON,,,HARRISON,AVE,,KY0061,PRESTON,,,,,38.213507658,-85.742104850,0.303,12/17/2019 12:00:00 AM,1200,2,2,0,0,CLEAR,DRY,False,ANGLE COLLISION - OTHER,ANGLE,STRAIGHT & GRADE,DAYLIGHT,,,12/18/2019 8:33:01 AM,False,5130,Accepted,
26093706,0568000,LOUISVILLE METRO POLICE DEPT,Accepted,JEFFERSON,,,ADAMS,ST,,,QUINCY,,,,,38.258715488,-85.726085049,0.110,12/17/2019 12:00:00 AM,1600,2,2,0,0,CLEAR,DRY,False,ANGLE COLLISION - OTHER,ANGLE,CURVE & GRADE,DAYLIGHT,,,12/23/2019 8:48:08 AM,False,7058,Accepted,
26072348,0568000,LOUISVILLE METRO POLICE DEPT,Accepted,JEFFERSON,,,38TH,ST,S,,MAIN,,,,,38.263201693,-85.811614879,0.003,12/17/2019 12:00:00 AM,2015,2,2,0,4,CLEAR,DRY,False,ANGLE COLLISION - OTHER,ANGLE,STRAIGHT & LEVEL,DARK-HWY LIGHTED/ON,,,12/18/2019 8:38:32 AM,False,7349,Accepted,
26072344,0568000,LOUISVILLE METRO POLICE DEPT,Accepted,JEFFERSON,US0031W,,DR W J HODGE,ST,,,HOWARD,,,,,38.245478255,-85.787191019,19.391,12/17/2019 12:00:00 AM,0903,2,2,0,0,CLOUDY,WET,False,ANGLE COLLISION - OTHER,ANGLE,STRAIGHT & LEVEL,DAYLIGHT,,,12/18/2019 8:37:46 AM,False,7387,Accepted,
26159549,0568000,LOUISVILLE METRO POLICE DEPT,Accepted,JEFFERSON,,,CLAY,ST,S,,JACOB,,,,,38.242994550,-85.741864426,0.837,12/17/2019 12:00:00 AM,1336,2,2,0,2,CLEAR,DRY,False,ANGLE COLLISION - OTHER,ANGLE,STRAIGHT & LEVEL,DAYLIGHT,,,1/8/2020 3:05:50 PM,False,5265,Accepted,
26067281,0568000,LOUISVILLE METRO POLICE DEPT,Accepted,JEFFERSON,,,MUD,LN,,,ANTLE,,,,,38.088313346,-85.670042641,0.437,12/17/2019 12:00:00 AM,0314,1,1,0,0,RAINING,WET,False,COLLISION WITH FIXED OBJECT IN INTERSECTION - FIRST EVENT COLLISION 09 - 32,SINGLE VEHICLE,CURVE & LEVEL,DARK-HWY LIGHTED/ON,,,12/17/2019 8:41:54 AM,False,7474,Accepted,
26072362,0568000,LOUISVILLE METRO POLICE DEPT,Accepted,JEFFERSON,I 0264,,I264 E,,,I 0264,I264 E EXIT10 OFF RAMP TO KY1020,,,,,38.189605509,-85.771445852,9.793,12/17/2019 12:00:00 AM,2131,1,1,0,0,CLEAR,DRY,False,COLLISION WITH FIXED OBJECT IN INTERSECTION - FIRST EVENT COLLISION 09 - 32,SINGLE VEHICLE,STRAIGHT & LEVEL,DARK-HWY LIGHTED/ON,,,12/18/2019 8:40:38 AM,False,7243,Accepted,
26072249,0568000,LOUISVILLE METRO POLICE DEPT,Accepted,JEFFERSON,US0031E,,MARKET,ST,W,US0031W,2ND,,,,,38.254871778,-85.753544084,17.789,12/17/2019 12:00:00 AM,1148,2,2,0,0,CLEAR,DRY,False,ANGLE COLLISION - ONE VEHICLE TURNING LEFT,ANGLE,STRAIGHT & LEVEL,DAYLIGHT,,,12/18/2019 8:28:05 AM,False,5124,Accepted,
26072330,0568000,LOUISVILLE METRO POLICE DEPT,Accepted,JEFFERSON,KY1747,,FERN VALLEY,RD,,,JEFFERSON,,,,,38.156697538,-85.671528683,3.334,12/17/2019 12:00:00 AM,1131,2,2,0,0,CLOUDY,DRY,False,ANGLE COLLISION - ONE VEHICLE TURNING LEFT,ANGLE,STRAIGHT & LEVEL,DAYLIGHT,,,12/18/2019 8:35:32 AM,False,4693,Accepted,
26072349,0568000,LOUISVILLE METRO POLICE DEPT,Accepted,JEFFERSON,KY0061,,PRESTON,HWY,,,GILMORE,,,,,38.174659108,-85.712731215,6.880,12/17/2019 12:00:00 AM,0900,2,2,0,0,CLEAR,DRY,False,ANGLE COLLISION - ONE VEHICLE TURNING LEFT,ANGLE,STRAIGHT & LEVEL,DAWN,,,12/18/2019 8:38:47 AM,False,5144,Accepted,
26072259,0568000,LOUISVILLE METRO POLICE DEPT,Accepted,JEFFERSON,,,ST CATHERINE,ST,W,,1ST,,,,,38.236875577,-85.754925524,,12/17/2019 12:00:00 AM,1117,2,2,0,0,CLOUDY,WET,False,ANGLE COLLISION - OTHER,ANGLE,STRAIGHT & LEVEL,DAYLIGHT,,,12/18/2019 8:29:44 AM,False,7619,Accepted,
26072268,0568000,LOUISVILLE METRO POLICE DEPT,Accepted,JEFFERSON,US0031W,,DIXIE,HWY,,,BONNYVILLE,,,,,38.166959606,-85.829249331,13.183,12/17/2019 12:00:00 AM,0950,2,2,0,0,CLOUDY,WET,False,ANGLE COLLISION - OTHER,ANGLE,STRAIGHT & LEVEL,DAYLIGHT,,,12/18/2019 8:31:07 AM,False,6326,Accepted,
26067212,0568000,LOUISVILLE METRO POLICE DEPT,Accepted,JEFFERSON,,,JEANINE,DR,,,GLEN VALLEY,,,,,38.160657253,-85.688343728,0.207,12/16/2019 12:00:00 AM,1600,2,2,0,0,RAINING,WET,False,ANGLE COLLISION - OTHER,ANGLE,STRAIGHT & GRADE,DAYLIGHT,,,12/17/2019 8:34:43 AM,False,5130,Accepted,
26067215,0568000,LOUISVILLE METRO POLICE DEPT,Accepted,JEFFERSON,,,SHEPHERDSVILLE,RD,,,COOPER,,,,,38.121510877,-85.667702486,1.355,12/16/2019 12:00:00 AM,1509,2,2,0,0,RAINING,WET,False,ANGLE COLLISION - OTHER,ANGLE,STRAIGHT & LEVEL,DAYLIGHT,,,12/17/2019 8:35:08 AM,False,4693,Accepted,
26067230,0568000,LOUISVILLE METRO POLICE DEPT,Accepted,JEFFERSON,,,SMYRNA,PKWY,,I 0265,I265 E EXIT14 ON RAMP FROM  COOPER CHAPEL RD,,,,,38.116992137,-85.643612955,1.447,12/16/2019 12:00:00 AM,0747,2,2,0,0,CLOUDY,DRY,False,ANGLE COLLISION - OTHER,ANGLE,STRAIGHT & LEVEL,DARK (UNKNOWN ROADWAY LIGHTING),,,12/17/2019 8:36:43 AM,False,7442,Accepted,
26067254,0568000,LOUISVILLE METRO POLICE DEPT,Accepted,JEFFERSON,KY1631,,CRITTENDEN,DR,,,PHILLIPS,,,,,38.192278568,-85.750903929,0.302,12/16/2019 12:00:00 AM,1841,2,2,0,1,RAINING,WET,False,ANGLE COLLISION - OTHER,ANGLE,STRAIGHT & LEVEL,DARK-HWY LIGHTED/ON,,,12/17/2019 8:38:50 AM,False,5287,Accepted,
26063023,0568000,LOUISVILLE METRO POLICE DEPT,Accepted,JEFFERSON,KY1747,,HURSTBOURNE,PKWY,N,,EDEN,,,,,38.248165154,-85.577586525,13.632,12/16/2019 12:00:00 AM,0551,1,1,0,0,CLEAR,WET,False,COLLISION WITH FIXED OBJECT IN INTERSECTION - FIRST EVENT COLLISION 09 - 32,SINGLE VEHICLE,STRAIGHT & LEVEL,DARK-HWY LIGHTED/ON,,,12/16/2019 11:07:27 AM,False,7355,Accepted,
26067280,0568000,LOUISVILLE METRO POLICE DEPT,Accepted,JEFFERSON,,,MT HOLLY,AVE,,,BILJANA,,,,,38.259090347,-85.702904013,0.047,12/16/2019 12:00:00 AM,1905,1,1,0,0,RAINING,WET,False,COLLISION WITH FIXED OBJECT IN INTERSECTION - FIRST EVENT COLLISION 09 - 32,SINGLE VEHICLE,CURVE & GRADE,DARK-HWY LIGHTED/ON,,,12/17/2019 8:41:47 AM,False,5029,Accepted,
26105102,0568000,LOUISVILLE METRO POLICE DEPT,Accepted,JEFFERSON,US0031E,,BARDSTOWN,RD,,,CREWS,,,,,38.180548769,-85.625695670,8.612,12/16/2019 12:00:00 AM,1749,1,1,0,1,RAINING,WET,False,COLLISION WITH FIXED OBJECT IN INTERSECTION - FIRST EVENT COLLISION 09 - 32,SINGLE VEHICLE,STRAIGHT & LEVEL,DARK-HWY LIGHTED/ON,,,12/27/2019 8:00:03 AM,False,2142,Accepted,
26067270,0568000,LOUISVILLE METRO POLICE DEPT,Accepted,JEFFERSON,US0031E,,BARDSTOWN,RD,,,HEATHER,,,,,38.205756273,-85.666606500,11.559,12/16/2019 12:00:00 AM,0640,2,1,0,0,RAINING,WET,False,COLLISION WITH PEDESTRIAN IN INTERSECTION,SINGLE VEHICLE,STRAIGHT & LEVEL,DARK-HWY LIGHTED/ON,,,12/17/2019 8:40:09 AM,False,5117,Accepted,
26072333,0568000,LOUISVILLE METRO POLICE DEPT,Accepted,JEFFERSON,,,TUCKER STATION,RD,,,TYLER WOODS,,,,,38.188356732,-85.523859701,4.428,12/16/2019 12:00:00 AM,1824,2,1,0,1,RAINING,WET,False,COLLISION WITH PEDESTRIAN IN INTERSECTION,SINGLE VEHICLE,STRAIGHT & LEVEL,DARK-HWY NOT LIGHTED,,,12/18/2019 8:36:00 AM,False,5262,Accepted,
26067248,0568000,LOUISVILLE METRO POLICE DEPT,Accepted,JEFFERSON,,,FLOYD,ST,S,US0031E,MARKET,,,,,38.254282370,-85.748131248,0.097,12/16/2019 12:00:00 AM,1800,2,1,0,0,RAINING,WET,False,COLLISION WITH PEDESTRIAN IN INTERSECTION,SINGLE VEHICLE,STRAIGHT & LEVEL,DARK (UNKNOWN ROADWAY LIGHTING),,,12/17/2019 8:38:23 AM,False,5124,Accepted,
26072264,0568000,LOUISVILLE METRO POLICE DEPT,Accepted,JEFFERSON,KY1934,,GREENBELT,HWY,,,ASHBY,,,,,38.110770405,-85.894272023,1.904,12/16/2019 12:00:00 AM,0731,2,2,0,0,CLOUDY,WET,False,ANGLE COLLISION - OTHER,ANGLE,STRAIGHT & LEVEL,DAYLIGHT,,,12/18/2019 8:30:16 AM,False,6326,Accepted,
26068181,0563800,NORTHFIELD POLICE DEPARTMENT,Accepted,JEFFERSON,,,LIME KILN,LN,,,GLEN HILL,,,,,38.296852357,-85.635704895,1.009,12/16/2019 12:00:00 AM,1745,2,2,0,1,RAINING,WET,False,ANGLE COLLISION - OTHER,ANGLE,STRAIGHT & LEVEL,DARK-HWY NOT LIGHTED,,,12/17/2019 11:27:55 AM,False,1375,Accepted,
26093749,0568000,LOUISVILLE METRO POLICE DEPT,Accepted,JEFFERSON,,,HIKES,LN,,KY2251,BARDSTOWN,,,,,38.199091950,-85.659829182,0.856,12/16/2019 12:00:00 AM,2248,2,2,0,0,SLEET HAIL FREEZING RAIN,WET,False,ANGLE COLLISION - OTHER,ANGLE,STRAIGHT & LEVEL,DARK-HWY LIGHTED/ON,,,12/23/2019 8:51:51 AM,False,7200,Accepted,
26067259,0568000,LOUISVILLE METRO POLICE DEPT,Accepted,JEFFERSON,KY1932,,BRECKENRIDGE,LN,,,ORCHARD LAKE,,,,,38.191210680,-85.625725138,0.687,12/16/2019 12:00:00 AM,1821,2,2,0,2,RAINING,WET,False,ANGLE COLLISION - OTHER,ANGLE,STRAIGHT & LEVEL,DARK (UNKNOWN ROADWAY LIGHTING),,,12/17/2019 8:39:14 AM,False,6100,Accepted,
26082993,0568000,LOUISVILLE METRO POLICE DEPT,Accepted,JEFFERSON,,,ST CATHERINE,ST,W,KY1020,2ND,,,,,38.237037314,-85.756500122,0.086,12/16/2019 12:00:00 AM,1139,2,2,0,1,RAINING,WET,False,ANGLE COLLISION - OTHER,ANGLE,STRAIGHT & LEVEL,DAYLIGHT,,,12/20/2019 8:19:43 AM,False,7720,Accepted,
26093848,0568000,LOUISVILLE METRO POLICE DEPT,Accepted,JEFFERSON,KY1934,,CANE RUN,RD,,,POPLAR VIEW,,,,,38.185403997,-85.853543452,7.872,12/16/2019 12:00:00 AM,0710,2,2,0,0,CLOUDY,DRY,False,ANGLE COLLISION - OTHER,ANGLE,STRAIGHT & LEVEL,DAWN,,,12/23/2019 8:55:38 AM,False,7467,Accepted,
26067194,0568000,LOUISVILLE METRO POLICE DEPT,Accepted,JEFFERSON,I 0265,,I265 S,,,I 0071,I71 N EXIT9A RAMP TO I265 E,,,,,38.312366897,-85.577700048,34.417,12/16/2019 12:00:00 AM,1445,2,2,0,1,RAINING,WET,False,ANGLE COLLISION - OTHER,ANGLE,STRAIGHT & LEVEL,DAYLIGHT,,,12/17/2019 8:32:53 AM,False,7631,Accepted,
26064803,0568000,LOUISVILLE METRO POLICE DEPT,Accepted,JEFFERSON,,,FAIRGROUND,RD,,,HUDSON,,,,,38.168720653,-85.585135947,0.969,12/16/2019 12:00:00 AM,1206,2,2,0,1,CLOUDY,WET,False,ANGLE COLLISION - OTHER,ANGLE,STRAIGHT & LEVEL,DAYLIGHT,,,12/16/2019 3:41:49 PM,False,2017,Accepted,
26067275,0568000,LOUISVILLE METRO POLICE DEPT,Accepted,JEFFERSON,KY1931,,MANSLICK,RD,,,MELODY,,,,,38.160486829,-85.797937164,5.907,12/16/2019 12:00:00 AM,2250,2,2,0,0,RAINING,WET,False,ANGLE COLLISION - OTHER,ANGLE,STRAIGHT & LEVEL,DARK-HWY LIGHTED/ON,,,12/17/2019 8:40:45 AM,False,5224,Accepted,
26067228,0568000,LOUISVILLE METRO POLICE DEPT,Accepted,JEFFERSON,,,18TH,ST,S,,MADISON,,,,,38.252591285,-85.780863965,0.460,12/16/2019 12:00:00 AM,1001,2,2,0,1,CLOUDY,WET,False,ANGLE COLLISION - OTHER,ANGLE,STRAIGHT & LEVEL,DAYLIGHT,,,12/17/2019 8:36:34 AM,False,7220,Accepted,
26063024,0568000,LOUISVILLE METRO POLICE DEPT,Accepted,JEFFERSON,,,HILL,ST,W,,MCCLOSKEY,,,,,38.228236568,-85.787408970,1.666,12/16/2019 12:00:00 AM,0210,2,2,0,0,RAINING,WATER (STANDING OR MOVING),False,ANGLE COLLISION - OTHER,ANGLE,STRAIGHT & LEVEL,DARK-HWY LIGHTED/ON,,,12/16/2019 11:07:31 AM,False,5039,Accepted,
26067276,0568000,LOUISVILLE METRO POLICE DEPT,Accepted,JEFFERSON,KY1447,,WESTPORT,RD,,I 0265,I265 S EXIT33 ON RAMP FROM KY1447,,,,,38.296880853,-85.550657686,6.540,12/16/2019 12:00:00 AM,1855,3,3,0,0,RAINING,WET,True,OPPOSING LEFT TURN,OPPOSING LEFT TURN,STRAIGHT & LEVEL,DARK (UNKNOWN ROADWAY LIGHTING),,,12/17/2019 8:40:53 AM,False,5228,Accepted,