IncidentID,AgencyORI,AgencyName,IncidentStatusDesc,County,RdwyNumber,Street,RoadwayName,StreetSfx,StreetDir,IntersectionRdwy,IntersectionRdwyName,BetweenStRdwy1,BetweenStRdwyName1,BetweenStRdwy2,BetweenStRdwyName2,Latitude,Longitude,Milepoint,CollisionDate,CollisionTime,UnitsInvolved,MotorVehiclesInvolved,NumberKilled,NumberInjured,Weather,RdwyConditionCode,HitandRun,DirAnalysisCode,MannerofCollision,RdwyCharacter,LightCondition,RampFromRdwyId,RampToRdwyId,AcceptedDate,IsSecondaryCollision,OwnerBadge,IncidentStatus,
26067200,0568000,LOUISVILLE METRO POLICE DEPT,Accepted,JEFFERSON,,,GHEENS,AVE,,,NIMITZ,,,,,38.168593181,-85.770890304,0.336,12/16/2019 12:00:00 AM,1510,2,2,0,0,RAINING,WET,False,OPPOSING LEFT TURN,OPPOSING LEFT TURN,STRAIGHT & LEVEL,DAYLIGHT,,,12/17/2019 8:33:52 AM,False,7252,Accepted,
26144868,0568000,LOUISVILLE METRO POLICE DEPT,Accepted,JEFFERSON,,,BERNHEIM,LN,,,DIXIE,,,,,38.221341858,-85.792919968,0.019,12/16/2019 12:00:00 AM,0912,2,2,0,1,CLEAR,DRY,False,OPPOSING LEFT TURN,OPPOSING LEFT TURN,STRAIGHT & LEVEL,DAYLIGHT,,,1/6/2020 9:14:51 AM,False,5002,Accepted,
26063009,0568000,LOUISVILLE METRO POLICE DEPT,Accepted,JEFFERSON,,,SPRING,ST,N,US0042,MELLWOOD,,,,,38.255494736,-85.722236511,0.195,12/16/2019 12:00:00 AM,0050,2,2,0,0,RAINING,WET,False,VEHICLE BACKING IN INTERSECTION,BACKING,STRAIGHT & LEVEL,DARK-HWY NOT LIGHTED,,,12/16/2019 11:06:18 AM,False,7325,Accepted,
26221060,0568000,LOUISVILLE METRO POLICE DEPT,Accepted,JEFFERSON,,,MAGNOLIA,AVE,W,KY1020,2ND,,,,,38.228767323,-85.758020646,0.088,12/16/2019 12:00:00 AM,1849,2,1,0,0,CLEAR,DRY,False,VEHICLE BACKING IN INTERSECTION,BACKING,STRAIGHT & LEVEL,DARK-HWY NOT LIGHTED,,,1/21/2020 10:38:47 AM,False,7543,Accepted,
26084099,0568000,LOUISVILLE METRO POLICE DEPT,Accepted,JEFFERSON,,,WROCKLAGE,AVE,,US0031E,BARDSTOWN,,,,,38.223924500,-85.688843713,0.191,12/16/2019 12:00:00 AM,1728,2,2,0,0,RAINING,WET,False,OPPOSITE DIRECTION - BOTH VEHICLES GOING STRAIGHT AHEAD,SIDESWIPE-OPPOSITE DIRECTION,STRAIGHT & LEVEL,DARK-HWY LIGHTED/ON,,,12/20/2019 12:06:02 PM,False,2100,Accepted,
26067257,0568000,LOUISVILLE METRO POLICE DEPT,Accepted,JEFFERSON,KY1932,,BRECKENRIDGE,LN,,,BERKSHIRE,,,,,38.222472568,-85.632695009,3.065,12/16/2019 12:00:00 AM,1543,2,2,0,0,RAINING,WET,False,SIDESWIPE-SAME DIRECTION,SIDESWIPE-SAME DIRECTION,STRAIGHT & LEVEL,DAYLIGHT,,,12/17/2019 8:39:10 AM,False,6100,Accepted,
26064816,0568000,LOUISVILLE METRO POLICE DEPT,Accepted,JEFFERSON,KY1865,,NEW CUT,RD,,,BROWN AUSTIN,,,,,38.111763730,-85.766706550,0.002,12/16/2019 12:00:00 AM,0907,2,2,0,0,CLOUDY,WET,False,SIDESWIPE-SAME DIRECTION,SIDESWIPE-SAME DIRECTION,STRAIGHT & LEVEL,DAYLIGHT,,,12/16/2019 3:42:31 PM,False,6326,Accepted,
26064796,0568000,LOUISVILLE METRO POLICE DEPT,Accepted,JEFFERSON,KY1747,,FERN VALLEY,RD,,KY2052,SHEPHERDSVILLE,,,,,38.156258712,-85.659560057,3.962,12/16/2019 12:00:00 AM,0922,2,2,0,0,CLOUDY,WET,False,OTHER INTERSECTION COLLISIONS,REAR END,STRAIGHT & LEVEL,DAYLIGHT,,,12/16/2019 3:41:41 PM,False,2017,Accepted,
26072233,0568000,LOUISVILLE METRO POLICE DEPT,Accepted,JEFFERSON,US0042,,US42,,,,SANCTUARY BLUFF,,,,,38.306993052,-85.627690794,7.763,12/16/2019 12:00:00 AM,1700,4,4,0,0,RAINING,WET,False,OTHER INTERSECTION COLLISIONS,REAR END,STRAIGHT & GRADE,DAYLIGHT,,,12/18/2019 8:25:28 AM,False,7631,Accepted,
26067236,0568000,LOUISVILLE METRO POLICE DEPT,Accepted,JEFFERSON,KY1447,,WESTPORT,RD,,,FREYS HILL,,,,,38.293835110,-85.559310122,6.037,12/16/2019 12:00:00 AM,1703,2,2,0,0,RAINING,WATER (STANDING OR MOVING),False,OTHER INTERSECTION COLLISIONS,REAR END,STRAIGHT & HILLCREST,DARK-HWY NOT LIGHTED,,,12/17/2019 8:37:15 AM,False,7313,Accepted,
26064779,0568000,LOUISVILLE METRO POLICE DEPT,Accepted,JEFFERSON,US0031E,,BARDSTOWN,RD,,,SPEED,,,,,38.228480220,-85.700979878,14.118,12/16/2019 12:00:00 AM,1216,2,2,0,0,RAINING,WET,False,OTHER INTERSECTION COLLISIONS,REAR END,STRAIGHT & LEVEL,DAYLIGHT,,,12/16/2019 3:40:44 PM,False,2100,Accepted,
26064768,0568000,LOUISVILLE METRO POLICE DEPT,Accepted,JEFFERSON,US0150,,BROADWAY,,W,,10TH,,,,,38.247089784,-85.768333724,1.837,12/16/2019 12:00:00 AM,1137,2,2,0,0,RAINING,WET,True,OTHER INTERSECTION COLLISIONS,REAR END,STRAIGHT & LEVEL,DAYLIGHT,,,12/16/2019 3:40:09 PM,False,7345,Accepted,
26067210,0568000,LOUISVILLE METRO POLICE DEPT,Accepted,JEFFERSON,,,JEANINE,DR,,,SHADY VILLA,,,,,38.162873794,-85.688133811,0.360,12/16/2019 12:00:00 AM,0745,2,2,0,0,CLOUDY,WET,False,OTHER INTERSECTION COLLISIONS,REAR END,STRAIGHT & GRADE,DAYLIGHT,,,12/17/2019 8:34:30 AM,False,5130,Accepted,
26064794,0568000,LOUISVILLE METRO POLICE DEPT,Accepted,JEFFERSON,,,PENNSYLVANIA RUN,RD,,,CATALPA SPRINGS,,,,,38.124905967,-85.629282548,0.164,12/16/2019 12:00:00 AM,0716,2,2,0,0,CLOUDY,WET,False,SIDESWIPE-SAME DIRECTION,SIDESWIPE-SAME DIRECTION,STRAIGHT & LEVEL,DARK-HWY NOT LIGHTED,,,12/16/2019 3:41:28 PM,False,2017,Accepted,
26067277,0568000,LOUISVILLE METRO POLICE DEPT,Accepted,JEFFERSON,KY1020,,3RD,ST,S,,KENTUCKY,,,,,38.238745332,-85.757967021,11.599,12/16/2019 12:00:00 AM,2312,2,2,0,0,CLOUDY,WET,False,SIDESWIPE-SAME DIRECTION,SIDESWIPE-SAME DIRECTION,STRAIGHT & LEVEL,DARK-HWY LIGHTED/ON,,,12/17/2019 8:41:05 AM,False,5230,Accepted,
26082994,0568000,LOUISVILLE METRO POLICE DEPT,Accepted,JEFFERSON,I 0265,,I265 S,,,I 0265,I265 S EXIT34 OFF RAMP TO KY22,,,,,38.311325523,-85.575835899,34.290,12/16/2019 12:00:00 AM,0925,2,2,0,0,CLOUDY,WET,False,SIDESWIPE-SAME DIRECTION,SIDESWIPE-SAME DIRECTION,STRAIGHT & LEVEL,DAYLIGHT,,,12/20/2019 8:19:54 AM,False,7720,Accepted,
26063180,0568000,LOUISVILLE METRO POLICE DEPT,Accepted,JEFFERSON,I 0265,,I265 W EXIT15 ON RAMP FROM KY864,,,KY0864,BEULAH CHURCH,,,,,38.125943785,-85.614502796,0.279,12/16/2019 12:00:00 AM,0755,2,2,0,0,CLOUDY,WET,False,OTHER INTERSECTION COLLISIONS,REAR END,CURVE & LEVEL,DAYLIGHT,,,12/16/2019 11:08:16 AM,False,5270,Accepted,
26115060,0568000,LOUISVILLE METRO POLICE DEPT,Accepted,JEFFERSON,KY0155,,TAYLORSVILLE,RD,,,YORKSHIRE,,,,,38.220045346,-85.627953274,13.441,12/16/2019 12:00:00 AM,1543,2,2,0,0,RAINING,WET,False,SIDESWIPE-SAME DIRECTION,SIDESWIPE-SAME DIRECTION,STRAIGHT & LEVEL,DAYLIGHT,,,12/30/2019 8:36:16 AM,False,5119,Accepted,
26067240,0568000,LOUISVILLE METRO POLICE DEPT,Accepted,JEFFERSON,KY1931,,MANSLICK,RD,,,STEPHAN,,,,,38.168220769,-85.797248021,6.438,12/16/2019 12:00:00 AM,1024,2,2,0,0,CLOUDY,WET,False,OTHER INTERSECTION COLLISIONS,REAR END,STRAIGHT & LEVEL,DAYLIGHT,,,12/17/2019 8:37:37 AM,False,7485,Accepted,
26067231,0568000,LOUISVILLE METRO POLICE DEPT,Accepted,JEFFERSON,KY1865,,TAYLOR,BLVD,,,MATHA,,,,,38.182413021,-85.783648988,5.237,12/16/2019 12:00:00 AM,1736,2,2,0,0,RAINING,WET,False,OTHER INTERSECTION COLLISIONS,REAR END,STRAIGHT & LEVEL,DARK-HWY LIGHTED/ON,,,12/17/2019 8:36:47 AM,False,7094,Accepted,
26067256,0568000,LOUISVILLE METRO POLICE DEPT,Accepted,JEFFERSON,KY1865,,NEW CUT,RD,,KY1142,PALATKA,,,,,38.150791255,-85.776352078,3.010,12/16/2019 12:00:00 AM,1506,2,2,0,0,RAINING,WET,False,OTHER INTERSECTION COLLISIONS,REAR END,STRAIGHT & LEVEL,DAYLIGHT,,,12/17/2019 8:39:06 AM,False,7427,Accepted,
26064815,0568000,LOUISVILLE METRO POLICE DEPT,Accepted,JEFFERSON,I 0065,,I65 S,,,I 0065,I65 S EXIT131B OFF RAMP,,,,,38.196391706,-85.733706094,131.214,12/16/2019 12:00:00 AM,1338,1,1,0,0,RAINING,WET,False,OTHER INTERSECTION COLLISIONS,SINGLE VEHICLE,STRAIGHT & LEVEL,DAYLIGHT,,,12/16/2019 3:42:27 PM,False,2142,Accepted,
26072355,0568000,LOUISVILLE METRO POLICE DEPT,Accepted,JEFFERSON,KY2251,,BARDSTOWN,RD,,,HIKES,,,,,38.199043416,-85.659990905,1.040,12/16/2019 12:00:00 AM,0127,2,2,0,0,CLEAR,WET,True,OTHER INTERSECTION COLLISIONS,REAR TO REAR,STRAIGHT & LEVEL,DARK-HWY LIGHTED/ON,,,12/18/2019 8:39:47 AM,False,5247,Accepted,
26084092,0568000,LOUISVILLE METRO POLICE DEPT,Accepted,JEFFERSON,KY0907,,VALLEY STATION,RD,,,RENAISSANCE VALLEY,,,,,38.105959611,-85.862125686,0.276,12/16/2019 12:00:00 AM,1755,2,2,0,0,RAINING,WET,False,OTHER INTERSECTION COLLISIONS,REAR END,STRAIGHT & LEVEL,DARK-HWY LIGHTED/ON,,,12/20/2019 12:04:37 PM,False,7768,Accepted,
26067273,0568000,LOUISVILLE METRO POLICE DEPT,Accepted,JEFFERSON,I 0065,,,,,,,,,,,38.119118403,-85.702183038,0.185,12/16/2019 12:00:00 AM,2309,1,1,0,0,RAINING,WET,False,COLLISION WITH FIXED OBJECT NON - INTERSECTION - FIRST EVENT COLLISION 09 - 32 EXCLUDING 16,SINGLE VEHICLE,STRAIGHT & LEVEL,DARK-HWY LIGHTED/ON,,,12/17/2019 8:40:34 AM,False,7243,Accepted,
26077826,0568000,LOUISVILLE METRO POLICE DEPT,Accepted,JEFFERSON,,,SWAKO,LN,,,,,,,,38.176211722,-85.806801778,0.125,12/16/2019 12:00:00 AM,2030,2,2,0,0,CLOUDY,DRY,True,1 VEHICLE PARKED POSITION (NOT PARKING LOT/DRIVEWAY),SIDESWIPE-OPPOSITE DIRECTION,STRAIGHT & LEVEL,DAYLIGHT,,,12/19/2019 8:21:00 AM,False,7204,Accepted,
26101333,0568000,LOUISVILLE METRO POLICE DEPT,Accepted,JEFFERSON,I 0065,,I65 N,,,,,I 0065,I65 N EXIT132 ON RAMP FROM  CRITTENDEN DR,I 0065,I65 N EXIT133A OFF RAMP TO  EASTERN PKWY,38.210694109,-85.752964237,132.797,12/16/2019 12:00:00 AM,1941,1,1,0,0,CLOUDY,DRY,False,COLLISION WITH FIXED OBJECT NON - INTERSECTION - FIRST EVENT COLLISION 09 - 32 EXCLUDING 16,SINGLE VEHICLE,STRAIGHT & LEVEL,DARK-HWY NOT LIGHTED,,,12/26/2019 7:45:15 AM,False,7851,Accepted,
26064812,0568000,LOUISVILLE METRO POLICE DEPT,Accepted,JEFFERSON,KY0907,,3RD ST,RD,,,,,,,,38.130810901,-85.792248326,4.922,12/16/2019 12:00:00 AM,1251,1,1,0,0,RAINING,WET,False,COLLISION WITH FIXED OBJECT NON - INTERSECTION - FIRST EVENT COLLISION 09 - 32 EXCLUDING 16,SINGLE VEHICLE,STRAIGHT & LEVEL,DAYLIGHT,,,12/16/2019 3:42:13 PM,False,7174,Accepted,
26064813,0568000,LOUISVILLE METRO POLICE DEPT,Accepted,JEFFERSON,KY0907,,3RD ST,RD,,,,,,,,38.130799402,-85.792249602,4.921,12/16/2019 12:00:00 AM,1251,1,1,0,0,RAINING,WET,False,COLLISION WITH FIXED OBJECT NON - INTERSECTION - FIRST EVENT COLLISION 09 - 32 EXCLUDING 16,SINGLE VEHICLE,STRAIGHT & LEVEL,DAYLIGHT,,,12/16/2019 3:42:16 PM,False,7174,Accepted,
26093657,0568000,LOUISVILLE METRO POLICE DEPT,Accepted,JEFFERSON,KY1020,,NATIONAL,TPKE,,,,,,,,38.103002896,-85.739439036,1.863,12/16/2019 12:00:00 AM,2140,1,1,0,1,RAINING,WET,False,COLLISION WITH FIXED OBJECT NON - INTERSECTION - FIRST EVENT COLLISION 09 - 32 EXCLUDING 16,SINGLE VEHICLE,STRAIGHT & LEVEL,DARK-HWY LIGHTED/OFF,,,12/23/2019 8:44:22 AM,False,7362,Accepted,
26077856,0568000,LOUISVILLE METRO POLICE DEPT,Accepted,JEFFERSON,US0031,,CLARK MEMORIAL,BRG,,,,,,,,38.259359780,-85.752619211,0.218,12/16/2019 12:00:00 AM,0725,1,1,0,1,RAINING,WET,False,COLLISION WITH FIXED OBJECT NON - INTERSECTION - FIRST EVENT COLLISION 09 - 32 EXCLUDING 16,SINGLE VEHICLE,STRAIGHT & LEVEL,DAWN,,,12/19/2019 8:25:51 AM,False,7823,Accepted,
26072237,0568000,LOUISVILLE METRO POLICE DEPT,Accepted,JEFFERSON,I 0065,,I65 N,,,,,I 0065,I65 N EXIT125B OFF RAMP TO KY481,I 0065,I65 S EXIT125 RAMP TO I265 N,38.111688882,-85.701036702,124.930,12/16/2019 12:00:00 AM,0918,1,1,0,1,CLOUDY,DRY,False,RAN OFF ROADWAY (1 VEHICLE WITH/EARTH EMBANKMENT/DITCH),SINGLE VEHICLE,STRAIGHT & LEVEL,DAYLIGHT,,,12/18/2019 8:26:13 AM,False,7840,Accepted,
26067249,0568000,LOUISVILLE METRO POLICE DEPT,Accepted,JEFFERSON,I 0265,,I265 E,,,,,I 0064,I64 N EXIT25A RAMP TO I64 E,I 0265,I265 E EXIT23 ON RAMP FROM KY155,38.218406887,-85.505929262,25.180,12/16/2019 12:00:00 AM,1524,2,2,0,0,RAINING,WET,False,REAR END IN TRAFFIC LANES BOTH VEHICLES MOVING,REAR END,STRAIGHT & LEVEL,DAYLIGHT,,,12/17/2019 8:38:29 AM,False,5223,Accepted,
26067246,0568000,LOUISVILLE METRO POLICE DEPT,Accepted,JEFFERSON,KY3084,,OLD HENRY,RD,,,,,,,,38.268188712,-85.505877409,0.864,12/16/2019 12:00:00 AM,1357,2,2,0,0,RAINING,WET,False,REAR END IN TRAFFIC LANES BOTH VEHICLES MOVING,REAR END,STRAIGHT & GRADE,DAYLIGHT,,,12/17/2019 8:38:11 AM,False,7899,Accepted,
26067222,0568000,LOUISVILLE METRO POLICE DEPT,Accepted,JEFFERSON,KY1931,,MANSLICK,RD,,,,,,,,38.167803275,-85.797302770,6.412,12/16/2019 12:00:00 AM,1429,3,3,0,0,CLOUDY,WET,True,REAR END IN TRAFFIC LANES BOTH VEHICLES MOVING,REAR END,STRAIGHT & HILLCREST,DAYLIGHT,,,12/17/2019 8:35:58 AM,False,7234,Accepted,
26067238,0568000,LOUISVILLE METRO POLICE DEPT,Accepted,JEFFERSON,KY1865,,TAYLOR,BLVD,,,,,,,,38.186135063,-85.783946785,5.494,12/16/2019 12:00:00 AM,1632,2,2,0,0,RAINING,WET,False,REAR END IN TRAFFIC LANES BOTH VEHICLES MOVING,REAR END,STRAIGHT & LEVEL,OTHER,,,12/17/2019 8:37:25 AM,False,7977,Accepted,
26067223,0568000,LOUISVILLE METRO POLICE DEPT,Accepted,JEFFERSON,KY0907,,VALLEY STATION,RD,,,,,,,,38.106449477,-85.863082941,0.215,12/16/2019 12:00:00 AM,1616,2,2,0,0,RAINING,WET,True,REAR END IN TRAFFIC LANES BOTH VEHICLES MOVING,REAR END,STRAIGHT & LEVEL,DAYLIGHT,,,12/17/2019 8:36:05 AM,False,7234,Accepted,
26064817,0568000,LOUISVILLE METRO POLICE DEPT,Accepted,JEFFERSON,,10102,STONESTREET,RD,,,,,,,,38.106979068,-85.834810207,1.608,12/16/2019 12:00:00 AM,1139,2,2,0,1,RAINING,WET,True,REAR END IN TRAFFIC LANES BOTH VEHICLES MOVING,REAR END,STRAIGHT & GRADE,DAYLIGHT,,,12/16/2019 3:42:35 PM,False,6326,Accepted,
26066873,0560400,SHIVELY POLICE DEPARTMENT,Accepted,JEFFERSON,US0031W,2400B,DIXIE,HWY,,,,,,,,38.216460962,-85.795252279,17.158,12/16/2019 12:00:00 AM,1729,2,2,0,3,RAINING,WET,False,REAR END IN TRAFFIC LANES BOTH VEHICLES MOVING,REAR END,STRAIGHT & LEVEL,DARK-HWY LIGHTED/ON,,,12/17/2019 7:35:26 AM,False,7128,Accepted,
26067204,0568000,LOUISVILLE METRO POLICE DEPT,Accepted,JEFFERSON,KY0864,4600,POPLAR LEVEL,RD,,,,,,,,38.182295624,-85.697745695,10.241,12/16/2019 12:00:00 AM,1625,2,2,0,0,RAINING,WET,False,REAR END IN TRAFFIC LANES BOTH VEHICLES MOVING,REAR END,STRAIGHT & LEVEL,OTHER,,,12/17/2019 8:34:06 AM,False,2796,Accepted,
26064766,0568000,LOUISVILLE METRO POLICE DEPT,Accepted,JEFFERSON,I 0264,,I264 W,,,,,,,,,38.195442011,-85.708058132,13.350,12/16/2019 12:00:00 AM,1010,2,2,0,0,RAINING,WET,False,REAR END IN TRAFFIC LANES BOTH VEHICLES MOVING,REAR END,STRAIGHT & LEVEL,DAYLIGHT,,,12/16/2019 3:39:58 PM,False,7400,Accepted,
26064807,0568000,LOUISVILLE METRO POLICE DEPT,Accepted,JEFFERSON,I 0071,,I71 S,,,,,I 0071,I71 S EXIT2 ON RAMP FROM  ZORN AVE,I 0064,I64 S EXIT1A RAMP TO I64 W,38.263445975,-85.718023749,0.397,12/16/2019 12:00:00 AM,0826,3,3,0,0,CLOUDY,WET,False,REAR END IN TRAFFIC LANES BOTH VEHICLES MOVING,REAR END,CURVE & LEVEL,DAYLIGHT,,,12/16/2019 3:42:02 PM,False,2000,Accepted,
26063027,0568000,LOUISVILLE METRO POLICE DEPT,Accepted,JEFFERSON,US0031E,,BARDSTOWN,RD,,,,,,,,38.214545275,-85.673879623,12.236,12/16/2019 12:00:00 AM,0729,2,2,0,0,CLOUDY,WET,False,REAR END IN TRAFFIC LANES BOTH VEHICLES MOVING,REAR END,STRAIGHT & LEVEL,DAWN,,,12/16/2019 11:07:52 AM,False,7284,Accepted,
26063021,0568000,LOUISVILLE METRO POLICE DEPT,Accepted,JEFFERSON,I 0065,,I65 N,,,,,,,,,38.086348932,-85.700861321,123.183,12/16/2019 12:00:00 AM,0453,2,2,0,0,RAINING,WET,False,REAR END IN TRAFFIC LANES BOTH VEHICLES MOVING,REAR END,STRAIGHT & LEVEL,DARK-HWY LIGHTED/OFF,,,12/16/2019 11:07:18 AM,False,5138,Accepted,
26064805,0568000,LOUISVILLE METRO POLICE DEPT,Accepted,JEFFERSON,I 0071,,I71 S,,,,,I 0071,I71 S EXIT2 ON RAMP FROM  ZORN AVE,I 0064,I64 S EXIT1A RAMP TO I64 W,38.263445975,-85.718023749,0.397,12/16/2019 12:00:00 AM,0826,2,2,0,0,CLOUDY,WET,False,REAR END IN TRAFFIC LANES BOTH VEHICLES MOVING,REAR END,CURVE & LEVEL,DAYLIGHT,,,12/16/2019 3:41:56 PM,False,2000,Accepted,
26067253,0568000,LOUISVILLE METRO POLICE DEPT,Accepted,JEFFERSON,US0031E,,BARDSTOWN,RD,,,,,EMRICH,,CUMNOCK,38.167469465,-85.602894976,7.086,12/16/2019 12:00:00 AM,1619,2,2,0,0,RAINING,WET,False,REAR END IN TRAFFIC LANES BOTH VEHICLES MOVING,REAR END,STRAIGHT & LEVEL,DAYLIGHT,,,12/17/2019 8:38:45 AM,False,5262,Accepted,
26067278,0568000,LOUISVILLE METRO POLICE DEPT,Accepted,JEFFERSON,I 0065,,I65 N,,,,,,,,,38.238200194,-85.752931263,134.735,12/16/2019 12:00:00 AM,1816,2,2,0,0,RAINING,WET,True,REAR END IN TRAFFIC LANES BOTH VEHICLES MOVING,REAR END,CURVE & LEVEL,DARK-HWY LIGHTED/ON,,,12/17/2019 8:41:14 AM,False,5230,Accepted,
26063181,0568000,LOUISVILLE METRO POLICE DEPT,Accepted,JEFFERSON,,,JEFFERSON,ST,W,,,,15TH,,13TH,38.255669923,-85.773709161,1.189,12/16/2019 12:00:00 AM,0845,3,3,0,0,CLOUDY,WET,True,REAR END IN TRAFFIC LANES BOTH VEHICLES MOVING,REAR END,STRAIGHT & GRADE,DAYLIGHT,,,12/16/2019 11:08:22 AM,False,7947,Accepted,
26101329,0568000,LOUISVILLE METRO POLICE DEPT,Accepted,JEFFERSON,I 0071,,I71 S,,,,,I 0071,I71 S EXIT5 RAMP TO I264 W,I 0071,I71 TURN AROUND6,38.292294448,-85.639581129,5.502,12/16/2019 12:00:00 AM,1747,2,2,0,0,CLEAR,DRY,True,REAR END IN TRAFFIC LANES BOTH VEHICLES MOVING,REAR END,STRAIGHT & LEVEL,DARK-HWY LIGHTED/OFF,,,12/26/2019 7:44:59 AM,False,2969,Accepted,
26067233,0568000,LOUISVILLE METRO POLICE DEPT,Accepted,JEFFERSON,US0031W,,DIXIE,HWY,,,,,ST PAULS CHURCH,,KERRICK,38.152885392,-85.835878146,12.245,12/16/2019 12:00:00 AM,1542,3,3,0,0,RAINING,WET,False,REAR END IN TRAFFIC LANES BOTH VEHICLES MOVING,REAR END,STRAIGHT & LEVEL,DAYLIGHT,,,12/17/2019 8:36:57 AM,False,5266,Accepted,
26067209,0568000,LOUISVILLE METRO POLICE DEPT,Accepted,JEFFERSON,I 0064,,I64 W,,,,,,,,,38.277282754,-85.806897100,1.089,12/16/2019 12:00:00 AM,1711,2,2,0,0,RAINING,WATER (STANDING OR MOVING),False,REAR END IN TRAFFIC LANES BOTH VEHICLES MOVING,REAR END,STRAIGHT & LEVEL,DARK (UNKNOWN ROADWAY LIGHTING),,,12/17/2019 8:34:18 AM,False,5268,Accepted,
26067216,0568000,LOUISVILLE METRO POLICE DEPT,Accepted,JEFFERSON,,,ROBBS,LN,,,,,,,,38.137284387,-85.664697375,0.051,12/16/2019 12:00:00 AM,1654,2,2,0,0,RAINING,WET,False,REAR END IN TRAFFIC LANES BOTH VEHICLES MOVING,REAR END,STRAIGHT & LEVEL,DAYLIGHT,,,12/17/2019 8:35:22 AM,False,4693,Accepted,
26067264,0568000,LOUISVILLE METRO POLICE DEPT,Accepted,JEFFERSON,US0060,,SHELBYVILLE,RD,,,,KY0913,BLANKENBAKER,,MAIN,38.244103564,-85.546739947,9.492,12/16/2019 12:00:00 AM,1836,4,4,0,0,RAINING,WET,False,SIDESWIPE COLLISION - SAME DIRECTION,SIDESWIPE-SAME DIRECTION,STRAIGHT & LEVEL,DARK-HWY LIGHTED/ON,,,12/17/2019 8:39:37 AM,False,2109,Accepted,
26072238,0568000,LOUISVILLE METRO POLICE DEPT,Accepted,JEFFERSON,KY0155,,TAYLORSVILLE,RD,,,,,POPE LICK,KY2265,ROUTT,38.190825953,-85.486296419,4.841,12/16/2019 12:00:00 AM,1915,2,2,0,0,RAINING,WET,False,SIDESWIPE COLLISION - SAME DIRECTION,SIDESWIPE-SAME DIRECTION,STRAIGHT & LEVEL,DARK-HWY NOT LIGHTED,,,12/18/2019 8:26:24 AM,False,7538,Accepted,
26067237,0568000,LOUISVILLE METRO POLICE DEPT,Accepted,JEFFERSON,I 0065,,I65 S,,,,,,,,,38.222280535,-85.751317320,133.607,12/16/2019 12:00:00 AM,1625,2,2,0,0,RAINING,WET,False,SIDESWIPE COLLISION - SAME DIRECTION,SIDESWIPE-SAME DIRECTION,STRAIGHT & LEVEL,DUSK,,,12/17/2019 8:37:21 AM,False,7839,Accepted,
26067221,0568000,LOUISVILLE METRO POLICE DEPT,Accepted,JEFFERSON,KY1865,,NEW CUT,RD,,,,,,,,38.150416046,-85.776281722,2.984,12/16/2019 12:00:00 AM,1200,2,2,0,0,RAINING,WET,False,SIDESWIPE COLLISION - SAME DIRECTION,SIDESWIPE-SAME DIRECTION,STRAIGHT & LEVEL,DAYLIGHT,,,12/17/2019 8:35:53 AM,False,7234,Accepted,
26067255,0568000,LOUISVILLE METRO POLICE DEPT,Accepted,JEFFERSON,KY3077,,RIVER,RD,,,,,6TH,,4TH,38.258790116,-85.759255166,0.114,12/16/2019 12:00:00 AM,1348,2,2,0,0,RAINING,WET,False,SIDESWIPE COLLISION - SAME DIRECTION,SIDESWIPE-SAME DIRECTION,STRAIGHT & LEVEL,DAYLIGHT,,,12/17/2019 8:39:00 AM,False,2854,Accepted,
26063012,0568000,LOUISVILLE METRO POLICE DEPT,Accepted,JEFFERSON,,,HAMES,TRCE,,,DEL MARIA,,,,,38.168032347,-85.608196497,0.701,12/16/2019 12:00:00 AM,0152,2,2,0,1,FOG WITH RAIN,WET,False,HEAD-ON COLLISION,HEAD ON,STRAIGHT & GRADE,DARK-HWY LIGHTED/OFF,,,12/16/2019 11:06:35 AM,False,7415,Accepted,
26067239,0568000,LOUISVILLE METRO POLICE DEPT,Accepted,JEFFERSON,,,LAKERIDGE,DR,,,ROYAL OAK,,,,,38.118558271,-85.813795607,0.173,12/16/2019 12:00:00 AM,1738,2,2,0,0,RAINING,WET,False,HEAD-ON COLLISION,HEAD ON,STRAIGHT & LEVEL,DARK-HWY NOT LIGHTED,,,12/17/2019 8:37:31 AM,False,7174,Accepted,
26067224,0568000,LOUISVILLE METRO POLICE DEPT,Accepted,JEFFERSON,US0060,,SHELBYVILLE,RD,,KY2841,EASTWOOD CUT OFF,,,,,38.233736952,-85.456676047,14.715,12/16/2019 12:00:00 AM,0722,2,2,0,0,CLEAR,WET,False,HEAD-ON COLLISION,HEAD ON,STRAIGHT & LEVEL,DAWN,,,12/17/2019 8:36:08 AM,False,5109,Accepted,
26067234,0568000,LOUISVILLE METRO POLICE DEPT,Accepted,JEFFERSON,,,GARLAND,AVE,,,MIDWAY,,,,,38.244573253,-85.794456514,1.466,12/16/2019 12:00:00 AM,1532,2,2,0,0,RAINING,WET,True,HEAD-ON COLLISION,HEAD ON,STRAIGHT & LEVEL,DAYLIGHT,,,12/17/2019 8:37:03 AM,False,5257,Accepted,