IncidentID,AgencyORI,AgencyName,IncidentStatusDesc,County,RdwyNumber,Street,RoadwayName,StreetSfx,StreetDir,IntersectionRdwy,IntersectionRdwyName,BetweenStRdwy1,BetweenStRdwyName1,BetweenStRdwy2,BetweenStRdwyName2,Latitude,Longitude,Milepoint,CollisionDate,CollisionTime,UnitsInvolved,MotorVehiclesInvolved,NumberKilled,NumberInjured,Weather,RdwyConditionCode,HitandRun,DirAnalysisCode,MannerofCollision,RdwyCharacter,LightCondition,RampFromRdwyId,RampToRdwyId,AcceptedDate,IsSecondaryCollision,OwnerBadge,IncidentStatus,
26064788,0568000,LOUISVILLE METRO POLICE DEPT,Accepted,JEFFERSON,I 0265,,I265 E,,,,,,,,,38.127968225,-85.605981661,15.717,12/16/2019 12:00:00 AM,0727,2,2,0,0,CLOUDY,WET,False,OTHER COLLISIONS ON SHOULDER,SIDESWIPE-SAME DIRECTION,STRAIGHT & LEVEL,DAYLIGHT,,,12/16/2019 3:41:13 PM,False,4903,Accepted,
26072254,0568000,LOUISVILLE METRO POLICE DEPT,Accepted,JEFFERSON,I 0065,,I65 N,,,,,,,,,38.206345615,-85.745106057,132.205,12/16/2019 12:00:00 AM,1634,1,1,0,0,RAINING,WET,False,OTHER COLLISIONS ON SHOULDER,SINGLE VEHICLE,CURVE & LEVEL,DARK-HWY LIGHTED/ON,,,12/18/2019 8:28:51 AM,False,7944,Accepted,
26064818,0568000,LOUISVILLE METRO POLICE DEPT,Accepted,JEFFERSON,KY1865,5414,NEW CUT,RD,,,,,WESTVIEW,,GLEN HOLLOW,38.149618234,-85.776128296,2.914,12/16/2019 12:00:00 AM,1356,2,2,0,0,RAINING,WET,False,SIDESWIPE COLLISION - SAME DIRECTION,SIDESWIPE-SAME DIRECTION,STRAIGHT & LEVEL,DAYLIGHT,,,12/16/2019 3:42:40 PM,False,6326,Accepted,
26072256,0568000,LOUISVILLE METRO POLICE DEPT,Accepted,JEFFERSON,KY1747,,HURSTBOURNE,PKWY,N,,,,HURSTBOURNE,,WEAKLEY,38.252602245,-85.579820502,13.966,12/16/2019 12:00:00 AM,1810,3,3,0,0,RAINING,WET,False,SIDESWIPE COLLISION - SAME DIRECTION,SIDESWIPE-SAME DIRECTION,CURVE & LEVEL,DARK-HWY NOT LIGHTED,,,12/18/2019 8:29:18 AM,False,7633,Accepted,
26067229,0568000,LOUISVILLE METRO POLICE DEPT,Accepted,JEFFERSON,,,MAGAZINE,ST,,,,,,,,38.251770100,-85.795413255,1.551,12/16/2019 12:00:00 AM,1716,2,2,0,0,RAINING,WET,False,SIDESWIPE COLLISION - OPPOSITE DIRECTION,SIDESWIPE-OPPOSITE DIRECTION,STRAIGHT & LEVEL,DARK-HWY LIGHTED/ON,,,12/17/2019 8:36:38 AM,False,7220,Accepted,
26067244,0568000,LOUISVILLE METRO POLICE DEPT,Accepted,JEFFERSON,KY1020,,3RD,ST,S,,,,,,,38.204787299,-85.763970040,9.473,12/16/2019 12:00:00 AM,1820,2,2,0,0,RAINING,WET,False,SIDESWIPE COLLISION - OPPOSITE DIRECTION,SIDESWIPE-OPPOSITE DIRECTION,STRAIGHT & LEVEL,DARK-HWY LIGHTED/ON,,,12/17/2019 8:38:02 AM,False,5232,Accepted,
26093603,0568000,LOUISVILLE METRO POLICE DEPT,Accepted,JEFFERSON,US0060A,1830,EASTERN,PKWY,,,,,,,,38.231585834,-85.710013349,6.783,12/16/2019 12:00:00 AM,1519,2,2,0,0,RAINING,WET,False,SIDESWIPE COLLISION - SAME DIRECTION,SIDESWIPE-SAME DIRECTION,STRAIGHT & LEVEL,DAYLIGHT,,,12/23/2019 8:40:02 AM,False,7403,Accepted,
26067265,0568000,LOUISVILLE METRO POLICE DEPT,Accepted,JEFFERSON,KY0907,,VALLEY STATION,RD,,,,,,,,38.106958247,-85.864763893,0.117,12/16/2019 12:00:00 AM,2153,2,2,0,0,RAINING,WET,False,1 VEHICLE ENTERING/LEAVING ENTRANCE,ANGLE,STRAIGHT & LEVEL,DARK-HWY NOT LIGHTED,,,12/17/2019 8:39:44 AM,False,7264,Accepted,
26067199,0568000,LOUISVILLE METRO POLICE DEPT,Accepted,JEFFERSON,US0031W,,DIXIE,HWY,,,,CR1007K,WATSON,CS1109K,SAPPENFIELD,38.056408387,-85.890383640,4.832,12/16/2019 12:00:00 AM,1531,2,2,0,0,RAINING,WET,True,1 VEHICLE ENTERING/LEAVING ENTRANCE,ANGLE,STRAIGHT & LEVEL,DAYLIGHT,,,12/17/2019 8:33:48 AM,False,6141,Accepted,
26067279,0568000,LOUISVILLE METRO POLICE DEPT,Accepted,JEFFERSON,,,MUD,LN,,,,,,,,38.087799660,-85.671986147,0.559,12/16/2019 12:00:00 AM,1848,2,2,0,0,RAINING,WET,False,1 VEHICLE ENTERING/LEAVING ENTRANCE,ANGLE,CURVE & LEVEL,DARK (UNKNOWN ROADWAY LIGHTING),,,12/17/2019 8:41:35 AM,False,5184,Accepted,
26064765,0568000,LOUISVILLE METRO POLICE DEPT,Accepted,JEFFERSON,US0031W,,22ND,ST,S,,,,MADISON,,CHESTNUT,38.252739978,-85.787549044,19.805,12/16/2019 12:00:00 AM,1015,2,2,0,0,CLOUDY,WET,True,1 VEHICLE ENTERING/LEAVING ENTRANCE,ANGLE,STRAIGHT & LEVEL,DAYLIGHT,,,12/16/2019 3:39:53 PM,False,7947,Accepted,
26064800,0568000,LOUISVILLE METRO POLICE DEPT,Accepted,JEFFERSON,KY2052,,SHEPHERDSVILLE,RD,,,,,MONACO,KY1065,OUTER,38.139488736,-85.657673989,0.035,12/16/2019 12:00:00 AM,0954,2,2,0,0,CLOUDY,DRY,False,1 VEHICLE ENTERING/LEAVING ENTRANCE,ANGLE,STRAIGHT & LEVEL,DAYLIGHT,,,12/16/2019 3:41:45 PM,False,2017,Accepted,
26153826,0560600,WEST BUECHEL POLICE DEPT.,Accepted,JEFFERSON,,,HIKES,LN,,,,,,,,38.219382425,-85.626521386,3.170,12/16/2019 12:00:00 AM,1255,2,2,0,0,RAINING,WET,False,1 VEHICLE ENTERING/LEAVING ENTRANCE,ANGLE,STRAIGHT & LEVEL,DAYLIGHT,,,1/7/2020 3:43:23 PM,False,1717,Accepted,
26067243,0568000,LOUISVILLE METRO POLICE DEPT,Accepted,JEFFERSON,KY1065,,OUTER,LOOP,,,,,,,,38.137798303,-85.668139122,7.073,12/16/2019 12:00:00 AM,1809,2,2,0,0,RAINING,WET,False,1 VEHICLE ENTERING/LEAVING ENTRANCE,ANGLE,STRAIGHT & LEVEL,DARK-HWY NOT LIGHTED,,,12/17/2019 8:37:55 AM,False,4693,Accepted,
26065021,0560300,ST. MATTHEWS POLICE DEPARTMENT,Accepted,JEFFERSON,KY2241,,WILLIS,AVE,,,,,,,,38.252369892,-85.652716363,0.091,12/16/2019 12:00:00 AM,1050,2,2,0,0,CLOUDY,WET,False,1 VEHICLE ENTERING/LEAVING ENTRANCE,ANGLE,STRAIGHT & LEVEL,DAYLIGHT,,,12/16/2019 4:23:37 PM,False,9171,Accepted,
26067286,0568000,LOUISVILLE METRO POLICE DEPT,Accepted,JEFFERSON,US0031E,,BARDSTOWN,RD,,,,,,,,38.149475966,-85.586988729,5.524,12/16/2019 12:00:00 AM,1651,2,2,0,0,RAINING,WET,False,1 VEHICLE ENTERING/LEAVING ENTRANCE,ANGLE,STRAIGHT & LEVEL,DUSK,,,12/17/2019 8:43:27 AM,False,7755,Accepted,
26067211,0568000,LOUISVILLE METRO POLICE DEPT,Accepted,JEFFERSON,KY0061,,PRESTON,HWY,,,,,,,,38.178840883,-85.717159525,7.240,12/16/2019 12:00:00 AM,1400,2,2,0,0,RAINING,WET,True,1 VEHICLE ENTERING/LEAVING ENTRANCE,ANGLE,STRAIGHT & GRADE,DAYLIGHT,,,12/17/2019 8:34:37 AM,False,5130,Accepted,
26067219,0568000,LOUISVILLE METRO POLICE DEPT,Accepted,JEFFERSON,KY0022,,BALLARDSVILLE,RD,,,,,,,,38.317476820,-85.550224817,5.456,12/16/2019 12:00:00 AM,1720,2,2,0,0,RAINING,WET,False,1 VEHICLE ENTERING/LEAVING ENTRANCE,ANGLE,STRAIGHT & LEVEL,DARK-HWY LIGHTED/ON,,,12/17/2019 8:35:44 AM,False,7615,Accepted,
26067220,0568000,LOUISVILLE METRO POLICE DEPT,Accepted,JEFFERSON,US0031W,,DIXIE,HWY,,,,,,,,38.166722543,-85.829345313,13.176,12/16/2019 12:00:00 AM,1017,2,2,0,0,CLOUDY,WET,False,1 VEHICLE ENTERING/LEAVING ENTRANCE,ANGLE,STRAIGHT & LEVEL,DAYLIGHT,,,12/17/2019 8:35:48 AM,False,7234,Accepted,
26067227,0568000,LOUISVILLE METRO POLICE DEPT,Accepted,JEFFERSON,,,JOHNSONTOWN,RD,,,,US0031W,DIXIE,,ALEXANDER,38.121208438,-85.855991455,0.017,12/16/2019 12:00:00 AM,1520,2,2,0,0,RAINING,WET,True,1 VEHICLE ENTERING/LEAVING ENTRANCE,ANGLE,STRAIGHT & LEVEL,DAYLIGHT,,,12/17/2019 8:36:28 AM,False,7336,Accepted,
26067252,0568000,LOUISVILLE METRO POLICE DEPT,Accepted,JEFFERSON,,,GRADE,LN,,,,KY1747,FERN VALLEY,,CRITTENDEN,38.156106277,-85.732405848,2.216,12/16/2019 12:00:00 AM,1743,2,2,0,1,RAINING,WET,False,1 VEHICLE ENTERING/LEAVING ENTRANCE,ANGLE,STRAIGHT & LEVEL,DUSK,,,12/17/2019 8:38:39 AM,False,2324,Accepted,
26082832,0560300,ST. MATTHEWS POLICE DEPARTMENT,Accepted,JEFFERSON,US0060,5000,SHELBYVILLE,RD,,,,,,,,38.250177803,-85.620713736,5.484,12/16/2019 12:00:00 AM,1155,2,2,0,0,RAINING,WET,False,OTHER ROADWAY OR MID-BLOCK COLLISION,REAR END,STRAIGHT & LEVEL,DAYLIGHT,,,12/20/2019 7:41:41 AM,False,9153,Accepted,
26093678,0568000,LOUISVILLE METRO POLICE DEPT,Accepted,JEFFERSON,I 0064,,I64 W,,,,,I 0064,I64 W EXIT8 OFF RAMP TO  GRINSTEAD DR,I 0064,I64 TURN AROUND9,38.243139461,-85.695417383,8.210,12/16/2019 12:00:00 AM,2007,1,1,0,0,RAINING,WET,False,OTHER ROADWAY OR MID-BLOCK COLLISION,SINGLE VEHICLE,STRAIGHT & LEVEL,DARK-HWY LIGHTED/ON,,,12/23/2019 8:45:33 AM,False,2673,Accepted,
26115058,0568000,LOUISVILLE METRO POLICE DEPT,Accepted,JEFFERSON,US0031E,3420,BARDSTOWN,RD,,,,,,,,38.205481288,-85.666672158,11.556,12/16/2019 12:00:00 AM,1200,2,2,0,0,RAINING,WET,False,VEHICLE BACKING NON INTERSECTION,BACKING,STRAIGHT & LEVEL,DAYLIGHT,,,12/30/2019 8:36:06 AM,False,5119,Accepted,
26067232,0568000,LOUISVILLE METRO POLICE DEPT,Accepted,JEFFERSON,KY1020,,2ND,ST,S,,,,,,,38.220279397,-85.759951122,10.330,12/16/2019 12:00:00 AM,1730,2,2,0,0,RAINING,WET,True,VEHICLE BACKING NON INTERSECTION,BACKING,STRAIGHT & LEVEL,DUSK,,,12/17/2019 8:36:52 AM,False,7296,Accepted,
26067289,0568000,LOUISVILLE METRO POLICE DEPT,Accepted,JEFFERSON,I 0264,,I264 E EXIT20 TRANSIT,,,,,,,,,38.248413654,-85.619635017,0.154,12/16/2019 12:00:00 AM,1249,2,2,0,0,RAINING,WET,False,OTHER ROADWAY OR MID-BLOCK COLLISION,REAR END,STRAIGHT & LEVEL,DAYLIGHT,,,12/17/2019 8:43:47 AM,False,2308,Accepted,
26067290,0568000,LOUISVILLE METRO POLICE DEPT,Accepted,JEFFERSON,I 0065,,I65 N EXIT130 TRANSIT,,,,,I 0065,I65 N EXIT130 ON RAMP FROM KY61,I 0065,I65 N EXIT131A RAMP TO I264 E,38.184614029,-85.723418504,0.612,12/16/2019 12:00:00 AM,1714,2,2,0,0,RAINING,WET,False,OTHER ROADWAY OR MID-BLOCK COLLISION,REAR END,STRAIGHT & LEVEL,DARK-HWY LIGHTED/OFF,,,12/17/2019 8:43:51 AM,False,2308,Accepted,
26067274,0568000,LOUISVILLE METRO POLICE DEPT,Accepted,JEFFERSON,I 0264,,I264 E,,,,,,,,,38.222649117,-85.822275955,4.029,12/16/2019 12:00:00 AM,2058,1,1,0,0,RAINING,WATER (STANDING OR MOVING),False,OTHER ROADWAY OR MID-BLOCK COLLISION,SINGLE VEHICLE,STRAIGHT & LEVEL,DARK-HWY LIGHTED/ON,,,12/17/2019 8:40:40 AM,False,7437,Accepted,
26064784,0568000,LOUISVILLE METRO POLICE DEPT,Accepted,JEFFERSON,I 0064,,I64 E,,,,,,,,,38.222672191,-85.506625604,18.915,12/16/2019 12:00:00 AM,0752,2,2,0,0,CLOUDY,WET,False,OTHER ROADWAY OR MID-BLOCK COLLISION,REAR END,STRAIGHT & LEVEL,DAYLIGHT,,,12/16/2019 3:41:00 PM,False,4903,Accepted,
26067272,0568000,LOUISVILLE METRO POLICE DEPT,Accepted,JEFFERSON,,,ST CATHERINE,ST,E,,FLOYD,,,,,38.236473846,-85.751280808,1.115,12/16/2019 12:00:00 AM,1705,2,2,0,0,CLEAR,DRY,True,COLLISION IN PARKING LOT,SIDESWIPE-SAME DIRECTION,STRAIGHT & LEVEL,DUSK,,,12/17/2019 8:40:26 AM,False,7048,Accepted,
26067266,0568000,LOUISVILLE METRO POLICE DEPT,Accepted,JEFFERSON,US0060,12049,SHELBYVILLE,RD,,,BECKLEY STATION,,,,,38.238903797,-85.488349247,12.897,12/16/2019 12:00:00 AM,1831,2,2,0,0,RAINING,WET,True,COLLISION IN PARKING LOT,BACKING,STRAIGHT & LEVEL,DARK-HWY LIGHTED/ON,,,12/17/2019 8:39:50 AM,False,2013,Accepted,
26064809,0568000,LOUISVILLE METRO POLICE DEPT,Accepted,JEFFERSON,KY1447,10320,WESTPORT,RD,,,,,,,,38.293580145,-85.559763068,6.052,12/16/2019 12:00:00 AM,1221,2,2,0,0,RAINING,WET,False,COLLISION IN PARKING LOT,ANGLE,STRAIGHT & LEVEL,DAYLIGHT,,,12/16/2019 3:42:08 PM,False,7313,Accepted,
26067213,0568000,LOUISVILLE METRO POLICE DEPT,Accepted,JEFFERSON,I 0065,,,,,,,,,,,38.116298049,-85.703722972,0.137,12/16/2019 12:00:00 AM,1107,1,1,0,0,RAINING,WET,False,COLLISION WITH FIXED OBJECT NOT IN GORE ,SINGLE VEHICLE,CURVE & GRADE,DAYLIGHT,I 0065,I 0065,12/17/2019 8:34:53 AM,False,4693,Accepted,
26067241,0568000,LOUISVILLE METRO POLICE DEPT,Accepted,JEFFERSON,,1717,TUCKER STATION,RD,,,,,,,,38.216853818,-85.529562409,2.172,12/16/2019 12:00:00 AM,1729,2,2,0,0,CLOUDY,WATER (STANDING OR MOVING),False,OTHER ROADWAY OR MID-BLOCK COLLISION,REAR END,STRAIGHT & LEVEL,DARK-HWY NOT LIGHTED,,,12/17/2019 8:37:43 AM,False,7751,Accepted,
26067235,0568000,LOUISVILLE METRO POLICE DEPT,Accepted,JEFFERSON,I 0264,,I264 E,,,,,,,,,38.189454517,-85.778385536,9.410,12/16/2019 12:00:00 AM,1359,1,1,0,1,RAINING,WET,False,OTHER ROADWAY OR MID-BLOCK COLLISION,SINGLE VEHICLE,STRAIGHT & LEVEL,DAYLIGHT,,,12/17/2019 8:37:09 AM,False,7839,Accepted,
26067218,0568000,LOUISVILLE METRO POLICE DEPT,Accepted,JEFFERSON,KY0022,,BALLARDSVILLE,RD,,,,,,,,38.315769152,-85.561008459,4.849,12/16/2019 12:00:00 AM,0905,2,2,0,0,CLEAR,WET,False,OTHER ROADWAY OR MID-BLOCK COLLISION,REAR END,STRAIGHT & LEVEL,DAYLIGHT,,,12/17/2019 8:35:39 AM,False,7615,Accepted,
26067193,0568000,LOUISVILLE METRO POLICE DEPT,Accepted,JEFFERSON,KY0155,,TAYLORSVILLE,RD,,,,,,,,38.222177536,-85.658633995,15.118,12/16/2019 12:00:00 AM,1049,2,2,0,0,CLOUDY,DRY,False,OTHER ROADWAY OR MID-BLOCK COLLISION,REAR END,STRAIGHT & LEVEL,DAYLIGHT,,,12/17/2019 8:32:43 AM,False,6813,Accepted,
26067195,0568000,LOUISVILLE METRO POLICE DEPT,Accepted,JEFFERSON,,,CHESTNUT,ST,E,,,,FLOYD,,BROOK,38.248060177,-85.749549781,0.184,12/16/2019 12:00:00 AM,0742,2,2,0,0,CLOUDY,WET,True,OTHER ROADWAY OR MID-BLOCK COLLISION,REAR END,STRAIGHT & LEVEL,DAYLIGHT,,,12/17/2019 8:33:01 AM,False,7266,Accepted,
26067245,0568000,LOUISVILLE METRO POLICE DEPT,Accepted,JEFFERSON,US0031E,1450,BARDSTOWN,RD,,,,,,,,38.232068546,-85.709528572,14.639,12/16/2019 12:00:00 AM,1021,2,2,0,0,CLOUDY,DRY,True,COLLISION IN PARKING LOT,BACKING,STRAIGHT & LEVEL,DAYLIGHT,,,12/17/2019 8:38:06 AM,False,5020,Accepted,
26084714,0561500,UNIV. OF LOUISVILLE POLICE,Accepted,JEFFERSON,,2320,CRITTENDEN,DR,,,,,,,,38.213081245,-85.751228237,0.263,12/16/2019 12:00:00 AM,1053,1,1,0,0,RAINING,WET,False,COLLISION IN PARKING LOT,SINGLE VEHICLE,STRAIGHT & LEVEL,DAYLIGHT,,,12/20/2019 2:59:24 PM,False,5654,Accepted,
26067251,0568000,LOUISVILLE METRO POLICE DEPT,Accepted,JEFFERSON,I 0264,,,,,,,,,,,38.194745998,-85.707209710,0.025,12/16/2019 12:00:00 AM,1501,2,2,0,2,RAINING,WET,False,OTHER RAMP RELATED COLLISIONS NOT LISTED ABOVE,REAR END,CURVE & HILLCREST,DAYLIGHT,KY0864,I 0264,12/17/2019 8:38:33 AM,False,5106,Accepted,
26064770,0568000,LOUISVILLE METRO POLICE DEPT,Accepted,JEFFERSON,I 0264,,,,,,,,,,,38.254136701,-85.805311260,0.015,12/16/2019 12:00:00 AM,1137,2,2,0,0,RAINING,WET,False,OTHER RAMP RELATED COLLISIONS NOT LISTED ABOVE,BACKING,STRAIGHT & LEVEL,DAYLIGHT,I 0264,MUHAMMAD ALI BLVD,12/16/2019 3:40:19 PM,False,7947,Accepted,
26067196,0568000,LOUISVILLE METRO POLICE DEPT,Accepted,JEFFERSON,I 0264,,,,,,,,,,,38.202491509,-85.687467651,0.073,12/16/2019 12:00:00 AM,1542,2,2,0,0,RAINING,WET,False,OTHER RAMP RELATED COLLISIONS NOT LISTED ABOVE,REAR END,STRAIGHT & GRADE,DAYLIGHT,I 0264,KY1703,12/17/2019 8:33:05 AM,False,7284,Accepted,
26064781,0568000,LOUISVILLE METRO POLICE DEPT,Accepted,JEFFERSON,I 0071,,,,,,,,,,,38.275588807,-85.697523374,0.229,12/16/2019 12:00:00 AM,0800,2,2,0,0,CLOUDY,WET,False,OTHER RAMP RELATED COLLISIONS NOT LISTED ABOVE,REAR END,CURVE & GRADE,DARK-HWY LIGHTED/ON,I 0071,ZORN AVE,12/16/2019 3:40:52 PM,False,2413,Accepted,
26062929,0568000,LOUISVILLE METRO POLICE DEPT,Accepted,JEFFERSON,I 0065,,,,,,,,,,,38.191531788,-85.732341452,0.189,12/15/2019 12:00:00 AM,1530,2,2,0,0,CLOUDY,DRY,True,OTHER RAMP RELATED COLLISIONS NOT LISTED ABOVE,REAR END,CURVE & LEVEL,DAYLIGHT,I 0065,I 0264,12/16/2019 11:01:00 AM,False,7872,Accepted,
26271863,0568000,LOUISVILLE METRO POLICE DEPT,Accepted,JEFFERSON,,4700B,3RD,ST,S,,,,,,,38.181537645,-85.766224746,1.320,12/15/2019 12:00:00 AM,2209,2,2,0,0,RAINING,WET,False,OTHER ROADWAY OR MID-BLOCK COLLISION,REAR END,STRAIGHT & LEVEL,DARK-HWY LIGHTED/ON,,,1/31/2020 8:18:05 AM,False,7010,Accepted,
26067214,0568000,LOUISVILLE METRO POLICE DEPT,Accepted,JEFFERSON,,,HAMES,TRCE,,,,,,,,38.162826420,-85.607189163,0.265,12/15/2019 12:00:00 AM,1920,2,2,0,0,CLOUDY,DRY,True,COLLISION IN PARKING LOT,SIDESWIPE-OPPOSITE DIRECTION,STRAIGHT & LEVEL,DARK (UNKNOWN ROADWAY LIGHTING),,,12/17/2019 8:34:59 AM,False,4693,Accepted,
26115289,0568000,LOUISVILLE METRO POLICE DEPT,Accepted,JEFFERSON,KY0864,946,GOSS,AVE,,,,,,,,38.230027575,-85.739931321,14.387,12/15/2019 12:00:00 AM,0608,2,2,0,0,CLEAR,DRY,False,COLLISION IN PARKING LOT,REAR END,STRAIGHT & LEVEL,DARK (UNKNOWN ROADWAY LIGHTING),,,12/30/2019 9:10:34 AM,False,5050,Accepted,
26063002,0568000,LOUISVILLE METRO POLICE DEPT,Accepted,JEFFERSON,KY1065,,OUTER,LOOP,,,,,BRIARCLIFF,,LONE OAK,38.135966189,-85.695587367,5.551,12/15/2019 12:00:00 AM,0210,1,1,0,1,CLOUDY,DRY,False,OTHER ROADWAY OR MID-BLOCK COLLISION,SINGLE VEHICLE,CURVE & LEVEL,DARK-HWY NOT LIGHTED,,,12/16/2019 11:05:45 AM,False,6360,Accepted,
26059853,0560300,ST. MATTHEWS POLICE DEPARTMENT,Accepted,JEFFERSON,I 0264,,I264 E,,,,,,,,,38.254555446,-85.619626618,20.091,12/15/2019 12:00:00 AM,0540,1,1,0,0,CLOUDY,DRY,False,OTHER ROADWAY OR MID-BLOCK COLLISION,SINGLE VEHICLE,CURVE & LEVEL,DARK-HWY LIGHTED/OFF,,,12/15/2019 10:13:45 PM,False,9186,Accepted,
26062931,0568000,LOUISVILLE METRO POLICE DEPT,Accepted,JEFFERSON,KY0864,,FEGENBUSH,LN,,,,,ARTHUR GOINS,,WATTERSON,38.138955145,-85.616223997,4.432,12/15/2019 12:00:00 AM,1407,2,2,0,1,CLEAR,DRY,False,1 VEHICLE ENTERING/LEAVING ENTRANCE,ANGLE,STRAIGHT & LEVEL,DAYLIGHT,,,12/16/2019 11:01:12 AM,False,7465,Accepted,
26082991,0568000,LOUISVILLE METRO POLICE DEPT,Accepted,JEFFERSON,,,CHAMBERLAIN,LN,,,,,,,,38.296331282,-85.540904846,1.887,12/15/2019 12:00:00 AM,1753,2,2,0,0,CLEAR,DRY,False,1 VEHICLE ENTERING/LEAVING ENTRANCE,ANGLE,STRAIGHT & LEVEL,DARK-HWY LIGHTED/ON,,,12/20/2019 8:19:22 AM,False,2489,Accepted,
26062925,0568000,LOUISVILLE METRO POLICE DEPT,Accepted,JEFFERSON,,,BLUEGRASS,AVE,,,,,LONSDALE,KY1865,TAYLOR,38.179502261,-85.784378229,0.792,12/15/2019 12:00:00 AM,1333,2,2,0,0,CLOUDY,DRY,False,1 VEHICLE ENTERING/LEAVING ENTRANCE,ANGLE,STRAIGHT & LEVEL,DAYLIGHT,,,12/16/2019 11:00:30 AM,False,7978,Accepted,
26062926,0568000,LOUISVILLE METRO POLICE DEPT,Accepted,JEFFERSON,US0031W,7483,DIXIE,HWY,,,,,,,,38.141580586,-85.840414976,11.533,12/15/2019 12:00:00 AM,1325,2,2,0,0,CLOUDY,DRY,False,1 VEHICLE ENTERING/LEAVING ENTRANCE,ANGLE,STRAIGHT & LEVEL,DAYLIGHT,,,12/16/2019 11:00:37 AM,False,7339,Accepted,
26063018,0568000,LOUISVILLE METRO POLICE DEPT,Accepted,JEFFERSON,,,SPRINGHURST,BLVD,,,,,,,,38.296532057,-85.560087009,0.217,12/15/2019 12:00:00 AM,1940,2,2,0,0,RAINING,WET,False,1 VEHICLE ENTERING/LEAVING ENTRANCE,ANGLE,STRAIGHT & LEVEL,DARK-HWY LIGHTED/ON,,,12/16/2019 11:06:54 AM,False,7785,Accepted,
26063010,0568000,LOUISVILLE METRO POLICE DEPT,Accepted,JEFFERSON,KY1020,,SOUTHERN,PKWY,,,,,,,,38.199011311,-85.766793353,9.012,12/15/2019 12:00:00 AM,1954,2,2,0,0,RAINING,WET,False,1 VEHICLE ENTERING/LEAVING ENTRANCE,ANGLE,CURVE & LEVEL,DARK-HWY LIGHTED/ON,,,12/16/2019 11:06:23 AM,False,5252,Accepted,
26082977,0568000,LOUISVILLE METRO POLICE DEPT,Accepted,JEFFERSON,US0031E,,BARDSTOWN,RD,,,GOLDSMITH,,,,,38.208339738,-85.669062653,11.773,12/15/2019 12:00:00 AM,1609,2,2,0,0,CLEAR,DRY,False,HEAD-ON COLLISION,HEAD ON,STRAIGHT & GRADE,DAYLIGHT,,,12/20/2019 8:18:02 AM,False,7722,Accepted,
26062927,0568000,LOUISVILLE METRO POLICE DEPT,Accepted,JEFFERSON,KY1020,,3RD,ST,S,,,,ST CATHERINE,,KENTUCKY,38.238035103,-85.758120378,11.547,12/15/2019 12:00:00 AM,1300,2,2,0,0,CLOUDY,DRY,False,SIDESWIPE COLLISION - SAME DIRECTION,SIDESWIPE-SAME DIRECTION,STRAIGHT & LEVEL,DAYLIGHT,,,12/16/2019 11:00:44 AM,False,5260,Accepted,
26062995,0568000,LOUISVILLE METRO POLICE DEPT,Accepted,JEFFERSON,,,DUMESNIL,ST,,,,,,,,38.236546711,-85.790422341,1.645,12/15/2019 12:00:00 AM,1230,2,2,0,0,CLEAR,DRY,False,REAR END IN TRAFFIC LANES BOTH VEHICLES MOVING,REAR END,STRAIGHT & LEVEL,DAYLIGHT,,,12/16/2019 11:05:03 AM,False,5114,Accepted,
26062978,0568000,LOUISVILLE METRO POLICE DEPT,Accepted,JEFFERSON,I 0065,,I65 N EXIT130 TRANSIT,,,,,,,,,38.183776085,-85.722701845,0.542,12/15/2019 12:00:00 AM,1504,2,2,0,0,CLEAR,DRY,False,REAR END IN TRAFFIC LANES BOTH VEHICLES MOVING,REAR END,STRAIGHT & LEVEL,DAYLIGHT,,,12/16/2019 11:03:10 AM,False,5153,Accepted,
26062935,0568000,LOUISVILLE METRO POLICE DEPT,Accepted,JEFFERSON,,1845,HILL,ST,W,,,,,,,38.228576494,-85.791851904,1.917,12/15/2019 12:00:00 AM,1140,2,2,0,0,CLEAR,DRY,True,1 VEHICLE PARKED POSITION (NOT PARKING LOT/DRIVEWAY),SIDESWIPE-SAME DIRECTION,STRAIGHT & LEVEL,DAYLIGHT,,,12/16/2019 11:01:41 AM,False,5273,Accepted,
26062909,0568000,LOUISVILLE METRO POLICE DEPT,Accepted,JEFFERSON,KY1703,,BAXTER,AVE,,,,,ELLWOOD,,LUCIA,38.236447244,-85.721364674,5.380,12/15/2019 12:00:00 AM,0954,3,3,0,0,CLOUDY,DRY,True,1 VEHICLE PARKED POSITION (NOT PARKING LOT/DRIVEWAY),SIDESWIPE-SAME DIRECTION,STRAIGHT & GRADE,UNKNOWN,,,12/16/2019 10:58:43 AM,False,2230,Accepted,
26062996,0568000,LOUISVILLE METRO POLICE DEPT,Accepted,JEFFERSON,,2831,VIRGINIA,AVE,,,,,,,,38.238369369,-85.803153009,0.379,12/15/2019 12:00:00 AM,1400,2,2,0,0,CLEAR,DRY,False,1 VEHICLE PARKED POSITION (NOT PARKING LOT/DRIVEWAY),SIDESWIPE-OPPOSITE DIRECTION,STRAIGHT & LEVEL,DAYLIGHT,,,12/16/2019 11:05:10 AM,False,5114,Accepted,