IncidentID,AgencyORI,AgencyName,IncidentStatusDesc,County,RdwyNumber,Street,RoadwayName,StreetSfx,StreetDir,IntersectionRdwy,IntersectionRdwyName,BetweenStRdwy1,BetweenStRdwyName1,BetweenStRdwy2,BetweenStRdwyName2,Latitude,Longitude,Milepoint,CollisionDate,CollisionTime,UnitsInvolved,MotorVehiclesInvolved,NumberKilled,NumberInjured,Weather,RdwyConditionCode,HitandRun,DirAnalysisCode,MannerofCollision,RdwyCharacter,LightCondition,RampFromRdwyId,RampToRdwyId,AcceptedDate,IsSecondaryCollision,OwnerBadge,IncidentStatus,
26083057,0568000,LOUISVILLE METRO POLICE DEPT,Accepted,JEFFERSON,US0060A,2800 BLK,TAYLOR,BLVD,,,,,,,,38.210095591,-85.771461510,2.659,12/15/2019 12:00:00 AM,1812,2,2,0,0,CLOUDY,WET,False,1 VEHICLE PARKED POSITION (NOT PARKING LOT/DRIVEWAY),SIDESWIPE-SAME DIRECTION,STRAIGHT & LEVEL,DARK-HWY NOT LIGHTED,,,12/20/2019 8:27:08 AM,False,5204,Accepted,
26062902,0568000,LOUISVILLE METRO POLICE DEPT,Accepted,JEFFERSON,I 0065,,I65 S,,,,,,,,,38.196998611,-85.733826082,131.260,12/15/2019 12:00:00 AM,0220,1,1,0,0,CLOUDY,DRY,False,OCCUPANT FELL FROM MOVING VEHICLE,SINGLE VEHICLE,CURVE & LEVEL,DARK-HWY LIGHTED/ON,,,12/16/2019 10:57:58 AM,False,7291,Accepted,
26077852,0568000,LOUISVILLE METRO POLICE DEPT,Accepted,JEFFERSON,US0031W,,22ND,ST,S,,OAK,,,,,38.237406807,-85.790271653,18.743,12/15/2019 12:00:00 AM,0141,2,2,0,0,CLEAR,DRY,True,OTHER INTERSECTION COLLISIONS,REAR END,STRAIGHT & LEVEL,DARK-HWY LIGHTED/OFF,,,12/19/2019 8:25:14 AM,False,5054,Accepted,
26062903,0568000,LOUISVILLE METRO POLICE DEPT,Accepted,JEFFERSON,,,BROOK,ST,S,,OAK,,,,,38.234418894,-85.753755901,2.068,12/15/2019 12:00:00 AM,0609,1,1,0,1,CLEAR,DRY,False,OTHER INTERSECTION COLLISIONS,SINGLE VEHICLE,STRAIGHT & LEVEL,DARK-HWY LIGHTED/OFF,,,12/16/2019 10:58:08 AM,False,5217,Accepted,
26063000,0568000,LOUISVILLE METRO POLICE DEPT,Accepted,JEFFERSON,KY1703,,NEWBURG,RD,,,GARDINER,,,,,38.203092547,-85.691024693,2.404,12/15/2019 12:00:00 AM,1830,2,2,0,1,SLEET HAIL FREEZING RAIN,WET,False,OTHER INTERSECTION COLLISIONS,REAR END,STRAIGHT & HILLCREST,DARK (UNKNOWN ROADWAY LIGHTING),,,12/16/2019 11:05:40 AM,False,7786,Accepted,
26062990,0568000,LOUISVILLE METRO POLICE DEPT,Accepted,JEFFERSON,KY0022,,BROWNSBORO,RD,,,NORTON HEALTHCARE,,,,,38.311081267,-85.570264032,4.275,12/15/2019 12:00:00 AM,1813,2,2,0,0,CLEAR,DRY,False,SIDESWIPE-SAME DIRECTION,SIDESWIPE-SAME DIRECTION,STRAIGHT & LEVEL,DARK-HWY LIGHTED/ON,,,12/16/2019 11:04:14 AM,False,7337,Accepted,
26062914,0568000,LOUISVILLE METRO POLICE DEPT,Accepted,JEFFERSON,KY0864,,POPLAR LEVEL,RD,,,INDIAN,,,,,38.171208258,-85.684520946,9.183,12/15/2019 12:00:00 AM,1008,2,2,0,0,CLOUDY,DRY,False,SIDESWIPE-SAME DIRECTION,SIDESWIPE-SAME DIRECTION,STRAIGHT & LEVEL,DAYLIGHT,,,12/16/2019 10:59:10 AM,False,7830,Accepted,
26062991,0568000,LOUISVILLE METRO POLICE DEPT,Accepted,JEFFERSON,KY2052,,SHEPHERDSVILLE,RD,,KY0864,POPLAR LEVEL,,,,,38.159771655,-85.659949485,1.457,12/15/2019 12:00:00 AM,1505,2,2,0,0,CLEAR,DRY,False,OTHER INTERSECTION COLLISIONS,REAR END,STRAIGHT & LEVEL,DAYLIGHT,,,12/16/2019 11:04:26 AM,False,7739,Accepted,
26062998,0568000,LOUISVILLE METRO POLICE DEPT,Accepted,JEFFERSON,US0060A,,TAYLOR,BLVD,,,CENTRAL,,,,,38.206302718,-85.776193357,2.291,12/15/2019 12:00:00 AM,1830,3,3,0,0,CLOUDY,DRY,True,OTHER INTERSECTION COLLISIONS,REAR END,STRAIGHT & LEVEL,DARK-HWY LIGHTED/ON,,,12/16/2019 11:05:25 AM,False,7472,Accepted,
26062932,0568000,LOUISVILLE METRO POLICE DEPT,Accepted,JEFFERSON,KY1447,,WESTPORT,RD,,,SPRINGHURST,,,,,38.293686106,-85.559322359,6.036,12/15/2019 12:00:00 AM,1200,2,2,0,0,CLOUDY,DRY,False,OTHER INTERSECTION COLLISIONS,REAR END,STRAIGHT & LEVEL,DAYLIGHT,,,12/16/2019 11:01:23 AM,False,6406,Accepted,
26062946,0568000,LOUISVILLE METRO POLICE DEPT,Accepted,JEFFERSON,,,SHEPHERDSVILLE,RD,,KY1065,OUTER,,,,,38.138990206,-85.657652289,0.003,12/15/2019 12:00:00 AM,1106,2,2,0,0,CLEAR,DRY,False,OTHER INTERSECTION COLLISIONS,REAR END,STRAIGHT & LEVEL,DAYLIGHT,,,12/16/2019 11:01:54 AM,False,5005,Accepted,
26062955,0568000,LOUISVILLE METRO POLICE DEPT,Accepted,JEFFERSON,KY1142,,PALATKA,RD,,,VENETIAN,,,,,38.154093522,-85.797000302,0.281,12/15/2019 12:00:00 AM,1442,2,2,0,0,CLEAR,DRY,False,OTHER INTERSECTION COLLISIONS,REAR END,STRAIGHT & LEVEL,DAYLIGHT,,,12/16/2019 11:02:00 AM,False,5279,Accepted,
26063011,0568000,LOUISVILLE METRO POLICE DEPT,Accepted,JEFFERSON,KY1934,,CANE RUN,RD,,KY1727,TERRY,,,,,38.178166846,-85.862112948,7.193,12/15/2019 12:00:00 AM,2121,2,2,0,0,RAINING,WET,True,SIDESWIPE-SAME DIRECTION,SIDESWIPE-SAME DIRECTION,STRAIGHT & LEVEL,DARK-HWY LIGHTED/ON,,,12/16/2019 11:06:29 AM,False,5212,Accepted,
26062987,0568000,LOUISVILLE METRO POLICE DEPT,Accepted,JEFFERSON,KY1747,,FERN VALLEY,RD,,KY6319,SIGNATURE,,,,,38.157302081,-85.714423728,0.974,12/15/2019 12:00:00 AM,1300,3,3,0,2,CLEAR,DRY,False,SIDESWIPE-SAME DIRECTION,SIDESWIPE-SAME DIRECTION,STRAIGHT & GRADE,DAYLIGHT,,,12/16/2019 11:03:54 AM,False,7669,Accepted,
26062916,0568000,LOUISVILLE METRO POLICE DEPT,Accepted,JEFFERSON,KY1020,,3RD,ST,S,,ORMSBY,,,,,38.232728909,-85.759051215,11.169,12/15/2019 12:00:00 AM,0848,2,2,0,1,CLOUDY,DRY,False,ANGLE COLLISION - OTHER,ANGLE,STRAIGHT & LEVEL,DAYLIGHT,,,12/16/2019 10:59:15 AM,False,5260,Accepted,
26062923,0568000,LOUISVILLE METRO POLICE DEPT,Accepted,JEFFERSON,,3400,RIVER PARK,DR,,,34TH,,,,,38.254447567,-85.807523432,1.064,12/15/2019 12:00:00 AM,1340,3,3,0,0,CLEAR,DRY,False,ANGLE COLLISION - OTHER,ANGLE,STRAIGHT & LEVEL,DAYLIGHT,,,12/16/2019 11:00:14 AM,False,7112,Accepted,
26062964,0568000,LOUISVILLE METRO POLICE DEPT,Accepted,JEFFERSON,KY1020,,SOUTHERN,PKWY,,,WELLINGTON,,,,,38.184102179,-85.767607649,8.000,12/15/2019 12:00:00 AM,1053,3,3,0,0,CLEAR,DRY,False,ANGLE COLLISION - OTHER,ANGLE,STRAIGHT & LEVEL,DAYLIGHT,,,12/16/2019 11:02:06 AM,False,7301,Accepted,
26063015,0568000,LOUISVILLE METRO POLICE DEPT,Accepted,JEFFERSON,,,MUHAMMAD ALI,BLVD,W,,26TH,,,,,38.255190335,-85.794261663,2.291,12/15/2019 12:00:00 AM,2115,2,1,0,1,CLOUDY,WET,False,COLLISION WITH PEDESTRIAN IN INTERSECTION,SINGLE VEHICLE,STRAIGHT & LEVEL,DARK-HWY LIGHTED/ON,,,12/16/2019 11:06:44 AM,False,5021,Accepted,
26063022,0568000,LOUISVILLE METRO POLICE DEPT,Accepted,JEFFERSON,I 0065,,,,,,,,,,,38.188766800,-85.727093868,0.426,12/15/2019 12:00:00 AM,2258,1,1,0,1,RAINING,WET,False,,SINGLE VEHICLE,CURVE & GRADE,DARK-HWY LIGHTED/ON,I 0065,I 0264,12/16/2019 11:07:21 AM,False,5053,Accepted,
26062891,0568000,LOUISVILLE METRO POLICE DEPT,Accepted,JEFFERSON,,,ASHLAND,AVE,W,,BELLEVUE,,,,,38.185960852,-85.773964593,0.451,12/15/2019 12:00:00 AM,0359,1,1,0,1,CLEAR,DRY,False,COLLISION WITH FIXED OBJECT IN INTERSECTION - FIRST EVENT COLLISION 09 - 32,SINGLE VEHICLE,STRAIGHT & LEVEL,DARK-HWY LIGHTED/ON,,,12/16/2019 10:56:43 AM,False,7963,Accepted,
26063006,0568000,LOUISVILLE METRO POLICE DEPT,Accepted,JEFFERSON,US0060A,,BERRY,BLVD,,US0060A,TAYLOR,,,,,38.196329367,-85.783212071,1.458,12/15/2019 12:00:00 AM,2245,1,1,0,0,SLEET HAIL FREEZING RAIN,WET,False,COLLISION WITH FIXED OBJECT IN INTERSECTION - FIRST EVENT COLLISION 09 - 32,SINGLE VEHICLE,STRAIGHT & LEVEL,DARK-HWY LIGHTED/OFF,,,12/16/2019 11:06:09 AM,False,7507,Accepted,
26063013,0568000,LOUISVILLE METRO POLICE DEPT,Accepted,JEFFERSON,KY0864,,POPLAR LEVEL,RD,,,FREY,,,,,38.160662801,-85.676724303,8.354,12/15/2019 12:00:00 AM,0320,3,3,0,0,CLEAR,DRY,True,COLLISION WITH FIXED OBJECT IN INTERSECTION - FIRST EVENT COLLISION 09 - 32,HEAD ON,,DARK-HWY NOT LIGHTED,,,12/16/2019 11:06:39 AM,False,5165,Accepted,
26063004,0568000,LOUISVILLE METRO POLICE DEPT,Accepted,JEFFERSON,,,GRAFTON HALL,RD,,,BRAVES,,,,,38.094599472,-85.855560020,0.777,12/15/2019 12:00:00 AM,2101,2,2,0,0,RAINING,WET,False,ANGLE COLLISION - ONE VEHICLE TURNING LEFT,ANGLE,STRAIGHT & LEVEL,DARK-HWY LIGHTED/ON,,,12/16/2019 11:05:59 AM,False,2905,Accepted,
26062920,0568000,LOUISVILLE METRO POLICE DEPT,Accepted,JEFFERSON,US0031E,,BARDSTOWN,RD,,,WAHL ST BLVD,,,,,38.187259278,-85.637874368,9.436,12/15/2019 12:00:00 AM,1208,2,2,0,0,CLOUDY,DRY,False,ANGLE COLLISION - OTHER,ANGLE,STRAIGHT & GRADE,DAYLIGHT,,,12/16/2019 10:59:49 AM,False,7338,Accepted,
26062928,0568000,LOUISVILLE METRO POLICE DEPT,Accepted,JEFFERSON,,,TEXAS,AVE,,,ASH,,,,,38.225015218,-85.734228549,0.767,12/15/2019 12:00:00 AM,1426,2,2,0,0,CLOUDY,DRY,False,ANGLE COLLISION - OTHER,ANGLE,STRAIGHT & LEVEL,DAYLIGHT,,,12/16/2019 11:00:50 AM,False,7391,Accepted,
26062777,0568000,LOUISVILLE METRO POLICE DEPT,Accepted,JEFFERSON,,,BARRET,AVE,,,WINTER,,,,,38.235688525,-85.727787996,1.003,12/14/2019 12:00:00 AM,1342,2,2,0,0,CLOUDY,DRY,False,ANGLE COLLISION - OTHER,ANGLE,STRAIGHT & LEVEL,DAYLIGHT,,,12/16/2019 10:50:21 AM,False,2230,Accepted,
26062787,0568000,LOUISVILLE METRO POLICE DEPT,Accepted,JEFFERSON,US0031W,,22ND,ST,S,,MADISON,,,,,38.253307822,-85.787536377,19.842,12/14/2019 12:00:00 AM,1130,2,2,0,0,CLOUDY,WET,False,ANGLE COLLISION - OTHER,ANGLE,STRAIGHT & LEVEL,DAYLIGHT,,,12/16/2019 10:50:53 AM,False,5275,Accepted,
26062861,0568000,LOUISVILLE METRO POLICE DEPT,Accepted,JEFFERSON,,,OAK,ST,E,,RAMMERS,,,,,38.233991297,-85.732502507,1.279,12/14/2019 12:00:00 AM,1027,2,2,0,0,CLEAR,WET,False,ANGLE COLLISION - OTHER,ANGLE,STRAIGHT & LEVEL,DAYLIGHT,,,12/16/2019 10:55:09 AM,False,7407,Accepted,
26062895,0568000,LOUISVILLE METRO POLICE DEPT,Accepted,JEFFERSON,,,DUNCAN,ST,,,43RD,,,,,38.266872789,-85.818001019,2.093,12/14/2019 12:00:00 AM,0530,2,2,0,1,RAINING,WET,False,ANGLE COLLISION - OTHER,ANGLE,STRAIGHT & LEVEL,DARK-HWY LIGHTED/ON,,,12/16/2019 10:57:12 AM,False,5164,Accepted,
26062888,0568000,LOUISVILLE METRO POLICE DEPT,Accepted,JEFFERSON,,,ASHLAND,AVE,W,,MAPLETON,,,,,38.186508929,-85.779022591,0.730,12/14/2019 12:00:00 AM,0140,1,1,0,0,RAINING,WET,False,COLLISION WITH FIXED OBJECT IN INTERSECTION - FIRST EVENT COLLISION 09 - 32,SINGLE VEHICLE,STRAIGHT & LEVEL,DARK-HWY LIGHTED/ON,,,12/16/2019 10:56:38 AM,False,7010,Accepted,
26062822,0568000,LOUISVILLE METRO POLICE DEPT,Accepted,JEFFERSON,KY1142,,PALATKA,RD,,,DOGWOOD,,,,,38.153908842,-85.795262271,0.354,12/14/2019 12:00:00 AM,0854,1,1,0,0,CLOUDY,WET,False,NON-COLLISION OBJECT COLLISION,SINGLE VEHICLE,CURVE & GRADE,DAYLIGHT,,,12/16/2019 10:53:39 AM,False,5293,Accepted,
26062723,0568000,LOUISVILLE METRO POLICE DEPT,Accepted,JEFFERSON,KY1450,,BLUE LICK,RD,,,FREEDOM,,,,,38.113388424,-85.689504769,1.971,12/14/2019 12:00:00 AM,1120,2,2,0,0,CLOUDY,DRY,False,ANGLE COLLISION - OTHER,ANGLE,CURVE & LEVEL,DAYLIGHT,,,12/16/2019 10:49:04 AM,False,7269,Accepted,
26062738,0568000,LOUISVILLE METRO POLICE DEPT,Accepted,JEFFERSON,,,ARNOLDTOWN,RD,,KY1931,ST ANDREWS CHURCH,,,,,38.149489852,-85.824086802,0.003,12/14/2019 12:00:00 AM,1018,2,2,0,0,CLOUDY,WET,False,ANGLE COLLISION - OTHER,ANGLE,STRAIGHT & LEVEL,DAYLIGHT,,,12/16/2019 10:49:39 AM,False,7339,Accepted,
26062649,0568000,LOUISVILLE METRO POLICE DEPT,Accepted,JEFFERSON,,,MARKET,ST,W,,25TH,,,,,38.259283727,-85.791556234,0.274,12/14/2019 12:00:00 AM,0244,2,2,0,0,RAINING,WET,False,ANGLE COLLISION - OTHER,ANGLE,STRAIGHT & LEVEL,DARK-HWY LIGHTED/ON,,,12/16/2019 10:46:25 AM,False,7311,Accepted,
26062858,0568000,LOUISVILLE METRO POLICE DEPT,Accepted,JEFFERSON,,,ROY WILKINS,AVE,,,JEFFERSON,,,,,38.254778466,-85.764960642,0.212,12/14/2019 12:00:00 AM,1751,2,2,0,0,CLOUDY,DRY,False,ANGLE COLLISION - OTHER,ANGLE,STRAIGHT & LEVEL,DARK-HWY LIGHTED/ON,,,12/16/2019 10:55:03 AM,False,7386,Accepted,
26062815,0568000,LOUISVILLE METRO POLICE DEPT,Accepted,JEFFERSON,I 0265,,I265 S,,,I 0071,I71 N EXIT9A RAMP TO I265 E,,,,,38.312126467,-85.577283263,34.420,12/14/2019 12:00:00 AM,1120,2,2,0,0,CLOUDY,DRY,False,ANGLE COLLISION - OTHER,ANGLE,STRAIGHT & LEVEL,DAYLIGHT,,,12/16/2019 10:53:29 AM,False,7337,Accepted,
26062874,0568000,LOUISVILLE METRO POLICE DEPT,Accepted,JEFFERSON,US0031W,,22ND,ST,S,,WILSON,,,,,38.234904542,-85.790371555,18.597,12/14/2019 12:00:00 AM,1830,2,2,0,1,CLEAR,DRY,False,ANGLE COLLISION - OTHER,ANGLE,STRAIGHT & LEVEL,DARK-HWY NOT LIGHTED,,,12/16/2019 10:55:36 AM,False,5290,Accepted,
26093863,0568000,LOUISVILLE METRO POLICE DEPT,Accepted,JEFFERSON,,,3RD,ST,S,,AMHERST,,,,,38.174718738,-85.767427533,1.664,12/14/2019 12:00:00 AM,1105,2,2,1,2,CLEAR,DRY,False,ANGLE COLLISION - OTHER,ANGLE,STRAIGHT & LEVEL,DAYLIGHT,,,12/23/2019 8:56:56 AM,False,7628,Accepted,
26062687,0568000,LOUISVILLE METRO POLICE DEPT,Accepted,JEFFERSON,KY1747,,FERN VALLEY,RD,,I 0065,I65 N EXIT128 ON RAMP FROM KY1631 W,,,,,38.157480563,-85.715628767,0.908,12/14/2019 12:00:00 AM,0336,2,2,0,1,RAINING,WET,True,OPPOSING LEFT TURN,OPPOSING LEFT TURN,STRAIGHT & LEVEL,DARK-HWY LIGHTED/ON,,,12/16/2019 10:47:31 AM,False,5024,Accepted,
26062766,0568000,LOUISVILLE METRO POLICE DEPT,Accepted,JEFFERSON,US0031E,,BARDSTOWN,RD,,,BRENTLINGER,,,,,38.134136686,-85.579657922,4.370,12/14/2019 12:00:00 AM,1015,3,3,0,1,CLEAR,DRY,False,OPPOSING LEFT TURN,OPPOSING LEFT TURN,STRAIGHT & LEVEL,DAYLIGHT,,,12/16/2019 10:50:00 AM,False,7278,Accepted,
26062994,0568000,LOUISVILLE METRO POLICE DEPT,Accepted,JEFFERSON,,,4TH,ST,S,US0060A,WINKLER,,,,,38.210359887,-85.764731009,3.219,12/14/2019 12:00:00 AM,1624,2,2,0,0,CLOUDY,DRY,False,OPPOSING LEFT TURN,OPPOSING LEFT TURN,STRAIGHT & LEVEL,DAYLIGHT,,,12/16/2019 11:04:47 AM,False,5204,Accepted,
26198446,0568000,LOUISVILLE METRO POLICE DEPT,Accepted,JEFFERSON,KY1694,,BROWNSBORO,RD,,KY0022,BALLARDSVILLE,,,,,38.315468354,-85.561317092,,12/14/2019 12:00:00 AM,1206,2,2,0,0,CLOUDY,DRY,False,OTHER INTERSECTION COLLISIONS,REAR END,STRAIGHT & LEVEL,DAYLIGHT,,,1/16/2020 8:23:28 AM,False,5180,Accepted,
26062863,0568000,LOUISVILLE METRO POLICE DEPT,Accepted,JEFFERSON,KY0061,,PRESTON,HWY,,KY6299,COMMERCE CROSSINGS,,,,,38.103495892,-85.672707605,1.399,12/14/2019 12:00:00 AM,1717,2,2,0,0,CLEAR,DRY,False,OTHER INTERSECTION COLLISIONS,REAR END,STRAIGHT & LEVEL,DUSK,,,12/16/2019 10:55:16 AM,False,7484,Accepted,
26062805,0568000,LOUISVILLE METRO POLICE DEPT,Accepted,JEFFERSON,,,MARKET,ST,W,,32ND,,,,,38.260505642,-85.802305468,0.872,12/14/2019 12:00:00 AM,1500,2,2,0,5,CLOUDY,DRY,False,SIDESWIPE-SAME DIRECTION,SIDESWIPE-SAME DIRECTION,STRAIGHT & LEVEL,DAYLIGHT,,,12/16/2019 10:52:54 AM,False,7988,Accepted,
26062746,0568000,LOUISVILLE METRO POLICE DEPT,Accepted,JEFFERSON,,,ROY WILKINS,AVE,,,JEFFERSON,,,,,38.254778460,-85.765007625,0.210,12/14/2019 12:00:00 AM,1108,2,2,0,0,RAINING,WET,False,SIDESWIPE-SAME DIRECTION,SIDESWIPE-SAME DIRECTION,STRAIGHT & LEVEL,DAYLIGHT,,,12/16/2019 10:49:44 AM,False,7386,Accepted,
26062839,0568000,LOUISVILLE METRO POLICE DEPT,Accepted,JEFFERSON,KY1065,,OUTER,LOOP,,,JUDGE,,,,,38.137834016,-85.669471362,7.001,12/14/2019 12:00:00 AM,1514,2,2,0,0,CLOUDY,DRY,False,SIDESWIPE-SAME DIRECTION,SIDESWIPE-SAME DIRECTION,STRAIGHT & LEVEL,DAYLIGHT,,,12/16/2019 10:54:21 AM,False,7354,Accepted,
26063008,0568000,LOUISVILLE METRO POLICE DEPT,Accepted,JEFFERSON,,,DUMESNIL,ST,,,25TH,,,,,38.236814336,-85.795234298,1.395,12/14/2019 12:00:00 AM,1921,2,2,0,0,CLEAR,DRY,True,SIDESWIPE-SAME DIRECTION,SIDESWIPE-SAME DIRECTION,STRAIGHT & LEVEL,DARK-HWY LIGHTED/ON,,,12/16/2019 11:06:13 AM,False,5256,Accepted,
26062908,0568000,LOUISVILLE METRO POLICE DEPT,Accepted,JEFFERSON,,,BROOK,ST,S,,LIBERTY,,,,,38.252341454,-85.750639793,3.338,12/14/2019 12:00:00 AM,1335,2,2,0,0,CLOUDY,DRY,False,SIDESWIPE-SAME DIRECTION,SIDESWIPE-SAME DIRECTION,STRAIGHT & LEVEL,DAYLIGHT,,,12/16/2019 10:58:37 AM,False,5168,Accepted,
26062883,0568000,LOUISVILLE METRO POLICE DEPT,Accepted,JEFFERSON,US0031W,,DIXIE,HWY,,,LOWER HUNTERS,,,,,38.156118818,-85.834479075,12.438,12/14/2019 12:00:00 AM,1938,2,2,0,0,CLEAR,DRY,False,SIDESWIPE-SAME DIRECTION,SIDESWIPE-SAME DIRECTION,STRAIGHT & LEVEL,DUSK,,,12/16/2019 10:56:11 AM,False,5059,Accepted,
26062790,0568000,LOUISVILLE METRO POLICE DEPT,Accepted,JEFFERSON,KY1703,,NEWBURG,RD,,,GARDINER,,,,,38.203200670,-85.690899882,2.395,12/14/2019 12:00:00 AM,1235,2,2,0,0,CLOUDY,DRY,False,OTHER INTERSECTION COLLISIONS,REAR END,STRAIGHT & HILLCREST,DAYLIGHT,,,12/16/2019 10:51:20 AM,False,7306,Accepted,
26062664,0568000,LOUISVILLE METRO POLICE DEPT,Accepted,JEFFERSON,KY1747,,FERN VALLEY,RD,,KY0061,PRESTON,,,,,38.156711902,-85.697068062,1.929,12/14/2019 12:00:00 AM,0039,2,2,0,0,RAINING,WET,True,OTHER INTERSECTION COLLISIONS,REAR END,STRAIGHT & LEVEL,DARK-HWY NOT LIGHTED,,,12/16/2019 10:46:36 AM,False,7423,Accepted,
26063020,0568000,LOUISVILLE METRO POLICE DEPT,Accepted,JEFFERSON,US0150,,BROADWAY,,W,,15TH,,,,,38.248205470,-85.776556826,1.374,12/14/2019 12:00:00 AM,1901,2,2,0,0,RAINING,WET,True,OTHER INTERSECTION COLLISIONS,REAR END,STRAIGHT & LEVEL,DARK-HWY LIGHTED/ON,,,12/16/2019 11:07:10 AM,False,7253,Accepted,
26062811,0568000,LOUISVILLE METRO POLICE DEPT,Accepted,JEFFERSON,,,DIXIE,HWY,,,BOLLING,,,,,38.229225479,-85.790110960,1.430,12/14/2019 12:00:00 AM,1320,2,2,0,1,CLEAR,DRY,False,OTHER INTERSECTION COLLISIONS,REAR END,STRAIGHT & LEVEL,DAYLIGHT,,,12/16/2019 10:53:19 AM,False,5273,Accepted,
26062884,0568000,LOUISVILLE METRO POLICE DEPT,Accepted,JEFFERSON,KY1065,,BEULAH CHURCH,RD,,KY0864,FEGENBUSH,,,,,38.137704566,-85.613518587,10.015,12/14/2019 12:00:00 AM,2020,2,2,0,0,CLEAR,DRY,False,OTHER INTERSECTION COLLISIONS,REAR END,STRAIGHT & LEVEL,DARK-HWY LIGHTED/ON,,,12/16/2019 10:56:21 AM,False,7449,Accepted,
26062885,0568000,LOUISVILLE METRO POLICE DEPT,Accepted,JEFFERSON,KY1747,,FERN VALLEY,RD,,,JEANINE,,,,,38.157699989,-85.688678101,2.403,12/14/2019 12:00:00 AM,2221,2,2,0,0,CLEAR,DRY,False,OTHER INTERSECTION COLLISIONS,REAR END,STRAIGHT & LEVEL,DARK-HWY LIGHTED/ON,,,12/16/2019 10:56:29 AM,False,5214,Accepted,
26062904,0568000,LOUISVILLE METRO POLICE DEPT,Accepted,JEFFERSON,KY1931,,GREENWOOD,RD,,KY1934,GREENBELT,,,,,38.146959990,-85.886490139,0.530,12/14/2019 12:00:00 AM,1452,2,2,0,1,CLEAR,DRY,False,OTHER INTERSECTION COLLISIONS,REAR END,STRAIGHT & LEVEL,DAYLIGHT,,,12/16/2019 10:58:15 AM,False,7205,Accepted,
26062710,0568000,LOUISVILLE METRO POLICE DEPT,Accepted,JEFFERSON,,,ASHBY,LN,,,,,,,,38.105962444,-85.877854370,0.492,12/14/2019 12:00:00 AM,0720,1,1,0,1,CLOUDY,WET,False,COLLISION WITH FIXED OBJECT NON - INTERSECTION - FIRST EVENT COLLISION 09 - 32 EXCLUDING 16,SINGLE VEHICLE,CURVE & LEVEL,DUSK,,,12/16/2019 10:48:37 AM,False,5250,Accepted,
26062894,0568000,LOUISVILLE METRO POLICE DEPT,Accepted,JEFFERSON,,,4TH,ST,S,,,,,,,38.249988032,-85.757695337,0.462,12/14/2019 12:00:00 AM,2154,2,1,0,1,CLEAR,DRY,False,COLLISION WITH PEDESTRIAN NON - INTERSECTION,SINGLE VEHICLE,STRAIGHT & LEVEL,DARK-HWY LIGHTED/ON,,,12/16/2019 10:57:07 AM,False,5285,Accepted,
26062910,0568000,LOUISVILLE METRO POLICE DEPT,Accepted,JEFFERSON,,3746,CRAIG,AVE,,,,,,,,38.189507527,-85.790022517,0.389,12/14/2019 12:00:00 AM,1613,2,2,0,0,CLOUDY,DRY,True,1 VEHICLE PARKED POSITION (NOT PARKING LOT/DRIVEWAY),REAR END,STRAIGHT & LEVEL,DAYLIGHT,,,12/16/2019 10:58:50 AM,False,7472,Accepted,
26062735,0568000,LOUISVILLE METRO POLICE DEPT,Accepted,JEFFERSON,,4300,NORBROOK,DR,,,,,,,,38.183099162,-85.640975089,0.140,12/14/2019 12:00:00 AM,1122,2,2,0,0,CLEAR,DRY,True,1 VEHICLE PARKED POSITION (NOT PARKING LOT/DRIVEWAY),SIDESWIPE-SAME DIRECTION,STRAIGHT & LEVEL,DAYLIGHT,,,12/16/2019 10:49:31 AM,False,7739,Accepted,
26062761,0568000,LOUISVILLE METRO POLICE DEPT,Accepted,JEFFERSON,,,KEATS,AVE,N,,,,,,,38.253859758,-85.701756045,0.024,12/14/2019 12:00:00 AM,1247,2,2,0,0,CLEAR,DRY,False,1 VEHICLE PARKED POSITION (NOT PARKING LOT/DRIVEWAY),REAR END,STRAIGHT & LEVEL,DAYLIGHT,,,12/16/2019 10:49:52 AM,False,7023,Accepted,
26062799,0568000,LOUISVILLE METRO POLICE DEPT,Accepted,JEFFERSON,,1438,FOREST,DR,,,,,,,,38.169486059,-85.689845481,1.093,12/14/2019 12:00:00 AM,1450,1,1,0,2,CLOUDY,DRY,False,COLLISION WITH FIXED OBJECT NON - INTERSECTION - FIRST EVENT COLLISION 09 - 32 EXCLUDING 16,SINGLE VEHICLE,STRAIGHT & LEVEL,DAYLIGHT,,,12/16/2019 10:52:12 AM,False,2532,Accepted,
26097556,0568000,LOUISVILLE METRO POLICE DEPT,Accepted,JEFFERSON,KY2055,,MANSLICK,RD,W,,,,REGENCY PARK,,GREYLING,38.119927559,-85.795764475,3.808,12/14/2019 12:00:00 AM,1051,1,1,1,0,CLOUDY,WET,False,COLLISION WITH FIXED OBJECT NON - INTERSECTION - FIRST EVENT COLLISION 09 - 32 EXCLUDING 16,SINGLE VEHICLE,CURVE & LEVEL,DAYLIGHT,,,12/24/2019 6:12:25 AM,False,7851,Accepted,
26062727,0568000,LOUISVILLE METRO POLICE DEPT,Accepted,JEFFERSON,KY2251,,BARDSTOWN,RD,,,,US0031E,BUECHEL,,GERALD,38.200180999,-85.662154655,1.182,12/14/2019 12:00:00 AM,1132,2,2,0,0,CLEAR,DRY,False,REAR END IN TRAFFIC LANES BOTH VEHICLES MOVING,REAR END,CURVE & LEVEL,DAYLIGHT,,,12/16/2019 10:49:12 AM,False,7497,Accepted,