IncidentID,AgencyORI,AgencyName,IncidentStatusDesc,County,RdwyNumber,Street,RoadwayName,StreetSfx,StreetDir,IntersectionRdwy,IntersectionRdwyName,BetweenStRdwy1,BetweenStRdwyName1,BetweenStRdwy2,BetweenStRdwyName2,Latitude,Longitude,Milepoint,CollisionDate,CollisionTime,UnitsInvolved,MotorVehiclesInvolved,NumberKilled,NumberInjured,Weather,RdwyConditionCode,HitandRun,DirAnalysisCode,MannerofCollision,RdwyCharacter,LightCondition,RampFromRdwyId,RampToRdwyId,AcceptedDate,IsSecondaryCollision,OwnerBadge,IncidentStatus,
26062882,0568000,LOUISVILLE METRO POLICE DEPT,Accepted,JEFFERSON,US0060,,FRANKFORT,AVE,,,,,HITE,,HITE,38.254701591,-85.692743833,1.463,12/14/2019 12:00:00 AM,1920,2,2,0,0,CLEAR,DRY,True,REAR END IN TRAFFIC LANES BOTH VEHICLES MOVING,REAR END,STRAIGHT & LEVEL,DARK-HWY LIGHTED/ON,,,12/16/2019 10:56:01 AM,False,7793,Accepted,
26062704,0568000,LOUISVILLE METRO POLICE DEPT,Accepted,JEFFERSON,I 0064,,I64 E,,,,,,,,,38.258576214,-85.764539889,4.091,12/14/2019 12:00:00 AM,0830,2,2,0,0,RAINING,WET,False,REAR END IN TRAFFIC LANES BOTH VEHICLES MOVING,REAR END,STRAIGHT & LEVEL,DAYLIGHT,,,12/16/2019 10:48:24 AM,False,7386,Accepted,
26062707,0568000,LOUISVILLE METRO POLICE DEPT,Accepted,JEFFERSON,I 0064,,I64 E,,,,,,,,,38.258572332,-85.764451417,4.096,12/14/2019 12:00:00 AM,0803,2,2,0,0,RAINING,WET,False,REAR END IN TRAFFIC LANES BOTH VEHICLES MOVING,REAR END,STRAIGHT & LEVEL,DAYLIGHT,,,12/16/2019 10:48:30 AM,False,7386,Accepted,
26062773,0568000,LOUISVILLE METRO POLICE DEPT,Accepted,JEFFERSON,KY2048,,CANNONS,LN,,,,,,,,38.238079263,-85.659296410,1.452,12/14/2019 12:00:00 AM,1319,2,2,0,0,CLOUDY,DRY,False,REAR END IN TRAFFIC LANES BOTH VEHICLES MOVING,REAR END,STRAIGHT & LEVEL,DAYLIGHT,,,12/16/2019 10:50:15 AM,False,5112,Accepted,
26062832,0568000,LOUISVILLE METRO POLICE DEPT,Accepted,JEFFERSON,US0031W,,DIXIE,HWY,,,,,,,,38.120964566,-85.855879861,9.729,12/14/2019 12:00:00 AM,1334,2,2,0,0,CLEAR,DRY,False,REAR END IN TRAFFIC LANES BOTH VEHICLES MOVING,REAR END,STRAIGHT & LEVEL,DAYLIGHT,,,12/16/2019 10:53:59 AM,False,5250,Accepted,
26062771,0568000,LOUISVILLE METRO POLICE DEPT,Accepted,JEFFERSON,US0031E,,BARDSTOWN,RD,,,,KY1932,BRECKENRIDGE,,BANNON CROSSINGS,38.181284551,-85.626939667,8.702,12/14/2019 12:00:00 AM,1034,2,2,0,0,CLOUDY,WET,False,REAR END IN TRAFFIC LANES BOTH VEHICLES MOVING,REAR END,STRAIGHT & LEVEL,DAYLIGHT,,,12/16/2019 10:50:10 AM,False,7431,Accepted,
26084108,0568000,LOUISVILLE METRO POLICE DEPT,Accepted,JEFFERSON,US0031E,,BARDSTOWN,RD,,,,,DOUGLASS,,HARVARD,38.224366271,-85.693450921,13.611,12/14/2019 12:00:00 AM,0000,2,2,0,0,RAINING,WET,False,REAR END IN TRAFFIC LANES BOTH VEHICLES MOVING,REAR END,STRAIGHT & LEVEL,DARK-HWY LIGHTED/ON,,,12/20/2019 12:06:45 PM,False,7180,Accepted,
26062988,0568000,LOUISVILLE METRO POLICE DEPT,Accepted,JEFFERSON,KY0864,4565,POPLAR LEVEL,RD,,,,,,,,38.182120562,-85.697228134,10.213,12/14/2019 12:00:00 AM,1531,2,2,0,0,RAINING,WET,True,1 VEHICLE PARKED POSITION (NOT PARKING LOT/DRIVEWAY),ANGLE,STRAIGHT & LEVEL,DAYLIGHT,,,12/16/2019 11:04:01 AM,False,5027,Accepted,
26062623,0568000,LOUISVILLE METRO POLICE DEPT,Accepted,JEFFERSON,,2000,SHERWOOD,AVE,,,,,,,,38.231651916,-85.707712171,0.188,12/14/2019 12:00:00 AM,0005,2,2,0,0,RAINING,WET,False,1 VEHICLE PARKED POSITION (NOT PARKING LOT/DRIVEWAY),BACKING,STRAIGHT & LEVEL,DARK-HWY LIGHTED/ON,,,12/16/2019 10:45:29 AM,False,2192,Accepted,
26063017,0568000,LOUISVILLE METRO POLICE DEPT,Accepted,JEFFERSON,I 0064,,I64 E,,,,,,,,,38.223517221,-85.550174275,16.578,12/14/2019 12:00:00 AM,2020,2,2,0,0,CLEAR,DRY,False,SIDESWIPE COLLISION - SAME DIRECTION,SIDESWIPE-SAME DIRECTION,STRAIGHT & LEVEL,DARK-HWY LIGHTED/ON,,,12/16/2019 11:06:50 AM,False,7785,Accepted,
26062695,0568000,LOUISVILLE METRO POLICE DEPT,Accepted,JEFFERSON,I 0064,,I64 E,,,,,,,,,38.258760580,-85.757599835,4.490,12/14/2019 12:00:00 AM,0825,2,2,0,0,CLOUDY,WET,False,SIDESWIPE COLLISION - SAME DIRECTION,SIDESWIPE-SAME DIRECTION,STRAIGHT & LEVEL,DAYLIGHT,,,12/16/2019 10:47:56 AM,False,6907,Accepted,
26062844,0568000,LOUISVILLE METRO POLICE DEPT,Accepted,JEFFERSON,KY1020,1427,2ND,ST,S,,,,,,,38.227979047,-85.758183813,10.857,12/14/2019 12:00:00 AM,1450,2,2,0,0,CLOUDY,DRY,False,SIDESWIPE COLLISION - SAME DIRECTION,SIDESWIPE-SAME DIRECTION,STRAIGHT & LEVEL,DAYLIGHT,,,12/16/2019 10:54:32 AM,False,5260,Accepted,
26062986,0568000,LOUISVILLE METRO POLICE DEPT,Accepted,JEFFERSON,US0031W,,MARKET,ST,W,,,,7TH,,6TH,38.255729395,-85.761275191,21.596,12/14/2019 12:00:00 AM,1837,2,2,0,0,CLEAR,DRY,False,SIDESWIPE COLLISION - SAME DIRECTION,SIDESWIPE-SAME DIRECTION,STRAIGHT & LEVEL,DARK (UNKNOWN ROADWAY LIGHTING),,,12/16/2019 11:03:46 AM,False,5173,Accepted,
26062670,0568000,LOUISVILLE METRO POLICE DEPT,Accepted,JEFFERSON,,3001,CHAMBERLAIN,LN,,,,,,,,38.302874419,-85.552448892,2.792,12/14/2019 12:00:00 AM,0447,2,2,0,0,RAINING,WET,True,SIDESWIPE COLLISION - SAME DIRECTION,SIDESWIPE-SAME DIRECTION,,DAWN,,,12/16/2019 10:46:54 AM,False,5155,Accepted,
26058271,0560300,ST. MATTHEWS POLICE DEPARTMENT,Accepted,JEFFERSON,US0060,5000,SHELBYVILLE,RD,,,,,,,,38.250312233,-85.623094577,5.330,12/14/2019 12:00:00 AM,1630,2,2,0,0,CLOUDY,DRY,False,SIDESWIPE COLLISION - SAME DIRECTION,SIDESWIPE-SAME DIRECTION,STRAIGHT & LEVEL,DAYLIGHT,,,12/15/2019 7:30:51 AM,False,9155,Accepted,
26062834,0568000,LOUISVILLE METRO POLICE DEPT,Accepted,JEFFERSON,,,RIVER FIELD,DR,,,,,,,,38.142883740,-85.888327809,0.079,12/14/2019 12:00:00 AM,1404,2,2,0,0,CLEAR,DRY,True,HEAD-ON COLLISION,HEAD ON,STRAIGHT & LEVEL,DAYLIGHT,,,12/16/2019 10:54:05 AM,False,5250,Accepted,
26062639,0568000,LOUISVILLE METRO POLICE DEPT,Accepted,JEFFERSON,KY0061,,PRESTON,HWY,,,MUD,,,,,38.092807656,-85.669266452,0.648,12/14/2019 12:00:00 AM,0220,2,2,0,0,RAINING,WET,True,HEAD-ON COLLISION,HEAD ON,STRAIGHT & LEVEL,DARK (UNKNOWN ROADWAY LIGHTING),,,12/16/2019 10:46:17 AM,False,5248,Accepted,
26062984,0568000,LOUISVILLE METRO POLICE DEPT,Accepted,JEFFERSON,I 0065,,I65 N,,,,,,,,,38.170127271,-85.720467175,129.173,12/14/2019 12:00:00 AM,1424,1,1,0,0,CLEAR,DRY,False,OTHER COLLISIONS ON SHOULDER,SINGLE VEHICLE,STRAIGHT & GRADE,DAYLIGHT,,,12/16/2019 11:03:37 AM,False,5153,Accepted,
26062869,0568000,LOUISVILLE METRO POLICE DEPT,Accepted,JEFFERSON,KY3082,,BANK,ST,,,,,,,,38.272491451,-85.802773885,0.368,12/14/2019 12:00:00 AM,1833,2,2,0,1,CLEAR,DRY,False,OTHER COLLISIONS ON SHOULDER,SIDESWIPE-SAME DIRECTION,STRAIGHT & LEVEL,DARK-HWY LIGHTED/ON,,,12/16/2019 10:55:29 AM,False,7988,Accepted,
26062716,0568000,LOUISVILLE METRO POLICE DEPT,Accepted,JEFFERSON,,,GRINSTEAD,DR,,,,,,,,38.248786231,-85.691710223,0.651,12/14/2019 12:00:00 AM,1002,3,3,0,0,CLEAR,WET,False,SIDESWIPE COLLISION - OPPOSITE DIRECTION,SIDESWIPE-OPPOSITE DIRECTION,CURVE & LEVEL,DAYLIGHT,,,12/16/2019 10:48:47 AM,False,7028,Accepted,
26062989,0568000,LOUISVILLE METRO POLICE DEPT,Accepted,JEFFERSON,I 0065,,I65 N,,,,,I 0065,I65 N EXIT130 OFF RAMP TO KY61,I 0065,I65 N EXIT131A OFF RAMP,38.176237212,-85.719213661,129.602,12/14/2019 12:00:00 AM,1536,2,2,0,0,CLOUDY,DRY,False,SIDESWIPE COLLISION - SAME DIRECTION,SIDESWIPE-SAME DIRECTION,STRAIGHT & LEVEL,DAYLIGHT,,,12/16/2019 11:04:06 AM,False,5027,Accepted,
26062847,0568000,LOUISVILLE METRO POLICE DEPT,Accepted,JEFFERSON,US0060,7813,SHELBYVILLE,RD,,,,,,,,38.248841701,-85.606858860,6.217,12/14/2019 12:00:00 AM,1713,2,2,0,0,CLOUDY,DRY,False,SIDESWIPE COLLISION - SAME DIRECTION,SIDESWIPE-SAME DIRECTION,STRAIGHT & LEVEL,DUSK,,,12/16/2019 10:54:41 AM,False,7358,Accepted,
26062756,0568000,LOUISVILLE METRO POLICE DEPT,Accepted,JEFFERSON,I 0264,,I264 E,,,,,I 0065,I264 E EXIT12 ON RAMP,I 0264,I264 E EXIT14 OFF RAMP TO KY864,38.191205749,-85.715985368,12.824,12/14/2019 12:00:00 AM,1229,2,2,0,0,CLOUDY,DRY,False,SIDESWIPE COLLISION - SAME DIRECTION,SIDESWIPE-SAME DIRECTION,CURVE & GRADE,DAYLIGHT,,,12/16/2019 10:49:48 AM,False,2532,Accepted,
26062825,0568000,LOUISVILLE METRO POLICE DEPT,Accepted,JEFFERSON,KY0907,,SOUTHSIDE,DR,,,,KY1865,NEW CUT,,LILLIAN,38.146446905,-85.774612263,6.368,12/14/2019 12:00:00 AM,1638,2,2,0,0,CLOUDY,WET,False,1 VEHICLE ENTERING/LEAVING ENTRANCE,ANGLE,STRAIGHT & LEVEL,DUSK,,,12/16/2019 10:53:45 AM,False,5279,Accepted,
26062855,0568000,LOUISVILLE METRO POLICE DEPT,Accepted,JEFFERSON,,,BAYLY,AVE,S,,,,,,,38.248802370,-85.692275373,0.476,12/14/2019 12:00:00 AM,1724,2,2,0,0,CLEAR,DRY,False,1 VEHICLE ENTERING/LEAVING ENTRANCE,ANGLE,STRAIGHT & HILLCREST,DARK-HWY NOT LIGHTED,,,12/16/2019 10:54:56 AM,False,5112,Accepted,
26062898,0568000,LOUISVILLE METRO POLICE DEPT,Accepted,JEFFERSON,,,RIVER PARK,DR,,,,,,,,38.254366223,-85.806428437,1.125,12/14/2019 12:00:00 AM,2345,2,2,0,1,CLEAR,DRY,False,1 VEHICLE ENTERING/LEAVING ENTRANCE,ANGLE,STRAIGHT & LEVEL,DARK-HWY LIGHTED/ON,,,12/16/2019 10:57:32 AM,False,7481,Accepted,
26062626,0568000,LOUISVILLE METRO POLICE DEPT,Accepted,JEFFERSON,US0031W,700,MARKET,ST,W,,,,7TH,,8TH,38.255854917,-85.762508741,21.532,12/14/2019 12:00:00 AM,0205,1,1,0,0,RAINING,WET,False,OTHER ROADWAY OR MID-BLOCK COLLISION,SINGLE VEHICLE,STRAIGHT & LEVEL,DARK-HWY LIGHTED/ON,,,12/16/2019 10:46:04 AM,False,7823,Accepted,
26062819,0568000,LOUISVILLE METRO POLICE DEPT,Accepted,JEFFERSON,,,BRIARCLIFF,RD,,,,,OLD OUTER,KY1065,OUTER,38.135653539,-85.697131189,0.033,12/14/2019 12:00:00 AM,1107,2,2,0,0,CLOUDY,WET,False,OTHER ROADWAY OR MID-BLOCK COLLISION,REAR END,STRAIGHT & LEVEL,DAYLIGHT,,,12/16/2019 10:53:33 AM,False,7669,Accepted,
26062879,0568000,LOUISVILLE METRO POLICE DEPT,Accepted,JEFFERSON,KY2048,,DUTCHMANS,LN,,,,KY2048,CANNONS,,ABIGAIL,38.225921124,-85.650603382,0.482,12/14/2019 12:00:00 AM,1832,2,2,0,0,CLEAR,DRY,False,VEHICLE BACKING NON INTERSECTION,BACKING,STRAIGHT & LEVEL,DARK-HWY LIGHTED/ON,,,12/16/2019 10:55:43 AM,False,7129,Accepted,
26062807,0568000,LOUISVILLE METRO POLICE DEPT,Accepted,JEFFERSON,KY1065,,OUTER,LOOP,,,,,CANDLEWORTH,KY1865,NEW CUT,38.126557976,-85.784379839,0.572,12/14/2019 12:00:00 AM,1049,2,2,0,0,CLOUDY,DRY,False,VEHICLE BACKING NON INTERSECTION,BACKING,STRAIGHT & LEVEL,DAYLIGHT,,,12/16/2019 10:53:01 AM,False,7202,Accepted,
26062797,0568000,LOUISVILLE METRO POLICE DEPT,Accepted,JEFFERSON,,8825,FAIRGROUND,RD,,,,,,,,38.165700961,-85.595235286,0.197,12/14/2019 12:00:00 AM,1049,1,1,0,0,CLOUDY,WET,False,OTHER ROADWAY OR MID-BLOCK COLLISION,SINGLE VEHICLE,CURVE & LEVEL,DAYLIGHT,,,12/16/2019 10:52:06 AM,False,5040,Accepted,
26062789,0568000,LOUISVILLE METRO POLICE DEPT,Accepted,JEFFERSON,,,SPRINGHURST,BLVD,,,,KY1747,HURSTBOURNE,,MOORFIELD,38.304373713,-85.575357210,1.589,12/14/2019 12:00:00 AM,1400,2,2,0,0,CLOUDY,DRY,True,OTHER ROADWAY OR MID-BLOCK COLLISION,REAR END,STRAIGHT & HILLCREST,DAYLIGHT,,,12/16/2019 10:51:06 AM,False,2969,Accepted,
26062917,0568000,LOUISVILLE METRO POLICE DEPT,Accepted,JEFFERSON,I 0064,,,,,,,,,,,38.236436489,-85.619191001,0.527,12/14/2019 12:00:00 AM,0815,1,1,0,0,CLOUDY,WET,False,COLLISION WITH FIXED OBJECT NOT IN GORE ,SINGLE VEHICLE,CURVE & LEVEL,DAYLIGHT,I 0064,I 0064,12/16/2019 10:59:28 AM,False,7628,Accepted,
26062918,0568000,LOUISVILLE METRO POLICE DEPT,Accepted,JEFFERSON,I 0064,,,,,,,,,,,38.236489670,-85.619466372,0.512,12/14/2019 12:00:00 AM,0815,1,1,0,0,CLOUDY,WET,False,OTHER RAMP RELATED COLLISIONS NOT LISTED ABOVE,SINGLE VEHICLE,CURVE & LEVEL,DAYLIGHT,I 0064,I 0064,12/16/2019 10:59:36 AM,False,7628,Accepted,
26062802,0568000,LOUISVILLE METRO POLICE DEPT,Accepted,JEFFERSON,I 0064,,,,,,,,,,,38.236656860,-85.618053527,0.299,12/14/2019 12:00:00 AM,1510,2,2,0,0,CLOUDY,DRY,False,OTHER RAMP RELATED COLLISIONS NOT LISTED ABOVE,REAR END,CURVE & LEVEL,DAYLIGHT,I 0064,I 0264,12/16/2019 10:52:28 AM,False,6406,Accepted,
26062896,0568000,LOUISVILLE METRO POLICE DEPT,Accepted,JEFFERSON,I 0264,,,,,,,,,,,38.254355853,-85.806369103,0.002,12/14/2019 12:00:00 AM,1924,2,2,0,2,CLEAR,DRY,False,OTHER RAMP RELATED COLLISIONS NOT LISTED ABOVE,ANGLE,STRAIGHT & LEVEL,DARK-HWY LIGHTED/ON,RIVER PARK DR,I 0264,12/16/2019 10:57:21 AM,False,5057,Accepted,
26062607,0568000,LOUISVILLE METRO POLICE DEPT,Accepted,JEFFERSON,I 0065,,,,,,,,,,,38.116701422,-85.703923611,0.124,12/13/2019 12:00:00 AM,1735,2,2,0,0,RAINING,WATER (STANDING OR MOVING),False,OTHER RAMP RELATED COLLISIONS NOT LISTED ABOVE,REAR END,CURVE & LEVEL,DARK-HWY LIGHTED/ON,I 0065,I 0265,12/16/2019 10:43:59 AM,False,7669,Accepted,
26062620,0568000,LOUISVILLE METRO POLICE DEPT,Accepted,JEFFERSON,I 0065,,,,,,,,,,,38.192191254,-85.734545464,0.206,12/13/2019 12:00:00 AM,1959,2,2,0,0,RAINING,WET,False,OTHER RAMP RELATED COLLISIONS NOT LISTED ABOVE,REAR END,CURVE & LEVEL,DARK-HWY LIGHTED/ON,I 0065,I 0264,12/16/2019 10:44:56 AM,False,7344,Accepted,
26072253,0568000,LOUISVILLE METRO POLICE DEPT,Accepted,JEFFERSON,I 0065,,,,,,,,,,,38.113004402,-85.695083042,0.522,12/13/2019 12:00:00 AM,1559,2,2,0,0,RAINING,WET,False,OTHER RAMP RELATED COLLISIONS NOT LISTED ABOVE,ANGLE,CURVE & LEVEL,DAYLIGHT,I 0065,I 0065,12/18/2019 8:28:44 AM,False,7944,Accepted,
26062899,0568000,LOUISVILLE METRO POLICE DEPT,Accepted,JEFFERSON,I 0065,,I65 N,,,,,,,,,38.186578046,-85.725880995,130.417,12/13/2019 12:00:00 AM,1928,1,1,0,0,RAINING,WET,False,OTHER ROADWAY OR MID-BLOCK COLLISION,SINGLE VEHICLE,CURVE & LEVEL,DARK-HWY LIGHTED/ON,,,12/16/2019 10:57:41 AM,False,7291,Accepted,
26062622,0568000,LOUISVILLE METRO POLICE DEPT,Accepted,JEFFERSON,US0060A,2622,3RD,ST,S,,,US0060A,EASTERN,US0060A,WINKLER,38.211789512,-85.762695749,3.272,12/13/2019 12:00:00 AM,2128,1,1,0,0,RAINING,WET,False,OTHER ROADWAY OR MID-BLOCK COLLISION,SINGLE VEHICLE,STRAIGHT & GRADE,DARK-HWY LIGHTED/ON,,,12/16/2019 10:45:14 AM,False,5217,Accepted,
26062589,0568000,LOUISVILLE METRO POLICE DEPT,Accepted,JEFFERSON,KY1932,2950,BRECKENRIDGE,LN,,,,,,,,38.221343281,-85.631781403,2.972,12/13/2019 12:00:00 AM,1630,2,2,0,0,RAINING,WET,False,OTHER ROADWAY OR MID-BLOCK COLLISION,REAR END,STRAIGHT & LEVEL,DAYLIGHT,,,12/16/2019 10:42:14 AM,False,7739,Accepted,
26062590,0568000,LOUISVILLE METRO POLICE DEPT,Accepted,JEFFERSON,US0031E,,BARDSTOWN,RD,,,,,MURRAY,,DEERWOOD,38.229605869,-85.703005359,14.233,12/13/2019 12:00:00 AM,1855,2,2,0,0,RAINING,WET,True,OTHER ROADWAY OR MID-BLOCK COLLISION,REAR END,STRAIGHT & LEVEL,DARK-HWY LIGHTED/ON,,,12/16/2019 10:42:18 AM,False,2230,Accepted,
26062506,0568000,LOUISVILLE METRO POLICE DEPT,Accepted,JEFFERSON,,,SPRINGDALE,RD,,,,,,,,38.307074925,-85.578957928,0.163,12/13/2019 12:00:00 AM,1629,2,2,0,0,RAINING,WET,False,OTHER ROADWAY OR MID-BLOCK COLLISION,OPPOSING LEFT TURN,STRAIGHT & LEVEL,DAYLIGHT,,,12/16/2019 10:38:29 AM,False,2969,Accepted,
26062515,0568000,LOUISVILLE METRO POLICE DEPT,Accepted,JEFFERSON,KY1819,,BILLTOWN,RD,,,,,,,,38.166078932,-85.569241983,7.128,12/13/2019 12:00:00 AM,1613,2,2,0,0,RAINING,WET,False,OTHER ROADWAY OR MID-BLOCK COLLISION,REAR END,STRAIGHT & LEVEL,DAYLIGHT,,,12/16/2019 10:38:47 AM,False,5040,Accepted,
26062504,0568000,LOUISVILLE METRO POLICE DEPT,Accepted,JEFFERSON,KY1934,,GREENBELT,HWY,,,,,GLO JEAN,,LOWER HUNTERS,38.169022462,-85.876518170,6.121,12/13/2019 12:00:00 AM,1445,3,3,0,3,RAINING,WET,False,OTHER ROADWAY OR MID-BLOCK COLLISION,REAR END,STRAIGHT & LEVEL,DAYLIGHT,,,12/16/2019 10:38:12 AM,False,7339,Accepted,
26062445,0568000,LOUISVILLE METRO POLICE DEPT,Accepted,JEFFERSON,US0031E,,BARDSTOWN,RD,,CS1010G,GOLDSMITH,,,,,38.208438674,-85.669088959,11.767,12/13/2019 12:00:00 AM,1039,2,2,0,0,CLEAR,DRY,False,OTHER ROADWAY OR MID-BLOCK COLLISION,REAR END,STRAIGHT & LEVEL,DAYLIGHT,,,12/16/2019 10:33:54 AM,False,5288,Accepted,
26064329,0560000,JEFFERSON COUNTY SHERIFF DEPT.,Accepted,JEFFERSON,,,TRADE PORT,DR,,,,,,,,38.125875044,-85.895651766,0.140,12/13/2019 12:00:00 AM,1700,2,2,0,0,RAINING,WET,True,COLLISION IN PARKING LOT,SIDESWIPE-SAME DIRECTION,STRAIGHT & LEVEL,DUSK,,,12/16/2019 2:13:26 PM,False,3230,Accepted,
26062609,0568000,LOUISVILLE METRO POLICE DEPT,Accepted,JEFFERSON,,4249,OUTER LOOP,,,,,,,,,38.139629572,-85.681608023,,12/13/2019 12:00:00 AM,1900,2,1,0,1,RAINING,WET,False,COLLISION IN PARKING LOT,SINGLE VEHICLE,STRAIGHT & LEVEL,OTHER,,,12/16/2019 10:44:08 AM,False,6360,Accepted,
26062893,0568000,LOUISVILLE METRO POLICE DEPT,Accepted,JEFFERSON,KY1932,3039,BRECKENRIDGE,LN,,,,,,,,38.217217442,-85.627892292,2.618,12/13/2019 12:00:00 AM,1800,2,2,0,0,RAINING,WET,False,COLLISION IN PARKING LOT,ANGLE,STRAIGHT & LEVEL,DARK (UNKNOWN ROADWAY LIGHTING),,,12/16/2019 10:57:01 AM,False,7987,Accepted,
26062608,0568000,LOUISVILLE METRO POLICE DEPT,Accepted,JEFFERSON,,3001,CHAMBERLAIN,LN,,,,,,,,38.290548537,-85.536233376,1.412,12/13/2019 12:00:00 AM,1934,2,2,0,0,RAINING,WET,True,VEHICLE BACKING NON INTERSECTION,BACKING,STRAIGHT & LEVEL,DAWN,,,12/16/2019 10:44:04 AM,False,5155,Accepted,
26062444,0568000,LOUISVILLE METRO POLICE DEPT,Accepted,JEFFERSON,KY0022,,BROWNSBORO,RD,,,,,SIMCOE,I 0265,I265 S EXIT34 ON RAMP FROM KY22 E,38.308309811,-85.573626690,4.011,12/13/2019 12:00:00 AM,1059,2,2,0,0,CLOUDY,DRY,False,OTHER ROADWAY OR MID-BLOCK COLLISION,REAR END,STRAIGHT & LEVEL,DAWN,,,12/16/2019 10:33:50 AM,False,2969,Accepted,
26064814,0568000,LOUISVILLE METRO POLICE DEPT,Accepted,JEFFERSON,I 0265,,I265 S,,,,,,,,,38.285848128,-85.510721803,30.200,12/13/2019 12:00:00 AM,1640,2,2,0,0,RAINING,WET,False,OTHER ROADWAY OR MID-BLOCK COLLISION,REAR END,STRAIGHT & LEVEL,DARK-HWY LIGHTED/ON,,,12/16/2019 3:42:21 PM,False,2142,Accepted,
26062601,0568000,LOUISVILLE METRO POLICE DEPT,Accepted,JEFFERSON,,,WATTERSON,TRL,,,,,,,,38.181336873,-85.615953960,0.509,12/13/2019 12:00:00 AM,1500,1,1,0,0,RAINING,WET,False,OTHER ROADWAY OR MID-BLOCK COLLISION,SINGLE VEHICLE,STRAIGHT & LEVEL,DAYLIGHT,,,12/16/2019 10:43:26 AM,False,5159,Accepted,
26062585,0568000,LOUISVILLE METRO POLICE DEPT,Accepted,JEFFERSON,I 0065,,I65 N,,,,,,,,,38.234222923,-85.750924411,134.441,12/13/2019 12:00:00 AM,1816,2,2,0,0,RAINING,WET,False,OTHER ROADWAY OR MID-BLOCK COLLISION,REAR END,STRAIGHT & HILLCREST,DARK-HWY LIGHTED/ON,,,12/16/2019 10:41:49 AM,False,7311,Accepted,
26062527,0568000,LOUISVILLE METRO POLICE DEPT,Accepted,JEFFERSON,,,GOOSE CREEK,RD,,,,,BLOSSOM,,LANGDON,38.288752318,-85.579649564,1.131,12/13/2019 12:00:00 AM,1702,2,2,0,0,RAINING,WET,False,OTHER ROADWAY OR MID-BLOCK COLLISION,REAR END,STRAIGHT & LEVEL,DUSK,,,12/16/2019 10:39:03 AM,False,2969,Accepted,
26062402,0568000,LOUISVILLE METRO POLICE DEPT,Accepted,JEFFERSON,I 0265,,I265 S,,,,,,,,,38.235187715,-85.504517506,26.308,12/13/2019 12:00:00 AM,0733,2,2,0,0,CLOUDY,DRY,False,OTHER ROADWAY OR MID-BLOCK COLLISION,REAR END,STRAIGHT & LEVEL,DAYLIGHT,,,12/16/2019 10:29:33 AM,False,4903,Accepted,
26051310,0568000,LOUISVILLE METRO POLICE DEPT,Accepted,JEFFERSON,I 0264,,I264 E,,,,,,,,,38.202422009,-85.686334063,14.649,12/13/2019 12:00:00 AM,0005,1,1,0,0,CLEAR,DRY,False,OTHER ROADWAY OR MID-BLOCK COLLISION,SINGLE VEHICLE,STRAIGHT & GRADE,DARK-HWY LIGHTED/ON,,,12/13/2019 8:37:12 AM,False,7419,Accepted,
26080067,0564400,INDIAN HILLS POLICE DEPARTMENT,Accepted,JEFFERSON,,3900,RIVER,RD,,,,,,,,38.289545531,-85.682663846,1.056,12/13/2019 12:00:00 AM,1900,2,2,0,0,RAINING,WET,False,OTHER ROADWAY OR MID-BLOCK COLLISION,REAR END,STRAIGHT & LEVEL,DARK-HWY NOT LIGHTED,,,12/19/2019 3:48:35 PM,False,4433,Accepted,
26062497,0568000,LOUISVILLE METRO POLICE DEPT,Accepted,JEFFERSON,US0031E,,BARDSTOWN,RD,,,,,FAIRGROUND,,OLDHAM,38.163684194,-85.597099218,6.672,12/13/2019 12:00:00 AM,1402,2,2,0,0,RAINING,WET,False,1 VEHICLE ENTERING/LEAVING ENTRANCE,ANGLE,STRAIGHT & LEVEL,DAYLIGHT,,,12/16/2019 10:37:09 AM,False,2017,Accepted,
26062595,0568000,LOUISVILLE METRO POLICE DEPT,Accepted,JEFFERSON,US0031E,,BARDSTOWN,RD,,,,,,,,38.233281450,-85.711746162,14.790,12/13/2019 12:00:00 AM,1048,2,2,0,2,CLOUDY,DRY,False,1 VEHICLE ENTERING/LEAVING ENTRANCE,ANGLE,STRAIGHT & LEVEL,DAYLIGHT,,,12/16/2019 10:43:03 AM,False,5112,Accepted,
26062680,0568000,LOUISVILLE METRO POLICE DEPT,Accepted,JEFFERSON,,,COMMERCE CROSSINGS,DR,,,,,,,,38.102907811,-85.680015995,0.207,12/13/2019 12:00:00 AM,1805,2,2,0,0,RAINING,WET,False,1 VEHICLE ENTERING/LEAVING ENTRANCE,ANGLE,STRAIGHT & LEVEL,DARK-HWY LIGHTED/ON,,,12/16/2019 10:47:16 AM,False,5138,Accepted,
26062921,0568000,LOUISVILLE METRO POLICE DEPT,Accepted,JEFFERSON,KY1934,,GREENBELT,HWY,,,,,,,,38.116586995,-85.894818990,2.311,12/13/2019 12:00:00 AM,0940,2,2,0,0,CLOUDY,WET,False,1 VEHICLE ENTERING/LEAVING ENTRANCE,ANGLE,STRAIGHT & LEVEL,DAYLIGHT,,,12/16/2019 10:59:57 AM,False,7524,Accepted,