IncidentID,AgencyORI,AgencyName,IncidentStatusDesc,County,RdwyNumber,Street,RoadwayName,StreetSfx,StreetDir,IntersectionRdwy,IntersectionRdwyName,BetweenStRdwy1,BetweenStRdwyName1,BetweenStRdwy2,BetweenStRdwyName2,Latitude,Longitude,Milepoint,CollisionDate,CollisionTime,UnitsInvolved,MotorVehiclesInvolved,NumberKilled,NumberInjured,Weather,RdwyConditionCode,HitandRun,DirAnalysisCode,MannerofCollision,RdwyCharacter,LightCondition,RampFromRdwyId,RampToRdwyId,AcceptedDate,IsSecondaryCollision,OwnerBadge,IncidentStatus,
26062905,0568000,LOUISVILLE METRO POLICE DEPT,Accepted,JEFFERSON,KY1934,,CANE RUN,RD,,,,,,,,38.224136545,-85.809566827,11.479,12/13/2019 12:00:00 AM,2158,2,2,0,0,RAINING,WET,False,1 VEHICLE ENTERING/LEAVING ENTRANCE,ANGLE,STRAIGHT & LEVEL,DARK-HWY LIGHTED/ON,,,12/16/2019 10:58:21 AM,False,7434,Accepted,
26067271,0568000,LOUISVILLE METRO POLICE DEPT,Accepted,JEFFERSON,KY0022,,BROWNSBORO,RD,,,,KY1694,BROWNSBORO,KY0022,BALLARDSVILLE,38.315609743,-85.561490905,4.827,12/13/2019 12:00:00 AM,2049,2,2,0,1,RAINING,WET,False,1 VEHICLE ENTERING/LEAVING ENTRANCE,ANGLE,STRAIGHT & LEVEL,DARK-HWY LIGHTED/ON,,,12/17/2019 8:40:17 AM,False,7851,Accepted,
26062525,0568000,LOUISVILLE METRO POLICE DEPT,Accepted,JEFFERSON,KY1865,,NEW CUT,RD,,,,KY0907,SOUTHSIDE,,COGAN,38.144188499,-85.774893658,2.555,12/13/2019 12:00:00 AM,1713,2,2,0,0,RAINING,WET,False,1 VEHICLE ENTERING/LEAVING ENTRANCE,ANGLE,STRAIGHT & LEVEL,DARK (UNKNOWN ROADWAY LIGHTING),,,12/16/2019 10:38:58 AM,False,5279,Accepted,
26062578,0568000,LOUISVILLE METRO POLICE DEPT,Accepted,JEFFERSON,KY0864,,FEGENBUSH,LN,,,,,,,,38.155542985,-85.636659603,6.116,12/13/2019 12:00:00 AM,1423,4,4,0,0,RAINING,WET,False,1 VEHICLE ENTERING/LEAVING ENTRANCE,ANGLE,CURVE & GRADE,DAYLIGHT,,,12/16/2019 10:40:52 AM,False,4693,Accepted,
26062610,0568000,LOUISVILLE METRO POLICE DEPT,Accepted,JEFFERSON,KY6319,,SIGNATURE,DR,,,,,PACKERLAND,KY1747,FERN VALLEY,38.156948150,-85.714442320,0.051,12/13/2019 12:00:00 AM,1740,2,2,0,0,RAINING,WET,False,1 VEHICLE ENTERING/LEAVING ENTRANCE,ANGLE,STRAIGHT & LEVEL,DARK-HWY NOT LIGHTED,,,12/16/2019 10:44:13 AM,False,6360,Accepted,
26062611,0568000,LOUISVILLE METRO POLICE DEPT,Accepted,JEFFERSON,KY1932,,BRECKENRIDGE,LN,,,,,,,,38.200429734,-85.623593226,1.336,12/13/2019 12:00:00 AM,1807,2,2,0,0,RAINING,WET,False,1 VEHICLE ENTERING/LEAVING ENTRANCE,ANGLE,STRAIGHT & LEVEL,DARK-HWY LIGHTED/ON,,,12/16/2019 10:44:18 AM,False,7670,Accepted,
26062500,0568000,LOUISVILLE METRO POLICE DEPT,Accepted,JEFFERSON,KY0155,,TAYLORSVILLE,RD,,,,US0031E,BARDSTOWN,,WALLACE,38.223444582,-85.683338838,16.461,12/13/2019 12:00:00 AM,1518,3,3,0,0,RAINING,WET,False,1 VEHICLE ENTERING/LEAVING ENTRANCE,ANGLE,STRAIGHT & GRADE,DAYLIGHT,,,12/16/2019 10:37:25 AM,False,2230,Accepted,
26062605,0568000,LOUISVILLE METRO POLICE DEPT,Accepted,JEFFERSON,US0060,3334,FRANKFORT,AVE,,,,,,,,38.254062049,-85.670498245,2.733,12/13/2019 12:00:00 AM,1910,2,2,0,0,RAINING,WET,False,SIDESWIPE COLLISION - SAME DIRECTION,SIDESWIPE-SAME DIRECTION,STRAIGHT & LEVEL,DARK-HWY LIGHTED/ON,,,12/16/2019 10:43:48 AM,False,5171,Accepted,
26062446,0568000,LOUISVILLE METRO POLICE DEPT,Accepted,JEFFERSON,,,TUCKER STATION,RD,,,,,,,,38.209981556,-85.528889113,2.750,12/13/2019 12:00:00 AM,1010,2,2,0,0,CLEAR,DRY,True,SIDESWIPE COLLISION - OPPOSITE DIRECTION,SIDESWIPE-OPPOSITE DIRECTION,STRAIGHT & LEVEL,DAYLIGHT,,,12/16/2019 10:33:59 AM,False,2854,Accepted,
26062624,0568000,LOUISVILLE METRO POLICE DEPT,Accepted,JEFFERSON,US0031,,CLARK MEMORIAL,BRG,,,,,,,,38.265385422,-85.751238874,0.641,12/13/2019 12:00:00 AM,2127,3,3,0,3,RAINING,WET,False,SIDESWIPE COLLISION - OPPOSITE DIRECTION,SIDESWIPE-OPPOSITE DIRECTION,STRAIGHT & LEVEL,DARK-HWY NOT LIGHTED,,,12/16/2019 10:45:35 AM,False,5285,Accepted,
26062574,0568000,LOUISVILLE METRO POLICE DEPT,Accepted,JEFFERSON,,2500,CAROLINA,AVE,,,,,,,,38.226503596,-85.681605952,0.218,12/13/2019 12:00:00 AM,1749,2,2,0,0,RAINING,WET,False,SIDESWIPE COLLISION - SAME DIRECTION,SIDESWIPE-SAME DIRECTION,STRAIGHT & LEVEL,DARK-HWY LIGHTED/ON,,,12/16/2019 10:40:30 AM,False,7306,Accepted,
26062581,0568000,LOUISVILLE METRO POLICE DEPT,Accepted,JEFFERSON,I 0265,,I265 S,,,,,I 0265,I265 S EXIT29 ON RAMP FROM KY3084,I 0265,I265 S EXIT27 OFF RAMP TO US60,38.264560761,-85.501787971,28.339,12/13/2019 12:00:00 AM,1750,2,2,0,0,RAINING,WET,False,SIDESWIPE COLLISION - SAME DIRECTION,SIDESWIPE-SAME DIRECTION,STRAIGHT & LEVEL,DARK-HWY LIGHTED/ON,,,12/16/2019 10:41:20 AM,False,7337,Accepted,
26062529,0568000,LOUISVILLE METRO POLICE DEPT,Accepted,JEFFERSON,KY1934,,GREENBELT,HWY,,,,,,,,38.146884626,-85.886461805,4.451,12/13/2019 12:00:00 AM,1310,2,2,0,0,RAINING,WET,False,SIDESWIPE COLLISION - SAME DIRECTION,SIDESWIPE-SAME DIRECTION,STRAIGHT & LEVEL,DAYLIGHT,,,12/16/2019 10:39:08 AM,False,7234,Accepted,
26062471,0568000,LOUISVILLE METRO POLICE DEPT,Accepted,JEFFERSON,US0031W,,DIXIE,HWY,,,,,BRICK KILN,,LEWISTON,38.170819441,-85.826569559,13.488,12/13/2019 12:00:00 AM,0633,2,2,0,0,CLEAR,DRY,False,SIDESWIPE COLLISION - SAME DIRECTION,SIDESWIPE-SAME DIRECTION,STRAIGHT & LEVEL,DARK (UNKNOWN ROADWAY LIGHTING),,,12/16/2019 10:36:21 AM,False,6326,Accepted,
26062448,0568000,LOUISVILLE METRO POLICE DEPT,Accepted,JEFFERSON,I 0264,,I264 W,,,,,,,,,38.202905029,-85.685821043,14.691,12/13/2019 12:00:00 AM,0917,2,2,0,0,CLOUDY,DRY,False,SIDESWIPE COLLISION - SAME DIRECTION,SIDESWIPE-SAME DIRECTION,STRAIGHT & LEVEL,DAYLIGHT,,,12/16/2019 10:34:12 AM,False,2017,Accepted,
26062975,0568000,LOUISVILLE METRO POLICE DEPT,Accepted,JEFFERSON,KY0022,,BROWNSBORO,RD,,,,,TEN BROECK,,RUNNING WATER,38.302715318,-85.586284129,3.130,12/13/2019 12:00:00 AM,1515,3,3,0,1,RAINING,WET,False,HEAD-ON COLLISION,HEAD ON,CURVE & HILLCREST,DAYLIGHT,,,12/16/2019 11:02:27 AM,False,6406,Accepted,
26062572,0568000,LOUISVILLE METRO POLICE DEPT,Accepted,JEFFERSON,KY1931,,7TH ST,RD,,,TENNESSEE,,,,,38.217754651,-85.779842660,10.289,12/13/2019 12:00:00 AM,1431,2,2,0,0,RAINING,WET,True,HEAD-ON COLLISION,HEAD ON,STRAIGHT & LEVEL,DAYLIGHT,,,12/16/2019 10:40:24 AM,False,7433,Accepted,
26062659,0568000,LOUISVILLE METRO POLICE DEPT,Accepted,JEFFERSON,KY1065,4545,OUTER,LOOP,,,,,,,,38.137943252,-85.673197349,6.799,12/13/2019 12:00:00 AM,1909,2,2,0,0,RAINING,WET,False,HEAD-ON COLLISION,HEAD ON,STRAIGHT & LEVEL,DARK-HWY LIGHTED/ON,,,12/16/2019 10:46:30 AM,False,7423,Accepted,
26062494,0568000,LOUISVILLE METRO POLICE DEPT,Accepted,JEFFERSON,I 0065,,I65 N,,,,,,,,,38.183032532,-85.722470839,130.110,12/13/2019 12:00:00 AM,1412,2,2,0,0,RAINING,WET,False,SIDESWIPE COLLISION - SAME DIRECTION,SIDESWIPE-SAME DIRECTION,STRAIGHT & LEVEL,DAYLIGHT,,,12/16/2019 10:37:04 AM,False,7839,Accepted,
26062419,0568000,LOUISVILLE METRO POLICE DEPT,Accepted,JEFFERSON,KY2055,,MANSLICK,RD,W,,,,SHARON,,BROWN AUSTIN,38.111038007,-85.765727998,1.885,12/13/2019 12:00:00 AM,0851,2,2,0,0,CLEAR,DRY,False,SIDESWIPE COLLISION - SAME DIRECTION,SIDESWIPE-SAME DIRECTION,STRAIGHT & LEVEL,DAYLIGHT,,,12/16/2019 10:30:35 AM,False,5279,Accepted,
26062466,0568000,LOUISVILLE METRO POLICE DEPT,Accepted,JEFFERSON,,,SPRINGHURST,BLVD,,,,,FREYS HILL,,FISCHER PARK,38.294423139,-85.559801678,0.057,12/13/2019 12:00:00 AM,1235,2,2,0,0,CLOUDY,DRY,False,SIDESWIPE COLLISION - SAME DIRECTION,SIDESWIPE-SAME DIRECTION,STRAIGHT & LEVEL,DAYLIGHT,,,12/16/2019 10:36:06 AM,False,6406,Accepted,
26062592,0568000,LOUISVILLE METRO POLICE DEPT,Accepted,JEFFERSON,I 0071,,I71 S,,,,,I 0071,I71 S EXIT5 RAMP TO I264 W,I 0071,I71 TURN AROUND6,38.290880104,-85.642146598,5.330,12/13/2019 12:00:00 AM,1750,3,3,0,0,RAINING,WET,False,SIDESWIPE COLLISION - SAME DIRECTION,SIDESWIPE-SAME DIRECTION,STRAIGHT & LEVEL,DARK-HWY NOT LIGHTED,,,12/16/2019 10:42:36 AM,False,6406,Accepted,
26067197,0568000,LOUISVILLE METRO POLICE DEPT,Accepted,JEFFERSON,KY1934,,CANE RUN,RD,,,,,BRIDWELL,,ROCKAWAY,38.180486581,-85.858862236,7.419,12/13/2019 12:00:00 AM,1743,2,2,0,0,RAINING,WET,False,SIDESWIPE COLLISION - SAME DIRECTION,SIDESWIPE-SAME DIRECTION,STRAIGHT & LEVEL,DARK-HWY LIGHTED/ON,,,12/17/2019 8:33:28 AM,False,2531,Accepted,
26062837,0568000,LOUISVILLE METRO POLICE DEPT,Accepted,JEFFERSON,US0060,,SHELBYVILLE,RD,,,,I 0264,I264 W EXIT20A OFF RAMP TO US60,I 0264,I264 E EXIT20B ON RAMP FROM US60 E,38.249879836,-85.620019912,5.508,12/13/2019 12:00:00 AM,1900,2,2,0,0,RAINING,WET,True,SIDESWIPE COLLISION - SAME DIRECTION,SIDESWIPE-SAME DIRECTION,STRAIGHT & LEVEL,DARK-HWY LIGHTED/ON,,,12/16/2019 10:54:10 AM,False,7960,Accepted,
26062675,0568000,LOUISVILLE METRO POLICE DEPT,Accepted,JEFFERSON,I 0065,,I65 N,,,,,,,,,38.236662447,-85.752205719,134.623,12/13/2019 12:00:00 AM,1839,2,2,0,0,RAINING,WET,False,SIDESWIPE COLLISION - SAME DIRECTION,SIDESWIPE-SAME DIRECTION,STRAIGHT & LEVEL,DARK-HWY LIGHTED/ON,,,12/16/2019 10:47:05 AM,False,5158,Accepted,
26062677,0568000,LOUISVILLE METRO POLICE DEPT,Accepted,JEFFERSON,I 0065,,I65 S,,,,,I 0065,I65 N EXIT131 OFF RAMP TO  FREEDOM WAY N,I 0065,I65 S EXIT131A RAMP TO I264 E,38.195615325,-85.733538236,131.160,12/13/2019 12:00:00 AM,2221,2,2,0,0,RAINING,WET,True,SIDESWIPE COLLISION - SAME DIRECTION,SIDESWIPE-SAME DIRECTION,STRAIGHT & LEVEL,DARK-HWY NOT LIGHTED,,,12/16/2019 10:47:11 AM,False,5165,Accepted,
26062684,0568000,LOUISVILLE METRO POLICE DEPT,Accepted,JEFFERSON,I 0065,,I65 N,,,,,,,,,38.107506429,-85.701135206,124.643,12/13/2019 12:00:00 AM,2130,2,2,0,0,RAINING,WET,False,SIDESWIPE COLLISION - SAME DIRECTION,SIDESWIPE-SAME DIRECTION,STRAIGHT & LEVEL,DARK-HWY LIGHTED/OFF,,,12/16/2019 10:47:25 AM,False,5138,Accepted,
26062586,0568000,LOUISVILLE METRO POLICE DEPT,Accepted,JEFFERSON,I 0264,,I264 E,,,,,I 0264,I264 E EXIT17 ON RAMP FROM KY155,I 0264,I264 E EXIT18 OFF RAMP TO KY1932,38.224217562,-85.644555912,17.383,12/13/2019 12:00:00 AM,1731,2,2,0,0,RAINING,WATER (STANDING OR MOVING),False,SIDESWIPE COLLISION - SAME DIRECTION,SIDESWIPE-SAME DIRECTION,STRAIGHT & LEVEL,DARK-HWY LIGHTED/ON,,,12/16/2019 10:41:56 AM,False,2230,Accepted,
26062901,0568000,LOUISVILLE METRO POLICE DEPT,Accepted,JEFFERSON,I 0065,,I65 N,,,,,,,,,38.195961710,-85.733571500,131.197,12/13/2019 12:00:00 AM,1916,2,2,0,1,RAINING,WET,True,SIDESWIPE COLLISION - SAME DIRECTION,SIDESWIPE-SAME DIRECTION,STRAIGHT & LEVEL,DARK-HWY LIGHTED/ON,,,12/16/2019 10:57:53 AM,False,7291,Accepted,
26062440,0568000,LOUISVILLE METRO POLICE DEPT,Accepted,JEFFERSON,,427,PARK,AVE,,,,,,,,38.231592615,-85.762998855,0.203,12/13/2019 12:00:00 AM,0740,2,2,0,0,CLOUDY,DRY,True,1 VEHICLE PARKED POSITION (NOT PARKING LOT/DRIVEWAY),SIDESWIPE-SAME DIRECTION,STRAIGHT & LEVEL,DAYLIGHT,,,12/16/2019 10:33:10 AM,False,5260,Accepted,
26062880,0568000,LOUISVILLE METRO POLICE DEPT,Accepted,JEFFERSON,KY1703,,NEWBURG,RD,,,,,TREVILIAN,,THACKERAY,38.213501550,-85.700914671,3.393,12/13/2019 12:00:00 AM,2030,2,2,0,0,RAINING,WET,False,REAR END IN TRAFFIC LANES BOTH VEHICLES MOVING,REAR END,STRAIGHT & LEVEL,DARK-HWY LIGHTED/ON,,,12/16/2019 10:55:51 AM,False,7793,Accepted,
26062881,0568000,LOUISVILLE METRO POLICE DEPT,Accepted,JEFFERSON,I 0264,,I264 E,,,,,I 0264,I264 E EXIT16 OFF RAMP TO US31E,I 0264,I264 E EXIT15 ON RAMP FROM KY1703,38.206460891,-85.678361740,15.166,12/13/2019 12:00:00 AM,2130,2,2,0,0,RAINING,WET,False,REAR END IN TRAFFIC LANES BOTH VEHICLES MOVING,REAR END,STRAIGHT & LEVEL,DARK-HWY LIGHTED/ON,,,12/16/2019 10:55:56 AM,False,7793,Accepted,
26062598,0568000,LOUISVILLE METRO POLICE DEPT,Accepted,JEFFERSON,KY1020,,2ND,ST,S,,,,JEFFERSON,,LIBERTY,38.253158708,-85.753906106,12.603,12/13/2019 12:00:00 AM,1640,2,2,0,0,RAINING,WET,False,REAR END IN TRAFFIC LANES BOTH VEHICLES MOVING,REAR END,STRAIGHT & LEVEL,DUSK,,,12/16/2019 10:43:16 AM,False,5173,Accepted,
26062579,0568000,LOUISVILLE METRO POLICE DEPT,Accepted,JEFFERSON,KY0864,,FEGENBUSH,LN,,,,,,,,38.146651194,-85.628021419,5.292,12/13/2019 12:00:00 AM,1624,2,2,0,0,RAINING,WET,False,REAR END IN TRAFFIC LANES BOTH VEHICLES MOVING,REAR END,STRAIGHT & LEVEL,DAYLIGHT,,,12/16/2019 10:41:00 AM,False,4693,Accepted,
26062531,0568000,LOUISVILLE METRO POLICE DEPT,Accepted,JEFFERSON,US0031E,,BARDSTOWN,RD,,,,,,,,38.141833239,-85.583443209,4.946,12/13/2019 12:00:00 AM,1632,2,2,0,0,RAINING,WET,False,REAR END IN TRAFFIC LANES BOTH VEHICLES MOVING,REAR END,STRAIGHT & LEVEL,DAYLIGHT,,,12/16/2019 10:39:14 AM,False,7962,Accepted,
26062562,0568000,LOUISVILLE METRO POLICE DEPT,Accepted,JEFFERSON,I 0265,,I265 E,,,,,,,,,38.181965812,-85.508212918,22.653,12/13/2019 12:00:00 AM,1805,3,3,0,0,RAINING,WET,False,REAR END IN TRAFFIC LANES BOTH VEHICLES MOVING,REAR END,STRAIGHT & LEVEL,DUSK,,,12/16/2019 10:39:57 AM,False,7698,Accepted,
26062489,0568000,LOUISVILLE METRO POLICE DEPT,Accepted,JEFFERSON,,4930,NORTON HEALTHCARE,BLVD,,,,,,,,38.312275790,-85.571705845,0.127,12/13/2019 12:00:00 AM,1401,2,2,0,0,RAINING,WET,False,REAR END IN TRAFFIC LANES BOTH VEHICLES MOVING,REAR END,STRAIGHT & LEVEL,DAYLIGHT,,,12/16/2019 10:36:55 AM,False,2489,Accepted,
26062596,0568000,LOUISVILLE METRO POLICE DEPT,Accepted,JEFFERSON,KY1703,2000,NEWBURG,RD,,,,,,,,38.221246913,-85.710500729,4.170,12/13/2019 12:00:00 AM,1706,2,2,0,0,RAINING,WET,False,REAR END IN TRAFFIC LANES BOTH VEHICLES MOVING,REAR END,STRAIGHT & GRADE,DAYLIGHT,,,12/16/2019 10:43:08 AM,False,5112,Accepted,
26062587,0568000,LOUISVILLE METRO POLICE DEPT,Accepted,JEFFERSON,KY2048,,CANNONS,LN,,,,,,,,38.233280191,-85.656467124,1.076,12/13/2019 12:00:00 AM,1655,2,2,0,0,RAINING,WET,False,REAR END IN TRAFFIC LANES BOTH VEHICLES MOVING,REAR END,STRAIGHT & LEVEL,DUSK,,,12/16/2019 10:42:01 AM,False,5006,Accepted,
26062505,0568000,LOUISVILLE METRO POLICE DEPT,Accepted,JEFFERSON,I 0265,,I265 S,,,,,,,,,38.243085134,-85.503761864,26.854,12/13/2019 12:00:00 AM,1610,2,2,0,0,RAINING,WET,False,REAR END IN TRAFFIC LANES BOTH VEHICLES MOVING,REAR END,STRAIGHT & LEVEL,DAYLIGHT,,,12/16/2019 10:38:22 AM,False,2218,Accepted,
26062588,0568000,LOUISVILLE METRO POLICE DEPT,Accepted,JEFFERSON,I 0264,,I264 E,,,,,I 0264,I264 E EXIT17A OFF RAMP TO KY155 S,I 0264,I264 E EXIT17B OFF RAMP TO KY155 N,38.221740683,-85.650090864,17.033,12/13/2019 12:00:00 AM,1731,3,3,0,0,RAINING,WET,False,REAR END IN TRAFFIC LANES BOTH VEHICLES MOVING,REAR END,STRAIGHT & LEVEL,DARK-HWY LIGHTED/ON,,,12/16/2019 10:42:05 AM,False,7129,Accepted,
26062543,0568000,LOUISVILLE METRO POLICE DEPT,Accepted,JEFFERSON,I 0264,,I264 E,,,,,I 0264,I264 E EXIT17 ON RAMP FROM KY155,I 0264,I264 E EXIT18 OFF RAMP TO KY1932,38.224309405,-85.644484085,17.389,12/13/2019 12:00:00 AM,1603,3,3,0,0,RAINING,WET,True,REAR END IN TRAFFIC LANES BOTH VEHICLES MOVING,REAR END,CURVE & LEVEL,DUSK,,,12/16/2019 10:39:42 AM,False,7448,Accepted,
26062541,0568000,LOUISVILLE METRO POLICE DEPT,Accepted,JEFFERSON,KY1747,,FERN VALLEY,RD,,,,,,,,38.158572152,-85.723009225,0.539,12/13/2019 12:00:00 AM,1009,2,2,0,0,CLOUDY,DRY,True,REAR END IN TRAFFIC LANES BOTH VEHICLES MOVING,REAR END,STRAIGHT & GRADE,DAYLIGHT,,,12/16/2019 10:39:34 AM,False,7830,Accepted,
26062600,0568000,LOUISVILLE METRO POLICE DEPT,Accepted,JEFFERSON,I 0264,,I264 W,,,,,,,,,38.244849950,-85.812091890,2.369,12/13/2019 12:00:00 AM,1715,4,4,0,0,RAINING,WET,False,REAR END IN TRAFFIC LANES BOTH VEHICLES MOVING,REAR END,STRAIGHT & LEVEL,DARK-HWY LIGHTED/ON,,,12/16/2019 10:43:22 AM,False,7656,Accepted,
26072252,0568000,LOUISVILLE METRO POLICE DEPT,Accepted,JEFFERSON,I 0264,,I264 W,,,,,,,,,38.196908263,-85.705705564,13.513,12/13/2019 12:00:00 AM,1502,2,2,0,0,RAINING,WET,False,REAR END IN TRAFFIC LANES BOTH VEHICLES MOVING,REAR END,STRAIGHT & GRADE,DAYLIGHT,,,12/18/2019 8:28:33 AM,False,7944,Accepted,
26067287,0568000,LOUISVILLE METRO POLICE DEPT,Accepted,JEFFERSON,I 0265,,I265 E,,,,,I 0265,I265 E EXIT15 ON RAMP FROM KY864,I 0265,I265 E EXIT17 OFF RAMP TO US31E,38.132435245,-85.600398391,16.149,12/13/2019 12:00:00 AM,1535,2,2,0,0,RAINING,WET,False,REAR END IN TRAFFIC LANES BOTH VEHICLES MOVING,REAR END,STRAIGHT & LEVEL,DAYLIGHT,,,12/17/2019 8:43:36 AM,False,2308,Accepted,
26062617,0568000,LOUISVILLE METRO POLICE DEPT,Accepted,JEFFERSON,KY1747,4600,HURSTBOURNE,PKWY,S,,,,,,,38.186215409,-85.606037148,8.735,12/13/2019 12:00:00 AM,1839,3,3,0,0,RAINING,WATER (STANDING OR MOVING),False,REAR END IN TRAFFIC LANES BOTH VEHICLES MOVING,REAR END,STRAIGHT & LEVEL,DARK (UNKNOWN ROADWAY LIGHTING),,,12/16/2019 10:44:43 AM,False,7492,Accepted,
26062509,0568000,LOUISVILLE METRO POLICE DEPT,Accepted,JEFFERSON,KY0022,10006,BROWNSBORO,RD,,,,,,,,38.312659022,-85.567310410,4.444,12/13/2019 12:00:00 AM,1554,2,2,0,0,RAINING,WET,False,REAR END IN TRAFFIC LANES BOTH VEHICLES MOVING,REAR END,STRAIGHT & LEVEL,DAYLIGHT,,,12/16/2019 10:38:34 AM,False,2489,Accepted,
26062568,0568000,LOUISVILLE METRO POLICE DEPT,Accepted,JEFFERSON,,,JEFFERSON,BLVD,,,,,,,,38.143503286,-85.674759208,0.386,12/13/2019 12:00:00 AM,1555,2,2,0,0,RAINING,WET,False,REAR END IN TRAFFIC LANES BOTH VEHICLES MOVING,REAR END,STRAIGHT & LEVEL,DAYLIGHT,,,12/16/2019 10:40:13 AM,False,7348,Accepted,
26062892,0568000,LOUISVILLE METRO POLICE DEPT,Accepted,JEFFERSON,I 0264,,I264 W,,,,,,,,,38.193299064,-85.711697776,13.102,12/13/2019 12:00:00 AM,1940,2,2,0,0,OTHER,WET,False,REAR END IN TRAFFIC LANES BOTH VEHICLES MOVING,REAR END,STRAIGHT & LEVEL,DARK-HWY LIGHTED/ON,,,12/16/2019 10:56:55 AM,False,7987,Accepted,
26051320,0568000,LOUISVILLE METRO POLICE DEPT,Accepted,JEFFERSON,KY1747,,FERN VALLEY,RD,,,,,,,,38.158002715,-85.723465539,0.479,12/13/2019 12:00:00 AM,0250,2,2,0,0,CLEAR,DRY,False,REAR END IN TRAFFIC LANES BOTH VEHICLES MOVING,REAR END,STRAIGHT & LEVEL,DARK-HWY LIGHTED/ON,,,12/13/2019 8:38:16 AM,False,5182,Accepted,
26055733,0560300,ST. MATTHEWS POLICE DEPARTMENT,Accepted,JEFFERSON,I 0264,,I264 E,,,I 0264,I264 E EXIT21 OFF RAMP TO KY1447,,,,,38.265198984,-85.624052482,20.617,12/13/2019 12:00:00 AM,0848,2,2,0,1,CLOUDY,DRY,False,REAR END IN TRAFFIC LANES BOTH VEHICLES MOVING,REAR END,CURVE & LEVEL,DAYLIGHT,,,12/14/2019 7:58:13 AM,False,9131,Accepted,
26093870,0568000,LOUISVILLE METRO POLICE DEPT,Accepted,JEFFERSON,I 0264,,I264 W,,,,,I 0065,I264 W EXIT12 OFF RAMP TO,I 0264,I264 W EXIT14 ON RAMP FROM KY864,38.191122289,-85.718138041,12.716,12/13/2019 12:00:00 AM,1645,2,2,0,0,CLEAR,DRY,True,REAR END IN TRAFFIC LANES BOTH VEHICLES MOVING,REAR END,STRAIGHT & LEVEL,DAYLIGHT,,,12/23/2019 8:58:04 AM,False,7938,Accepted,
26062886,0568000,LOUISVILLE METRO POLICE DEPT,Accepted,JEFFERSON,,800B,BRENTWOOD,AVE,,,,,,,,38.194787831,-85.773871609,0.300,12/13/2019 12:00:00 AM,1904,2,2,0,0,RAINING,WET,False,1 VEHICLE PARKED POSITION (NOT PARKING LOT/DRIVEWAY),BACKING,STRAIGHT & LEVEL,DARK-HWY LIGHTED/ON,,,12/16/2019 10:56:34 AM,False,7010,Accepted,
26083008,0568000,LOUISVILLE METRO POLICE DEPT,Accepted,JEFFERSON,,9201,NEW MAPLE,RD,,,,,,,,38.114685270,-85.646386808,0.285,12/13/2019 12:00:00 AM,1530,2,2,0,0,RAINING,WET,False,1 VEHICLE PARKED POSITION (NOT PARKING LOT/DRIVEWAY),ANGLE,STRAIGHT & LEVEL,DAYLIGHT,,,12/20/2019 8:21:59 AM,False,7991,Accepted,
26097546,0568000,LOUISVILLE METRO POLICE DEPT,Accepted,JEFFERSON,US0031E,2440,BARDSTOWN,RD,,,,,,,,38.223779559,-85.688559117,13.350,12/13/2019 12:00:00 AM,1650,2,2,0,0,CLEAR,DRY,True,1 VEHICLE PARKED POSITION (NOT PARKING LOT/DRIVEWAY),ANGLE,STRAIGHT & LEVEL,DAYLIGHT,,,12/24/2019 6:11:47 AM,False,7306,Accepted,
26062475,0568000,LOUISVILLE METRO POLICE DEPT,Accepted,JEFFERSON,,6421,MARAVIAN,DR,,,,,,,,38.163560253,-85.874677965,0.489,12/13/2019 12:00:00 AM,1045,2,2,0,0,CLOUDY,DRY,False,1 VEHICLE PARKED POSITION (NOT PARKING LOT/DRIVEWAY),REAR END,STRAIGHT & LEVEL,DAYLIGHT,,,12/16/2019 10:36:33 AM,False,6326,Accepted,
26062449,0568000,LOUISVILLE METRO POLICE DEPT,Accepted,JEFFERSON,US0031E,2440,BARDSTOWN,RD,,,,,,,,38.223811632,-85.688819514,13.364,12/13/2019 12:00:00 AM,1103,2,2,0,0,CLOUDY,DRY,False,1 VEHICLE PARKED POSITION (NOT PARKING LOT/DRIVEWAY),REAR END,STRAIGHT & LEVEL,DAYLIGHT,,,12/16/2019 10:34:16 AM,False,7306,Accepted,
26051319,0568000,LOUISVILLE METRO POLICE DEPT,Accepted,JEFFERSON,,5109,RANGOON,WAY,,,,,,,,38.176136102,-85.663641262,0.065,12/13/2019 12:00:00 AM,0400,2,2,0,0,CLEAR,DRY,True,1 VEHICLE PARKED POSITION (NOT PARKING LOT/DRIVEWAY),REAR END,CURVE & LEVEL,DARK-HWY LIGHTED/ON,,,12/13/2019 8:38:06 AM,False,7341,Accepted,
26062613,0568000,LOUISVILLE METRO POLICE DEPT,Accepted,JEFFERSON,US0031W,10307,DIXIE,HWY,,,,,,,,38.108346006,-85.866392033,8.605,12/13/2019 12:00:00 AM,2014,2,1,0,0,RAINING,WET,False,COLLISION WITH PEDESTRIAN NON - INTERSECTION,SINGLE VEHICLE,STRAIGHT & LEVEL,DARK-HWY LIGHTED/ON,,,12/16/2019 10:44:23 AM,False,5103,Accepted,