IncidentID,AgencyORI,AgencyName,IncidentStatusDesc,County,RdwyNumber,Street,RoadwayName,StreetSfx,StreetDir,IntersectionRdwy,IntersectionRdwyName,BetweenStRdwy1,BetweenStRdwyName1,BetweenStRdwy2,BetweenStRdwyName2,Latitude,Longitude,Milepoint,CollisionDate,CollisionTime,UnitsInvolved,MotorVehiclesInvolved,NumberKilled,NumberInjured,Weather,RdwyConditionCode,HitandRun,DirAnalysisCode,MannerofCollision,RdwyCharacter,LightCondition,RampFromRdwyId,RampToRdwyId,AcceptedDate,IsSecondaryCollision,OwnerBadge,IncidentStatus,
26062692,0568000,LOUISVILLE METRO POLICE DEPT,Accepted,JEFFERSON,,,AVOCA,RD,,KY3084,OLD HENRY,,,,,38.260433546,-85.516019183,0.947,12/13/2019 12:00:00 AM,1650,2,2,0,0,RAINING,WET,False,OTHER INTERSECTION COLLISIONS,REAR END,STRAIGHT & LEVEL,DUSK,,,12/16/2019 10:47:47 AM,False,7358,Accepted,
26062851,0568000,LOUISVILLE METRO POLICE DEPT,Accepted,JEFFERSON,,,CENTRAL,AVE,,KY1020,3RD,,,,,38.204755333,-85.763929082,0.351,12/13/2019 12:00:00 AM,1445,2,2,0,0,RAINING,WET,False,OTHER INTERSECTION COLLISIONS,REAR END,STRAIGHT & GRADE,DAYLIGHT,,,12/16/2019 10:54:47 AM,False,5204,Accepted,
26062783,0568000,LOUISVILLE METRO POLICE DEPT,Accepted,JEFFERSON,,,32ND,ST,S,,VERMONT,,,,,38.255300428,-85.805111809,1.894,12/13/2019 12:00:00 AM,1450,2,2,0,1,CLOUDY,WET,False,OTHER INTERSECTION COLLISIONS,REAR END,STRAIGHT & LEVEL,DAYLIGHT,,,12/16/2019 10:50:32 AM,False,5275,Accepted,
26062669,0568000,LOUISVILLE METRO POLICE DEPT,Accepted,JEFFERSON,KY1447,,WESTPORT,RD,,,CREEKSIDE,,,,,38.289367379,-85.568419545,5.450,12/13/2019 12:00:00 AM,1809,2,2,0,0,RAINING,WET,False,OTHER INTERSECTION COLLISIONS,REAR END,STRAIGHT & LEVEL,DUSK,,,12/16/2019 10:46:49 AM,False,7475,Accepted,
26062625,0568000,LOUISVILLE METRO POLICE DEPT,Accepted,JEFFERSON,US0060,,SHELBYVILLE,RD,,,MOSER,,,,,38.245081529,-85.559248918,8.828,12/13/2019 12:00:00 AM,1844,2,2,0,0,RAINING,WET,True,OTHER INTERSECTION COLLISIONS,REAR END,STRAIGHT & LEVEL,DARK-HWY LIGHTED/ON,,,12/16/2019 10:45:46 AM,False,7355,Accepted,
26062533,0568000,LOUISVILLE METRO POLICE DEPT,Accepted,JEFFERSON,KY1703,,NEWBURG,RD,,,THACKERAY,,,,,38.212902265,-85.699807208,3.318,12/13/2019 12:00:00 AM,1701,2,2,0,0,RAINING,WET,False,OTHER INTERSECTION COLLISIONS,REAR END,CURVE & GRADE,DARK-HWY LIGHTED/ON,,,12/16/2019 10:39:23 AM,False,7306,Accepted,
26054897,0561000,JEFFERSONTOWN POLICE DEPT,Accepted,JEFFERSON,KY1747,,HURSTBOURNE,PKWY,S,I 0064,I64 E EXIT15B OFF RAMP TO KY1747,,,,,38.221984604,-85.579543526,11.766,12/13/2019 12:00:00 AM,1636,2,2,0,0,RAINING,WET,False,OTHER INTERSECTION COLLISIONS,REAR END,STRAIGHT & LEVEL,DAYLIGHT,,,12/13/2019 11:58:19 PM,False,8312,Accepted,
26062417,0568000,LOUISVILLE METRO POLICE DEPT,Accepted,JEFFERSON,,4500,3RD,ST,S,KY2801,SOUTHERN HEIGHTS,,,,,38.189159193,-85.764892935,0.788,12/13/2019 12:00:00 AM,0735,2,2,0,0,CLEAR,DRY,False,OTHER INTERSECTION COLLISIONS,REAR END,STRAIGHT & LEVEL,DAYLIGHT,,,12/16/2019 10:30:29 AM,False,7391,Accepted,
26062441,0568000,LOUISVILLE METRO POLICE DEPT,Accepted,JEFFERSON,US0031E,,BARDSTOWN,RD,,,CAPTAIN,,,,,38.127939622,-85.575749269,3.895,12/13/2019 12:00:00 AM,0855,2,2,0,0,CLEAR,DRY,False,OTHER INTERSECTION COLLISIONS,REAR TO REAR,STRAIGHT & LEVEL,DAYLIGHT,,,12/16/2019 10:33:35 AM,False,6907,Accepted,
26062410,0568000,LOUISVILLE METRO POLICE DEPT,Accepted,JEFFERSON,,,STONESTREET,RD,,,POND STATION,,,,,38.103172327,-85.828702165,2.117,12/13/2019 12:00:00 AM,0820,2,2,0,0,CLEAR,DRY,False,OTHER INTERSECTION COLLISIONS,REAR END,STRAIGHT & LEVEL,DAYLIGHT,,,12/16/2019 10:30:06 AM,False,7496,Accepted,
26062484,0568000,LOUISVILLE METRO POLICE DEPT,Accepted,JEFFERSON,,,ROY WILKINS,AVE,,US0031W,MARKET,,,,,38.256243149,-85.765428861,0.078,12/13/2019 12:00:00 AM,1245,3,3,0,1,CLOUDY,DRY,False,OTHER INTERSECTION COLLISIONS,REAR END,STRAIGHT & LEVEL,DAYLIGHT,,,12/16/2019 10:36:44 AM,False,7386,Accepted,
26062492,0568000,LOUISVILLE METRO POLICE DEPT,Accepted,JEFFERSON,KY1865,,NEW CUT,RD,,,SOUTHERN,,,,,38.169861236,-85.781246682,4.340,12/13/2019 12:00:00 AM,1355,2,2,0,0,CLOUDY,WET,False,OTHER INTERSECTION COLLISIONS,REAR END,STRAIGHT & LEVEL,DAYLIGHT,,,12/16/2019 10:36:59 AM,False,5293,Accepted,
26074282,0568000,LOUISVILLE METRO POLICE DEPT,Accepted,JEFFERSON,,,HIKES,LN,,US0031E,BUECHEL,,,,,38.198427488,-85.660929562,0.798,12/13/2019 12:00:00 AM,1215,2,2,0,0,CLEAR,DRY,False,OTHER INTERSECTION COLLISIONS,REAR END,STRAIGHT & LEVEL,DAYLIGHT,,,12/18/2019 2:19:16 PM,False,5288,Accepted,
26075376,0568000,LOUISVILLE METRO POLICE DEPT,Accepted,JEFFERSON,US0031W,,DIXIE,HWY,,,LEWISTON,,,,,38.171843675,-85.826026504,13.576,12/13/2019 12:00:00 AM,1628,2,2,0,0,RAINING,WET,True,OTHER INTERSECTION COLLISIONS,REAR END,STRAIGHT & LEVEL,DAYLIGHT,,,12/18/2019 5:13:14 PM,False,7267,Accepted,
26062631,0568000,LOUISVILLE METRO POLICE DEPT,Accepted,JEFFERSON,KY0864,,POPLAR LEVEL,RD,,,HESS,,,,,38.212041621,-85.720919064,12.716,12/13/2019 12:00:00 AM,0837,2,2,0,0,RAINING,WET,True,OTHER INTERSECTION COLLISIONS,REAR END,,DARK-HWY LIGHTED/ON,,,12/16/2019 10:46:10 AM,False,7972,Accepted,
26062606,0568000,LOUISVILLE METRO POLICE DEPT,Accepted,JEFFERSON,,,SIX MILE,LN,,,SUMMERFIELD,,,,,38.200682875,-85.615202334,2.179,12/13/2019 12:00:00 AM,1755,2,2,0,0,RAINING,WET,False,OTHER INTERSECTION COLLISIONS,REAR END,STRAIGHT & LEVEL,DARK-HWY NOT LIGHTED,,,12/16/2019 10:43:53 AM,False,7294,Accepted,
26062615,0568000,LOUISVILLE METRO POLICE DEPT,Accepted,JEFFERSON,KY1747,,FERN VALLEY,RD,,I 0065,I65 S EXIT128 OFF RAMP TO KY1631,,,,,38.158038845,-85.722048187,0.586,12/13/2019 12:00:00 AM,2125,2,2,0,0,RAINING,WET,False,OTHER INTERSECTION COLLISIONS,REAR END,STRAIGHT & GRADE,DARK-HWY LIGHTED/ON,,,12/16/2019 10:44:39 AM,False,6360,Accepted,
26062455,0568000,LOUISVILLE METRO POLICE DEPT,Accepted,JEFFERSON,,,FLOYD,ST,S,US0150,BROADWAY,,,,,38.245437877,-85.749681231,0.712,12/13/2019 12:00:00 AM,1033,2,2,0,1,CLEAR,DRY,True,OTHER INTERSECTION COLLISIONS,REAR END,STRAIGHT & LEVEL,DAYLIGHT,,,12/16/2019 10:35:03 AM,False,5187,Accepted,
26051307,0568000,LOUISVILLE METRO POLICE DEPT,Accepted,JEFFERSON,KY1703,,BAXTER,AVE,,,GRINSTEAD,,,,,38.237728506,-85.722314416,5.482,12/13/2019 12:00:00 AM,0045,2,2,0,0,CLEAR,DRY,False,SIDESWIPE-SAME DIRECTION,SIDESWIPE-SAME DIRECTION,CURVE & LEVEL,DARK-HWY LIGHTED/ON,,,12/13/2019 8:36:53 AM,False,2816,Accepted,
26101812,0565000,LYNDON POLICE DEPARTMENT,Accepted,JEFFERSON,KY1447,,WESTPORT,RD,,,ORMSBY,,,,,38.274551740,-85.608180426,3.071,12/13/2019 12:00:00 AM,1815,3,3,0,0,RAINING,WET,False,SIDESWIPE-SAME DIRECTION,SIDESWIPE-SAME DIRECTION,STRAIGHT & HILLCREST,DARK (UNKNOWN ROADWAY LIGHTING),,,12/26/2019 9:39:26 AM,False,1359,Accepted,
26054814,0560300,ST. MATTHEWS POLICE DEPARTMENT,Accepted,JEFFERSON,I 0064,,I64 W,,,I 0064,I264 W EXIT19 RAMP FROM I264 W,,,,,38.237601189,-85.629627645,11.899,12/13/2019 12:00:00 AM,1747,2,2,0,0,RAINING,WET,False,SIDESWIPE-SAME DIRECTION,SIDESWIPE-SAME DIRECTION,STRAIGHT & LEVEL,DARK-HWY LIGHTED/ON,,,12/13/2019 11:20:21 PM,False,9192,Accepted,
26062487,0568000,LOUISVILLE METRO POLICE DEPT,Accepted,JEFFERSON,,,GRADE,LN,,KY1065,OUTER,,,,,38.129793172,-85.737877067,0.058,12/13/2019 12:00:00 AM,1335,2,2,0,0,RAINING,WET,False,OTHER INTERSECTION COLLISIONS,REAR END,CURVE & GRADE,DAYLIGHT,,,12/16/2019 10:36:50 AM,False,7669,Accepted,
26063191,0565000,LYNDON POLICE DEPARTMENT,Accepted,JEFFERSON,KY0022,,BROWNSBORO,RD,,,ALIA,,,,,38.286969252,-85.622509147,0.792,12/13/2019 12:00:00 AM,1515,2,2,0,0,RAINING,WET,False,OTHER INTERSECTION COLLISIONS,REAR END,STRAIGHT & LEVEL,DAYLIGHT,,,12/16/2019 11:10:56 AM,False,1371,Accepted,
26062501,0568000,LOUISVILLE METRO POLICE DEPT,Accepted,JEFFERSON,,,CEDAR CREEK,RD,,,EVANWOOD,,,,,38.103718898,-85.611308092,0.152,12/13/2019 12:00:00 AM,1521,2,2,0,1,RAINING,WET,False,OPPOSING LEFT TURN,OPPOSING LEFT TURN,STRAIGHT & LEVEL,DAYLIGHT,,,12/16/2019 10:37:34 AM,False,7698,Accepted,
26062576,0568000,LOUISVILLE METRO POLICE DEPT,Accepted,JEFFERSON,US0060A,,TAYLOR,BLVD,,,CENTRAL,,,,,38.206427766,-85.776091582,2.287,12/13/2019 12:00:00 AM,1538,2,2,0,0,RAINING,WET,False,OPPOSING LEFT TURN,OPPOSING LEFT TURN,STRAIGHT & LEVEL,DAYLIGHT,,,12/16/2019 10:40:35 AM,False,7872,Accepted,
26062577,0568000,LOUISVILLE METRO POLICE DEPT,Accepted,JEFFERSON,KY1065,,OUTER,LOOP,,,MINOR,,,,,38.136248920,-85.697103438,5.470,12/13/2019 12:00:00 AM,1216,2,2,0,0,CLOUDY,DRY,False,OPPOSING LEFT TURN,OPPOSING LEFT TURN,STRAIGHT & LEVEL,DAYLIGHT,,,12/16/2019 10:40:42 AM,False,4693,Accepted,
26062602,0568000,LOUISVILLE METRO POLICE DEPT,Accepted,JEFFERSON,KY2048,,DUTCHMANS,LN,,,ABIGAIL,,,,,38.225367305,-85.651801563,0.406,12/13/2019 12:00:00 AM,1202,3,3,0,0,CLOUDY,DRY,False,OPPOSING LEFT TURN,OPPOSING LEFT TURN,STRAIGHT & LEVEL,DAYLIGHT,,,12/16/2019 10:43:32 AM,False,7960,Accepted,
26062591,0568000,LOUISVILLE METRO POLICE DEPT,Accepted,JEFFERSON,KY0864,,FEGENBUSH,LN,,,GLASER,,,,,38.140804616,-85.619509398,4.651,12/13/2019 12:00:00 AM,1758,2,2,0,0,RAINING,WET,False,OPPOSITE DIRECTION - BOTH VEHICLES GOING STRAIGHT AHEAD,SIDESWIPE-OPPOSITE DIRECTION,STRAIGHT & LEVEL,DARK-HWY NOT LIGHTED,,,12/16/2019 10:42:29 AM,False,7484,Accepted,
26198447,0568000,LOUISVILLE METRO POLICE DEPT,Accepted,JEFFERSON,KY1447,,WESTPORT,RD,,I 0265,I265 S EXIT33 OFF RAMP TO KY1447,,,,,38.296882153,-85.550663319,6.540,12/13/2019 12:00:00 AM,1630,2,2,0,0,RAINING,WET,False,OPPOSING LEFT TURN,OPPOSING LEFT TURN,STRAIGHT & LEVEL,DAYLIGHT,,,1/16/2020 8:23:43 AM,False,5180,Accepted,
26062450,0568000,LOUISVILLE METRO POLICE DEPT,Accepted,JEFFERSON,,,UPPER HUNTERS,TRCE,,,WELLSWORTH,,,,,38.167612492,-85.836826532,0.470,12/13/2019 12:00:00 AM,0540,2,2,0,1,CLEAR,DRY,False,OPPOSING LEFT TURN,OPPOSING LEFT TURN,STRAIGHT & LEVEL,DAWN,,,12/16/2019 10:34:22 AM,False,7365,Accepted,
26062584,0568000,LOUISVILLE METRO POLICE DEPT,Accepted,JEFFERSON,US0060A,,EASTERN,PKWY,,,ELLSWORTH,,,,,38.213554486,-85.745444590,4.401,12/13/2019 12:00:00 AM,1355,2,2,0,0,RAINING,WET,False,SIDESWIPE-SAME DIRECTION,SIDESWIPE-SAME DIRECTION,STRAIGHT & LEVEL,DAYLIGHT,,,12/16/2019 10:41:43 AM,False,7322,Accepted,
26062603,0568000,LOUISVILLE METRO POLICE DEPT,Accepted,JEFFERSON,US0031E,,BARDSTOWN,RD,,,WOODBOURNE,,,,,38.224087983,-85.691152638,13.489,12/13/2019 12:00:00 AM,1555,2,2,0,0,RAINING,WET,True,SIDESWIPE-SAME DIRECTION,SIDESWIPE-SAME DIRECTION,STRAIGHT & LEVEL,DAYLIGHT,,,12/16/2019 10:43:39 AM,False,7960,Accepted,
26062512,0568000,LOUISVILLE METRO POLICE DEPT,Accepted,JEFFERSON,KY1819,,BILLTOWN,RD,,KY1065,LOVERS,,,,,38.166212266,-85.569349580,7.139,12/13/2019 12:00:00 AM,1511,2,2,0,0,RAINING,WET,False,OPPOSITE DIRECTION - BOTH VEHICLES GOING STRAIGHT AHEAD,SIDESWIPE-OPPOSITE DIRECTION,STRAIGHT & LEVEL,DAYLIGHT,,,12/16/2019 10:38:41 AM,False,5040,Accepted,
26077817,0568000,LOUISVILLE METRO POLICE DEPT,Accepted,JEFFERSON,,,7TH,ST,S,US0031W,MARKET,,,,,38.255765869,-85.761736985,2.671,12/13/2019 12:00:00 AM,1132,2,2,0,0,CLOUDY,DRY,False,ANGLE COLLISION - OTHER,ANGLE,STRAIGHT & LEVEL,DAYLIGHT,,,12/19/2019 8:19:54 AM,False,7940,Accepted,
26062564,0568000,LOUISVILLE METRO POLICE DEPT,Accepted,JEFFERSON,,,25TH,ST,S,,GARLAND,,,,,38.244516677,-85.793576862,0.369,12/13/2019 12:00:00 AM,1207,2,2,0,0,CLOUDY,DRY,False,ANGLE COLLISION - OTHER,ANGLE,STRAIGHT & LEVEL,DAYLIGHT,,,12/16/2019 10:40:03 AM,False,5272,Accepted,
26062545,0568000,LOUISVILLE METRO POLICE DEPT,Accepted,JEFFERSON,KY1747,,HURSTBOURNE,PKWY,S,,HURSTBOURNE,,,,,38.218195416,-85.585227524,11.393,12/13/2019 12:00:00 AM,1631,2,2,0,0,RAINING,WET,False,ANGLE COLLISION - OTHER,ANGLE,STRAIGHT & LEVEL,DUSK,,,12/16/2019 10:39:46 AM,False,7448,Accepted,
26062682,0568000,LOUISVILLE METRO POLICE DEPT,Accepted,JEFFERSON,KY0061,,PRESTON,HWY,,,BOERSTE,,,,,38.113937181,-85.676127414,2.126,12/13/2019 12:00:00 AM,2029,2,2,0,1,RAINING,WET,False,ANGLE COLLISION - OTHER,ANGLE,STRAIGHT & LEVEL,DARK-HWY LIGHTED/ON,,,12/16/2019 10:47:21 AM,False,5138,Accepted,
26062580,0568000,LOUISVILLE METRO POLICE DEPT,Accepted,JEFFERSON,,,KENTUCKY,ST,E,,FLOYD,,,,,38.238003319,-85.751002699,0.201,12/13/2019 12:00:00 AM,1605,2,2,0,0,RAINING,WET,False,ANGLE COLLISION - OTHER,ANGLE,STRAIGHT & LEVEL,DAYLIGHT,,,12/16/2019 10:41:11 AM,False,7418,Accepted,
26062406,0568000,LOUISVILLE METRO POLICE DEPT,Accepted,JEFFERSON,,,GALT,AVE,S,,GEORGE ROGERS CLARK,,,,,38.252979474,-85.696226663,0.084,12/13/2019 12:00:00 AM,0805,2,2,0,0,CLEAR,DRY,False,ANGLE COLLISION - OTHER,ANGLE,STRAIGHT & LEVEL,DAYLIGHT,,,12/16/2019 10:29:58 AM,False,7028,Accepted,
26062447,0568000,LOUISVILLE METRO POLICE DEPT,Accepted,JEFFERSON,KY1450,,BLUE LICK,RD,,,WILLIAM G PENNY,,,,,38.133139196,-85.685378236,3.459,12/13/2019 12:00:00 AM,0806,2,2,0,0,CLOUDY,DRY,False,ANGLE COLLISION - OTHER,ANGLE,STRAIGHT & LEVEL,DAYLIGHT,,,12/16/2019 10:34:05 AM,False,2017,Accepted,
26051316,0568000,LOUISVILLE METRO POLICE DEPT,Accepted,JEFFERSON,US0031E,,BAXTER,AVE,,,LEXINGTON,,,,,38.248505594,-85.730702592,16.298,12/13/2019 12:00:00 AM,0013,2,2,0,3,CLEAR,DRY,False,ANGLE COLLISION - OTHER,ANGLE,STRAIGHT & LEVEL,DARK-HWY LIGHTED/ON,,,12/13/2019 8:37:32 AM,False,5274,Accepted,
26062473,0568000,LOUISVILLE METRO POLICE DEPT,Accepted,JEFFERSON,US0031W,,DIXIE,HWY,,,ST ANDREWS CHURCH,,,,,38.144537559,-85.838975759,11.756,12/13/2019 12:00:00 AM,0829,2,2,0,0,CLOUDY,DRY,False,ANGLE COLLISION - OTHER,ANGLE,STRAIGHT & LEVEL,DAYLIGHT,,,12/16/2019 10:36:28 AM,False,6326,Accepted,
26062498,0568000,LOUISVILLE METRO POLICE DEPT,Accepted,JEFFERSON,KY0061,,PRESTON,HWY,,,OLD FERN VALLEY,,,,,38.155036514,-85.695929886,5.200,12/13/2019 12:00:00 AM,1244,2,2,0,0,CLOUDY,DRY,False,ANGLE COLLISION - OTHER,ANGLE,STRAIGHT & LEVEL,DAYLIGHT,,,12/16/2019 10:37:15 AM,False,2017,Accepted,
26072364,0568000,LOUISVILLE METRO POLICE DEPT,Accepted,JEFFERSON,KY0146,,LA GRANGE,RD,,I 0265,I265 N EXIT30 OFF RAMP KY146 TO,,,,,38.288307898,-85.513114067,7.470,12/13/2019 12:00:00 AM,1348,2,2,0,0,CLOUDY,WET,False,ANGLE COLLISION - OTHER,ANGLE,STRAIGHT & LEVEL,DAYLIGHT,,,12/18/2019 8:40:56 AM,False,7802,Accepted,
26051324,0568000,LOUISVILLE METRO POLICE DEPT,Accepted,JEFFERSON,KY1865,,TAYLOR,BLVD,,,SHINGO,,,,,38.174352049,-85.782439265,4.660,12/13/2019 12:00:00 AM,0200,1,1,0,0,CLEAR,DRY,False,COLLISION WITH FIXED OBJECT IN INTERSECTION - FIRST EVENT COLLISION 09 - 32,SINGLE VEHICLE,STRAIGHT & LEVEL,DARK (UNKNOWN ROADWAY LIGHTING),,,12/13/2019 8:38:54 AM,False,5038,Accepted,
26062700,0568000,LOUISVILLE METRO POLICE DEPT,Accepted,JEFFERSON,KY1865,,TAYLOR,BLVD,,,WOODLAWN,,,,,38.181394930,-85.783515727,5.160,12/13/2019 12:00:00 AM,1914,2,1,0,1,RAINING,WET,False,COLLISION WITH PEDESTRIAN IN INTERSECTION,SINGLE VEHICLE,STRAIGHT & LEVEL,DUSK,,,12/16/2019 10:48:15 AM,False,7433,Accepted,
26062619,0568000,LOUISVILLE METRO POLICE DEPT,Accepted,JEFFERSON,KY1747,,HURSTBOURNE,PKWY,S,,SIX MILE,,,,,38.198588052,-85.603108552,9.576,12/13/2019 12:00:00 AM,1931,2,2,0,0,RAINING,WATER (STANDING OR MOVING),False,ANGLE COLLISION - ONE VEHICLE TURNING LEFT,ANGLE,STRAIGHT & LEVEL,DARK (UNKNOWN ROADWAY LIGHTING),,,12/16/2019 10:44:50 AM,False,7492,Accepted,
26062518,0568000,LOUISVILLE METRO POLICE DEPT,Accepted,JEFFERSON,US0060,,SHELBYVILLE,RD,,,MOSER,,,,,38.245043117,-85.559196834,8.826,12/13/2019 12:00:00 AM,1604,2,2,0,0,RAINING,WET,False,ANGLE COLLISION - ONE VEHICLE TURNING LEFT,ANGLE,STRAIGHT & HILLCREST,DAYLIGHT,,,12/16/2019 10:38:52 AM,False,7337,Accepted,
26062698,0568000,LOUISVILLE METRO POLICE DEPT,Accepted,JEFFERSON,,,BROOK,ST,S,US0150,BROADWAY,,,,,38.245573289,-85.751766545,2.854,12/13/2019 12:00:00 AM,1810,2,2,0,0,RAINING,WET,False,ANGLE COLLISION - ONE VEHICLE TURNING RIGHT,ANGLE,STRAIGHT & LEVEL,DARK-HWY LIGHTED/ON,,,12/16/2019 10:48:04 AM,False,2855,Accepted,
26062976,0568000,LOUISVILLE METRO POLICE DEPT,Accepted,JEFFERSON,KY0061,,PRESTON,HWY,,KY2845,MANSLICK,,,,,38.117966159,-85.677268345,2.456,12/13/2019 12:00:00 AM,1950,3,3,0,0,RAINING,WET,False,ANGLE COLLISION - OTHER,ANGLE,STRAIGHT & LEVEL,DARK-HWY LIGHTED/OFF,,,12/16/2019 11:02:48 AM,False,5042,Accepted,
26062593,0568000,LOUISVILLE METRO POLICE DEPT,Accepted,JEFFERSON,,,OLD BARDSTOWN,RD,,,PROVIDENCE,,,,,38.125182791,-85.575107989,0.388,12/13/2019 12:00:00 AM,1853,2,2,0,0,RAINING,WET,False,ANGLE COLLISION - OTHER,ANGLE,STRAIGHT & LEVEL,OTHER,,,12/16/2019 10:42:51 AM,False,7698,Accepted,
26062583,0568000,LOUISVILLE METRO POLICE DEPT,Accepted,JEFFERSON,,,ST ANDREWS CHURCH,RD,,KY1931,ST ANDREWS CHURCH,,,,,38.143545325,-85.837737039,0.113,12/13/2019 12:00:00 AM,1722,2,2,0,0,RAINING,WET,False,ANGLE COLLISION - OTHER,ANGLE,STRAIGHT & HILLCREST,DARK-HWY NOT LIGHTED,,,12/16/2019 10:41:38 AM,False,7339,Accepted,
26062468,0568000,LOUISVILLE METRO POLICE DEPT,Accepted,JEFFERSON,,,8TH,ST,S,,MUHAMMAD ALI,,,,,38.252216066,-85.764081532,0.357,12/13/2019 12:00:00 AM,0907,2,2,0,2,CLOUDY,DRY,False,ANGLE COLLISION - OTHER,ANGLE,STRAIGHT & LEVEL,DAYLIGHT,,,12/16/2019 10:36:15 AM,False,5168,Accepted,
26051185,0568000,LOUISVILLE METRO POLICE DEPT,Accepted,JEFFERSON,,,MARY,ST,,KY0864,LOGAN,,,,,38.234235289,-85.739810636,0.334,12/12/2019 12:00:00 AM,1303,2,2,0,0,CLEAR,DRY,True,ANGLE COLLISION - OTHER,ANGLE,,DAYLIGHT,,,12/13/2019 8:23:03 AM,False,5284,Accepted,
26051187,0568000,LOUISVILLE METRO POLICE DEPT,Accepted,JEFFERSON,US0031E,,BARDSTOWN,RD,,KY2053,THIXTON,,,,,38.100695696,-85.565735400,1.920,12/12/2019 12:00:00 AM,1259,2,2,0,2,CLEAR,DRY,False,ANGLE COLLISION - OTHER,ANGLE,STRAIGHT & LEVEL,DAYLIGHT,,,12/13/2019 8:23:11 AM,False,2017,Accepted,
26083122,0568000,LOUISVILLE METRO POLICE DEPT,Accepted,JEFFERSON,KY1865,,NEW CUT,RD,,,ANGELETTA,,,,,38.133458679,-85.772644815,1.807,12/12/2019 12:00:00 AM,1949,2,2,0,3,CLEAR,DRY,False,ANGLE COLLISION - ONE VEHICLE TURNING LEFT,ANGLE,STRAIGHT & LEVEL,DARK-HWY LIGHTED/ON,,,12/20/2019 8:35:52 AM,False,5110,Accepted,
26062403,0568000,LOUISVILLE METRO POLICE DEPT,Accepted,JEFFERSON,,,GLOBAL,DR,,KY1230,CANE RUN,,,,,38.139878999,-85.897274030,0.532,12/12/2019 12:00:00 AM,1820,1,1,0,0,CLEAR,DRY,False,COLLISION WITH FIXED OBJECT IN INTERSECTION - FIRST EVENT COLLISION 09 - 32,SINGLE VEHICLE,STRAIGHT & LEVEL,DARK-HWY LIGHTED/ON,,,12/16/2019 10:29:49 AM,False,7160,Accepted,
26051240,0568000,LOUISVILLE METRO POLICE DEPT,Accepted,JEFFERSON,KY3084,,OLD HENRY,RD,,,TERRA CROSSING,,,,,38.272032604,-85.495729754,1.475,12/12/2019 12:00:00 AM,1554,2,2,0,1,CLOUDY,DRY,False,ANGLE COLLISION - OTHER,ANGLE,STRAIGHT & LEVEL,DAYLIGHT,,,12/13/2019 8:30:47 AM,False,7751,Accepted,
26051318,0568000,LOUISVILLE METRO POLICE DEPT,Accepted,JEFFERSON,,,JEFFERSON,ST,E,KY0061,PRESTON,,,,,38.252686578,-85.746352020,0.735,12/12/2019 12:00:00 AM,2347,2,2,0,0,CLEAR,DRY,True,ANGLE COLLISION - OTHER,ANGLE,STRAIGHT & LEVEL,DARK-HWY LIGHTED/ON,,,12/13/2019 8:37:57 AM,False,5195,Accepted,
26051217,0568000,LOUISVILLE METRO POLICE DEPT,Accepted,JEFFERSON,,,LEDGEROCK,RD,,,WHISPERING HILLS,,,,,38.147140822,-85.645533942,0.132,12/12/2019 12:00:00 AM,1105,2,2,0,0,CLEAR,DRY,False,ANGLE COLLISION - OTHER,ANGLE,STRAIGHT & LEVEL,DAYLIGHT,,,12/13/2019 8:27:14 AM,False,4693,Accepted,
26051225,0568000,LOUISVILLE METRO POLICE DEPT,Accepted,JEFFERSON,KY2048,,CANNONS,LN,,,NANZ,,,,,38.244384834,-85.662830243,1.935,12/12/2019 12:00:00 AM,1512,2,2,0,0,CLEAR,DRY,False,ANGLE COLLISION - OTHER,ANGLE,STRAIGHT & LEVEL,DAYLIGHT,,,12/13/2019 8:28:36 AM,False,7632,Accepted,
26051232,0568000,LOUISVILLE METRO POLICE DEPT,Accepted,JEFFERSON,KY1727,,TERRY,RD,,,LOWER HUNTERS,,,,,38.164793617,-85.865625909,3.022,12/12/2019 12:00:00 AM,1255,2,2,0,0,CLEAR,DRY,False,OPPOSING LEFT TURN,OPPOSING LEFT TURN,STRAIGHT & LEVEL,DAYLIGHT,,,12/13/2019 8:29:29 AM,False,7356,Accepted,
26051292,0568000,LOUISVILLE METRO POLICE DEPT,Accepted,JEFFERSON,US0150,,BROADWAY,,W,KY1020,2ND,,,,,38.245836925,-85.755046960,2.560,12/12/2019 12:00:00 AM,1112,2,2,0,0,CLEAR,DRY,False,OTHER INTERSECTION COLLISIONS,REAR END,STRAIGHT & LEVEL,DAYLIGHT,,,12/13/2019 8:35:02 AM,False,2854,Accepted,
26051241,0568000,LOUISVILLE METRO POLICE DEPT,Accepted,JEFFERSON,,,DUMESNIL,ST,,,CYPRESS,,,,,38.236518225,-85.797727904,1.227,12/12/2019 12:00:00 AM,1528,2,2,0,0,CLOUDY,DRY,True,OTHER INTERSECTION COLLISIONS,REAR END,STRAIGHT & LEVEL,DAYLIGHT,,,12/13/2019 8:30:54 AM,False,5151,Accepted,
26051181,0568000,LOUISVILLE METRO POLICE DEPT,Accepted,JEFFERSON,,,JEFFERSON,ST,E,KY0061,JACKSON,,,,,38.252534208,-85.744396612,0.619,12/12/2019 12:00:00 AM,0937,2,2,0,0,CLOUDY,DRY,False,OTHER INTERSECTION COLLISIONS,REAR END,STRAIGHT & LEVEL,DAYLIGHT,,,12/13/2019 8:22:00 AM,False,7239,Accepted,