IncidentID,AgencyORI,AgencyName,IncidentStatusDesc,County,RdwyNumber,Street,RoadwayName,StreetSfx,StreetDir,IntersectionRdwy,IntersectionRdwyName,BetweenStRdwy1,BetweenStRdwyName1,BetweenStRdwy2,BetweenStRdwyName2,Latitude,Longitude,Milepoint,CollisionDate,CollisionTime,UnitsInvolved,MotorVehiclesInvolved,NumberKilled,NumberInjured,Weather,RdwyConditionCode,HitandRun,DirAnalysisCode,MannerofCollision,RdwyCharacter,LightCondition,RampFromRdwyId,RampToRdwyId,AcceptedDate,IsSecondaryCollision,OwnerBadge,IncidentStatus,
26051277,0568000,LOUISVILLE METRO POLICE DEPT,Accepted,JEFFERSON,KY1703,,NEWBURG,RD,,,BISHOP,,,,,38.200789955,-85.686052186,2.102,12/12/2019 12:00:00 AM,1400,2,2,0,0,CLEAR,DRY,False,SIDESWIPE-SAME DIRECTION,SIDESWIPE-SAME DIRECTION,STRAIGHT & GRADE,DAYLIGHT,,,12/13/2019 8:32:51 AM,False,5019,Accepted,
26045823,0568000,LOUISVILLE METRO POLICE DEPT,Accepted,JEFFERSON,KY1065,,OUTER,LOOP,,,NASH,,,,,38.126520326,-85.752659425,2.310,12/12/2019 12:00:00 AM,0000,2,2,0,0,CLEAR,DRY,True,SIDESWIPE-SAME DIRECTION,SIDESWIPE-SAME DIRECTION,STRAIGHT & LEVEL,DARK-HWY LIGHTED/OFF,,,12/12/2019 9:16:37 AM,False,7295,Accepted,
26051279,0568000,LOUISVILLE METRO POLICE DEPT,Accepted,JEFFERSON,KY2056,,BELLS,LN,,I 0264,I264 E EXIT4 ON RAMP FROM KY2056,,,,,38.222692309,-85.822746741,1.026,12/12/2019 12:00:00 AM,1300,2,2,0,0,CLEAR,DRY,False,SIDESWIPE-SAME DIRECTION,SIDESWIPE-SAME DIRECTION,STRAIGHT & LEVEL,DAYLIGHT,,,12/13/2019 8:33:21 AM,False,5208,Accepted,
26105033,0568000,LOUISVILLE METRO POLICE DEPT,Accepted,JEFFERSON,,,FARMINGTON,AVE,,KY1631,CRITTENDEN,,,,,38.201560824,-85.750798353,0.001,12/12/2019 12:00:00 AM,0806,2,2,0,0,CLEAR,DRY,False,SIDESWIPE-SAME DIRECTION,SIDESWIPE-SAME DIRECTION,STRAIGHT & LEVEL,DAYLIGHT,,,12/27/2019 7:52:03 AM,False,7251,Accepted,
26093598,0568000,LOUISVILLE METRO POLICE DEPT,Accepted,JEFFERSON,,,BROOK,ST,S,US0150,BROADWAY,,,,,38.245618192,-85.751721948,2.853,12/12/2019 12:00:00 AM,0941,2,2,0,0,CLEAR,DRY,False,SIDESWIPE-SAME DIRECTION,SIDESWIPE-SAME DIRECTION,STRAIGHT & LEVEL,DAYLIGHT,,,12/23/2019 8:39:34 AM,False,2764,Accepted,
26051309,0568000,LOUISVILLE METRO POLICE DEPT,Accepted,JEFFERSON,I 0264,,I264 E,,,I 0264,I264 E EXIT14 ON RAMP FROM KY864 S,,,,,38.195596333,-85.707232922,13.393,12/12/2019 12:00:00 AM,0539,2,2,0,0,CLEAR,DRY,False,SIDESWIPE-SAME DIRECTION,SIDESWIPE-SAME DIRECTION,CURVE & HILLCREST,DARK-HWY LIGHTED/ON,,,12/13/2019 8:37:04 AM,False,7101,Accepted,
26051315,0568000,LOUISVILLE METRO POLICE DEPT,Accepted,JEFFERSON,US0031E,,BARDSTOWN,RD,,,BONNYCASTLE,,,,,38.230554167,-85.704359464,14.346,12/12/2019 12:00:00 AM,0152,2,2,0,0,CLEAR,DRY,True,SIDESWIPE-SAME DIRECTION,SIDESWIPE-SAME DIRECTION,STRAIGHT & LEVEL,DARK-HWY LIGHTED/ON,,,12/13/2019 8:37:26 AM,False,5274,Accepted,
26062422,0568000,LOUISVILLE METRO POLICE DEPT,Accepted,JEFFERSON,KY0155,,TAYLORSVILLE,RD,,,HIKES,,,,,38.219758757,-85.625827958,13.315,12/12/2019 12:00:00 AM,1122,2,2,0,0,CLOUDY,DRY,False,SIDESWIPE-SAME DIRECTION,SIDESWIPE-SAME DIRECTION,STRAIGHT & LEVEL,DAYLIGHT,,,12/16/2019 10:30:59 AM,False,6100,Accepted,
26051242,0568000,LOUISVILLE METRO POLICE DEPT,Accepted,JEFFERSON,KY0061,,PRESTON,HWY,,,GLEN ROSE,,,,,38.113846656,-85.676009366,2.119,12/12/2019 12:00:00 AM,1749,2,2,0,0,CLEAR,DRY,False,SIDESWIPE-SAME DIRECTION,SIDESWIPE-SAME DIRECTION,STRAIGHT & GRADE,DARK-HWY NOT LIGHTED,,,12/13/2019 8:31:05 AM,False,5026,Accepted,
26051176,0568000,LOUISVILLE METRO POLICE DEPT,Accepted,JEFFERSON,KY1747,,FERN VALLEY,RD,,KY0061,PRESTON,,,,,38.156875600,-85.696709964,1.916,12/12/2019 12:00:00 AM,1001,2,2,0,0,CLEAR,DRY,True,SIDESWIPE-SAME DIRECTION,SIDESWIPE-SAME DIRECTION,STRAIGHT & LEVEL,DAYLIGHT,,,12/13/2019 8:20:35 AM,False,2017,Accepted,
26062907,0568000,LOUISVILLE METRO POLICE DEPT,Accepted,JEFFERSON,KY1932,,BRECKENRIDGE,LN,,,BERKSHIRE,,,,,38.222463862,-85.632708858,3.064,12/12/2019 12:00:00 AM,1130,2,2,0,1,CLEAR,DRY,False,OTHER INTERSECTION COLLISIONS,REAR END,STRAIGHT & LEVEL,DAYLIGHT,,,12/16/2019 10:58:29 AM,False,2429,Accepted,
26051321,0568000,LOUISVILLE METRO POLICE DEPT,Accepted,JEFFERSON,US0031W,,DIXIE,HWY,,KY1931,ST ANDREWS CHURCH,,,,,38.143482257,-85.839510684,11.690,12/12/2019 12:00:00 AM,1803,3,3,0,0,CLEAR,DRY,False,OTHER INTERSECTION COLLISIONS,REAR END,STRAIGHT & LEVEL,DARK-HWY LIGHTED/ON,,,12/13/2019 8:38:25 AM,False,7166,Accepted,
26051171,0568000,LOUISVILLE METRO POLICE DEPT,Accepted,JEFFERSON,KY1020,,NATIONAL,TPKE,,,ENTERPRISE,,,,,38.147065095,-85.759142527,5.159,12/12/2019 12:00:00 AM,1011,2,2,0,0,CLEAR,DRY,False,OTHER INTERSECTION COLLISIONS,REAR END,STRAIGHT & LEVEL,DAYLIGHT,,,12/13/2019 8:19:27 AM,False,5259,Accepted,
26051294,0568000,LOUISVILLE METRO POLICE DEPT,Accepted,JEFFERSON,US0150,,BROADWAY,,W,KY1020,2ND,,,,,38.245838549,-85.755046630,2.560,12/12/2019 12:00:00 AM,1353,2,2,0,0,CLEAR,DRY,False,OTHER INTERSECTION COLLISIONS,REAR END,STRAIGHT & LEVEL,DAYLIGHT,,,12/13/2019 8:35:15 AM,False,2854,Accepted,
26051237,0568000,LOUISVILLE METRO POLICE DEPT,Accepted,JEFFERSON,,,1ST,ST,S,,JEFFERSON,,,,,38.253304436,-85.752047098,0.193,12/12/2019 12:00:00 AM,1520,2,2,0,0,CLEAR,DRY,False,OTHER INTERSECTION COLLISIONS,REAR END,STRAIGHT & LEVEL,DAYLIGHT,,,12/13/2019 8:30:23 AM,False,7266,Accepted,
26051278,0568000,LOUISVILLE METRO POLICE DEPT,Accepted,JEFFERSON,,,BISHOP,LN,,KY1703,NEWBURG,,,,,38.200722831,-85.685935581,1.448,12/12/2019 12:00:00 AM,1630,3,3,0,0,CLEAR,DRY,False,OTHER INTERSECTION COLLISIONS,REAR END,STRAIGHT & LEVEL,DAYLIGHT,,,12/13/2019 8:33:03 AM,False,5019,Accepted,
26051229,0568000,LOUISVILLE METRO POLICE DEPT,Accepted,JEFFERSON,US0031W,,DIXIE,HWY,,,ORELL,,,,,38.085295921,-85.879996913,6.928,12/12/2019 12:00:00 AM,1559,2,2,0,0,CLOUDY,DRY,False,OTHER INTERSECTION COLLISIONS,REAR END,STRAIGHT & LEVEL,DAYLIGHT,,,12/13/2019 8:29:08 AM,False,2936,Accepted,
26051286,0568000,LOUISVILLE METRO POLICE DEPT,Accepted,JEFFERSON,KY1020,,SOUTHSIDE,DR,,,STRAWBERRY,,,,,38.158119839,-85.764676658,6.090,12/12/2019 12:00:00 AM,1600,2,2,0,0,CLEAR,DRY,False,OTHER INTERSECTION COLLISIONS,REAR END,STRAIGHT & LEVEL,DAYLIGHT,,,12/13/2019 8:34:19 AM,False,5263,Accepted,
26072335,0568000,LOUISVILLE METRO POLICE DEPT,Accepted,JEFFERSON,US0042,,BROWNSBORO,RD,,I 0264,I264 W EXIT22 ON RAMP FROM US42,,,,,38.279468529,-85.636696571,5.731,12/12/2019 12:00:00 AM,0855,3,3,0,0,CLEAR,DRY,False,OTHER INTERSECTION COLLISIONS,REAR END,STRAIGHT & LEVEL,DAYLIGHT,,,12/18/2019 8:36:16 AM,False,2030,Accepted,
26051194,0568000,LOUISVILLE METRO POLICE DEPT,Accepted,JEFFERSON,,,GRADE,LN,,KY1065,OUTER,,,,,38.130008236,-85.737560799,4.086,12/12/2019 12:00:00 AM,0551,2,2,0,0,CLEAR,DRY,False,OTHER INTERSECTION COLLISIONS,REAR END,STRAIGHT & HILLCREST,DARK-HWY LIGHTED/ON,,,12/13/2019 8:23:57 AM,False,7074,Accepted,
26064405,0564500,PROSPECT POLICE DEPARTMENT,Accepted,JEFFERSON,,,RIVER,RD,,,,,MAYFAIR,,TIMBER RIDGE,38.339278267,-85.626083022,6.034,12/12/2019 12:00:00 AM,2150,1,1,0,0,CLEAR,DRY,False,COLLISION WITH ANIMAL NON INTERSECTION,SINGLE VEHICLE,STRAIGHT & LEVEL,DARK-HWY LIGHTED/ON,,,12/16/2019 2:27:55 PM,False,1154,Accepted,
26045845,0568000,LOUISVILLE METRO POLICE DEPT,Accepted,JEFFERSON,KY0907,,3RD ST,RD,,,,,VALLEY STATION,,BENTFORD,38.107497410,-85.841232580,1.464,12/12/2019 12:00:00 AM,0500,1,1,0,0,CLEAR,DRY,False,COLLISION WITH FIXED OBJECT NON - INTERSECTION - FIRST EVENT COLLISION 09 - 32 EXCLUDING 16,SINGLE VEHICLE,CURVE & GRADE,DARK-HWY NOT LIGHTED,,,12/12/2019 9:18:52 AM,False,2457,Accepted,
26051305,0568000,LOUISVILLE METRO POLICE DEPT,Accepted,JEFFERSON,KY2054,,ALGONQUIN,PKWY,,,,,,,,38.212467990,-85.771041512,3.147,12/12/2019 12:00:00 AM,2100,1,1,1,0,CLEAR,DRY,False,COLLISION WITH FIXED OBJECT NON - INTERSECTION - FIRST EVENT COLLISION 09 - 32 EXCLUDING 16,SINGLE VEHICLE,STRAIGHT & LEVEL,DARK-HWY LIGHTED/ON,,,12/13/2019 8:36:28 AM,False,6886,Accepted,
26072318,0568000,LOUISVILLE METRO POLICE DEPT,Accepted,JEFFERSON,,1633,CYPRESS,ST,,,,,,,,38.237238015,-85.797691569,0.044,12/12/2019 12:00:00 AM,1756,2,2,0,0,CLEAR,DRY,False,1 VEHICLE PARKED POSITION (NOT PARKING LOT/DRIVEWAY),BACKING,STRAIGHT & HILLCREST,DUSK,,,12/18/2019 8:33:40 AM,False,5002,Accepted,
26045849,0568000,LOUISVILLE METRO POLICE DEPT,Accepted,JEFFERSON,,102,SCOTTSDALE,BLVD,,,,,,,,38.140314629,-85.765095637,0.497,12/12/2019 12:00:00 AM,0658,2,2,0,0,CLEAR,DRY,False,1 VEHICLE PARKED POSITION (NOT PARKING LOT/DRIVEWAY),SIDESWIPE-SAME DIRECTION,STRAIGHT & LEVEL,DAWN,,,12/12/2019 9:19:20 AM,False,5121,Accepted,
26064767,0568000,LOUISVILLE METRO POLICE DEPT,Accepted,JEFFERSON,,910,HESS,LN,,,,,,,,38.205069684,-85.736029900,0.015,12/12/2019 12:00:00 AM,1733,2,2,0,0,CLEAR,DRY,False,1 VEHICLE PARKED POSITION (NOT PARKING LOT/DRIVEWAY),ANGLE,STRAIGHT & LEVEL,DUSK,,,12/16/2019 3:40:04 PM,False,7400,Accepted,
26051201,0568000,LOUISVILLE METRO POLICE DEPT,Accepted,JEFFERSON,KY0155,2816,TAYLORSVILLE,RD,,,,,,,,38.222768501,-85.666980929,15.572,12/12/2019 12:00:00 AM,1430,1,1,0,0,CLEAR,DRY,False,COLLISION WITH FIXED OBJECT NON - INTERSECTION - FIRST EVENT COLLISION 09 - 32 EXCLUDING 16,SINGLE VEHICLE,STRAIGHT & LEVEL,DAYLIGHT,,,12/13/2019 8:25:52 AM,False,7284,Accepted,
26083096,0568000,LOUISVILLE METRO POLICE DEPT,Accepted,JEFFERSON,KY1065,,OUTER,LOOP,,,,,,,,38.126294310,-85.772914321,1.197,12/12/2019 12:00:00 AM,0258,1,1,0,1,CLEAR,DRY,False,COLLISION WITH FIXED OBJECT NON - INTERSECTION - FIRST EVENT COLLISION 09 - 32 EXCLUDING 16,SINGLE VEHICLE,STRAIGHT & LEVEL,DARK-HWY LIGHTED/OFF,,,12/20/2019 8:32:32 AM,False,7332,Accepted,
26105034,0568000,LOUISVILLE METRO POLICE DEPT,Accepted,JEFFERSON,I 0264,,I264 E,,,,,,,,,38.189756538,-85.734578266,11.804,12/12/2019 12:00:00 AM,1822,2,2,0,0,CLEAR,WET,False,REAR END IN TRAFFIC LANES BOTH VEHICLES MOVING,REAR END,STRAIGHT & LEVEL,DARK-HWY LIGHTED/ON,,,12/27/2019 7:52:15 AM,False,7251,Accepted,
26051203,0568000,LOUISVILLE METRO POLICE DEPT,Accepted,JEFFERSON,,,KENTUCKY,ST,E,,,,SWAN,,SCHILLER,38.235750002,-85.734872016,1.107,12/12/2019 12:00:00 AM,1229,2,2,0,0,CLEAR,DRY,False,REAR END IN TRAFFIC LANES BOTH VEHICLES MOVING,REAR END,STRAIGHT & LEVEL,DAYLIGHT,,,12/13/2019 8:26:17 AM,False,5284,Accepted,
26051220,0568000,LOUISVILLE METRO POLICE DEPT,Accepted,JEFFERSON,KY2053,,MT WASHINGTON,RD,,,,,,,,38.092686952,-85.667439393,0.108,12/12/2019 12:00:00 AM,1222,2,2,0,0,CLEAR,DRY,False,REAR END IN TRAFFIC LANES BOTH VEHICLES MOVING,REAR END,STRAIGHT & LEVEL,DAYLIGHT,,,12/13/2019 8:27:40 AM,False,4693,Accepted,
26045865,0568000,LOUISVILLE METRO POLICE DEPT,Accepted,JEFFERSON,,,OAK,ST,E,,,,,,,38.234247526,-85.751869603,0.190,12/12/2019 12:00:00 AM,0900,2,2,0,0,CLEAR,ICE,False,REAR END IN TRAFFIC LANES BOTH VEHICLES MOVING,REAR END,STRAIGHT & LEVEL,DAYLIGHT,,,12/12/2019 9:21:43 AM,False,7296,Accepted,
26051280,0568000,LOUISVILLE METRO POLICE DEPT,Accepted,JEFFERSON,I 0264,,I264 W,,,,,I 0264,I264 W EXIT14 ON RAMP FROM KY864 N,I 0264,I264 W EXIT14 OFF RAMP TO KY864 S,38.198054167,-85.704128813,13.630,12/12/2019 12:00:00 AM,0734,4,4,0,0,CLEAR,DRY,False,REAR END IN TRAFFIC LANES BOTH VEHICLES MOVING,REAR END,STRAIGHT & LEVEL,DAYLIGHT,,,12/13/2019 8:33:29 AM,False,7473,Accepted,
26051288,0568000,LOUISVILLE METRO POLICE DEPT,Accepted,JEFFERSON,I 0265,,I265 W,,,,,I 0064,I64 E EXIT19A RAMP TO I265 S,I 0265,I265 W EXIT23 OFF RAMP TO KY155,38.215879115,-85.506433370,24.971,12/12/2019 12:00:00 AM,1830,2,2,0,0,CLEAR,DRY,False,REAR END IN TRAFFIC LANES BOTH VEHICLES MOVING,REAR END,STRAIGHT & LEVEL,DARK-HWY NOT LIGHTED,,,12/13/2019 8:34:39 AM,False,6878,Accepted,
26067288,0568000,LOUISVILLE METRO POLICE DEPT,Accepted,JEFFERSON,I 0265,,I265 W,,,,,I 0265,I265 W EXIT12 ON RAMP FROM KY61,I 0065,I65 S EXIT10 RAMP TO I65,38.112128181,-85.689858175,10.914,12/12/2019 12:00:00 AM,1700,2,2,0,0,CLEAR,DRY,True,REAR END IN TRAFFIC LANES BOTH VEHICLES MOVING,REAR END,,DAYLIGHT,,,12/17/2019 8:43:42 AM,False,2308,Accepted,
26051183,0568000,LOUISVILLE METRO POLICE DEPT,Accepted,JEFFERSON,I 0264,,I264 W,,,,,,,,,38.204244940,-85.682957162,14.873,12/12/2019 12:00:00 AM,0826,2,2,0,0,CLEAR,DRY,False,REAR END IN TRAFFIC LANES BOTH VEHICLES MOVING,REAR END,CURVE & GRADE,DAYLIGHT,,,12/13/2019 8:22:50 AM,False,2000,Accepted,
26051175,0568000,LOUISVILLE METRO POLICE DEPT,Accepted,JEFFERSON,,,CHAMBERLAIN,LN,,,,,,,,38.312600664,-85.566719056,4.004,12/12/2019 12:00:00 AM,0944,2,2,0,0,CLEAR,DRY,False,REAR END IN TRAFFIC LANES BOTH VEHICLES MOVING,REAR END,STRAIGHT & LEVEL,DAYLIGHT,,,12/13/2019 8:20:23 AM,False,7330,Accepted,
26051234,0568000,LOUISVILLE METRO POLICE DEPT,Accepted,JEFFERSON,US0031W,,MARKET,ST,W,,,,4TH,,5TH,38.255352407,-85.757743706,21.736,12/12/2019 12:00:00 AM,1626,2,2,0,0,CLEAR,DRY,False,REAR END IN TRAFFIC LANES BOTH VEHICLES MOVING,REAR END,STRAIGHT & LEVEL,DAYLIGHT,,,12/13/2019 8:29:54 AM,False,5295,Accepted,
26051306,0568000,LOUISVILLE METRO POLICE DEPT,Accepted,JEFFERSON,KY1065,,OUTER,LOOP,,,,,,,,38.136816797,-85.703060603,5.132,12/12/2019 12:00:00 AM,1852,2,2,0,0,CLEAR,DRY,False,REAR END IN TRAFFIC LANES BOTH VEHICLES MOVING,REAR END,STRAIGHT & LEVEL,DARK-HWY LIGHTED/ON,,,12/13/2019 8:36:38 AM,False,7786,Accepted,
26051282,0568000,LOUISVILLE METRO POLICE DEPT,Accepted,JEFFERSON,US0031W,,DIXIE,HWY,,,,,,,,38.168606709,-85.828827405,13.261,12/12/2019 12:00:00 AM,1247,2,2,0,0,CLEAR,DRY,False,REAR END IN TRAFFIC LANES BOTH VEHICLES MOVING,REAR END,STRAIGHT & LEVEL,DAYLIGHT,,,12/13/2019 8:33:45 AM,False,7234,Accepted,
26051283,0568000,LOUISVILLE METRO POLICE DEPT,Accepted,JEFFERSON,KY1931,,MANSLICK,RD,,,,,,,,38.168328591,-85.797192216,6.433,12/12/2019 12:00:00 AM,1339,3,3,0,0,CLOUDY,DRY,True,REAR END IN TRAFFIC LANES BOTH VEHICLES MOVING,REAR END,STRAIGHT & HILLCREST,DAYLIGHT,,,12/13/2019 8:33:53 AM,False,7234,Accepted,
26051256,0568000,LOUISVILLE METRO POLICE DEPT,Accepted,JEFFERSON,KY1865,,TAYLOR,BLVD,,,,,WALTER,,OAKWOOD,38.175968403,-85.782678562,4.755,12/12/2019 12:00:00 AM,0803,2,2,0,0,CLEAR,DRY,False,REAR END IN TRAFFIC LANES BOTH VEHICLES MOVING,REAR END,STRAIGHT & LEVEL,DAYLIGHT,,,12/13/2019 8:31:26 AM,False,5287,Accepted,
26084098,0568000,LOUISVILLE METRO POLICE DEPT,Accepted,JEFFERSON,,,OAK,ST,E,,,,,,,38.234286585,-85.752005761,0.182,12/12/2019 12:00:00 AM,0732,3,3,0,0,CLEAR,ICE,True,REAR END IN TRAFFIC LANES BOTH VEHICLES MOVING,REAR END,STRAIGHT & LEVEL,DAWN,,,12/20/2019 12:05:48 PM,False,7296,Accepted,
26093782,0568000,LOUISVILLE METRO POLICE DEPT,Accepted,JEFFERSON,US0031E,,BARDSTOWN,RD,,,,US0060A,EASTERN,,SHERWOOD,38.231988488,-85.709328084,14.625,12/12/2019 12:00:00 AM,1902,3,3,0,0,CLOUDY,DRY,True,REAR END IN TRAFFIC LANES BOTH VEHICLES MOVING,REAR END,STRAIGHT & LEVEL,DARK-HWY LIGHTED/ON,,,12/23/2019 8:54:03 AM,False,2228,Accepted,
26051323,0568000,LOUISVILLE METRO POLICE DEPT,Accepted,JEFFERSON,KY0155,,TAYLORSVILLE,RD,,,,,,,,38.188776549,-85.509121846,6.069,12/12/2019 12:00:00 AM,1853,2,2,0,0,CLEAR,DRY,False,REAR END IN TRAFFIC LANES BOTH VEHICLES MOVING,REAR END,STRAIGHT & LEVEL,DARK-HWY LIGHTED/ON,,,12/13/2019 8:38:45 AM,False,5169,Accepted,
26093599,0568000,LOUISVILLE METRO POLICE DEPT,Accepted,JEFFERSON,,,CAMPBELL,ST,S,,,,JEFFERSON,,BALLARD,38.251261697,-85.736383632,0.364,12/12/2019 12:00:00 AM,1112,2,2,0,0,CLEAR,DRY,False,1 VEHICLE PARKED POSITION (NOT PARKING LOT/DRIVEWAY),BACKING,STRAIGHT & LEVEL,DAYLIGHT,,,12/23/2019 8:39:39 AM,False,2764,Accepted,
26045827,0568000,LOUISVILLE METRO POLICE DEPT,Accepted,JEFFERSON,KY3069,4330,SANITA,RD,,,,,,,,38.192285451,-85.706739317,0.165,12/12/2019 12:00:00 AM,0354,2,2,0,0,CLEAR,DRY,False,1 VEHICLE PARKED POSITION (NOT PARKING LOT/DRIVEWAY),ANGLE,STRAIGHT & LEVEL,DARK-HWY LIGHTED/ON,,,12/12/2019 9:17:22 AM,False,5144,Accepted,
26063005,0568000,LOUISVILLE METRO POLICE DEPT,Accepted,JEFFERSON,US0150,800BLK,BROADWAY,,E,,,,,,,38.244229738,-85.738450480,3.455,12/12/2019 12:00:00 AM,1402,2,2,0,0,CLOUDY,DRY,True,1 VEHICLE PARKED POSITION (NOT PARKING LOT/DRIVEWAY),BACKING,STRAIGHT & LEVEL,DAYLIGHT,,,12/16/2019 11:06:04 AM,False,5265,Accepted,
26181507,0568000,LOUISVILLE METRO POLICE DEPT,Accepted,JEFFERSON,,2807,POMEROY,DR,,,,,,,,38.199089092,-85.638397594,0.880,12/12/2019 12:00:00 AM,0849,2,2,0,0,CLEAR,DRY,False,1 VEHICLE PARKED POSITION (NOT PARKING LOT/DRIVEWAY),HEAD ON,STRAIGHT & LEVEL,DAWN,,,1/13/2020 11:47:06 AM,False,7864,Accepted,
26168772,0568000,LOUISVILLE METRO POLICE DEPT,Accepted,JEFFERSON,I 0264,,I264 W,,,,,,,,,38.190842632,-85.722197485,12.494,12/12/2019 12:00:00 AM,1605,2,2,0,0,CLEAR,DRY,False,REAR END IN TRAFFIC LANES BOTH VEHICLES MOVING,REAR END,STRAIGHT & LEVEL,DAYLIGHT,,,1/10/2020 8:22:34 AM,False,7400,Accepted,
26083101,0568000,LOUISVILLE METRO POLICE DEPT,Accepted,JEFFERSON,KY1727,,TERRY,RD,,,,,,,,38.158125494,-85.867605471,2.551,12/12/2019 12:00:00 AM,0643,2,2,0,1,CLEAR,DRY,False,REAR END IN TRAFFIC LANES BOTH VEHICLES MOVING,REAR END,STRAIGHT & LEVEL,DARK-HWY LIGHTED/ON,,,12/20/2019 8:32:55 AM,False,7332,Accepted,
26051272,0568000,LOUISVILLE METRO POLICE DEPT,Accepted,JEFFERSON,I 0071,,I71 S,,,,,I 0071,I71 S EXIT2 ON RAMP FROM  ZORN AVE,I 0064,I64 S EXIT1A RAMP TO I64 W,38.268650268,-85.706942897,1.098,12/12/2019 12:00:00 AM,1727,2,2,0,0,CLEAR,DRY,False,SIDESWIPE COLLISION - SAME DIRECTION,SIDESWIPE-SAME DIRECTION,STRAIGHT & LEVEL,DAWN,,,12/13/2019 8:32:17 AM,False,7128,Accepted,
26051235,0568000,LOUISVILLE METRO POLICE DEPT,Accepted,JEFFERSON,US0060A,,LEXINGTON,RD,,,,,MACON,,WENDOVER,38.252236266,-85.659325132,10.427,12/12/2019 12:00:00 AM,1518,2,2,0,0,CLEAR,DRY,False,SIDESWIPE COLLISION - SAME DIRECTION,SIDESWIPE-SAME DIRECTION,STRAIGHT & LEVEL,DAYLIGHT,,,12/13/2019 8:30:04 AM,False,7632,Accepted,
26051322,0568000,LOUISVILLE METRO POLICE DEPT,Accepted,JEFFERSON,KY1931,,ST ANDREWS CHURCH,RD,,,,US0031W,DIXIE,KY1931,GREENWOOD,38.143482938,-85.839502730,3.148,12/12/2019 12:00:00 AM,1935,2,2,0,0,CLEAR,DRY,False,SIDESWIPE COLLISION - SAME DIRECTION,SIDESWIPE-SAME DIRECTION,STRAIGHT & LEVEL,DARK-HWY LIGHTED/ON,,,12/13/2019 8:38:36 AM,False,7166,Accepted,
26062452,0568000,LOUISVILLE METRO POLICE DEPT,Accepted,JEFFERSON,US0031W,6902B,DIXIE,HWY,,,,,,,,38.149335363,-85.837496997,12.034,12/12/2019 12:00:00 AM,1825,3,3,0,0,CLEAR,DRY,False,SIDESWIPE COLLISION - SAME DIRECTION,SIDESWIPE-SAME DIRECTION,STRAIGHT & LEVEL,DARK-HWY LIGHTED/ON,,,12/16/2019 10:34:33 AM,False,7365,Accepted,
26045848,0568000,LOUISVILLE METRO POLICE DEPT,Accepted,JEFFERSON,KY1865,,TAYLOR,BLVD,,,ASHLAND,,,,,38.186637909,-85.783831107,5.532,12/12/2019 12:00:00 AM,0620,2,2,0,1,CLEAR,DRY,False,HEAD-ON COLLISION,HEAD ON,STRAIGHT & LEVEL,DARK-HWY LIGHTED/ON,,,12/12/2019 9:19:12 AM,False,5245,Accepted,
26051274,0568000,LOUISVILLE METRO POLICE DEPT,Accepted,JEFFERSON,KY0022,,BROWNSBORO,RD,,,,,,,,38.310881614,-85.570771257,4.292,12/12/2019 12:00:00 AM,1800,2,2,0,0,CLEAR,DRY,False,SIDESWIPE COLLISION - SAME DIRECTION,SIDESWIPE-SAME DIRECTION,STRAIGHT & LEVEL,DUSK,,,12/13/2019 8:32:30 AM,False,2346,Accepted,
26051199,0568000,LOUISVILLE METRO POLICE DEPT,Accepted,JEFFERSON,I 0065,,I65 N,,,,,,,,,38.226609507,-85.751513200,133.912,12/12/2019 12:00:00 AM,1244,2,2,0,0,CLOUDY,DRY,False,SIDESWIPE COLLISION - SAME DIRECTION,SIDESWIPE-SAME DIRECTION,STRAIGHT & HILLCREST,DAYLIGHT,,,12/13/2019 8:25:09 AM,False,7944,Accepted,
26051189,0568000,LOUISVILLE METRO POLICE DEPT,Accepted,JEFFERSON,KY1020,,NATIONAL,TPKE,,,,,FARMERS,,DORIS,38.107214928,-85.743248431,2.223,12/12/2019 12:00:00 AM,1319,2,2,0,0,CLOUDY,DRY,False,SIDESWIPE COLLISION - SAME DIRECTION,SIDESWIPE-SAME DIRECTION,STRAIGHT & LEVEL,DAYLIGHT,,,12/13/2019 8:23:37 AM,False,6326,Accepted,
26062999,0568000,LOUISVILLE METRO POLICE DEPT,Accepted,JEFFERSON,KY0061,,PRESTON,ST,S,,,,,,,38.239351932,-85.748590500,11.831,12/12/2019 12:00:00 AM,1526,2,2,0,0,CLEAR,DRY,False,SIDESWIPE COLLISION - SAME DIRECTION,SIDESWIPE-SAME DIRECTION,STRAIGHT & LEVEL,DAYLIGHT,,,12/16/2019 11:05:34 AM,False,7239,Accepted,
26051248,0568000,LOUISVILLE METRO POLICE DEPT,Accepted,JEFFERSON,I 0065,,,,,,,,,,,38.186973029,-85.725999369,0.827,12/12/2019 12:00:00 AM,0800,2,2,0,0,CLEAR,DRY,True,SIDESWIPE COLLISION - SAME DIRECTION,SIDESWIPE-SAME DIRECTION,STRAIGHT & LEVEL,DAYLIGHT,,,12/13/2019 8:31:15 AM,False,7207,Accepted,