IncidentID,AgencyORI,AgencyName,IncidentStatusDesc,County,RdwyNumber,Street,RoadwayName,StreetSfx,StreetDir,IntersectionRdwy,IntersectionRdwyName,BetweenStRdwy1,BetweenStRdwyName1,BetweenStRdwy2,BetweenStRdwyName2,Latitude,Longitude,Milepoint,CollisionDate,CollisionTime,UnitsInvolved,MotorVehiclesInvolved,NumberKilled,NumberInjured,Weather,RdwyConditionCode,HitandRun,DirAnalysisCode,MannerofCollision,RdwyCharacter,LightCondition,RampFromRdwyId,RampToRdwyId,AcceptedDate,IsSecondaryCollision,OwnerBadge,IncidentStatus,
26051267,0568000,LOUISVILLE METRO POLICE DEPT,Accepted,JEFFERSON,,,GRAY,ST,E,,,,,,,38.247026507,-85.752302328,0.046,12/12/2019 12:00:00 AM,1158,2,2,0,0,CLEAR,DRY,True,SIDESWIPE COLLISION - SAME DIRECTION,SIDESWIPE-SAME DIRECTION,STRAIGHT & LEVEL,DAYLIGHT,,,12/13/2019 8:31:34 AM,False,7406,Accepted,
26067217,0568000,LOUISVILLE METRO POLICE DEPT,Accepted,JEFFERSON,,,CHAMBERLAIN,LN,,,,,,,,38.297223969,-85.541233737,1.957,12/12/2019 12:00:00 AM,1725,2,2,0,0,CLEAR,DRY,False,SIDESWIPE COLLISION - SAME DIRECTION,SIDESWIPE-SAME DIRECTION,STRAIGHT & LEVEL,DARK-HWY LIGHTED/ON,,,12/17/2019 8:35:31 AM,False,7615,Accepted,
26051202,0568000,LOUISVILLE METRO POLICE DEPT,Accepted,JEFFERSON,,8000,SMYRNA,PKWY,,,,,,,,38.131562817,-85.642504103,0.438,12/12/2019 12:00:00 AM,0735,2,2,0,0,CLEAR,DRY,False,1 VEHICLE ENTERING/LEAVING ENTRANCE,ANGLE,STRAIGHT & LEVEL,DARK-HWY NOT LIGHTED,,,12/13/2019 8:26:07 AM,False,7799,Accepted,
26051219,0568000,LOUISVILLE METRO POLICE DEPT,Accepted,JEFFERSON,KY0061,,PRESTON,HWY,,,,,,,,38.155558845,-85.696146492,5.246,12/12/2019 12:00:00 AM,1143,2,2,0,0,CLEAR,DRY,False,1 VEHICLE ENTERING/LEAVING ENTRANCE,ANGLE,STRAIGHT & LEVEL,DAYLIGHT,,,12/13/2019 8:27:20 AM,False,4693,Accepted,
26062421,0568000,LOUISVILLE METRO POLICE DEPT,Accepted,JEFFERSON,KY2251,,BARDSTOWN,RD,,,,,STEIER,,HIKES,38.198712650,-85.659401339,1.002,12/12/2019 12:00:00 AM,0917,2,2,0,0,CLEAR,DRY,False,1 VEHICLE ENTERING/LEAVING ENTRANCE,ANGLE,STRAIGHT & LEVEL,DAYLIGHT,,,12/16/2019 10:30:48 AM,False,6100,Accepted,
26062430,0568000,LOUISVILLE METRO POLICE DEPT,Accepted,JEFFERSON,KY1932,,BRECKENRIDGE,LN,,,,,BERKSHIRE,,BERKSHIRE,38.221905217,-85.632202859,3.018,12/12/2019 12:00:00 AM,1530,2,2,0,0,CLOUDY,DRY,False,1 VEHICLE ENTERING/LEAVING ENTRANCE,ANGLE,STRAIGHT & LEVEL,DAYLIGHT,,,12/16/2019 10:31:21 AM,False,6100,Accepted,
26051238,0568000,LOUISVILLE METRO POLICE DEPT,Accepted,JEFFERSON,,3810,SPRINGHURST,BLVD,,,,,,,,38.303847627,-85.560987824,0.749,12/12/2019 12:00:00 AM,1359,2,2,0,0,CLOUDY,DRY,False,OTHER ROADWAY OR MID-BLOCK COLLISION,OPPOSING LEFT TURN,STRAIGHT & LEVEL,DAYLIGHT,,,12/13/2019 8:30:37 AM,False,7751,Accepted,
26051172,0568000,LOUISVILLE METRO POLICE DEPT,Accepted,JEFFERSON,KY1865,,TAYLOR,BLVD,,,,,,,,38.186654917,-85.783788048,5.531,12/12/2019 12:00:00 AM,1016,2,2,0,0,CLEAR,DRY,False,1 VEHICLE ENTERING/LEAVING ENTRANCE,ANGLE,STRAIGHT & LEVEL,DAYLIGHT,,,12/13/2019 8:19:48 AM,False,5232,Accepted,
26051227,0568000,LOUISVILLE METRO POLICE DEPT,Accepted,JEFFERSON,,,STRAWBERRY,LN,,KY1020,SOUTHSIDE,,,,,38.158122138,-85.764669275,0.001,12/12/2019 12:00:00 AM,1224,2,1,0,1,CLEAR,DRY,True,COLLISION IN PARKING LOT,SINGLE VEHICLE,STRAIGHT & LEVEL,DAYLIGHT,,,12/13/2019 8:29:00 AM,False,5263,Accepted,
26051180,0568000,LOUISVILLE METRO POLICE DEPT,Accepted,JEFFERSON,,,DIANN MARIE,RD,,,,,,,,38.300539450,-85.544077328,0.399,12/12/2019 12:00:00 AM,0922,2,2,0,0,CLEAR,DRY,True,COLLISION IN PARKING LOT,ANGLE,STRAIGHT & LEVEL,DAYLIGHT,,,12/13/2019 8:21:33 AM,False,2346,Accepted,
26051188,0568000,LOUISVILLE METRO POLICE DEPT,Accepted,JEFFERSON,KY1020,7865,NATIONAL,TPKE,,,,,,,,38.137766477,-85.753164079,4.432,12/12/2019 12:00:00 AM,0748,2,2,0,0,CLEAR,DRY,False,COLLISION IN PARKING LOT,HEAD ON,STRAIGHT & LEVEL,DAYLIGHT,,,12/13/2019 8:23:23 AM,False,6326,Accepted,
26045853,0568000,LOUISVILLE METRO POLICE DEPT,Accepted,JEFFERSON,I 0065,,I65 S,,,,,,,,,38.214021157,-85.752596410,133.031,12/12/2019 12:00:00 AM,0608,1,1,0,0,CLEAR,DRY,False,OTHER ROADWAY OR MID-BLOCK COLLISION,SINGLE VEHICLE,STRAIGHT & LEVEL,DARK-HWY LIGHTED/ON,,,12/12/2019 9:20:00 AM,False,4656,Accepted,
26051166,0568000,LOUISVILLE METRO POLICE DEPT,Accepted,JEFFERSON,KY0155,,TAYLORSVILLE LAKE,RD,,,,,OLD TAYLORSVILLE,KY0155,KY155,38.182102451,-85.470658304,3.561,12/12/2019 12:00:00 AM,0716,3,3,0,0,CLEAR,DRY,False,OTHER ROADWAY OR MID-BLOCK COLLISION,REAR END,STRAIGHT & LEVEL,DAWN,,,12/13/2019 8:18:27 AM,False,2017,Accepted,
26051231,0568000,LOUISVILLE METRO POLICE DEPT,Accepted,JEFFERSON,KY2052,,SHEPHERDSVILLE,RD,,,,,ACAPOLCA,,YE OLD POST,38.152359831,-85.659711803,0.948,12/12/2019 12:00:00 AM,1632,2,2,0,0,CLEAR,DRY,False,OTHER ROADWAY OR MID-BLOCK COLLISION,REAR END,STRAIGHT & LEVEL,DAYLIGHT,,,12/13/2019 8:29:16 AM,False,2959,Accepted,
26051167,0568000,LOUISVILLE METRO POLICE DEPT,Accepted,JEFFERSON,US0031E,,BARDSTOWN,RD,,,,,HUDSON,,ST GABRIEL,38.166043431,-85.600705123,6.930,12/12/2019 12:00:00 AM,0732,2,2,0,0,CLEAR,DRY,False,OTHER ROADWAY OR MID-BLOCK COLLISION,REAR END,STRAIGHT & LEVEL,DAWN,,,12/13/2019 8:18:36 AM,False,2017,Accepted,
26062420,0568000,LOUISVILLE METRO POLICE DEPT,Accepted,JEFFERSON,,,MANNER DALE,DR,,,,,SIX MILE,,MANNER POINTE,38.200935001,-85.616195517,0.356,12/12/2019 12:00:00 AM,0828,2,2,0,1,CLEAR,DRY,False,OTHER ROADWAY OR MID-BLOCK COLLISION,REAR END,STRAIGHT & LEVEL,DAYLIGHT,,,12/16/2019 10:30:43 AM,False,6100,Accepted,
26051281,0568000,LOUISVILLE METRO POLICE DEPT,Accepted,JEFFERSON,,,TEXTILE,AVE,,,,,,,,38.148840759,-85.838383742,0.182,12/12/2019 12:00:00 AM,1226,2,2,0,0,CLEAR,DRY,False,OTHER ROADWAY OR MID-BLOCK COLLISION,REAR TO REAR,STRAIGHT & LEVEL,DAYLIGHT,,,12/13/2019 8:33:37 AM,False,7234,Accepted,
26062415,0568000,LOUISVILLE METRO POLICE DEPT,Accepted,JEFFERSON,I 0265,,I265 E,,,,,I 0265,I265 E EXIT23 ON RAMP FROM KY155,I 0064,I64 N EXIT25A RAMP TO I64 E,38.201750801,-85.507480674,24.027,12/12/2019 12:00:00 AM,1722,4,4,0,1,CLEAR,DRY,False,OTHER ROADWAY OR MID-BLOCK COLLISION,REAR END,STRAIGHT & GRADE,DUSK,,,12/16/2019 10:30:20 AM,False,2308,Accepted,
26051204,0568000,LOUISVILLE METRO POLICE DEPT,Accepted,JEFFERSON,I 0264,,,,,,,,,,,38.209529426,-85.674672622,0.240,12/12/2019 12:00:00 AM,1541,2,2,0,0,CLEAR,DRY,False,OTHER RAMP RELATED COLLISIONS NOT LISTED ABOVE,REAR END,STRAIGHT & LEVEL,DAYLIGHT,US31E,I 0264,12/13/2019 8:26:28 AM,False,7284,Accepted,
26062479,0568000,LOUISVILLE METRO POLICE DEPT,Accepted,JEFFERSON,I 0265,,,,,,,,,,,38.309291726,-85.573253585,0.205,12/12/2019 12:00:00 AM,1723,2,2,0,0,CLEAR,DRY,False,OTHER RAMP RELATED COLLISIONS NOT LISTED ABOVE,REAR END,STRAIGHT & LEVEL,DARK-HWY LIGHTED/ON,I 0265,KY0022,12/16/2019 10:36:38 AM,False,2142,Accepted,
26051224,0568000,LOUISVILLE METRO POLICE DEPT,Accepted,JEFFERSON,I 0265,,,,,,,,,,,38.143958580,-85.583033376,0.334,12/12/2019 12:00:00 AM,1547,2,2,0,0,CLOUDY,DRY,False,OTHER RAMP RELATED COLLISIONS NOT LISTED ABOVE,SIDESWIPE-SAME DIRECTION,STRAIGHT & LEVEL,DAYLIGHT,I 0265,US31E,12/13/2019 8:28:25 AM,False,4693,Accepted,
27592395,0568000,LOUISVILLE METRO POLICE DEPT,Accepted,JEFFERSON,I 0264,,,,,,,,,,,38.189444960,-85.769092067,0.128,12/11/2019 12:00:00 AM,0649,2,2,0,1,OTHER,DRY,True,OTHER RAMP RELATED COLLISIONS NOT LISTED ABOVE,REAR END,STRAIGHT & LEVEL,DARK-HWY LIGHTED/ON,I 0264,KY1020,12/22/2020 8:11:31 AM,False,4903,Accepted,
26040284,0568000,LOUISVILLE METRO POLICE DEPT,Accepted,JEFFERSON,,217,CHESTNUT,ST,E,,,,,,,38.248349781,-85.752079859,0.045,12/11/2019 12:00:00 AM,0033,1,1,0,0,CLEAR,DRY,False,COLLISION IN PARKING LOT,SINGLE VEHICLE,STRAIGHT & LEVEL,DARK-HWY LIGHTED/ON,,,12/11/2019 8:20:16 AM,False,5135,Accepted,
26051169,0568000,LOUISVILLE METRO POLICE DEPT,Accepted,JEFFERSON,I 0064,,,,,,,,,,,38.258545290,-85.744273324,0.046,12/11/2019 12:00:00 AM,0943,1,1,0,1,CLEAR,DRY,False,OTHER RAMP RELATED COLLISIONS NOT LISTED ABOVE,SINGLE VEHICLE,STRAIGHT & LEVEL,DAYLIGHT,I 0064,I 0065,12/13/2019 8:19:05 AM,False,2764,Accepted,
26045776,0568000,LOUISVILLE METRO POLICE DEPT,Accepted,JEFFERSON,US0060,,SHELBYVILLE,RD,,,,,,,,38.244064942,-85.547886981,9.435,12/11/2019 12:00:00 AM,1546,3,3,0,0,CLEAR,DRY,False,OTHER ROADWAY OR MID-BLOCK COLLISION,REAR END,CURVE & LEVEL,DAYLIGHT,,,12/12/2019 9:10:35 AM,False,7899,Accepted,
26045824,0568000,LOUISVILLE METRO POLICE DEPT,Accepted,JEFFERSON,I 0064,,I64 W,,,,,,,,,38.230920171,-85.602090537,13.508,12/11/2019 12:00:00 AM,1813,3,3,0,0,CLEAR,DRY,False,OTHER ROADWAY OR MID-BLOCK COLLISION,REAR END,STRAIGHT & LEVEL,DARK-HWY LIGHTED/ON,,,12/12/2019 9:16:46 AM,False,7243,Accepted,
26045788,0568000,LOUISVILLE METRO POLICE DEPT,Accepted,JEFFERSON,,5023,MUD,LN,,,,,,,,38.087834867,-85.673655164,0.644,12/11/2019 12:00:00 AM,1529,2,2,0,0,CLEAR,DRY,False,COLLISION IN PARKING LOT,SIDESWIPE-SAME DIRECTION,STRAIGHT & LEVEL,DAYLIGHT,,,12/12/2019 9:12:16 AM,False,7989,Accepted,
26051173,0568000,LOUISVILLE METRO POLICE DEPT,Accepted,JEFFERSON,US0031E,,BARDSTOWN,RD,,,,,HEATHER,,MEADOW,38.205993450,-85.666816507,11.548,12/11/2019 12:00:00 AM,1144,2,2,0,0,CLEAR,DRY,False,1 VEHICLE ENTERING/LEAVING ENTRANCE,ANGLE,STRAIGHT & LEVEL,DAYLIGHT,,,12/13/2019 8:20:08 AM,False,2429,Accepted,
26051177,0568000,LOUISVILLE METRO POLICE DEPT,Accepted,JEFFERSON,KY3084,,OLD HENRY,RD,,,,I 0265,I265 N EXIT29 ON RAMP FROM KY3084,I 0265,I265 N EXIT29 OFF RAMP TO KY3084,38.270901545,-85.498750698,1.291,12/11/2019 12:00:00 AM,1141,2,2,0,0,CLEAR,DRY,False,VEHICLE BACKING NON INTERSECTION,BACKING,STRAIGHT & LEVEL,DAYLIGHT,,,12/13/2019 8:20:46 AM,False,7751,Accepted,
26072311,0568000,LOUISVILLE METRO POLICE DEPT,Accepted,JEFFERSON,I 0264,,I264 E,,,,,,,,,38.249893219,-85.619387021,19.780,12/11/2019 12:00:00 AM,1121,1,1,0,0,CLEAR,DRY,False,OTHER ROADWAY OR MID-BLOCK COLLISION,SINGLE VEHICLE,STRAIGHT & GRADE,DAYLIGHT,,,12/18/2019 8:32:09 AM,False,8278,Accepted,
26045805,0568000,LOUISVILLE METRO POLICE DEPT,Accepted,JEFFERSON,KY1932,,BRECKENRIDGE,LN,,,,,HIKES,,CHURCHILL PARK,38.217054037,-85.627666570,2.603,12/11/2019 12:00:00 AM,1607,3,3,0,1,CLEAR,DRY,False,OTHER ROADWAY OR MID-BLOCK COLLISION,REAR END,STRAIGHT & LEVEL,DAYLIGHT,,,12/12/2019 9:13:40 AM,False,6100,Accepted,
26045761,0568000,LOUISVILLE METRO POLICE DEPT,Accepted,JEFFERSON,,,DUMESNIL,ST,,,,,VIRGINIA AVE CONN,I 0264,I264 W EXIT3 OFF RAMP TO  DUMESNIL ST,38.238110134,-85.815713405,0.245,12/11/2019 12:00:00 AM,0730,2,2,0,0,CLEAR,DRY,False,1 VEHICLE ENTERING/LEAVING ENTRANCE,ANGLE,STRAIGHT & GRADE,DAYLIGHT,,,12/12/2019 9:08:49 AM,False,7328,Accepted,
26045763,0568000,LOUISVILLE METRO POLICE DEPT,Accepted,JEFFERSON,KY1631,,CRITTENDEN,DR,,,,,PHILLIPS,,SIOUX,38.192323834,-85.750903735,0.305,12/11/2019 12:00:00 AM,0834,2,2,0,0,CLEAR,DRY,False,1 VEHICLE ENTERING/LEAVING ENTRANCE,ANGLE,STRAIGHT & LEVEL,DAYLIGHT,,,12/12/2019 9:09:08 AM,False,5267,Accepted,
26045720,0568000,LOUISVILLE METRO POLICE DEPT,Accepted,JEFFERSON,,,KENTUCKY,AVE,,,,,,,,38.160091471,-85.588550429,0.190,12/11/2019 12:00:00 AM,0900,2,2,0,0,CLEAR,DRY,False,SIDESWIPE COLLISION - OPPOSITE DIRECTION,SIDESWIPE-OPPOSITE DIRECTION,CURVE & LEVEL,DAYLIGHT,,,12/12/2019 9:05:29 AM,False,7573,Accepted,
26051223,0568000,LOUISVILLE METRO POLICE DEPT,Accepted,JEFFERSON,KY1065,,OUTER,LOOP,,,,,,,,38.137740680,-85.666673128,7.152,12/11/2019 12:00:00 AM,1727,2,2,0,0,CLEAR,DRY,False,SIDESWIPE COLLISION - SAME DIRECTION,SIDESWIPE-SAME DIRECTION,STRAIGHT & LEVEL,DARK-HWY NOT LIGHTED,,,12/13/2019 8:28:13 AM,False,4693,Accepted,
26045743,0568000,LOUISVILLE METRO POLICE DEPT,Accepted,JEFFERSON,,14606,LAKE BLUFF,PL,,,,,,,,38.256717248,-85.492194414,0.057,12/11/2019 12:00:00 AM,0930,2,2,0,0,CLEAR,DRY,False,SIDESWIPE COLLISION - OPPOSITE DIRECTION,SIDESWIPE-OPPOSITE DIRECTION,STRAIGHT & GRADE,DAYLIGHT,,,12/12/2019 9:06:57 AM,False,6532,Accepted,
26045692,0568000,LOUISVILLE METRO POLICE DEPT,Accepted,JEFFERSON,KY1849,,MOORMAN,RD,,,,,,,,38.093526018,-85.886754883,0.390,12/11/2019 12:00:00 AM,0749,2,2,0,0,CLOUDY,DRY,False,SIDESWIPE COLLISION - OPPOSITE DIRECTION,SIDESWIPE-OPPOSITE DIRECTION,CURVE & LEVEL,DAYLIGHT,,,12/12/2019 9:05:04 AM,False,2936,Accepted,
26045769,0568000,LOUISVILLE METRO POLICE DEPT,Accepted,JEFFERSON,I 0264,,I264 W,,,,,,,,,38.269840765,-85.808234768,0.526,12/11/2019 12:00:00 AM,0807,2,2,0,0,CLEAR,DRY,False,SIDESWIPE COLLISION - SAME DIRECTION,SIDESWIPE-SAME DIRECTION,STRAIGHT & LEVEL,DAYLIGHT,,,12/12/2019 9:10:06 AM,False,7469,Accepted,
26093621,0568000,LOUISVILLE METRO POLICE DEPT,Accepted,JEFFERSON,KY1631,,CRITTENDEN,DR,,,,,BOXLEY,,KFEC GATE4 DR,38.204966589,-85.750817391,1.174,12/11/2019 12:00:00 AM,1345,2,2,0,0,CLEAR,DRY,False,SIDESWIPE COLLISION - SAME DIRECTION,SIDESWIPE-SAME DIRECTION,STRAIGHT & LEVEL,DAYLIGHT,,,12/23/2019 8:41:55 AM,False,5267,Accepted,
26045789,0568000,LOUISVILLE METRO POLICE DEPT,Accepted,JEFFERSON,I 0065,,I65 S,,,,,,,,,38.110793939,-85.701529142,124.868,12/11/2019 12:00:00 AM,1716,2,2,0,0,CLEAR,DRY,False,SIDESWIPE COLLISION - SAME DIRECTION,SIDESWIPE-SAME DIRECTION,STRAIGHT & LEVEL,DUSK,,,12/12/2019 9:12:24 AM,False,7989,Accepted,
26051178,0568000,LOUISVILLE METRO POLICE DEPT,Accepted,JEFFERSON,US0060,,SHELBYVILLE,RD,,,,,WHIPPS MILL,,CHRISTIAN,38.248705391,-85.605398559,6.297,12/11/2019 12:00:00 AM,1338,2,2,0,0,CLEAR,DRY,False,SIDESWIPE COLLISION - SAME DIRECTION,SIDESWIPE-SAME DIRECTION,STRAIGHT & LEVEL,DAYLIGHT,,,12/13/2019 8:20:58 AM,False,7751,Accepted,
26051179,0568000,LOUISVILLE METRO POLICE DEPT,Accepted,JEFFERSON,KY1447,,WESTPORT,RD,,,,I 0265,I265 S EXIT33 ON RAMP FROM KY1447,I 0265,I265 N EXIT33 OFF RAMP TO KY1447,38.297694700,-85.547632159,6.714,12/11/2019 12:00:00 AM,1718,2,2,0,0,CLEAR,DRY,False,SIDESWIPE COLLISION - SAME DIRECTION,SIDESWIPE-SAME DIRECTION,STRAIGHT & LEVEL,DARK-HWY NOT LIGHTED,,,12/13/2019 8:21:17 AM,False,7751,Accepted,
26115057,0568000,LOUISVILLE METRO POLICE DEPT,Accepted,JEFFERSON,US0060A,,EASTERN,PKWY,,,,,,,,38.223528580,-85.730381029,5.479,12/11/2019 12:00:00 AM,1800,2,2,0,1,CLEAR,DRY,False,REAR END IN TRAFFIC LANES BOTH VEHICLES MOVING,REAR END,STRAIGHT & LEVEL,DARK-HWY LIGHTED/ON,,,12/30/2019 8:35:38 AM,False,5119,Accepted,
26045803,0568000,LOUISVILLE METRO POLICE DEPT,Accepted,JEFFERSON,US0031E,,BAXTER,AVE,,,,,HIGHLAND,,MORTON,38.240573886,-85.724518335,15.676,12/11/2019 12:00:00 AM,1817,2,2,0,1,CLEAR,DRY,False,1 VEHICLE PARKED POSITION (NOT PARKING LOT/DRIVEWAY),SIDESWIPE-SAME DIRECTION,CURVE & LEVEL,DARK-HWY LIGHTED/ON,,,12/12/2019 9:13:22 AM,False,7900,Accepted,
26248835,0568000,LOUISVILLE METRO POLICE DEPT,Accepted,JEFFERSON,,4255,HAZELWOOD,AVE,,,,,,,,38.173750637,-85.793587106,0.325,12/11/2019 12:00:00 AM,0834,2,2,0,0,CLEAR,DRY,True,1 VEHICLE PARKED POSITION (NOT PARKING LOT/DRIVEWAY),SIDESWIPE-SAME DIRECTION,STRAIGHT & LEVEL,DAYLIGHT,,,1/27/2020 8:28:37 AM,False,7094,Accepted,
26051984,0568000,LOUISVILLE METRO POLICE DEPT,Accepted,JEFFERSON,,,FIRWOOD,LN,,,,,,,,38.172733351,-85.580200276,0.074,12/11/2019 12:00:00 AM,1055,2,1,0,0,CLEAR,DRY,False,1 VEHICLE PARKED POSITION (NOT PARKING LOT/DRIVEWAY),BACKING,STRAIGHT & LEVEL,DAYLIGHT,,,12/13/2019 10:46:54 AM,False,4693,Accepted,
26051207,0568000,LOUISVILLE METRO POLICE DEPT,Accepted,JEFFERSON,,,BARINGER,AVE,,,,US0060A,WILLOW,,CHEROKEE,38.236319743,-85.704350369,0.427,12/11/2019 12:00:00 AM,1552,2,2,0,0,CLEAR,DRY,True,1 VEHICLE PARKED POSITION (NOT PARKING LOT/DRIVEWAY),SIDESWIPE-SAME DIRECTION,STRAIGHT & GRADE,DAYLIGHT,,,12/13/2019 8:26:55 AM,False,2228,Accepted,
26051317,0568000,LOUISVILLE METRO POLICE DEPT,Accepted,JEFFERSON,I 0065,,I65 N,,,,,,,,,38.216576652,-85.752232742,133.212,12/11/2019 12:00:00 AM,1835,3,3,0,0,CLEAR,DRY,False,REAR END IN TRAFFIC LANES BOTH VEHICLES MOVING,REAR END,STRAIGHT & LEVEL,DARK-HWY LIGHTED/ON,,,12/13/2019 8:37:47 AM,False,5123,Accepted,
26051214,0568000,LOUISVILLE METRO POLICE DEPT,Accepted,JEFFERSON,KY0061,,PRESTON,HWY,,,,,,,,38.147630844,-85.691824083,4.643,12/11/2019 12:00:00 AM,1555,2,2,0,0,CLEAR,DRY,False,REAR END IN TRAFFIC LANES BOTH VEHICLES MOVING,REAR END,STRAIGHT & LEVEL,DAYLIGHT,,,12/13/2019 8:27:06 AM,False,4693,Accepted,
26045808,0568000,LOUISVILLE METRO POLICE DEPT,Accepted,JEFFERSON,I 0065,125,I65 S,,,,,,,,,38.109225212,-85.701173795,124.734,12/11/2019 12:00:00 AM,1645,2,2,0,0,CLOUDY,DRY,False,REAR END IN TRAFFIC LANES BOTH VEHICLES MOVING,REAR END,STRAIGHT & LEVEL,DAYLIGHT,,,12/12/2019 9:14:18 AM,False,7799,Accepted,
26045801,0568000,LOUISVILLE METRO POLICE DEPT,Accepted,JEFFERSON,I 0265,,I265 S,,,,,I 0265,I265 S EXIT27 ON RAMP FROM US60,I 0064,I265 S EXIT25B RAMP TO I64 W,38.232886355,-85.504771031,26.148,12/11/2019 12:00:00 AM,1757,2,2,0,0,CLEAR,DRY,False,REAR END IN TRAFFIC LANES BOTH VEHICLES MOVING,REAR END,STRAIGHT & LEVEL,DARK (UNKNOWN ROADWAY LIGHTING),,,12/12/2019 9:13:13 AM,False,5223,Accepted,
26045817,0568000,LOUISVILLE METRO POLICE DEPT,Accepted,JEFFERSON,,,TRADE PORT,DR,,,,,,,,38.125546672,-85.893523942,0.260,12/11/2019 12:00:00 AM,1505,2,2,0,0,CLEAR,DRY,False,REAR END IN TRAFFIC LANES BOTH VEHICLES MOVING,REAR END,STRAIGHT & LEVEL,DAYLIGHT,,,12/12/2019 9:15:39 AM,False,7234,Accepted,
26045727,0568000,LOUISVILLE METRO POLICE DEPT,Accepted,JEFFERSON,I 0064,,I64 E,,,,,I 0064,I64 E EXIT8 ON RAMP FROM  GRINSTEAD DR,I 0064,I64 TURN AROUND9,38.242242861,-85.694228605,8.551,12/11/2019 12:00:00 AM,0849,2,2,0,0,CLEAR,DRY,False,REAR END IN TRAFFIC LANES BOTH VEHICLES MOVING,REAR END,STRAIGHT & LEVEL,DAYLIGHT,,,12/12/2019 9:05:37 AM,False,7900,Accepted,
26045735,0568000,LOUISVILLE METRO POLICE DEPT,Accepted,JEFFERSON,I 0064,,I64 W,,,,,,,,,38.242272263,-85.688764541,8.572,12/11/2019 12:00:00 AM,0739,2,2,0,0,CLEAR,DRY,False,REAR END IN TRAFFIC LANES BOTH VEHICLES MOVING,REAR END,STRAIGHT & LEVEL,DAYLIGHT,,,12/12/2019 9:06:03 AM,False,7632,Accepted,
26045749,0568000,LOUISVILLE METRO POLICE DEPT,Accepted,JEFFERSON,US0031,,CLARK MEMORIAL,BRG,,,,,,,,38.263223919,-85.751733652,0.489,12/11/2019 12:00:00 AM,1306,2,2,0,0,CLEAR,DRY,False,REAR END IN TRAFFIC LANES BOTH VEHICLES MOVING,REAR END,STRAIGHT & LEVEL,DAYLIGHT,,,12/12/2019 9:07:31 AM,False,7463,Accepted,
26045768,0568000,LOUISVILLE METRO POLICE DEPT,Accepted,JEFFERSON,I 0264,,I264 W,,,,,,,,,38.205242011,-85.681193601,14.991,12/11/2019 12:00:00 AM,1643,4,4,0,0,CLEAR,DRY,True,REAR END IN TRAFFIC LANES BOTH VEHICLES MOVING,REAR END,STRAIGHT & LEVEL,DAYLIGHT,,,12/12/2019 9:09:56 AM,False,7284,Accepted,
26045818,0568000,LOUISVILLE METRO POLICE DEPT,Accepted,JEFFERSON,US0031W,,DIXIE,HWY,,,,,,,,38.121868616,-85.855084428,9.716,12/11/2019 12:00:00 AM,1505,2,2,0,0,CLEAR,DRY,False,REAR END IN TRAFFIC LANES BOTH VEHICLES MOVING,REAR END,STRAIGHT & LEVEL,DAYLIGHT,,,12/12/2019 9:15:54 AM,False,7234,Accepted,
26045819,0568000,LOUISVILLE METRO POLICE DEPT,Accepted,JEFFERSON,KY1065,,OUTER,LOOP,,,,,,,,38.127143269,-85.748334956,2.551,12/11/2019 12:00:00 AM,1629,2,2,0,0,CLEAR,DRY,False,REAR END IN TRAFFIC LANES BOTH VEHICLES MOVING,REAR END,STRAIGHT & LEVEL,DAYLIGHT,,,12/12/2019 9:16:15 AM,False,7234,Accepted,
26045852,0568000,LOUISVILLE METRO POLICE DEPT,Accepted,JEFFERSON,US0031E,,BARDSTOWN,RD,,,,,,,,38.162446832,-85.595124304,6.531,12/11/2019 12:00:00 AM,0849,3,3,0,0,CLEAR,DRY,False,REAR END IN TRAFFIC LANES BOTH VEHICLES MOVING,REAR END,STRAIGHT & LEVEL,DAYLIGHT,,,12/12/2019 9:19:48 AM,False,7755,Accepted,
26045691,0568000,LOUISVILLE METRO POLICE DEPT,Accepted,JEFFERSON,KY1932,,BRECKENRIDGE,LN,,,,,,,,38.220488877,-85.630866662,2.892,12/11/2019 12:00:00 AM,0841,2,2,0,0,CLEAR,DRY,False,REAR END IN TRAFFIC LANES BOTH VEHICLES MOVING,REAR END,STRAIGHT & LEVEL,DAYLIGHT,,,12/12/2019 9:04:54 AM,False,7864,Accepted,
26051221,0568000,LOUISVILLE METRO POLICE DEPT,Accepted,JEFFERSON,KY0864,,FEGENBUSH,LN,,,,,,,,38.152429180,-85.631506737,5.751,12/11/2019 12:00:00 AM,1720,2,2,0,0,CLEAR,DRY,False,REAR END IN TRAFFIC LANES BOTH VEHICLES MOVING,REAR END,STRAIGHT & LEVEL,DARK-HWY NOT LIGHTED,,,12/13/2019 8:27:49 AM,False,4693,Accepted,
26045688,0568000,LOUISVILLE METRO POLICE DEPT,Accepted,JEFFERSON,US0031E,,BARDSTOWN,RD,,,,,HEATHER,,BELMONT,38.205940119,-85.666816567,11.583,12/11/2019 12:00:00 AM,0720,2,2,0,0,CLEAR,DRY,False,REAR END IN TRAFFIC LANES BOTH VEHICLES MOVING,REAR END,STRAIGHT & LEVEL,DAWN,,,12/12/2019 9:04:11 AM,False,2429,Accepted,
26045806,0568000,LOUISVILLE METRO POLICE DEPT,Accepted,JEFFERSON,KY2052,,SHEPHERDSVILLE,RD,,,,KY1747,FERN VALLEY,,POPLAR PARK,38.155331998,-85.659742803,1.157,12/11/2019 12:00:00 AM,1813,2,2,0,0,CLEAR,DRY,False,REAR END IN TRAFFIC LANES BOTH VEHICLES MOVING,REAR END,STRAIGHT & LEVEL,DARK-HWY NOT LIGHTED,,,12/12/2019 9:13:50 AM,False,5270,Accepted,