IncidentID,AgencyORI,AgencyName,IncidentStatusDesc,County,RdwyNumber,Street,RoadwayName,StreetSfx,StreetDir,IntersectionRdwy,IntersectionRdwyName,BetweenStRdwy1,BetweenStRdwyName1,BetweenStRdwy2,BetweenStRdwyName2,Latitude,Longitude,Milepoint,CollisionDate,CollisionTime,UnitsInvolved,MotorVehiclesInvolved,NumberKilled,NumberInjured,Weather,RdwyConditionCode,HitandRun,DirAnalysisCode,MannerofCollision,RdwyCharacter,LightCondition,RampFromRdwyId,RampToRdwyId,AcceptedDate,IsSecondaryCollision,OwnerBadge,IncidentStatus,
26045731,0568000,LOUISVILLE METRO POLICE DEPT,Accepted,JEFFERSON,I 0265,,I265 N,,,,,,,,,38.311607081,-85.575826851,34.321,12/11/2019 12:00:00 AM,0842,2,2,0,0,CLEAR,DRY,False,REAR END IN TRAFFIC LANES BOTH VEHICLES MOVING,REAR END,STRAIGHT & LEVEL,DAYLIGHT,,,12/12/2019 9:05:46 AM,False,4903,Accepted,
26045748,0568000,LOUISVILLE METRO POLICE DEPT,Accepted,JEFFERSON,I 0064,,I64 W,,,,,,,,,38.250655024,-85.713564130,7.051,12/11/2019 12:00:00 AM,0724,2,2,0,0,CLEAR,DRY,False,REAR END IN TRAFFIC LANES BOTH VEHICLES MOVING,REAR END,STRAIGHT & LEVEL,DAYLIGHT,,,12/12/2019 9:07:24 AM,False,7632,Accepted,
26045762,0568000,LOUISVILLE METRO POLICE DEPT,Accepted,JEFFERSON,KY0907,,SOUTHSIDE,DR,,,,,,,,38.148149727,-85.772448262,6.433,12/11/2019 12:00:00 AM,1605,3,3,0,1,CLEAR,DRY,False,REAR END IN TRAFFIC LANES BOTH VEHICLES MOVING,REAR END,STRAIGHT & LEVEL,DAYLIGHT,,,12/12/2019 9:08:58 AM,False,5259,Accepted,
26045779,0568000,LOUISVILLE METRO POLICE DEPT,Accepted,JEFFERSON,I 0064,,I64 W,,,,,,,,,38.233526337,-85.610331225,13.026,12/11/2019 12:00:00 AM,1752,2,2,0,0,CLEAR,DRY,False,REAR END IN TRAFFIC LANES BOTH VEHICLES MOVING,REAR END,STRAIGHT & LEVEL,DARK-HWY LIGHTED/OFF,,,12/12/2019 9:10:56 AM,False,5109,Accepted,
26040290,0568000,LOUISVILLE METRO POLICE DEPT,Accepted,JEFFERSON,KY0907,,3RD ST,RD,,,,,,,,38.128567635,-85.793944383,4.741,12/11/2019 12:00:00 AM,0234,2,2,0,1,CLEAR,DRY,False,REAR END IN TRAFFIC LANES BOTH VEHICLES MOVING,REAR END,STRAIGHT & LEVEL,DARK-HWY LIGHTED/ON,,,12/11/2019 8:21:15 AM,False,7332,Accepted,
26082999,0568000,LOUISVILLE METRO POLICE DEPT,Accepted,JEFFERSON,I 0065,,,,,,,,,,,38.190286294,-85.723240015,0.353,12/11/2019 12:00:00 AM,1621,2,2,0,0,CLEAR,DRY,False,REAR END IN TRAFFIC LANES BOTH VEHICLES MOVING,REAR END,CURVE & LEVEL,DAYLIGHT,,,12/20/2019 8:20:23 AM,False,8278,Accepted,
26051226,0568000,LOUISVILLE METRO POLICE DEPT,Accepted,JEFFERSON,,418,OAK,ST,W,,,,,,,38.235091315,-85.761127571,0.317,12/11/2019 12:00:00 AM,1510,2,1,0,0,CLOUDY,DRY,True,COLLISION WITH FIXED OBJECT NON - INTERSECTION - FIRST EVENT COLLISION 09 - 32 EXCLUDING 16,SINGLE VEHICLE,STRAIGHT & LEVEL,DAYLIGHT,,,12/13/2019 8:28:51 AM,False,7619,Accepted,
26045741,0568000,LOUISVILLE METRO POLICE DEPT,Accepted,JEFFERSON,,3000,BROADWAY,,W,,,,30TH,,31ST,38.249727278,-85.803162548,0.814,12/11/2019 12:00:00 AM,1137,1,1,0,1,CLEAR,DRY,False,COLLISION WITH FIXED OBJECT NON - INTERSECTION - FIRST EVENT COLLISION 09 - 32 EXCLUDING 16,SINGLE VEHICLE,STRAIGHT & LEVEL,DAYLIGHT,,,12/12/2019 9:06:49 AM,False,7463,Accepted,
26045790,0568000,LOUISVILLE METRO POLICE DEPT,Accepted,JEFFERSON,,,FIRWOOD,LN,,,,,,,,38.172733351,-85.580200276,0.074,12/11/2019 12:00:00 AM,1055,2,2,0,0,CLEAR,DRY,False,1 VEHICLE PARKED POSITION (NOT PARKING LOT/DRIVEWAY),BACKING,STRAIGHT & LEVEL,DAYLIGHT,,,12/12/2019 9:12:35 AM,False,4693,Accepted,
26045804,0568000,LOUISVILLE METRO POLICE DEPT,Accepted,JEFFERSON,,1364,CYPRESS,ST,,,,,,,,38.234311838,-85.797979914,0.245,12/11/2019 12:00:00 AM,1831,2,2,0,0,CLEAR,DRY,True,1 VEHICLE PARKED POSITION (NOT PARKING LOT/DRIVEWAY),HEAD ON,STRAIGHT & LEVEL,DUSK,,,12/12/2019 9:13:31 AM,False,5151,Accepted,
26045737,0568000,LOUISVILLE METRO POLICE DEPT,Accepted,JEFFERSON,US0031E,,BARDSTOWN,RD,,,,,HIGHLAND,KY2860,GRINSTEAD,38.238824077,-85.721706824,15.474,12/11/2019 12:00:00 AM,0951,2,2,0,0,CLEAR,DRY,False,1 VEHICLE PARKED POSITION (NOT PARKING LOT/DRIVEWAY),SIDESWIPE-SAME DIRECTION,STRAIGHT & LEVEL,DAYLIGHT,,,12/12/2019 9:06:22 AM,False,2228,Accepted,
26045847,0568000,LOUISVILLE METRO POLICE DEPT,Accepted,JEFFERSON,,1236,WELLER,AVE,,,,,UTAH,,COLORADO,38.211725833,-85.776707428,0.288,12/11/2019 12:00:00 AM,2030,2,2,0,0,CLEAR,DRY,True,1 VEHICLE PARKED POSITION (NOT PARKING LOT/DRIVEWAY),ANGLE,STRAIGHT & LEVEL,DARK-HWY LIGHTED/OFF,,,12/12/2019 9:19:03 AM,False,5245,Accepted,
26045830,0568000,LOUISVILLE METRO POLICE DEPT,Accepted,JEFFERSON,,,HILLPARK,DR,,,,,,,,38.095494451,-85.694330009,0.161,12/11/2019 12:00:00 AM,2020,2,2,0,0,CLEAR,DRY,False,1 VEHICLE PARKED POSITION (NOT PARKING LOT/DRIVEWAY),HEAD ON,STRAIGHT & LEVEL,DARK-HWY NOT LIGHTED,,,12/12/2019 9:17:39 AM,False,7474,Accepted,
26062919,0568000,LOUISVILLE METRO POLICE DEPT,Accepted,JEFFERSON,I 0064,,I64 E,,,,,,,,,38.240520431,-85.679126217,9.382,12/11/2019 12:00:00 AM,0900,1,1,0,1,CLEAR,DRY,False,COLLISION WITH FIXED OBJECT NON - INTERSECTION - FIRST EVENT COLLISION 09 - 32 EXCLUDING 16,SINGLE VEHICLE,STRAIGHT & LEVEL,DAWN,,,12/16/2019 10:59:42 AM,False,7628,Accepted,
26045780,0568000,LOUISVILLE METRO POLICE DEPT,Accepted,JEFFERSON,KY0864,,POPLAR LEVEL,RD,,,AUDUBON,,,,,38.210164002,-85.717093865,12.471,12/11/2019 12:00:00 AM,0704,2,2,0,0,CLEAR,DRY,False,OTHER INTERSECTION COLLISIONS,REAR END,STRAIGHT & LEVEL,DARK-HWY NOT LIGHTED,,,12/12/2019 9:11:10 AM,False,5019,Accepted,
26045815,0568000,LOUISVILLE METRO POLICE DEPT,Accepted,JEFFERSON,I 0064,,I64 W,,,I 0064,I64 TURN AROUND7,,,,,38.249720507,-85.709046969,7.307,12/11/2019 12:00:00 AM,1910,2,2,0,0,CLEAR,DRY,False,OTHER INTERSECTION COLLISIONS,REAR END,STRAIGHT & LEVEL,DARK-HWY NOT LIGHTED,,,12/12/2019 9:15:09 AM,False,7740,Accepted,
26045756,0568000,LOUISVILLE METRO POLICE DEPT,Accepted,JEFFERSON,,,11TH,ST,S,US0150,BROADWAY,,,,,38.247469664,-85.769926836,0.753,12/11/2019 12:00:00 AM,1408,2,2,0,0,CLEAR,DRY,False,OTHER INTERSECTION COLLISIONS,REAR END,STRAIGHT & LEVEL,DAYLIGHT,,,12/12/2019 9:08:16 AM,False,5271,Accepted,
26062499,0568000,LOUISVILLE METRO POLICE DEPT,Accepted,JEFFERSON,US0042,,STORY,AVE,,I 0064,I64 E EXIT7 OFF RAMP TO  STORY AVE,,,,,38.257835811,-85.723775835,0.529,12/11/2019 12:00:00 AM,1600,2,2,0,0,CLEAR,DRY,False,OTHER INTERSECTION COLLISIONS,REAR END,CURVE & HILLCREST,DAYLIGHT,,,12/16/2019 10:37:20 AM,False,7058,Accepted,
26045799,0568000,LOUISVILLE METRO POLICE DEPT,Accepted,JEFFERSON,US0031E,,BARDSTOWN,RD,,,ROANOKE,,,,,38.227801690,-85.700040397,14.041,12/11/2019 12:00:00 AM,0757,2,2,0,0,CLEAR,DRY,False,SIDESWIPE-SAME DIRECTION,SIDESWIPE-SAME DIRECTION,STRAIGHT & LEVEL,DAYLIGHT,,,12/12/2019 9:13:05 AM,False,5020,Accepted,
26045842,0568000,LOUISVILLE METRO POLICE DEPT,Accepted,JEFFERSON,,,3RD,ST,S,,KINGSTON,,,,,38.173084123,-85.767765440,1.776,12/11/2019 12:00:00 AM,0835,2,2,0,0,CLEAR,DRY,False,SIDESWIPE-SAME DIRECTION,SIDESWIPE-SAME DIRECTION,STRAIGHT & LEVEL,DAYLIGHT,,,12/12/2019 9:18:43 AM,False,7286,Accepted,
26045821,0568000,LOUISVILLE METRO POLICE DEPT,Accepted,JEFFERSON,,,JEFFERSON,ST,W,KY1020,3RD,,,,,38.253813510,-85.756242659,0.231,12/11/2019 12:00:00 AM,1835,2,2,0,0,CLEAR,DRY,False,SIDESWIPE-SAME DIRECTION,SIDESWIPE-SAME DIRECTION,STRAIGHT & LEVEL,DARK-HWY LIGHTED/ON,,,12/12/2019 9:16:28 AM,False,7862,Accepted,
26045851,0568000,LOUISVILLE METRO POLICE DEPT,Accepted,JEFFERSON,KY1865,,NEW CUT,RD,,KY0841,KY841 RAMP FROM KY1865,,,,,38.122107198,-85.776907320,0.977,12/11/2019 12:00:00 AM,1441,3,3,0,0,CLEAR,DRY,False,OTHER INTERSECTION COLLISIONS,REAR TO REAR,STRAIGHT & LEVEL,DAYLIGHT,,,12/12/2019 9:19:39 AM,False,5263,Accepted,
26051233,0568000,LOUISVILLE METRO POLICE DEPT,Accepted,JEFFERSON,,,FLOYD,ST,S,,BRANDEIS,,,,,38.218582422,-85.754272086,2.547,12/11/2019 12:00:00 AM,0900,2,2,0,0,CLEAR,DRY,False,OTHER INTERSECTION COLLISIONS,REAR END,CURVE & LEVEL,DAYLIGHT,,,12/13/2019 8:29:42 AM,False,7116,Accepted,
26045751,0568000,LOUISVILLE METRO POLICE DEPT,Accepted,JEFFERSON,US0060A,,LEXINGTON,RD,,KY2048,CANNONS,,,,,38.249616649,-85.666929708,9.969,12/11/2019 12:00:00 AM,1155,2,2,0,0,CLEAR,DRY,False,OTHER INTERSECTION COLLISIONS,REAR END,STRAIGHT & LEVEL,DAYLIGHT,,,12/12/2019 9:07:39 AM,False,7632,Accepted,
26045794,0568000,LOUISVILLE METRO POLICE DEPT,Accepted,JEFFERSON,,,SMYRNA,PKWY,,,APPLEGATE,,,,,38.131588906,-85.642506099,0.440,12/11/2019 12:00:00 AM,1545,1,1,0,0,CLEAR,DRY,True,OTHER INTERSECTION COLLISIONS,SINGLE VEHICLE,,DAYLIGHT,,,12/12/2019 9:12:55 AM,False,7442,Accepted,
26045784,0568000,LOUISVILLE METRO POLICE DEPT,Accepted,JEFFERSON,KY1865,,TAYLOR,BLVD,,,BEECHER,,,,,38.191689964,-85.783276452,5.875,12/11/2019 12:00:00 AM,1700,2,2,0,0,CLEAR,DRY,False,OTHER INTERSECTION COLLISIONS,REAR END,STRAIGHT & LEVEL,DARK-HWY LIGHTED/ON,,,12/12/2019 9:11:55 AM,False,5232,Accepted,
26051313,0568000,LOUISVILLE METRO POLICE DEPT,Accepted,JEFFERSON,KY1932,,KY1932 TURN LANE,,,US0060,SHELBYVILLE,,,,,38.253059207,-85.655775977,0.019,12/11/2019 12:00:00 AM,1915,2,2,0,0,CLEAR,DRY,False,REAR END - ONE VEHICLE TURNING RIGHT,REAR END,CURVE & LEVEL,DARK-HWY LIGHTED/ON,,,12/13/2019 8:37:19 AM,False,2673,Accepted,
26045766,0568000,LOUISVILLE METRO POLICE DEPT,Accepted,JEFFERSON,KY1694,,BROWNSBORO,RD,,,NEW CHAMBERLAIN,,,,,38.315732124,-85.561190254,0.017,12/11/2019 12:00:00 AM,1644,2,2,0,0,CLEAR,DRY,False,REAR END - ONE VEHICLE TURNING RIGHT,REAR END,STRAIGHT & LEVEL,DAYLIGHT,,,12/12/2019 9:09:30 AM,False,2346,Accepted,
26051291,0568000,LOUISVILLE METRO POLICE DEPT,Accepted,JEFFERSON,,,RUTLEDGE,RD,,,EDENROC,,,,,38.147280479,-85.880662882,0.814,12/11/2019 12:00:00 AM,1749,2,2,0,0,CLOUDY,DRY,False,ANGLE COLLISION - OTHER,ANGLE,CURVE & GRADE,DARK-HWY LIGHTED/ON,,,12/13/2019 8:34:53 AM,False,7340,Accepted,
26045744,0568000,LOUISVILLE METRO POLICE DEPT,Accepted,JEFFERSON,,,FLOYD,ST,S,,CENTRAL,,,,,38.203138216,-85.757122210,3.626,12/11/2019 12:00:00 AM,1220,2,2,0,0,CLEAR,DRY,False,ANGLE COLLISION - OTHER,ANGLE,STRAIGHT & LEVEL,DAYLIGHT,,,12/12/2019 9:07:06 AM,False,7251,Accepted,
26045777,0568000,LOUISVILLE METRO POLICE DEPT,Accepted,JEFFERSON,,,OAK,ST,W,,DIXIE,,,,,38.237298711,-85.788547233,1.822,12/11/2019 12:00:00 AM,1419,2,2,0,0,CLEAR,DRY,True,ANGLE COLLISION - OTHER,ANGLE,STRAIGHT & LEVEL,DAYLIGHT,,,12/12/2019 9:10:45 AM,False,5151,Accepted,
26045791,0568000,LOUISVILLE METRO POLICE DEPT,Accepted,JEFFERSON,KY0061,,PRESTON,HWY,,,MINOR,,,,,38.144765247,-85.690231642,4.427,12/11/2019 12:00:00 AM,1525,2,2,0,0,CLEAR,DRY,False,ANGLE COLLISION - OTHER,ANGLE,STRAIGHT & LEVEL,DAYLIGHT,,,12/12/2019 9:12:46 AM,False,4693,Accepted,
26045816,0568000,LOUISVILLE METRO POLICE DEPT,Accepted,JEFFERSON,,,OLD BARDSTOWN,RD,,,PROVIDENCE,,,,,38.125196612,-85.575165502,0.388,12/11/2019 12:00:00 AM,1908,2,2,0,0,CLEAR,DRY,False,ANGLE COLLISION - OTHER,ANGLE,STRAIGHT & LEVEL,DARK-HWY LIGHTED/OFF,,,12/12/2019 9:15:19 AM,False,2321,Accepted,
26045733,0568000,LOUISVILLE METRO POLICE DEPT,Accepted,JEFFERSON,,,HILL,ST,W,,23RD,,,,,38.229462834,-85.795215529,2.111,12/11/2019 12:00:00 AM,0845,2,2,0,2,CLEAR,DRY,False,ANGLE COLLISION - OTHER,ANGLE,STRAIGHT & LEVEL,DAYLIGHT,,,12/12/2019 9:05:55 AM,False,5257,Accepted,
26045767,0568000,LOUISVILLE METRO POLICE DEPT,Accepted,JEFFERSON,US0031E,,BARDSTOWN,RD,,,IONA,,,,,38.152640245,-85.588559899,5.754,12/11/2019 12:00:00 AM,1700,2,2,0,0,CLEAR,DRY,False,ANGLE COLLISION - OTHER,ANGLE,STRAIGHT & LEVEL,DUSK,,,12/12/2019 9:09:41 AM,False,7573,Accepted,
26045757,0568000,LOUISVILLE METRO POLICE DEPT,Accepted,JEFFERSON,KY1020,,2ND,ST,S,,JEFFERSON,,,,,38.253352989,-85.753732381,12.634,12/11/2019 12:00:00 AM,1451,2,2,0,0,CLEAR,DRY,True,REAR END - ONE VEHICLE TURNING LEFT,REAR END,STRAIGHT & LEVEL,DAYLIGHT,,,12/12/2019 9:08:23 AM,False,7229,Accepted,
26093702,0568000,LOUISVILLE METRO POLICE DEPT,Accepted,JEFFERSON,KY1020,,3RD,ST,S,,YORK,,,,,38.243976475,-85.757027115,11.963,12/11/2019 12:00:00 AM,1613,2,2,0,0,CLEAR,DRY,False,ANGLE COLLISION - OTHER,ANGLE,STRAIGHT & LEVEL,DAYLIGHT,,,12/23/2019 8:47:35 AM,False,7495,Accepted,
26119812,0568000,LOUISVILLE METRO POLICE DEPT,Accepted,JEFFERSON,,,DOYLE,DR,,,POWDER HORN,,,,,38.163495231,-85.838053535,0.295,12/11/2019 12:00:00 AM,0840,2,2,0,2,CLEAR,DRY,False,ANGLE COLLISION - OTHER,ANGLE,STRAIGHT & LEVEL,DAYLIGHT,,,12/31/2019 8:13:26 AM,False,7485,Accepted,
26067263,0568000,LOUISVILLE METRO POLICE DEPT,Accepted,JEFFERSON,,,HILL,ST,E,,PRESTON,,,,,38.225961601,-85.750908144,0.192,12/11/2019 12:00:00 AM,0407,1,1,1,0,CLEAR,DRY,False,COLLISION WITH FIXED OBJECT IN INTERSECTION - FIRST EVENT COLLISION 09 - 32,SINGLE VEHICLE,CURVE & LEVEL,DARK-HWY LIGHTED/ON,,,12/17/2019 8:39:21 AM,False,6886,Accepted,
26045736,0568000,LOUISVILLE METRO POLICE DEPT,Accepted,JEFFERSON,,,GRADE,LN,,,GRADE LN CONN,,,,,38.167998930,-85.721272111,0.914,12/11/2019 12:00:00 AM,0736,2,2,0,0,CLEAR,DRY,False,COLLISION WITH PARKED VEHICLE,SIDESWIPE-OPPOSITE DIRECTION,STRAIGHT & LEVEL,DAYLIGHT,,,12/12/2019 9:06:11 AM,False,2796,Accepted,
26051271,0568000,LOUISVILLE METRO POLICE DEPT,Accepted,JEFFERSON,,,KENHURST,DR,,,BARFIELD,,,,,38.142124499,-85.877656647,0.066,12/11/2019 12:00:00 AM,0810,2,2,0,0,CLEAR,DRY,False,ANGLE COLLISION - ONE VEHICLE TURNING LEFT,ANGLE,STRAIGHT & LEVEL,DAYLIGHT,,,12/13/2019 8:32:04 AM,False,7336,Accepted,
26045770,0568000,LOUISVILLE METRO POLICE DEPT,Accepted,JEFFERSON,KY1747,,HURSTBOURNE,PKWY,S,,WHITTINGTON,,,,,38.242241539,-85.577117631,13.191,12/11/2019 12:00:00 AM,1204,2,2,0,0,CLEAR,DRY,False,ANGLE COLLISION - OTHER,ANGLE,STRAIGHT & GRADE,DAYLIGHT,,,12/12/2019 9:10:16 AM,False,7899,Accepted,
26045787,0568000,LOUISVILLE METRO POLICE DEPT,Accepted,JEFFERSON,,,41ST,ST,S,,LARKWOOD,,,,,38.258981281,-85.818328971,1.617,12/11/2019 12:00:00 AM,1600,2,2,0,2,CLEAR,DRY,False,ANGLE COLLISION - OTHER,ANGLE,CURVE & LEVEL,DAYLIGHT,,,12/12/2019 9:12:05 AM,False,5113,Accepted,
26040214,0568000,LOUISVILLE METRO POLICE DEPT,Accepted,JEFFERSON,,,FEGENBUSH,LN,,,JETT THOMAS,,,,,38.176460783,-85.638918103,0.748,12/10/2019 12:00:00 AM,1450,2,2,0,0,CLEAR,DRY,False,ANGLE COLLISION - OTHER,ANGLE,STRAIGHT & LEVEL,DAYLIGHT,,,12/11/2019 8:10:25 AM,False,7739,Accepted,
26040233,0568000,LOUISVILLE METRO POLICE DEPT,Accepted,JEFFERSON,,,CHESTNUT,ST,W,,4TH,,,,,38.249073963,-85.758646682,2.321,12/10/2019 12:00:00 AM,1108,2,2,0,0,CLOUDY,DRY,False,COLLISION WITH PARKED VEHICLE,SIDESWIPE-SAME DIRECTION,STRAIGHT & LEVEL,DAYLIGHT,,,12/11/2019 8:13:04 AM,False,5168,Accepted,
26040220,0568000,LOUISVILLE METRO POLICE DEPT,Accepted,JEFFERSON,,,CENTRAL,AVE,,KY1631,CRITTENDEN,,,,,38.202933193,-85.750685781,0.001,12/10/2019 12:00:00 AM,1102,2,2,0,0,CLOUDY,DRY,False,ANGLE COLLISION - OTHER,ANGLE,STRAIGHT & LEVEL,DAYLIGHT,,,12/11/2019 8:11:29 AM,False,5204,Accepted,
26040229,0568000,LOUISVILLE METRO POLICE DEPT,Accepted,JEFFERSON,US0031W,,22ND,ST,S,,WILSON,,,,,38.234914767,-85.790366127,18.596,12/10/2019 12:00:00 AM,1520,2,2,0,1,CLEAR,DRY,True,ANGLE COLLISION - OTHER,ANGLE,STRAIGHT & LEVEL,DAYLIGHT,,,12/11/2019 8:12:26 AM,False,5273,Accepted,
26040234,0568000,LOUISVILLE METRO POLICE DEPT,Accepted,JEFFERSON,KY1450,,BLUE LICK,RD,,,ALTAIR,,,,,38.127422954,-85.689438273,2.945,12/10/2019 12:00:00 AM,1011,2,2,0,0,CLOUDY,DRY,False,ANGLE COLLISION - OTHER,ANGLE,STRAIGHT & LEVEL,DAYLIGHT,,,12/11/2019 8:13:11 AM,False,4693,Accepted,
26067283,0568000,LOUISVILLE METRO POLICE DEPT,Accepted,JEFFERSON,,,CARDINAL,BLVD,W,,4TH,,,,,38.220743516,-85.762826470,0.272,12/10/2019 12:00:00 AM,0648,2,2,0,0,RAINING,WET,False,ANGLE COLLISION - OTHER,ANGLE,STRAIGHT & LEVEL,DARK-HWY LIGHTED/ON,,,12/17/2019 8:42:09 AM,False,7435,Accepted,
26045759,0568000,LOUISVILLE METRO POLICE DEPT,Accepted,JEFFERSON,KY0155,,TAYLORSVILLE,RD,,,WALLACE,,,,,38.223498709,-85.682696745,16.427,12/10/2019 12:00:00 AM,1815,2,2,0,0,CLEAR,DRY,False,ANGLE COLLISION - OTHER,ANGLE,STRAIGHT & GRADE,DARK-HWY NOT LIGHTED,,,12/12/2019 9:08:31 AM,False,7746,Accepted,
26040277,0568000,LOUISVILLE METRO POLICE DEPT,Accepted,JEFFERSON,US0150,,BROADWAY,,E,KY0061,PRESTON,,,,,38.245228268,-85.747603290,2.961,12/10/2019 12:00:00 AM,1710,2,2,0,1,CLOUDY,DRY,False,OPPOSING LEFT TURN,OPPOSING LEFT TURN,STRAIGHT & LEVEL,DUSK,,,12/11/2019 8:19:03 AM,False,7862,Accepted,
26040235,0568000,LOUISVILLE METRO POLICE DEPT,Accepted,JEFFERSON,KY1747,,HURSTBOURNE,PKWY,N,,BLOSSOM,,,,,38.289419351,-85.573832745,17.197,12/10/2019 12:00:00 AM,1530,2,2,0,0,CLOUDY,DRY,False,OPPOSING LEFT TURN,OPPOSING LEFT TURN,STRAIGHT & GRADE,DAYLIGHT,,,12/11/2019 8:13:18 AM,False,6929,Accepted,
26040271,0568000,LOUISVILLE METRO POLICE DEPT,Accepted,JEFFERSON,US0031E,,BARDSTOWN,RD,,,PRINCETON,,,,,38.225181059,-85.695251233,13.722,12/10/2019 12:00:00 AM,1621,2,2,0,0,CLOUDY,DRY,False,OPPOSING LEFT TURN,OPPOSING LEFT TURN,STRAIGHT & LEVEL,DAYLIGHT,,,12/11/2019 8:17:48 AM,False,7960,Accepted,
26040283,0568000,LOUISVILLE METRO POLICE DEPT,Accepted,JEFFERSON,,,POINSETTIA,DR,,,JESSAMINE,,,,,38.139356701,-85.862261587,0.272,12/10/2019 12:00:00 AM,1852,2,2,0,0,CLEAR,DRY,False,OPPOSITE DIRECTION - BOTH VEHICLES GOING STRAIGHT AHEAD,SIDESWIPE-OPPOSITE DIRECTION,STRAIGHT & LEVEL,DARK-HWY LIGHTED/ON,,,12/11/2019 8:20:07 AM,False,5211,Accepted,
26040285,0568000,LOUISVILLE METRO POLICE DEPT,Accepted,JEFFERSON,US0031W,,DIXIE,HWY,,KY1931,ST ANDREWS CHURCH,,,,,38.144672473,-85.839106445,11.761,12/10/2019 12:00:00 AM,1842,2,2,0,0,CLEAR,DRY,False,OTHER INTERSECTION COLLISIONS,REAR END,STRAIGHT & LEVEL,DARK-HWY LIGHTED/ON,,,12/11/2019 8:20:25 AM,False,5212,Accepted,
26062457,0568000,LOUISVILLE METRO POLICE DEPT,Accepted,JEFFERSON,US0150,,BROADWAY,,E,US0031E,BAXTER,,,,,38.243711830,-85.727100305,4.089,12/10/2019 12:00:00 AM,1200,2,2,0,0,CLEAR,DRY,True,SIDESWIPE-SAME DIRECTION,SIDESWIPE-SAME DIRECTION,STRAIGHT & LEVEL,DAYLIGHT,,,12/16/2019 10:35:16 AM,False,7739,Accepted,
26040213,0568000,LOUISVILLE METRO POLICE DEPT,Accepted,JEFFERSON,US0031E,,MARKET,ST,E,KY0061,PRESTON,,,,,38.254075832,-85.746134078,17.373,12/10/2019 12:00:00 AM,0745,2,2,0,0,CLOUDY,DRY,False,SIDESWIPE-SAME DIRECTION,SIDESWIPE-SAME DIRECTION,STRAIGHT & LEVEL,DAYLIGHT,,,12/11/2019 8:10:16 AM,False,2406,Accepted,
26040187,0568000,LOUISVILLE METRO POLICE DEPT,Accepted,JEFFERSON,US0031E,,MARKET,ST,E,KY0061,PRESTON,,,,,38.254066774,-85.746040647,17.372,12/10/2019 12:00:00 AM,1015,2,2,0,0,CLOUDY,DRY,True,SIDESWIPE-SAME DIRECTION,SIDESWIPE-SAME DIRECTION,STRAIGHT & LEVEL,DAYLIGHT,,,12/11/2019 8:06:31 AM,False,2855,Accepted,
26062437,0568000,LOUISVILLE METRO POLICE DEPT,Accepted,JEFFERSON,KY0841,,GENE SNYDER,FWY,,,WOODRIDGE,,,,,38.089169744,-85.863969439,0.671,12/10/2019 12:00:00 AM,1814,2,2,0,2,CLOUDY,DRY,False,OTHER INTERSECTION COLLISIONS,REAR END,STRAIGHT & LEVEL,DARK-HWY NOT LIGHTED,,,12/16/2019 10:32:19 AM,False,2311,Accepted,
26040250,0568000,LOUISVILLE METRO POLICE DEPT,Accepted,JEFFERSON,KY1747,,FERN VALLEY,RD,,I 0065,I65 N EXIT128 ON RAMP FROM KY1631 E,,,,,38.157547349,-85.715998827,0.887,12/10/2019 12:00:00 AM,1724,2,2,0,0,CLEAR,DRY,False,OTHER INTERSECTION COLLISIONS,REAR END,STRAIGHT & GRADE,DUSK,,,12/11/2019 8:14:50 AM,False,7354,Accepted,
26040188,0568000,LOUISVILLE METRO POLICE DEPT,Accepted,JEFFERSON,KY1747,,HURSTBOURNE,PKWY,S,US0060,SHELBYVILLE,,,,,38.246423729,-85.576808027,13.501,12/10/2019 12:00:00 AM,0722,2,2,0,0,CLOUDY,DRY,False,OTHER INTERSECTION COLLISIONS,REAR END,STRAIGHT & LEVEL,DAYLIGHT,,,12/11/2019 8:06:40 AM,False,7337,Accepted,
26035827,0568000,LOUISVILLE METRO POLICE DEPT,Accepted,JEFFERSON,,,ROBBS,LN,,,GAYEWAY,,,,,38.135431437,-85.662158819,0.242,12/10/2019 12:00:00 AM,0433,1,1,0,0,RAINING,WET,False,OTHER INTERSECTION COLLISIONS,SINGLE VEHICLE,CURVE & LEVEL,DARK-HWY LIGHTED/OFF,,,12/10/2019 9:02:34 AM,False,5042,Accepted,
26083007,0568000,LOUISVILLE METRO POLICE DEPT,Accepted,JEFFERSON,KY0061,,PRESTON,HWY,,,MUD,,,,,38.092800925,-85.669182360,0.655,12/10/2019 12:00:00 AM,1546,3,3,0,1,CLEAR,DRY,True,OTHER INTERSECTION COLLISIONS,REAR END,STRAIGHT & LEVEL,DAYLIGHT,,,12/20/2019 8:21:49 AM,False,7991,Accepted,
26040228,0568000,LOUISVILLE METRO POLICE DEPT,Accepted,JEFFERSON,KY1934,,CANE RUN,RD,,KY2051,LEES,,,,,38.183615485,-85.855396002,7.709,12/10/2019 12:00:00 AM,0658,2,2,0,0,CLOUDY,DRY,False,OTHER INTERSECTION COLLISIONS,REAR END,STRAIGHT & LEVEL,DAYLIGHT,,,12/11/2019 8:12:17 AM,False,7381,Accepted,
26040219,0568000,LOUISVILLE METRO POLICE DEPT,Accepted,JEFFERSON,,,3RD,ST,S,KY1020,SOUTHERN,,,,,38.200543452,-85.765129450,0.004,12/10/2019 12:00:00 AM,0847,2,2,0,0,CLOUDY,DRY,False,OTHER INTERSECTION COLLISIONS,REAR END,STRAIGHT & LEVEL,DAYLIGHT,,,12/11/2019 8:11:21 AM,False,5204,Accepted,