IncidentID,AgencyORI,AgencyName,IncidentStatusDesc,County,RdwyNumber,Street,RoadwayName,StreetSfx,StreetDir,IntersectionRdwy,IntersectionRdwyName,BetweenStRdwy1,BetweenStRdwyName1,BetweenStRdwy2,BetweenStRdwyName2,Latitude,Longitude,Milepoint,CollisionDate,CollisionTime,UnitsInvolved,MotorVehiclesInvolved,NumberKilled,NumberInjured,Weather,RdwyConditionCode,HitandRun,DirAnalysisCode,MannerofCollision,RdwyCharacter,LightCondition,RampFromRdwyId,RampToRdwyId,AcceptedDate,IsSecondaryCollision,OwnerBadge,IncidentStatus,
26040254,0568000,LOUISVILLE METRO POLICE DEPT,Accepted,JEFFERSON,KY0864,,POPLAR LEVEL,RD,,,INDIAN,,,,,38.171547436,-85.684999490,9.215,12/10/2019 12:00:00 AM,1748,2,2,0,0,CLOUDY,DRY,False,OTHER INTERSECTION COLLISIONS,REAR END,STRAIGHT & LEVEL,DARK-HWY LIGHTED/ON,,,12/11/2019 8:15:24 AM,False,2307,Accepted,
26040221,0568000,LOUISVILLE METRO POLICE DEPT,Accepted,JEFFERSON,,,DEVONSHIRE,DR,,,PAGES,,,,,38.130837214,-85.868502843,0.482,12/10/2019 12:00:00 AM,1607,2,2,0,0,CLOUDY,DRY,False,OTHER INTERSECTION COLLISIONS,REAR END,STRAIGHT & LEVEL,DAYLIGHT,,,12/11/2019 8:11:37 AM,False,7496,Accepted,
26040226,0568000,LOUISVILLE METRO POLICE DEPT,Accepted,JEFFERSON,KY1934,,CANE RUN,RD,,,BRIDWELL,,,,,38.179773046,-85.859393229,7.363,12/10/2019 12:00:00 AM,1523,2,2,0,0,CLEAR,DRY,False,OTHER INTERSECTION COLLISIONS,REAR END,STRAIGHT & LEVEL,DAYLIGHT,,,12/11/2019 8:12:03 AM,False,7267,Accepted,
26040240,0568000,LOUISVILLE METRO POLICE DEPT,Accepted,JEFFERSON,,6105,SHADOW RUN,RD,,,,,,,,38.160903646,-85.687300505,0.131,12/10/2019 12:00:00 AM,0400,3,3,0,0,CLEAR,DRY,True,1 VEHICLE PARKED POSITION (NOT PARKING LOT/DRIVEWAY),ANGLE,STRAIGHT & LEVEL,DAYLIGHT,,,12/11/2019 8:14:04 AM,False,7451,Accepted,
26040288,0568000,LOUISVILLE METRO POLICE DEPT,Accepted,JEFFERSON,,926,SOUTHVIEW,RD,,,,,,,,38.151948786,-85.782581484,0.026,12/10/2019 12:00:00 AM,2224,3,3,0,0,CLEAR,DRY,False,1 VEHICLE PARKED POSITION (NOT PARKING LOT/DRIVEWAY),HEAD ON,STRAIGHT & GRADE,DARK-HWY NOT LIGHTED,,,12/11/2019 8:20:49 AM,False,7436,Accepted,
26115236,0568000,LOUISVILLE METRO POLICE DEPT,Accepted,JEFFERSON,KY0061,1702,PRESTON,ST,S,,,,,,,38.221941242,-85.749891544,10.833,12/10/2019 12:00:00 AM,2018,2,2,0,0,CLEAR,DRY,True,1 VEHICLE PARKED POSITION (NOT PARKING LOT/DRIVEWAY),SIDESWIPE-SAME DIRECTION,STRAIGHT & LEVEL,DARK (UNKNOWN ROADWAY LIGHTING),,,12/30/2019 9:04:22 AM,False,5050,Accepted,
26040251,0568000,LOUISVILLE METRO POLICE DEPT,Accepted,JEFFERSON,US0031W,,MARKET,ST,W,,,,,,,38.257804478,-85.779984552,20.552,12/10/2019 12:00:00 AM,1000,1,1,0,0,CLEAR,DRY,True,1 VEHICLE PARKED POSITION (NOT PARKING LOT/DRIVEWAY),SINGLE VEHICLE,STRAIGHT & LEVEL,DAYLIGHT,,,12/11/2019 8:14:59 AM,False,7288,Accepted,
26234150,0568000,LOUISVILLE METRO POLICE DEPT,Accepted,JEFFERSON,KY1065,,LOVERS,LN,,,,,CHENOWETH VISTA,,ROCKY,38.164557483,-85.570592662,13.580,12/10/2019 12:00:00 AM,1815,1,1,0,0,CLEAR,DRY,False,COLLISION WITH FIXED OBJECT NON - INTERSECTION - FIRST EVENT COLLISION 09 - 32 EXCLUDING 16,SINGLE VEHICLE,STRAIGHT & LEVEL,DUSK,,,1/23/2020 3:23:08 PM,False,2479,Accepted,
26062763,0568000,LOUISVILLE METRO POLICE DEPT,Accepted,JEFFERSON,I 0265,,I265 E,,,,,I 0265,I265 E EXIT15 ON RAMP FROM KY864,I 0265,I265 E EXIT17 OFF RAMP TO US31E,38.132769668,-85.600049911,16.179,12/10/2019 12:00:00 AM,1819,2,2,0,1,CLEAR,DRY,False,COLLISION WITH FIXED OBJECT NON - INTERSECTION - FIRST EVENT COLLISION 09 - 32 EXCLUDING 16,REAR END,STRAIGHT & LEVEL,DARK-HWY NOT LIGHTED,,,12/16/2019 10:49:56 AM,False,7278,Accepted,
26040278,0568000,LOUISVILLE METRO POLICE DEPT,Accepted,JEFFERSON,KY0841,,GENE SNYDER,FWY,,,,,,,,38.120083913,-85.774687568,6.188,12/10/2019 12:00:00 AM,1615,1,1,0,0,CLOUDY,DRY,False,COLLISION WITH FIXED OBJECT NON - INTERSECTION - FIRST EVENT COLLISION 09 - 32 EXCLUDING 16,SINGLE VEHICLE,STRAIGHT & LEVEL,DAYLIGHT,,,12/11/2019 8:19:13 AM,False,7839,Accepted,
26063003,0568000,LOUISVILLE METRO POLICE DEPT,Accepted,JEFFERSON,,9908,WEST,AVE,,,,,,,,38.107970610,-85.852600103,,12/10/2019 12:00:00 AM,2110,3,3,0,0,CLEAR,DRY,True,1 VEHICLE PARKED POSITION (NOT PARKING LOT/DRIVEWAY),REAR END,STRAIGHT & LEVEL,DARK-HWY LIGHTED/ON,,,12/16/2019 11:05:52 AM,False,2905,Accepted,
26040241,0568000,LOUISVILLE METRO POLICE DEPT,Accepted,JEFFERSON,,4000,BUECHEL BANK,RD,,,,,,,,38.177965786,-85.649044366,1.003,12/10/2019 12:00:00 AM,0708,1,1,0,2,CLEAR,DRY,False,RAN OFF ROADWAY (1 VEHICLE WITH/EARTH EMBANKMENT/DITCH),SINGLE VEHICLE,STRAIGHT & LEVEL,DAWN,,,12/11/2019 8:14:18 AM,False,7451,Accepted,
26040203,0568000,LOUISVILLE METRO POLICE DEPT,Accepted,JEFFERSON,I 0064,,I64 W,,,,,,,,,38.223539476,-85.528645958,17.611,12/10/2019 12:00:00 AM,0930,1,1,0,0,CLOUDY,DRY,False,RAN OFF ROADWAY (1 VEHICLE WITH/EARTH EMBANKMENT/DITCH),SINGLE VEHICLE,STRAIGHT & LEVEL,DAYLIGHT,,,12/11/2019 8:08:47 AM,False,7628,Accepted,
26040289,0568000,LOUISVILLE METRO POLICE DEPT,Accepted,JEFFERSON,KY1934,,GREENBELT,HWY,,,,,LOWER HUNTERS,,GLO JEAN,38.169194864,-85.876403792,6.133,12/10/2019 12:00:00 AM,1930,2,2,0,0,CLEAR,DRY,False,REAR END IN TRAFFIC LANES BOTH VEHICLES MOVING,REAR END,STRAIGHT & LEVEL,DARK-HWY NOT LIGHTED,,,12/11/2019 8:21:00 AM,False,5276,Accepted,
26052062,0568000,LOUISVILLE METRO POLICE DEPT,Accepted,JEFFERSON,US0060,9100,SHELBYVILLE,RD,,,,,,,,38.245881878,-85.569577541,8.240,12/10/2019 12:00:00 AM,0759,2,1,0,1,CLOUDY,DRY,False,REAR END IN TRAFFIC LANES BOTH VEHICLES MOVING,REAR END,STRAIGHT & LEVEL,DAYLIGHT,,,12/13/2019 10:59:34 AM,False,7802,Accepted,
26040292,0568000,LOUISVILLE METRO POLICE DEPT,Accepted,JEFFERSON,US0031W,,DIXIE,HWY,,,,,,,,38.006521885,-85.935993218,0.519,12/10/2019 12:00:00 AM,1833,2,2,0,0,CLEAR,DRY,False,REAR END IN TRAFFIC LANES BOTH VEHICLES MOVING,REAR END,STRAIGHT & LEVEL,DARK-HWY LIGHTED/ON,,,12/11/2019 8:22:01 AM,False,5136,Accepted,
26051197,0568000,LOUISVILLE METRO POLICE DEPT,Accepted,JEFFERSON,I 0065,,,,,,,,,,,38.191111761,-85.718590380,0.006,12/10/2019 12:00:00 AM,1542,3,3,0,0,CLOUDY,DRY,False,REAR END IN TRAFFIC LANES BOTH VEHICLES MOVING,REAR END,STRAIGHT & LEVEL,DAYLIGHT,,,12/13/2019 8:24:35 AM,False,7944,Accepted,
26040239,0568000,LOUISVILLE METRO POLICE DEPT,Accepted,JEFFERSON,KY0061,,PRESTON,HWY,,,,,FOREST,,WANNSEE,38.160781925,-85.699174390,5.655,12/10/2019 12:00:00 AM,0719,2,2,0,0,CLEAR,DRY,False,REAR END IN TRAFFIC LANES BOTH VEHICLES MOVING,REAR END,STRAIGHT & LEVEL,DAWN,,,12/11/2019 8:13:54 AM,False,7451,Accepted,
26040197,0568000,LOUISVILLE METRO POLICE DEPT,Accepted,JEFFERSON,I 0264,,I264 E,,,,,I 0264,I264 E EXIT17 ON RAMP FROM KY155,I 0264,I264 E EXIT18 OFF RAMP TO KY1932,38.224224635,-85.644635934,17.379,12/10/2019 12:00:00 AM,0956,2,2,0,0,CLOUDY,DRY,False,REAR END IN TRAFFIC LANES BOTH VEHICLES MOVING,REAR END,STRAIGHT & LEVEL,DAYLIGHT,,,12/11/2019 8:08:06 AM,False,2000,Accepted,
26040205,0568000,LOUISVILLE METRO POLICE DEPT,Accepted,JEFFERSON,I 0265,,I265 W,,,,,I 0265,I265 W EXIT14 OFF RAMP TO  COOPER CHAPEL RD,I 0265,I265 W EXIT15 ON RAMP FROM KY864,38.119266725,-85.637033811,13.903,12/10/2019 12:00:00 AM,0654,2,2,0,0,CLOUDY,DRY,False,REAR END IN TRAFFIC LANES BOTH VEHICLES MOVING,REAR END,STRAIGHT & LEVEL,DARK-HWY NOT LIGHTED,,,12/11/2019 8:09:03 AM,False,2017,Accepted,
26040281,0568000,LOUISVILLE METRO POLICE DEPT,Accepted,JEFFERSON,I 0071,,I71 S,,,,,,,,,38.294446317,-85.631004151,5.997,12/10/2019 12:00:00 AM,1529,3,3,0,0,CLOUDY,DRY,False,REAR END IN TRAFFIC LANES BOTH VEHICLES MOVING,REAR END,STRAIGHT & GRADE,DAYLIGHT,,,12/11/2019 8:19:42 AM,False,8278,Accepted,
26040269,0568000,LOUISVILLE METRO POLICE DEPT,Accepted,JEFFERSON,I 0064,,I64 W,,,,,,,,,38.248950729,-85.705457538,7.509,12/10/2019 12:00:00 AM,1746,2,2,0,0,CLEAR,DRY,False,REAR END IN TRAFFIC LANES BOTH VEHICLES MOVING,REAR END,CURVE & LEVEL,DARK-HWY LIGHTED/ON,,,12/11/2019 8:17:27 AM,False,5112,Accepted,
26040276,0568000,LOUISVILLE METRO POLICE DEPT,Accepted,JEFFERSON,I 0064,,I64 E,,,,,,,,,38.222705408,-85.519048951,18.249,12/10/2019 12:00:00 AM,1752,2,2,0,0,CLEAR,DRY,False,REAR END IN TRAFFIC LANES BOTH VEHICLES MOVING,REAR END,STRAIGHT & LEVEL,DARK-HWY LIGHTED/ON,,,12/11/2019 8:18:55 AM,False,7786,Accepted,
26062922,0568000,LOUISVILLE METRO POLICE DEPT,Accepted,JEFFERSON,I 0264,,I264 E,,,,,I 0264,I264 E EXIT14 ON RAMP FROM KY864,I 0264,I264 E EXIT15 OFF RAMP TO KY1703,38.199756140,-85.699939433,13.885,12/10/2019 12:00:00 AM,1704,2,2,0,0,CLEAR,DRY,False,REAR END IN TRAFFIC LANES BOTH VEHICLES MOVING,REAR END,STRAIGHT & HILLCREST,DAYLIGHT,,,12/16/2019 11:00:03 AM,False,7938,Accepted,
26040279,0568000,LOUISVILLE METRO POLICE DEPT,Accepted,JEFFERSON,KY0841,,GENE SNYDER,FWY,,,,,,,,38.090243571,-85.866689699,0.500,12/10/2019 12:00:00 AM,1747,2,2,0,1,CLOUDY,DRY,False,REAR END IN TRAFFIC LANES BOTH VEHICLES MOVING,REAR END,STRAIGHT & LEVEL,DARK-HWY LIGHTED/ON,,,12/11/2019 8:19:21 AM,False,7839,Accepted,
26040196,0568000,LOUISVILLE METRO POLICE DEPT,Accepted,JEFFERSON,I 0265,,I265 E,,,,,,,,,38.215269974,-85.506224308,24.963,12/10/2019 12:00:00 AM,0702,2,2,0,0,CLOUDY,DRY,False,REAR END IN TRAFFIC LANES BOTH VEHICLES MOVING,REAR END,STRAIGHT & LEVEL,DAWN,,,12/11/2019 8:07:57 AM,False,2000,Accepted,
26040204,0568000,LOUISVILLE METRO POLICE DEPT,Accepted,JEFFERSON,I 0265,,I265 W,,,,,I 0265,I265 W EXIT14 OFF RAMP TO  COOPER CHAPEL RD,I 0265,I265 W EXIT15 ON RAMP FROM KY864,38.123040923,-85.621742329,14.776,12/10/2019 12:00:00 AM,0701,2,2,0,0,CLOUDY,DRY,False,REAR END IN TRAFFIC LANES BOTH VEHICLES MOVING,REAR END,STRAIGHT & LEVEL,DARK-HWY NOT LIGHTED,,,12/11/2019 8:08:56 AM,False,2017,Accepted,
26040262,0568000,LOUISVILLE METRO POLICE DEPT,Accepted,JEFFERSON,US0150,,BROADWAY,,E,,,,BARRET,,ST ANTHONY,38.243914215,-85.730816394,3.890,12/10/2019 12:00:00 AM,1829,2,2,0,1,CLEAR,DRY,False,REAR END IN TRAFFIC LANES BOTH VEHICLES MOVING,REAR END,STRAIGHT & LEVEL,DARK-HWY LIGHTED/ON,,,12/11/2019 8:16:41 AM,False,2230,Accepted,
26040202,0568000,LOUISVILLE METRO POLICE DEPT,Accepted,JEFFERSON,I 0065,,I65 N EXIT130 TRANSIT,,,,,,,,,38.183273942,-85.722302623,0.501,12/10/2019 12:00:00 AM,0655,3,3,0,0,CLEAR,DRY,False,REAR END IN TRAFFIC LANES BOTH VEHICLES MOVING,REAR END,STRAIGHT & LEVEL,DARK-HWY LIGHTED/ON,,,12/11/2019 8:08:38 AM,False,7628,Accepted,
26040237,0568000,LOUISVILLE METRO POLICE DEPT,Accepted,JEFFERSON,I 0264,,I264 W,,,,,,,,,38.211323755,-85.671177706,15.680,12/10/2019 12:00:00 AM,1718,2,2,0,0,CLEAR,DRY,False,REAR END IN TRAFFIC LANES BOTH VEHICLES MOVING,REAR END,STRAIGHT & LEVEL,DARK-HWY LIGHTED/ON,,,12/11/2019 8:13:38 AM,False,7306,Accepted,
26040245,0568000,LOUISVILLE METRO POLICE DEPT,Accepted,JEFFERSON,I 0064,,I64 W,,,,,,,,,38.277665125,-85.821055229,0.235,12/10/2019 12:00:00 AM,1740,2,2,0,1,CLEAR,DRY,False,REAR END IN TRAFFIC LANES BOTH VEHICLES MOVING,REAR END,STRAIGHT & LEVEL,DARK-HWY LIGHTED/ON,,,12/11/2019 8:14:35 AM,False,5003,Accepted,
26040253,0568000,LOUISVILLE METRO POLICE DEPT,Accepted,JEFFERSON,US0031W,9090,DIXIE,HWY,,,,,,,,38.135149158,-85.844717504,10.946,12/10/2019 12:00:00 AM,1530,2,2,0,0,CLOUDY,DRY,False,REAR END IN TRAFFIC LANES BOTH VEHICLES MOVING,REAR END,STRAIGHT & LEVEL,DAYLIGHT,,,12/11/2019 8:15:15 AM,False,2311,Accepted,
26040255,0568000,LOUISVILLE METRO POLICE DEPT,Accepted,JEFFERSON,I 0265,,I265 W,,,,,I 0265,I265 W EXIT17 ON RAMP FROM US31E,I 0265,I265 W EXIT15 OFF RAMP TO KY864,38.128928225,-85.605111761,15.781,12/10/2019 12:00:00 AM,1536,2,2,0,0,CLOUDY,DRY,False,SIDESWIPE COLLISION - SAME DIRECTION,SIDESWIPE-SAME DIRECTION,STRAIGHT & GRADE,DAYLIGHT,,,12/11/2019 8:15:34 AM,False,2308,Accepted,
26035838,0568000,LOUISVILLE METRO POLICE DEPT,Accepted,JEFFERSON,US0031E,,BUECHEL,BYP,,,,,,,,38.196275944,-85.659101137,10.799,12/10/2019 12:00:00 AM,0539,2,2,0,0,CLEAR,DRY,True,SIDESWIPE COLLISION - SAME DIRECTION,SIDESWIPE-SAME DIRECTION,CURVE & HILLCREST,DARK-HWY NOT LIGHTED,,,12/10/2019 9:03:11 AM,False,7492,Accepted,
26036036,0568000,LOUISVILLE METRO POLICE DEPT,Accepted,JEFFERSON,KY1865,,NEW CUT,RD,,,,,,,,38.151799662,-85.776604077,3.084,12/10/2019 12:00:00 AM,0719,2,2,0,0,CLEAR,DRY,False,SIDESWIPE COLLISION - SAME DIRECTION,SIDESWIPE-SAME DIRECTION,STRAIGHT & LEVEL,DAYLIGHT,,,12/10/2019 9:53:19 AM,False,5279,Accepted,
26040265,0568000,LOUISVILLE METRO POLICE DEPT,Accepted,JEFFERSON,,,DIXIE,HWY,,,WILSON,,,,,38.234113514,-85.788132592,1.076,12/10/2019 12:00:00 AM,1718,2,2,0,2,CLEAR,DRY,False,HEAD-ON COLLISION,HEAD ON,STRAIGHT & LEVEL,DAWN,,,12/11/2019 8:17:17 AM,False,7346,Accepted,
26040236,0568000,LOUISVILLE METRO POLICE DEPT,Accepted,JEFFERSON,KY0864,4516,POPLAR LEVEL,RD,,,,,,,,38.189890062,-85.703907492,10.871,12/10/2019 12:00:00 AM,1054,2,2,0,0,CLEAR,DRY,False,SIDESWIPE COLLISION - OPPOSITE DIRECTION,SIDESWIPE-OPPOSITE DIRECTION,CURVE & LEVEL,DAYLIGHT,,,12/11/2019 8:13:27 AM,False,7540,Accepted,
26115233,0568000,LOUISVILLE METRO POLICE DEPT,Accepted,JEFFERSON,US0060A,,EASTERN,PKWY,,,,KY0061,PRESTON,,ELLSWORTH,38.213846411,-85.744781783,4.443,12/10/2019 12:00:00 AM,2034,2,2,0,0,CLEAR,DRY,True,SIDESWIPE COLLISION - SAME DIRECTION,SIDESWIPE-SAME DIRECTION,STRAIGHT & LEVEL,DARK (UNKNOWN ROADWAY LIGHTING),,,12/30/2019 9:04:04 AM,False,5050,Accepted,
26040274,0568000,LOUISVILLE METRO POLICE DEPT,Accepted,JEFFERSON,,,CHAMBERLAIN,LN,,,,,,,,38.289849408,-85.515904068,0.221,12/10/2019 12:00:00 AM,1807,3,3,0,1,CLEAR,DRY,False,1 VEHICLE ENTERING/LEAVING ENTRANCE,ANGLE,STRAIGHT & LEVEL,DARK-HWY LIGHTED/ON,,,12/11/2019 8:18:34 AM,False,2489,Accepted,
26040258,0568000,LOUISVILLE METRO POLICE DEPT,Accepted,JEFFERSON,KY0864,,FEGENBUSH,LN,,,,KY1065,BEULAH CHURCH,KY1065,OUTER,38.137653897,-85.613678948,4.264,12/10/2019 12:00:00 AM,1838,2,2,0,0,CLEAR,DRY,False,1 VEHICLE ENTERING/LEAVING ENTRANCE,ANGLE,STRAIGHT & LEVEL,DARK-HWY LIGHTED/ON,,,12/11/2019 8:16:12 AM,False,7484,Accepted,
26040207,0568000,LOUISVILLE METRO POLICE DEPT,Accepted,JEFFERSON,KY1747,,FERN VALLEY,RD,,,,,ULRICH,,PARAMOUNT PARK,38.157040234,-85.710424182,1.196,12/10/2019 12:00:00 AM,0913,2,2,0,0,CLOUDY,DRY,False,1 VEHICLE ENTERING/LEAVING ENTRANCE,ANGLE,STRAIGHT & LEVEL,DAYLIGHT,,,12/11/2019 8:09:17 AM,False,2017,Accepted,
26040231,0568000,LOUISVILLE METRO POLICE DEPT,Accepted,JEFFERSON,KY1747,,HURSTBOURNE,PKWY,S,,,,HURSTBOURNE,,HURSTBOURNE,38.217587311,-85.587156751,11.301,12/10/2019 12:00:00 AM,1628,2,2,0,3,CLEAR,DRY,False,OTHER ROADWAY OR MID-BLOCK COLLISION,OPPOSING LEFT TURN,STRAIGHT & LEVEL,DAYLIGHT,,,12/11/2019 8:12:44 AM,False,7497,Accepted,
26040263,0568000,LOUISVILLE METRO POLICE DEPT,Accepted,JEFFERSON,KY0155,,TAYLORSVILLE,RD,,,,KY1932,BRECKENRIDGE,,MELBOURNE,38.220171323,-85.632022958,13.720,12/10/2019 12:00:00 AM,0753,2,2,0,0,CLOUDY,DRY,False,OTHER ROADWAY OR MID-BLOCK COLLISION,REAR END,STRAIGHT & LEVEL,DAYLIGHT,,,12/11/2019 8:16:56 AM,False,7482,Accepted,
26036046,0568000,LOUISVILLE METRO POLICE DEPT,Accepted,JEFFERSON,KY0841,,GENE SNYDER,FWY,,,,,,,,38.322126360,-85.616587817,36.682,12/10/2019 12:00:00 AM,0749,1,1,0,0,CLOUDY,DRY,False,OTHER ROADWAY OR MID-BLOCK COLLISION,SINGLE VEHICLE,STRAIGHT & LEVEL,DAYLIGHT,,,12/10/2019 9:53:59 AM,False,4903,Accepted,
26040215,0568000,LOUISVILLE METRO POLICE DEPT,Accepted,JEFFERSON,,1835,HAMPDEN,CT,,,,,,,,38.228385812,-85.698521580,0.078,12/10/2019 12:00:00 AM,1342,2,2,0,0,CLOUDY,DRY,True,VEHICLE BACKING NON INTERSECTION,BACKING,STRAIGHT & LEVEL,DAYLIGHT,,,12/11/2019 8:10:40 AM,False,5112,Accepted,
26040212,0568000,LOUISVILLE METRO POLICE DEPT,Accepted,JEFFERSON,,816,MCKINLEY,AVE,,,,,,,,38.210578208,-85.731564226,0.509,12/10/2019 12:00:00 AM,1424,2,2,0,0,CLEAR,DRY,False,VEHICLE BACKING NON INTERSECTION,BACKING,STRAIGHT & LEVEL,DAYLIGHT,,,12/11/2019 8:10:08 AM,False,5288,Accepted,
26040259,0568000,LOUISVILLE METRO POLICE DEPT,Accepted,JEFFERSON,,,COLLINS,LN,,,,,,,,38.288907841,-85.514962110,1.183,12/10/2019 12:00:00 AM,1748,2,2,0,0,CLEAR,DRY,False,VEHICLE BACKING NON INTERSECTION,BACKING,STRAIGHT & LEVEL,DARK-HWY LIGHTED/OFF,,,12/11/2019 8:16:23 AM,False,6830,Accepted,
26040261,0568000,LOUISVILLE METRO POLICE DEPT,Accepted,JEFFERSON,KY1865,,NEW CUT,RD,,,,,,,,38.155926218,-85.777608790,3.381,12/10/2019 12:00:00 AM,1453,2,2,0,0,CLOUDY,DRY,True,OTHER ROADWAY OR MID-BLOCK COLLISION,REAR END,STRAIGHT & LEVEL,DAYLIGHT,,,12/11/2019 8:16:32 AM,False,7331,Accepted,
26036048,0568000,LOUISVILLE METRO POLICE DEPT,Accepted,JEFFERSON,,,LAKE FOREST,PKWY,,,,,,,,38.240987851,-85.493302463,0.036,12/10/2019 12:00:00 AM,0850,2,2,0,0,CLEAR,DRY,False,OTHER ROADWAY OR MID-BLOCK COLLISION,REAR END,STRAIGHT & LEVEL,DAYLIGHT,,,12/10/2019 9:54:07 AM,False,6953,Accepted,
26035834,0568000,LOUISVILLE METRO POLICE DEPT,Accepted,JEFFERSON,US0060A,1871,BERRY,BLVD,,,,,,,,38.196904639,-85.798851010,0.604,12/10/2019 12:00:00 AM,0510,1,1,0,0,CLOUDY,DRY,True,COLLISION IN PARKING LOT,SINGLE VEHICLE,STRAIGHT & LEVEL,DARK-HWY LIGHTED/ON,,,12/10/2019 9:02:55 AM,False,5183,Accepted,
26040280,0568000,LOUISVILLE METRO POLICE DEPT,Accepted,JEFFERSON,I 0064,,,,,,,,,,,38.257953435,-85.723639010,0.147,12/10/2019 12:00:00 AM,1233,2,2,0,0,CLOUDY,DRY,False,OTHER RAMP RELATED COLLISIONS NOT LISTED ABOVE,REAR END,CURVE & GRADE,DAYLIGHT,I 0064,STORY AVE,12/11/2019 8:19:33 AM,False,8278,Accepted,
26040287,0568000,LOUISVILLE METRO POLICE DEPT,Accepted,JEFFERSON,I 0264,,,,,,,,,,,38.237008573,-85.816922467,0.107,12/10/2019 12:00:00 AM,2202,1,1,0,0,CLEAR,DRY,False,COLLISION WITH FIXED OBJECT NOT IN GORE ,SINGLE VEHICLE,STRAIGHT & GRADE,DARK-HWY LIGHTED/ON,I 0264,DUMESNIL ST,12/11/2019 8:20:42 AM,False,7243,Accepted,
26051325,0568000,LOUISVILLE METRO POLICE DEPT,Accepted,JEFFERSON,US0060,9100,SHELBYVILLE,RD,,,,,,,,38.245823476,-85.569351747,8.232,12/10/2019 12:00:00 AM,0759,2,2,0,1,CLOUDY,DRY,False,OTHER ROADWAY OR MID-BLOCK COLLISION,REAR END,STRAIGHT & LEVEL,DAYLIGHT,,,12/13/2019 8:39:00 AM,False,7802,Accepted,
26096274,0560400,SHIVELY POLICE DEPARTMENT,Accepted,JEFFERSON,I 0264,4400,I264 E,,,,,I 0264,I264 E EXIT8B OFF RAMP TO US31W S,I 0264,I264 E EXIT5 ON RAMP FROM KY1934,38.185883521,-85.824683940,6.814,12/10/2019 12:00:00 AM,1408,1,1,0,1,CLOUDY,DRY,False,OTHER ROADWAY OR MID-BLOCK COLLISION,SINGLE VEHICLE,CURVE & LEVEL,DAYLIGHT,,,12/23/2019 8:33:34 PM,False,7082,Accepted,
26040291,0568000,LOUISVILLE METRO POLICE DEPT,Accepted,JEFFERSON,I 0065,,,,,,,,,,,38.114883315,-85.708003409,0.278,12/10/2019 12:00:00 AM,1716,2,2,0,0,CLEAR,DRY,False,OTHER RAMP RELATED COLLISIONS NOT LISTED ABOVE,SIDESWIPE-SAME DIRECTION,STRAIGHT & GRADE,DAYLIGHT,KY0481,I 0065,12/11/2019 8:21:40 AM,False,5138,Accepted,
26045825,0568000,LOUISVILLE METRO POLICE DEPT,Accepted,JEFFERSON,I 0264,,,,,,,,,,,38.189497670,-85.763665034,0.034,12/10/2019 12:00:00 AM,1859,2,2,0,1,CLOUDY,DRY,False,OTHER RAMP RELATED COLLISIONS NOT LISTED ABOVE,REAR END,CURVE & GRADE,DARK-HWY LIGHTED/ON,W SOUTHERN HEIGHTS AVE,I 0264,12/12/2019 9:16:56 AM,False,7851,Accepted,
26051198,0568000,LOUISVILLE METRO POLICE DEPT,Accepted,JEFFERSON,I 0064,,,,,,,,,,,38.244688932,-85.697280846,0.003,12/10/2019 12:00:00 AM,1746,3,3,0,0,CLOUDY,DRY,False,OTHER RAMP RELATED COLLISIONS NOT LISTED ABOVE,REAR END,CURVE & LEVEL,DARK-HWY LIGHTED/ON,I 0064,GRINSTEAD DR,12/13/2019 8:24:53 AM,False,7944,Accepted,
26198448,0568000,LOUISVILLE METRO POLICE DEPT,Accepted,JEFFERSON,I 0064,,,,,,,,,,,38.227347509,-85.591528750,,12/10/2019 12:00:00 AM,1800,2,2,0,0,CLEAR,DRY,False,OTHER RAMP RELATED COLLISIONS NOT LISTED ABOVE,SIDESWIPE-SAME DIRECTION,STRAIGHT & LEVEL,DARK-HWY LIGHTED/ON,I 0064,KY1747,1/16/2020 8:23:59 AM,False,5180,Accepted,
26127532,0568000,LOUISVILLE METRO POLICE DEPT,Accepted,JEFFERSON,I 0065,,,,,,,,,,,38.191048821,-85.725314861,0.079,12/10/2019 12:00:00 AM,1716,2,2,0,0,CLOUDY,WET,False,OTHER RAMP RELATED COLLISIONS NOT LISTED ABOVE,REAR END,STRAIGHT & LEVEL,DUSK,I 0065,I 0065,1/2/2020 9:20:56 AM,False,5204,Accepted,
26040286,0568000,LOUISVILLE METRO POLICE DEPT,Accepted,JEFFERSON,I 0065,,,,,,,,,,,38.190903225,-85.727618049,0.333,12/10/2019 12:00:00 AM,1822,2,2,0,0,CLEAR,DRY,False,OTHER RAMP RELATED COLLISIONS NOT LISTED ABOVE,REAR END,STRAIGHT & LEVEL,DARK-HWY LIGHTED/ON,I 0065,I 0065,12/11/2019 8:20:34 AM,False,7243,Accepted,
26035713,0568000,LOUISVILLE METRO POLICE DEPT,Accepted,JEFFERSON,I 0064,,,,,,,,,,,38.259682161,-85.741871993,0.940,12/9/2019 12:00:00 AM,1030,1,1,0,0,RAINING,WET,False,OTHER RAMP RELATED COLLISIONS NOT LISTED ABOVE,SINGLE VEHICLE,CURVE & HILLCREST,DAYLIGHT,I 0064,I 0065,12/10/2019 8:48:01 AM,False,4903,Accepted,