IncidentID,AgencyORI,AgencyName,IncidentStatusDesc,County,RdwyNumber,Street,RoadwayName,StreetSfx,StreetDir,IntersectionRdwy,IntersectionRdwyName,BetweenStRdwy1,BetweenStRdwyName1,BetweenStRdwy2,BetweenStRdwyName2,Latitude,Longitude,Milepoint,CollisionDate,CollisionTime,UnitsInvolved,MotorVehiclesInvolved,NumberKilled,NumberInjured,Weather,RdwyConditionCode,HitandRun,DirAnalysisCode,MannerofCollision,RdwyCharacter,LightCondition,RampFromRdwyId,RampToRdwyId,AcceptedDate,IsSecondaryCollision,OwnerBadge,IncidentStatus,
26051816,0560400,SHIVELY POLICE DEPARTMENT,Accepted,JEFFERSON,I 0264,,,,,,,,,,,38.186604874,-85.811685532,0.370,12/9/2019 12:00:00 AM,0720,2,2,0,0,CLOUDY,WET,False,OTHER RAMP RELATED COLLISIONS NOT LISTED ABOVE,REAR END,CURVE & GRADE,DAWN,I 0264,US31W N,12/13/2019 10:19:30 AM,False,7123,Accepted,
26051195,0568000,LOUISVILLE METRO POLICE DEPT,Accepted,JEFFERSON,I 0065,,,,,,,,,,,38.184758451,-85.723560741,0.001,12/9/2019 12:00:00 AM,1657,3,3,0,0,RAINING,WET,False,OTHER RAMP RELATED COLLISIONS NOT LISTED ABOVE,REAR END,STRAIGHT & HILLCREST,DAYLIGHT,I 0065,I 0264,12/13/2019 8:24:05 AM,False,7944,Accepted,
26062719,0568000,LOUISVILLE METRO POLICE DEPT,Accepted,JEFFERSON,I 0264,,,,,,,,,,,38.195874870,-85.708439607,0.048,12/9/2019 12:00:00 AM,1548,2,2,0,0,RAINING,WET,False,OTHER RAMP RELATED COLLISIONS NOT LISTED ABOVE,REAR END,STRAIGHT & HILLCREST,DAYLIGHT,KY0864,I 0264,12/16/2019 10:48:59 AM,False,7938,Accepted,
26030749,0568000,LOUISVILLE METRO POLICE DEPT,Accepted,JEFFERSON,I 0065,,,,,,,,,,,38.115554603,-85.703322753,0.114,12/9/2019 12:00:00 AM,0619,1,1,0,0,RAINING,WET,False,COLLISION WITH FIXED OBJECT NOT IN GORE ,SINGLE VEHICLE,CURVE & GRADE,DARK-HWY LIGHTED/ON,I 0065,I 0065,12/9/2019 9:39:55 AM,False,4903,Accepted,
26097553,0568000,LOUISVILLE METRO POLICE DEPT,Accepted,JEFFERSON,KY0061,,PRESTON,HWY,,,,,,,,38.098581189,-85.670932689,1.047,12/9/2019 12:00:00 AM,1822,3,3,0,0,CLOUDY,WET,False,OTHER ROADWAY OR MID-BLOCK COLLISION,REAR END,STRAIGHT & LEVEL,DARK-HWY NOT LIGHTED,,,12/24/2019 6:12:11 AM,False,5042,Accepted,
26035837,0568000,LOUISVILLE METRO POLICE DEPT,Accepted,JEFFERSON,,1114,ULRICH,AVE,,,,,,,,38.158238017,-85.703321388,0.341,12/9/2019 12:00:00 AM,1322,1,1,0,0,RAINING,WET,False,COLLISION IN PARKING LOT,SINGLE VEHICLE,STRAIGHT & LEVEL,DAYLIGHT,,,12/10/2019 9:03:03 AM,False,7830,Accepted,
26040216,0568000,LOUISVILLE METRO POLICE DEPT,Accepted,JEFFERSON,KY1931,6121,GREENWOOD,RD,,,,,,,,38.144709267,-85.868014960,1.592,12/9/2019 12:00:00 AM,1455,2,2,0,0,CLEAR,DRY,True,COLLISION IN PARKING LOT,BACKING,STRAIGHT & LEVEL,DAYLIGHT,,,12/11/2019 8:10:49 AM,False,5250,Accepted,
26040264,0568000,LOUISVILLE METRO POLICE DEPT,Accepted,JEFFERSON,US0031W,12201,DIXIE,HWY,,,,,,,,38.078441016,-85.883634334,6.420,12/9/2019 12:00:00 AM,0945,1,1,0,0,CLOUDY,DRY,True,COLLISION IN PARKING LOT,SINGLE VEHICLE,STRAIGHT & LEVEL,DAYLIGHT,,,12/11/2019 8:17:07 AM,False,7073,Accepted,
26040192,0568000,LOUISVILLE METRO POLICE DEPT,Accepted,JEFFERSON,US0031E,,BARDSTOWN,RD,,,,,FERNDALE,,STORAGE,38.155673014,-85.590091623,5.943,12/9/2019 12:00:00 AM,1708,2,2,0,0,RAINING,WET,False,OTHER ROADWAY OR MID-BLOCK COLLISION,REAR END,STRAIGHT & GRADE,DAYLIGHT,,,12/11/2019 8:07:21 AM,False,6494,Accepted,
26035773,0568000,LOUISVILLE METRO POLICE DEPT,Accepted,JEFFERSON,,,CHAMBERLAIN,LN,,,,,,,,38.297175639,-85.541224949,1.953,12/9/2019 12:00:00 AM,1742,2,2,0,0,RAINING,WET,False,OTHER ROADWAY OR MID-BLOCK COLLISION,REAR END,STRAIGHT & LEVEL,DARK-HWY LIGHTED/ON,,,12/10/2019 8:54:27 AM,False,6830,Accepted,
26035797,0568000,LOUISVILLE METRO POLICE DEPT,Accepted,JEFFERSON,KY0155,,TAYLORSVILLE,RD,,,,,OLD TAYLORSVILLE,,POPE LICK,38.190784247,-85.487317955,4.896,12/9/2019 12:00:00 AM,1850,2,2,0,0,RAINING,WET,False,OTHER ROADWAY OR MID-BLOCK COLLISION,REAR END,STRAIGHT & GRADE,DARK-HWY NOT LIGHTED,,,12/10/2019 8:57:57 AM,False,6977,Accepted,
26033308,0560300,ST. MATTHEWS POLICE DEPARTMENT,Accepted,JEFFERSON,US0060,5000,SHELBYVILLE,RD,,,,,,,,38.250172098,-85.623658470,5.301,12/9/2019 12:00:00 AM,1348,2,2,0,0,RAINING,WET,False,VEHICLE BACKING NON INTERSECTION,BACKING,STRAIGHT & LEVEL,DAYLIGHT,,,12/9/2019 4:42:56 PM,False,9171,Accepted,
26035758,0568000,LOUISVILLE METRO POLICE DEPT,Accepted,JEFFERSON,,100 BLK,STATE,ST,,,,,,,,38.257900637,-85.714517138,0.133,12/9/2019 12:00:00 AM,1552,2,2,0,0,RAINING,WET,False,VEHICLE BACKING NON INTERSECTION,BACKING,STRAIGHT & LEVEL,DAYLIGHT,,,12/10/2019 8:52:17 AM,False,5243,Accepted,
26062829,0568000,LOUISVILLE METRO POLICE DEPT,Accepted,JEFFERSON,,,PEABODY,CT,,,,,,,,38.204056941,-85.675137722,0.045,12/9/2019 12:00:00 AM,0652,2,2,0,0,RAINING,WET,False,VEHICLE BACKING NON INTERSECTION,BACKING,STRAIGHT & LEVEL,DARK-HWY LIGHTED/ON,,,12/16/2019 10:53:53 AM,False,7722,Accepted,
26035793,0568000,LOUISVILLE METRO POLICE DEPT,Accepted,JEFFERSON,,,MUHAMMAD ALI,BLVD,E,,,,BROOK,,FLOYD,38.250496757,-85.751404539,0.977,12/9/2019 12:00:00 AM,1905,2,2,0,0,RAINING,WET,True,OTHER ROADWAY OR MID-BLOCK COLLISION,REAR END,STRAIGHT & LEVEL,DARK-HWY LIGHTED/ON,,,12/10/2019 8:57:23 AM,False,2404,Accepted,
26035743,0568000,LOUISVILLE METRO POLICE DEPT,Accepted,JEFFERSON,US0031E,,BARDSTOWN,RD,,,,I 0264,I264 E EXIT16 OFF RAMP TO US31E S,,GOLDSMITH,38.209497543,-85.670008450,11.885,12/9/2019 12:00:00 AM,1415,2,2,0,0,RAINING,WET,False,OTHER ROADWAY OR MID-BLOCK COLLISION,REAR END,STRAIGHT & LEVEL,DAYLIGHT,,,12/10/2019 8:50:27 AM,False,7431,Accepted,
26035777,0568000,LOUISVILLE METRO POLICE DEPT,Accepted,JEFFERSON,,,ROBBS,LN,,,,,,,,38.137470271,-85.664941803,0.033,12/9/2019 12:00:00 AM,1553,2,2,0,0,RAINING,WET,False,OTHER ROADWAY OR MID-BLOCK COLLISION,REAR END,STRAIGHT & LEVEL,DAYLIGHT,,,12/10/2019 8:55:16 AM,False,7348,Accepted,
26035784,0568000,LOUISVILLE METRO POLICE DEPT,Accepted,JEFFERSON,US0031E,,BARDSTOWN,RD,,,,,BASHFORD MANOR,,PARIS,38.202934266,-85.664368589,11.341,12/9/2019 12:00:00 AM,1826,2,2,0,0,CLOUDY,WET,False,OTHER ROADWAY OR MID-BLOCK COLLISION,REAR END,STRAIGHT & LEVEL,DARK-HWY LIGHTED/ON,,,12/10/2019 8:56:06 AM,False,7431,Accepted,
26040222,0568000,LOUISVILLE METRO POLICE DEPT,Accepted,JEFFERSON,,,BLANTON,LN,,,,,,,,38.157308267,-85.833681675,0.015,12/9/2019 12:00:00 AM,0908,2,2,0,0,RAINING,WET,False,1 VEHICLE ENTERING/LEAVING ENTRANCE,ANGLE,STRAIGHT & LEVEL,DAYLIGHT,,,12/11/2019 8:11:46 AM,False,7267,Accepted,
26035804,0568000,LOUISVILLE METRO POLICE DEPT,Accepted,JEFFERSON,,,DUMESNIL,ST,,,,,,,,38.238109324,-85.815696644,0.246,12/9/2019 12:00:00 AM,1451,2,2,0,0,RAINING,WET,False,1 VEHICLE ENTERING/LEAVING ENTRANCE,ANGLE,STRAIGHT & GRADE,DAYLIGHT,,,12/10/2019 8:58:56 AM,False,8278,Accepted,
26035771,0568000,LOUISVILLE METRO POLICE DEPT,Accepted,JEFFERSON,KY0061,,PRESTON,HWY,,,,,,,,38.145434181,-85.690609189,4.478,12/9/2019 12:00:00 AM,1652,2,2,0,0,RAINING,WET,False,1 VEHICLE ENTERING/LEAVING ENTRANCE,ANGLE,STRAIGHT & LEVEL,DARK-HWY LIGHTED/ON,,,12/10/2019 8:54:10 AM,False,4693,Accepted,
26035685,0568000,LOUISVILLE METRO POLICE DEPT,Accepted,JEFFERSON,,,STONESTREET,RD,,,,,SILVERWOOD,,PRAIRIE,38.109552424,-85.835774966,1.460,12/9/2019 12:00:00 AM,0911,2,2,0,1,RAINING,WET,False,1 VEHICLE ENTERING/LEAVING ENTRANCE,ANGLE,STRAIGHT & LEVEL,DAYLIGHT,,,12/10/2019 8:43:08 AM,False,6318,Accepted,
26040257,0568000,LOUISVILLE METRO POLICE DEPT,Accepted,JEFFERSON,,,BRENTLINGER,LN,,,,US0031E,BARDSTOWN,,CHISM TRAIL,38.134464633,-85.578472375,0.066,12/9/2019 12:00:00 AM,1601,2,2,0,0,RAINING,WET,False,1 VEHICLE ENTERING/LEAVING ENTRANCE,ANGLE,STRAIGHT & LEVEL,DAYLIGHT,,,12/11/2019 8:15:54 AM,False,7278,Accepted,
26035759,0568000,LOUISVILLE METRO POLICE DEPT,Accepted,JEFFERSON,,,BLEVINS GAP,RD,,,,,,,,38.097093979,-85.817611884,5.027,12/9/2019 12:00:00 AM,0853,2,2,0,0,CLOUDY,WET,False,SIDESWIPE COLLISION - OPPOSITE DIRECTION,SIDESWIPE-OPPOSITE DIRECTION,STRAIGHT & LEVEL,DAYLIGHT,,,12/10/2019 8:52:25 AM,False,7234,Accepted,
26040275,0568000,LOUISVILLE METRO POLICE DEPT,Accepted,JEFFERSON,,,ALDER,AVE,,,,,LOTUS,,DEARING,38.172587073,-85.716384444,0.247,12/9/2019 12:00:00 AM,2014,2,2,0,1,CLOUDY,WET,True,SIDESWIPE COLLISION - OPPOSITE DIRECTION,SIDESWIPE-OPPOSITE DIRECTION,CURVE & LEVEL,DARK-HWY LIGHTED/ON,,,12/11/2019 8:18:45 AM,False,5247,Accepted,
26072361,0568000,LOUISVILLE METRO POLICE DEPT,Accepted,JEFFERSON,,12407,HOLSCLAW HILL,RD,,,,,,,,38.080500606,-85.749069921,1.611,12/9/2019 12:00:00 AM,0047,2,2,0,0,CLOUDY,DRY,False,SIDESWIPE COLLISION - SAME DIRECTION,SIDESWIPE-SAME DIRECTION,CURVE & GRADE,DARK-HWY LIGHTED/OFF,,,12/18/2019 8:40:30 AM,False,7957,Accepted,
26035815,0568000,LOUISVILLE METRO POLICE DEPT,Accepted,JEFFERSON,,,ST ANTHONY CHURCH,RD,,,,,,,,38.145409930,-85.817644882,0.424,12/9/2019 12:00:00 AM,2029,2,2,0,0,RAINING,WET,False,SIDESWIPE COLLISION - OPPOSITE DIRECTION,SIDESWIPE-OPPOSITE DIRECTION,CURVE & GRADE,DARK-HWY LIGHTED/ON,,,12/10/2019 9:00:19 AM,False,5136,Accepted,
26035739,0568000,LOUISVILLE METRO POLICE DEPT,Accepted,JEFFERSON,,,DORSEY,LN,,,,,,,,38.247144063,-85.564427758,0.128,12/9/2019 12:00:00 AM,1447,2,2,0,0,RAINING,WET,False,SIDESWIPE COLLISION - OPPOSITE DIRECTION,SIDESWIPE-OPPOSITE DIRECTION,CURVE & LEVEL,DAYLIGHT,,,12/10/2019 8:50:17 AM,False,2218,Accepted,
26030745,0568000,LOUISVILLE METRO POLICE DEPT,Accepted,JEFFERSON,,1900,BLUEGRASS,AVE,,,,,CHURCHMAN,KY1931,MANSLICK,38.179144005,-85.796646773,0.119,12/9/2019 12:00:00 AM,0310,2,2,0,0,RAINING,WET,True,SIDESWIPE COLLISION - SAME DIRECTION,SIDESWIPE-SAME DIRECTION,STRAIGHT & LEVEL,DARK-HWY LIGHTED/ON,,,12/9/2019 9:39:22 AM,False,5245,Accepted,
26035691,0568000,LOUISVILLE METRO POLICE DEPT,Accepted,JEFFERSON,,515,OAK,ST,E,,,,,,,38.234111483,-85.746195871,0.505,12/9/2019 12:00:00 AM,0850,2,2,0,0,RAINING,WET,True,SIDESWIPE COLLISION - SAME DIRECTION,SIDESWIPE-SAME DIRECTION,STRAIGHT & LEVEL,DAYLIGHT,,,12/10/2019 8:44:19 AM,False,5260,Accepted,
26035780,0568000,LOUISVILLE METRO POLICE DEPT,Accepted,JEFFERSON,,532,ST CATHERINE,ST,E,,,,,,,38.235232739,-85.746369234,0.816,12/9/2019 12:00:00 AM,1447,2,2,0,0,CLOUDY,WET,False,SIDESWIPE COLLISION - SAME DIRECTION,SIDESWIPE-SAME DIRECTION,STRAIGHT & LEVEL,DAYLIGHT,,,12/10/2019 8:55:30 AM,False,7407,Accepted,
26035775,0568000,LOUISVILLE METRO POLICE DEPT,Accepted,JEFFERSON,I 0265,,I265 E,,,,,,,,,38.114085742,-85.664092970,12.388,12/9/2019 12:00:00 AM,1636,2,2,0,0,RAINING,WET,False,SIDESWIPE COLLISION - SAME DIRECTION,SIDESWIPE-SAME DIRECTION,STRAIGHT & LEVEL,DAYLIGHT,,,12/10/2019 8:54:52 AM,False,7839,Accepted,
26072320,0568000,LOUISVILLE METRO POLICE DEPT,Accepted,JEFFERSON,US0150,,DR W J HODGE,ST,,US0150T,MARKET,,,,,38.258360514,-85.784909290,0.840,12/9/2019 12:00:00 AM,0330,3,3,0,3,CLEAR,DRY,False,HEAD-ON COLLISION,HEAD ON,STRAIGHT & GRADE,DARK-HWY LIGHTED/ON,,,12/18/2019 8:33:56 AM,False,7416,Accepted,
26035993,0568000,LOUISVILLE METRO POLICE DEPT,Accepted,JEFFERSON,,,OAK PARK,DR,,US0031W,DIXIE,,,,,38.135777693,-85.847565946,0.172,12/9/2019 12:00:00 AM,1817,2,2,0,0,CLOUDY,DRY,False,HEAD-ON COLLISION,HEAD ON,STRAIGHT & LEVEL,DARK-HWY NOT LIGHTED,,,12/10/2019 9:52:04 AM,False,2311,Accepted,
26036044,0568000,LOUISVILLE METRO POLICE DEPT,Accepted,JEFFERSON,KY0146,,LA GRANGE,RD,,,,,SPRINGS STATION,,SPRINGS STATION,38.292020574,-85.510211312,7.787,12/9/2019 12:00:00 AM,1205,2,2,0,0,RAINING,WET,False,SIDESWIPE COLLISION - SAME DIRECTION,SIDESWIPE-SAME DIRECTION,STRAIGHT & LEVEL,DAYLIGHT,,,12/10/2019 9:53:49 AM,False,6953,Accepted,
26035803,0568000,LOUISVILLE METRO POLICE DEPT,Accepted,JEFFERSON,I 0264,,I264 E,,,,,,,,,38.263545293,-85.623614490,20.768,12/9/2019 12:00:00 AM,1345,2,2,0,0,RAINING,WET,False,SIDESWIPE COLLISION - SAME DIRECTION,SIDESWIPE-SAME DIRECTION,CURVE & GRADE,DAYLIGHT,,,12/10/2019 8:58:46 AM,False,8278,Accepted,
26035817,0568000,LOUISVILLE METRO POLICE DEPT,Accepted,JEFFERSON,I 0064,,I64 N TRANSIT,,,,,,,,,38.261240212,-85.732160884,0.681,12/9/2019 12:00:00 AM,1154,1,1,0,0,RAINING,WET,False,OTHER COLLISIONS ON SHOULDER,SINGLE VEHICLE,CURVE & HILLCREST,DAYLIGHT,,,12/10/2019 9:00:26 AM,False,7840,Accepted,
26035707,0568000,LOUISVILLE METRO POLICE DEPT,Accepted,JEFFERSON,I 0064,,,,,,,,,,,38.258963315,-85.748613413,0.224,12/9/2019 12:00:00 AM,1215,1,1,0,0,RAINING,WET,False,OTHER COLLISIONS ON SHOULDER,SINGLE VEHICLE,CURVE & GRADE,DAYLIGHT,US0031,I 0064,12/10/2019 8:46:36 AM,False,2855,Accepted,
26035708,0568000,LOUISVILLE METRO POLICE DEPT,Accepted,JEFFERSON,I 0064,,I64 W,,,,,,,,,38.258902669,-85.748165864,4.760,12/9/2019 12:00:00 AM,1230,1,1,0,0,RAINING,WET,False,OTHER COLLISIONS ON SHOULDER,SINGLE VEHICLE,CURVE & GRADE,DAYLIGHT,,,12/10/2019 8:46:47 AM,False,2855,Accepted,
26035774,0568000,LOUISVILLE METRO POLICE DEPT,Accepted,JEFFERSON,I 0264,,I264 W,,,,,,,,,38.192881472,-85.712310809,13.058,12/9/2019 12:00:00 AM,1220,4,4,0,0,RAINING,WET,True,REAR END IN TRAFFIC LANES BOTH VEHICLES MOVING,REAR END,STRAIGHT & LEVEL,DAYLIGHT,,,12/10/2019 8:54:42 AM,False,7839,Accepted,
26030802,0568000,LOUISVILLE METRO POLICE DEPT,Accepted,JEFFERSON,I 0064,,I64 E,,,,,,,,,38.227525348,-85.592195565,14.267,12/9/2019 12:00:00 AM,0807,2,2,0,0,CLOUDY,WET,False,REAR END IN TRAFFIC LANES BOTH VEHICLES MOVING,REAR END,STRAIGHT & LEVEL,DAYLIGHT,,,12/9/2019 9:59:20 AM,False,4903,Accepted,
26035700,0568000,LOUISVILLE METRO POLICE DEPT,Accepted,JEFFERSON,US0031W,5210,DIXIE,HWY,,,,,,,,38.162977655,-85.831380213,12.940,12/9/2019 12:00:00 AM,0931,3,3,0,0,RAINING,WET,False,REAR END IN TRAFFIC LANES BOTH VEHICLES MOVING,REAR END,STRAIGHT & LEVEL,DAYLIGHT,,,12/10/2019 8:45:07 AM,False,7339,Accepted,
26035792,0568000,LOUISVILLE METRO POLICE DEPT,Accepted,JEFFERSON,KY1934,,CANE RUN,RD,,,,,ROCKAWAY,KY2051,LEES,38.183249802,-85.855627165,7.681,12/9/2019 12:00:00 AM,1754,2,2,0,0,RAINING,WET,True,REAR END IN TRAFFIC LANES BOTH VEHICLES MOVING,REAR END,STRAIGHT & LEVEL,DARK (UNKNOWN ROADWAY LIGHTING),,,12/10/2019 8:57:15 AM,False,7420,Accepted,
26035723,0568000,LOUISVILLE METRO POLICE DEPT,Accepted,JEFFERSON,I 0265,,I265 E,,,,,I 0265,I265 E EXIT23 OFF RAMP TO KY155,I 0265,I265 E EXIT23 ON RAMP FROM KY155,38.186080817,-85.508552883,22.940,12/9/2019 12:00:00 AM,0824,2,2,0,1,CLOUDY,DRY,False,REAR END IN TRAFFIC LANES BOTH VEHICLES MOVING,REAR END,STRAIGHT & GRADE,DAYLIGHT,,,12/10/2019 8:48:30 AM,False,7840,Accepted,
26035681,0568000,LOUISVILLE METRO POLICE DEPT,Accepted,JEFFERSON,I 0065,,I65 N,,,,,,,,,38.244369676,-85.752323886,135.166,12/9/2019 12:00:00 AM,0830,3,3,0,0,RAINING,WET,False,REAR END IN TRAFFIC LANES BOTH VEHICLES MOVING,REAR END,STRAIGHT & LEVEL,DAYLIGHT,,,12/10/2019 8:42:32 AM,False,2855,Accepted,
26030801,0568000,LOUISVILLE METRO POLICE DEPT,Accepted,JEFFERSON,US0060,7817,SHELBYVILLE,RD,,,,,,,,38.248966870,-85.608262555,6.139,12/9/2019 12:00:00 AM,0705,2,2,0,0,CLOUDY,WET,True,REAR END IN TRAFFIC LANES BOTH VEHICLES MOVING,REAR END,STRAIGHT & LEVEL,DAWN,,,12/9/2019 9:59:04 AM,False,6456,Accepted,
26064778,0568000,LOUISVILLE METRO POLICE DEPT,Accepted,JEFFERSON,I 0065,,I65 N,,,,,I 0065,I65 N EXIT128 ON RAMP FROM KY1631,I 0065,I65 N EXIT130 OFF RAMP TO KY61,38.165619747,-85.720668855,128.861,12/9/2019 12:00:00 AM,1904,2,2,0,0,CLEAR,DRY,False,REAR END IN TRAFFIC LANES BOTH VEHICLES MOVING,REAR END,STRAIGHT & LEVEL,DARK-HWY LIGHTED/ON,,,12/16/2019 3:40:39 PM,False,5247,Accepted,
26062456,0568000,LOUISVILLE METRO POLICE DEPT,Accepted,JEFFERSON,KY1065,,OUTER,LOOP,,,,,,,,38.128935480,-85.740306785,3.007,12/9/2019 12:00:00 AM,1817,2,2,0,0,CLOUDY,WET,False,REAR END IN TRAFFIC LANES BOTH VEHICLES MOVING,REAR END,STRAIGHT & GRADE,DARK-HWY NOT LIGHTED,,,12/16/2019 10:35:09 AM,False,7221,Accepted,
26062462,0568000,LOUISVILLE METRO POLICE DEPT,Accepted,JEFFERSON,,700,MUHAMMAD ALI,BLVD,E,,,,,,,38.249537987,-85.741434261,0.431,12/9/2019 12:00:00 AM,0750,2,2,0,0,RAINING,,True,1 VEHICLE PARKED POSITION (NOT PARKING LOT/DRIVEWAY),SIDESWIPE-SAME DIRECTION,STRAIGHT & GRADE,DAYLIGHT,,,12/16/2019 10:35:43 AM,False,2661,Accepted,
26035760,0568000,LOUISVILLE METRO POLICE DEPT,Accepted,JEFFERSON,KY1865,,NEW CUT,RD,,,,,,,,38.165005745,-85.780038605,4.009,12/9/2019 12:00:00 AM,1641,2,2,0,0,RAINING,WET,False,REAR END IN TRAFFIC LANES BOTH VEHICLES MOVING,REAR END,STRAIGHT & LEVEL,DUSK,,,12/10/2019 8:52:34 AM,False,7331,Accepted,
26036043,0568000,LOUISVILLE METRO POLICE DEPT,Accepted,JEFFERSON,KY1934,,CANE RUN,RD,,,,,,,,38.182705239,-85.856468447,7.624,12/9/2019 12:00:00 AM,1649,2,2,0,0,CLOUDY,WET,False,REAR END IN TRAFFIC LANES BOTH VEHICLES MOVING,REAR END,STRAIGHT & LEVEL,DARK-HWY LIGHTED/ON,,,12/10/2019 9:53:37 AM,False,5250,Accepted,
26040191,0568000,LOUISVILLE METRO POLICE DEPT,Accepted,JEFFERSON,US0031E,,BARDSTOWN,RD,,,,,WIMSATT,,SETTLERS TRACE,38.160915615,-85.592947686,6.369,12/9/2019 12:00:00 AM,1636,2,2,0,0,RAINING,WET,False,REAR END IN TRAFFIC LANES BOTH VEHICLES MOVING,REAR END,CURVE & GRADE,DAYLIGHT,,,12/11/2019 8:07:13 AM,False,6494,Accepted,
26035711,0568000,LOUISVILLE METRO POLICE DEPT,Accepted,JEFFERSON,KY1065,,OUTER,LOOP,,,,,,,,38.138442634,-85.685144474,6.142,12/9/2019 12:00:00 AM,1156,2,2,0,0,RAINING,WET,False,REAR END IN TRAFFIC LANES BOTH VEHICLES MOVING,REAR END,STRAIGHT & LEVEL,DAYLIGHT,,,12/10/2019 8:47:16 AM,False,4693,Accepted,
26051196,0568000,LOUISVILLE METRO POLICE DEPT,Accepted,JEFFERSON,I 0264,,I264 E,,,,,,,,,38.192387566,-85.712682530,13.022,12/9/2019 12:00:00 AM,1748,3,3,0,0,RAINING,WET,False,REAR END IN TRAFFIC LANES BOTH VEHICLES MOVING,REAR END,STRAIGHT & HILLCREST,DARK-HWY LIGHTED/ON,,,12/13/2019 8:24:15 AM,False,7944,Accepted,
26030728,0568000,LOUISVILLE METRO POLICE DEPT,Accepted,JEFFERSON,I 0064,,I64 W,,,,,,,,,38.228587105,-85.594720548,13.940,12/9/2019 12:00:00 AM,0226,1,1,0,1,RAINING,WET,False,RAN OFF ROADWAY (1 VEHICLE WITH/EARTH EMBANKMENT/DITCH),SINGLE VEHICLE,STRAIGHT & LEVEL,DARK-HWY LIGHTED/ON,,,12/9/2019 9:37:33 AM,False,5004,Accepted,
26035766,0568000,LOUISVILLE METRO POLICE DEPT,Accepted,JEFFERSON,KY1934,,GREENBELT,HWY,,,,,TRADE PORT,,WINSTEAD,38.129104362,-85.891293692,3.165,12/9/2019 12:00:00 AM,1328,2,2,0,0,RAINING,WET,False,COLLISION WITH NON-FIXED OBJECT ,HEAD ON,STRAIGHT & LEVEL,DAYLIGHT,,,12/10/2019 8:53:12 AM,False,6326,Accepted,
26035727,0568000,LOUISVILLE METRO POLICE DEPT,Accepted,JEFFERSON,,,CLAY,ST,S,,,,,,,38.249253634,-85.740733405,0.402,12/9/2019 12:00:00 AM,1100,2,2,0,0,CLOUDY,WET,True,1 VEHICLE PARKED POSITION (NOT PARKING LOT/DRIVEWAY),SIDESWIPE-SAME DIRECTION,STRAIGHT & LEVEL,DAYLIGHT,,,12/10/2019 8:48:47 AM,False,2855,Accepted,
26035818,0568000,LOUISVILLE METRO POLICE DEPT,Accepted,JEFFERSON,,,SOUTHERN PKWY FRONTAGE RD 2,,,,,,,,,38.199036227,-85.766970347,0.921,12/9/2019 12:00:00 AM,2348,2,2,0,0,RAINING,WET,False,1 VEHICLE PARKED POSITION (NOT PARKING LOT/DRIVEWAY),SIDESWIPE-SAME DIRECTION,CURVE & LEVEL,DARK-HWY LIGHTED/ON,,,12/10/2019 9:00:32 AM,False,5252,Accepted,
26035798,0568000,LOUISVILLE METRO POLICE DEPT,Accepted,JEFFERSON,KY0907,,SOUTHSIDE,DR,,,,,LILLIAN,KY1865,NEW CUT,38.147235755,-85.774002710,6.433,12/9/2019 12:00:00 AM,1930,1,1,0,1,RAINING,WET,False,COLLISION WITH FIXED OBJECT NON - INTERSECTION - FIRST EVENT COLLISION 09 - 32 EXCLUDING 16,SINGLE VEHICLE,STRAIGHT & LEVEL,DARK-HWY LIGHTED/ON,,,12/10/2019 8:58:06 AM,False,2721,Accepted,
26035825,0568000,LOUISVILLE METRO POLICE DEPT,Accepted,JEFFERSON,US0042,3005,BROWNSBORO,RD,,,,,,,,38.260765513,-85.685380728,2.771,12/9/2019 12:00:00 AM,1910,1,1,0,0,CLOUDY,WET,False,COLLISION WITH FIXED OBJECT NON - INTERSECTION - FIRST EVENT COLLISION 09 - 32 EXCLUDING 16,SINGLE VEHICLE,STRAIGHT & LEVEL,DARK-HWY LIGHTED/ON,,,12/10/2019 9:02:02 AM,False,5154,Accepted,
26035765,0568000,LOUISVILLE METRO POLICE DEPT,Accepted,JEFFERSON,,9703,EL PRADO,ST,,,,,,,,38.112042043,-85.855541789,0.267,12/9/2019 12:00:00 AM,1152,2,2,0,0,RAINING,WET,False,1 VEHICLE PARKED POSITION (NOT PARKING LOT/DRIVEWAY),BACKING,STRAIGHT & LEVEL,DAYLIGHT,,,12/10/2019 8:53:04 AM,False,6326,Accepted,
26035705,0568000,LOUISVILLE METRO POLICE DEPT,Accepted,JEFFERSON,,2900,BROADWAY,,W,,,,,,,38.249625326,-85.800035814,0.634,12/9/2019 12:00:00 AM,1104,2,2,0,0,RAINING,WET,True,1 VEHICLE PARKED POSITION (NOT PARKING LOT/DRIVEWAY),SIDESWIPE-SAME DIRECTION,STRAIGHT & LEVEL,DAYLIGHT,,,12/10/2019 8:46:04 AM,False,7361,Accepted,