IncidentID,AgencyORI,AgencyName,IncidentStatusDesc,County,RdwyNumber,Street,RoadwayName,StreetSfx,StreetDir,IntersectionRdwy,IntersectionRdwyName,BetweenStRdwy1,BetweenStRdwyName1,BetweenStRdwy2,BetweenStRdwyName2,Latitude,Longitude,Milepoint,CollisionDate,CollisionTime,UnitsInvolved,MotorVehiclesInvolved,NumberKilled,NumberInjured,Weather,RdwyConditionCode,HitandRun,DirAnalysisCode,MannerofCollision,RdwyCharacter,LightCondition,RampFromRdwyId,RampToRdwyId,AcceptedDate,IsSecondaryCollision,OwnerBadge,IncidentStatus,
26035782,0568000,LOUISVILLE METRO POLICE DEPT,Accepted,JEFFERSON,KY0061,1030,PRESTON,ST,S,,,,,,,38.236555864,-85.749090643,11.640,12/9/2019 12:00:00 AM,1623,2,2,0,0,RAINING,WET,True,1 VEHICLE PARKED POSITION (NOT PARKING LOT/DRIVEWAY),SIDESWIPE-SAME DIRECTION,STRAIGHT & LEVEL,DAYLIGHT,,,12/10/2019 8:55:45 AM,False,7407,Accepted,
26030741,0568000,LOUISVILLE METRO POLICE DEPT,Accepted,JEFFERSON,,7904,POINSETTIA,DR,,,,,,,,38.138597303,-85.862331885,0.324,12/9/2019 12:00:00 AM,0426,2,2,0,0,RAINING,WET,False,1 VEHICLE PARKED POSITION (NOT PARKING LOT/DRIVEWAY),HEAD ON,STRAIGHT & LEVEL,DARK-HWY LIGHTED/OFF,,,12/9/2019 9:38:58 AM,False,7264,Accepted,
26040195,0568000,LOUISVILLE METRO POLICE DEPT,Accepted,JEFFERSON,,9514,CIVIC,WAY,,,,,,,,38.321593030,-85.562943996,0.106,12/9/2019 12:00:00 AM,1847,2,2,0,0,RAINING,WET,False,1 VEHICLE PARKED POSITION (NOT PARKING LOT/DRIVEWAY),HEAD ON,STRAIGHT & LEVEL,DARK-HWY LIGHTED/ON,,,12/11/2019 8:07:51 AM,False,2489,Accepted,
26035718,0568000,LOUISVILLE METRO POLICE DEPT,Accepted,JEFFERSON,I 0064,,I64 E EXIT19 TRANSIT,,,,,,,,,38.237049229,-85.623205849,0.158,12/9/2019 12:00:00 AM,1312,1,1,0,0,RAINING,WET,False,COLLISION WITH FIXED OBJECT NON - INTERSECTION - FIRST EVENT COLLISION 09 - 32 EXCLUDING 16,SINGLE VEHICLE,CURVE & GRADE,DAYLIGHT,,,12/10/2019 8:48:22 AM,False,5180,Accepted,
26040227,0568000,LOUISVILLE METRO POLICE DEPT,Accepted,JEFFERSON,KY1865,,TAYLOR,BLVD,,,BLUEGRASS,,,,,38.179540687,-85.783250250,5.026,12/9/2019 12:00:00 AM,1526,2,2,0,0,RAINING,WET,False,OTHER INTERSECTION COLLISIONS,REAR END,STRAIGHT & LEVEL,DAYLIGHT,,,12/11/2019 8:12:10 AM,False,5127,Accepted,
26035783,0568000,LOUISVILLE METRO POLICE DEPT,Accepted,JEFFERSON,,,KENTUCKY,ST,E,KY0061,PRESTON,,,,,38.237701295,-85.748940389,0.264,12/9/2019 12:00:00 AM,1710,2,2,0,0,RAINING,WET,False,OTHER INTERSECTION COLLISIONS,REAR END,STRAIGHT & LEVEL,DUSK,,,12/10/2019 8:55:56 AM,False,7407,Accepted,
26035699,0568000,LOUISVILLE METRO POLICE DEPT,Accepted,JEFFERSON,KY1065,,OUTER,LOOP,,,SMYRNA,,,,,38.137952672,-85.641814907,8.511,12/9/2019 12:00:00 AM,1114,2,2,0,0,RAINING,WET,False,OTHER INTERSECTION COLLISIONS,REAR END,STRAIGHT & LEVEL,DAYLIGHT,,,12/10/2019 8:44:59 AM,False,2017,Accepted,
26030811,0568000,LOUISVILLE METRO POLICE DEPT,Accepted,JEFFERSON,,,WATTERSON,TRL,,,WATTBOURNE,,,,,38.183660139,-85.605135743,1.159,12/9/2019 12:00:00 AM,0815,2,2,0,0,RAINING,WET,False,OTHER INTERSECTION COLLISIONS,REAR END,STRAIGHT & LEVEL,DAYLIGHT,,,12/9/2019 10:01:07 AM,False,7739,Accepted,
26035767,0568000,LOUISVILLE METRO POLICE DEPT,Accepted,JEFFERSON,US0031E,,BARDSTOWN,RD,,,BRIGHTON,,,,,38.214066556,-85.673511802,12.253,12/9/2019 12:00:00 AM,1237,2,2,0,0,RAINING,WET,False,OTHER INTERSECTION COLLISIONS,REAR END,STRAIGHT & LEVEL,DAYLIGHT,,,12/10/2019 8:53:21 AM,False,7306,Accepted,
26035757,0568000,LOUISVILLE METRO POLICE DEPT,Accepted,JEFFERSON,KY0061,,PRESTON,HWY,,,MUD,,,,,38.092925397,-85.669302652,0.662,12/9/2019 12:00:00 AM,1616,2,2,0,0,RAINING,WET,False,OTHER INTERSECTION COLLISIONS,REAR END,STRAIGHT & LEVEL,DAYLIGHT,,,12/10/2019 8:52:10 AM,False,7465,Accepted,
26035733,0568000,LOUISVILLE METRO POLICE DEPT,Accepted,JEFFERSON,KY1020,,3RD,ST,S,,CENTRAL,,,,,38.204729987,-85.763948968,9.469,12/9/2019 12:00:00 AM,1309,2,2,0,0,RAINING,WET,True,OTHER INTERSECTION COLLISIONS,REAR END,STRAIGHT & LEVEL,DAYLIGHT,,,12/10/2019 8:49:19 AM,False,7872,Accepted,
26035749,0568000,LOUISVILLE METRO POLICE DEPT,Accepted,JEFFERSON,,,GRADE,LN,,KY0061,PRESTON,,,,,38.180109698,-85.718533612,0.003,12/9/2019 12:00:00 AM,0826,2,2,0,0,CLOUDY,WET,False,OTHER INTERSECTION COLLISIONS,REAR TO REAR,STRAIGHT & GRADE,DAYLIGHT,,,12/10/2019 8:50:50 AM,False,5153,Accepted,
26040210,0568000,LOUISVILLE METRO POLICE DEPT,Accepted,JEFFERSON,,,GARDINER,LN,,KY0864,POPLAR LEVEL,,,,,38.192688838,-85.706028540,0.001,12/9/2019 12:00:00 AM,1330,2,2,0,0,RAINING,WET,False,OTHER INTERSECTION COLLISIONS,REAR END,STRAIGHT & GRADE,DAYLIGHT,,,12/11/2019 8:09:50 AM,False,7283,Accepted,
26035812,0568000,LOUISVILLE METRO POLICE DEPT,Accepted,JEFFERSON,,,BRICK KILN,LN,,,WALNUT GROVE,,,,,38.169460162,-85.824635327,0.142,12/9/2019 12:00:00 AM,2010,1,1,0,0,RAINING,WET,False,OTHER INTERSECTION COLLISIONS,SINGLE VEHICLE,STRAIGHT & LEVEL,DARK-HWY LIGHTED/ON,,,12/10/2019 9:00:04 AM,False,5212,Accepted,
26035813,0568000,LOUISVILLE METRO POLICE DEPT,Accepted,JEFFERSON,KY1931,,GREENWOOD,RD,,,NANCY,,,,,38.143996582,-85.850570482,2.524,12/9/2019 12:00:00 AM,1907,3,3,0,0,RAINING,WET,True,OTHER INTERSECTION COLLISIONS,REAR END,STRAIGHT & LEVEL,DARK-HWY LIGHTED/ON,,,12/10/2019 9:00:12 AM,False,5212,Accepted,
26035787,0568000,LOUISVILLE METRO POLICE DEPT,Accepted,JEFFERSON,,,WATTERSON,TRL,S,KY0864,FEGENBUSH,,,,,38.138576353,-85.615718531,3.236,12/9/2019 12:00:00 AM,1604,2,2,0,0,RAINING,WET,False,OTHER INTERSECTION COLLISIONS,REAR END,STRAIGHT & LEVEL,DAYLIGHT,,,12/10/2019 8:56:39 AM,False,5005,Accepted,
26035788,0568000,LOUISVILLE METRO POLICE DEPT,Accepted,JEFFERSON,KY2052,,SHEPHERDSVILLE,RD,,KY1747,FERN VALLEY,,,,,38.156093314,-85.659791579,1.213,12/9/2019 12:00:00 AM,1755,3,3,0,0,CLOUDY,WET,False,OTHER INTERSECTION COLLISIONS,REAR END,STRAIGHT & LEVEL,DARK-HWY LIGHTED/ON,,,12/10/2019 8:56:47 AM,False,5005,Accepted,
26035820,0568000,LOUISVILLE METRO POLICE DEPT,Accepted,JEFFERSON,KY1931,,GREENWOOD,RD,,,DAISY,,,,,38.143945294,-85.850440184,2.520,12/9/2019 12:00:00 AM,1909,2,2,0,2,RAINING,WET,False,OTHER INTERSECTION COLLISIONS,REAR END,STRAIGHT & LEVEL,DARK-HWY LIGHTED/ON,,,12/10/2019 9:01:28 AM,False,7992,Accepted,
26040190,0568000,LOUISVILLE METRO POLICE DEPT,Accepted,JEFFERSON,,,CLAY,ST,S,,MUHAMMAD ALI,,,,,38.249164822,-85.740827948,0.408,12/9/2019 12:00:00 AM,0938,3,3,0,1,RAINING,WET,True,OTHER INTERSECTION COLLISIONS,REAR END,STRAIGHT & LEVEL,DAYLIGHT,,,12/11/2019 8:07:06 AM,False,6907,Accepted,
26040282,0568000,LOUISVILLE METRO POLICE DEPT,Accepted,JEFFERSON,US0150,,BROADWAY,,W,,11TH,,,,,38.247283157,-85.769940456,1.743,12/9/2019 12:00:00 AM,2118,2,2,0,0,CLOUDY,WET,False,OTHER INTERSECTION COLLISIONS,REAR END,STRAIGHT & LEVEL,DARK-HWY LIGHTED/ON,,,12/11/2019 8:19:51 AM,False,5199,Accepted,
26035686,0568000,LOUISVILLE METRO POLICE DEPT,Accepted,JEFFERSON,KY1934,,CANE RUN,RD,,,KRAMERS,,,,,38.201088101,-85.834917363,9.365,12/9/2019 12:00:00 AM,0705,2,2,0,0,RAINING,WET,False,OTHER INTERSECTION COLLISIONS,REAR END,STRAIGHT & LEVEL,DARK-HWY LIGHTED/ON,,,12/10/2019 8:43:20 AM,False,5272,Accepted,
26035726,0568000,LOUISVILLE METRO POLICE DEPT,Accepted,JEFFERSON,KY1747,,HURSTBOURNE,PKWY,N,KY1447,WESTPORT,,,,,38.287800571,-85.572338565,17.022,12/9/2019 12:00:00 AM,1325,2,2,0,0,RAINING,WET,False,OTHER INTERSECTION COLLISIONS,REAR END,STRAIGHT & LEVEL,DARK-HWY LIGHTED/ON,,,12/10/2019 8:48:39 AM,False,6406,Accepted,
26062552,0568000,LOUISVILLE METRO POLICE DEPT,Accepted,JEFFERSON,,,DIXIE,HWY,,,GARLAND,,,,,38.243265353,-85.784406961,0.414,12/9/2019 12:00:00 AM,1703,2,2,0,0,CLEAR,DRY,False,OTHER INTERSECTION COLLISIONS,REAR END,STRAIGHT & LEVEL,DUSK,,,12/16/2019 10:39:52 AM,False,5290,Accepted,
26035991,0568000,LOUISVILLE METRO POLICE DEPT,Accepted,JEFFERSON,KY1934,,GREENBELT,HWY,,,TRADE PORT,,,,,38.125428505,-85.893028107,2.881,12/9/2019 12:00:00 AM,1554,2,2,0,0,RAINING,WET,False,SIDESWIPE-SAME DIRECTION,SIDESWIPE-SAME DIRECTION,STRAIGHT & LEVEL,DAYLIGHT,,,12/10/2019 9:51:47 AM,False,2311,Accepted,
26035738,0568000,LOUISVILLE METRO POLICE DEPT,Accepted,JEFFERSON,,,7TH,ST,S,,JEFFERSON,,,,,38.254362812,-85.761975234,2.573,12/9/2019 12:00:00 AM,1250,2,2,0,0,RAINING,WET,False,SIDESWIPE-SAME DIRECTION,SIDESWIPE-SAME DIRECTION,STRAIGHT & LEVEL,DAYLIGHT,,,12/10/2019 8:50:10 AM,False,7386,Accepted,
26030732,0568000,LOUISVILLE METRO POLICE DEPT,Accepted,JEFFERSON,,,TRADE PORT,DR,,KY1934,GREENBELT,,,,,38.125496144,-85.893201544,0.276,12/9/2019 12:00:00 AM,0335,2,2,0,0,CLOUDY,WET,False,OPPOSING LEFT TURN,OPPOSING LEFT TURN,STRAIGHT & LEVEL,DARK-HWY LIGHTED/ON,,,12/9/2019 9:38:04 AM,False,7160,Accepted,
26040238,0568000,LOUISVILLE METRO POLICE DEPT,Accepted,JEFFERSON,KY1065,,BEULAH CHURCH,RD,,,KIMBERLY,,,,,38.137589895,-85.609332588,10.233,12/9/2019 12:00:00 AM,1644,2,2,0,1,RAINING,WET,False,OPPOSING LEFT TURN,OPPOSING LEFT TURN,CURVE & LEVEL,DUSK,,,12/11/2019 8:13:45 AM,False,7484,Accepted,
26035847,0568000,LOUISVILLE METRO POLICE DEPT,Accepted,JEFFERSON,KY1932,,BRECKENRIDGE,LN,,,HIKES,,,,,38.218158556,-85.628579687,2.694,12/9/2019 12:00:00 AM,1836,2,2,0,0,CLEAR,WET,False,OPPOSING LEFT TURN,OPPOSING LEFT TURN,STRAIGHT & LEVEL,DARK-HWY LIGHTED/ON,,,12/10/2019 9:03:55 AM,False,5146,Accepted,
26035763,0568000,LOUISVILLE METRO POLICE DEPT,Accepted,JEFFERSON,KY1020,,NATIONAL,TPKE,,,GLENGARRY,,,,,38.123665893,-85.748507007,3.446,12/9/2019 12:00:00 AM,0853,2,2,0,1,RAINING,WET,False,VEHICLE BACKING IN INTERSECTION,BACKING,STRAIGHT & LEVEL,DAYLIGHT,,,12/10/2019 8:52:56 AM,False,6326,Accepted,
26064330,0560000,JEFFERSON COUNTY SHERIFF DEPT.,Accepted,JEFFERSON,US0150,,BROADWAY,,W,,ROY WILKINS,,,,,38.246918233,-85.766237706,1.953,12/9/2019 12:00:00 AM,1907,2,2,0,0,RAINING,WET,False,SIDESWIPE-SAME DIRECTION,SIDESWIPE-SAME DIRECTION,STRAIGHT & LEVEL,DARK-HWY LIGHTED/ON,,,12/16/2019 2:13:53 PM,False,3730,Accepted,
26035776,0568000,LOUISVILLE METRO POLICE DEPT,Accepted,JEFFERSON,KY1065,,OUTER,LOOP,,KY2052,SHEPHERDSVILLE,,,,,38.138973211,-85.657608624,7.655,12/9/2019 12:00:00 AM,1530,2,2,0,0,RAINING,WET,False,SIDESWIPE-SAME DIRECTION,SIDESWIPE-SAME DIRECTION,STRAIGHT & LEVEL,UNKNOWN,,,12/10/2019 8:55:03 AM,False,7348,Accepted,
26062463,0568000,LOUISVILLE METRO POLICE DEPT,Accepted,JEFFERSON,,,BROOK,ST,S,,PIN,,,,,38.246356827,-85.751561541,2.904,12/9/2019 12:00:00 AM,1615,2,2,0,0,RAINING,WET,False,ANGLE COLLISION - OTHER,ANGLE,STRAIGHT & GRADE,DAYLIGHT,,,12/16/2019 10:35:48 AM,False,2661,Accepted,
26248826,0568000,LOUISVILLE METRO POLICE DEPT,Accepted,JEFFERSON,,,MAGAZINE,ST,,,8TH,,,,,38.248376924,-85.764751136,0.090,12/9/2019 12:00:00 AM,1436,2,2,0,5,RAINING,WET,False,ANGLE COLLISION - OTHER,ANGLE,STRAIGHT & LEVEL,DAYLIGHT,,,1/27/2020 8:28:02 AM,False,5173,Accepted,
26064328,0560000,JEFFERSON COUNTY SHERIFF DEPT.,Accepted,JEFFERSON,KY1065,9301,BEULAH CHURCH,RD,,,CEDAR SPRINGS,,,,,38.148558261,-85.590164807,11.665,12/9/2019 12:00:00 AM,1910,2,2,0,0,RAINING,WET,False,ANGLE COLLISION - OTHER,ANGLE,STRAIGHT & GRADE,DARK-HWY LIGHTED/ON,,,12/16/2019 2:13:20 PM,False,3230,Accepted,
26035748,0568000,LOUISVILLE METRO POLICE DEPT,Accepted,JEFFERSON,KY0907,,3RD ST,RD,,,LAKERIDGE,,,,,38.116486161,-85.812127847,3.372,12/9/2019 12:00:00 AM,1542,2,2,0,1,RAINING,WET,False,REAR END - ONE VEHICLE TURNING LEFT,REAR END,CURVE & HILLCREST,DAYLIGHT,,,12/10/2019 8:50:43 AM,False,7496,Accepted,
26040193,0568000,LOUISVILLE METRO POLICE DEPT,Accepted,JEFFERSON,KY2048,,DUTCHMANS,LN,,,CANNONS,,,,,38.224088793,-85.654639979,0.227,12/9/2019 12:00:00 AM,1612,2,2,0,0,CLOUDY,WET,False,ANGLE COLLISION - OTHER,ANGLE,STRAIGHT & LEVEL,DAYLIGHT,,,12/11/2019 8:07:28 AM,False,7043,Accepted,
26040194,0568000,LOUISVILLE METRO POLICE DEPT,Accepted,JEFFERSON,US0031E,,BARDSTOWN,RD,,,EDENSIDE,,,,,38.232782395,-85.710738674,14.726,12/9/2019 12:00:00 AM,1756,2,2,0,0,RAINING,WET,False,ANGLE COLLISION - OTHER,ANGLE,STRAIGHT & LEVEL,DARK-HWY LIGHTED/ON,,,12/11/2019 8:07:42 AM,False,7129,Accepted,
26035732,0568000,LOUISVILLE METRO POLICE DEPT,Accepted,JEFFERSON,,,MAGNOLIA,AVE,W,KY1020,3RD,,,,,38.228966671,-85.759694025,0.181,12/9/2019 12:00:00 AM,1220,2,2,0,0,RAINING,WET,False,ANGLE COLLISION - OTHER,ANGLE,STRAIGHT & LEVEL,DAYLIGHT,,,12/10/2019 8:49:05 AM,False,5260,Accepted,
26035789,0568000,LOUISVILLE METRO POLICE DEPT,Accepted,JEFFERSON,,,SIX MILE,LN,,,KLONDIKE,,,,,38.199225466,-85.643314251,0.583,12/9/2019 12:00:00 AM,1743,2,2,0,0,RAINING,WET,False,ANGLE COLLISION - OTHER,ANGLE,CURVE & LEVEL,DARK-HWY LIGHTED/ON,,,12/10/2019 8:56:56 AM,False,7482,Accepted,
26035698,0568000,LOUISVILLE METRO POLICE DEPT,Accepted,JEFFERSON,KY2052,,SHEPHERDSVILLE,RD,,,WHISPERING HILLS,,,,,38.148625628,-85.659919079,0.690,12/9/2019 12:00:00 AM,0940,3,3,0,0,RAINING,WET,False,ANGLE COLLISION - OTHER,ANGLE,STRAIGHT & LEVEL,DAYLIGHT,,,12/10/2019 8:44:46 AM,False,2017,Accepted,
26035690,0568000,LOUISVILLE METRO POLICE DEPT,Accepted,JEFFERSON,,,2ND,ST,S,,KINGSTON,,,,,38.172879162,-85.766074358,0.305,12/9/2019 12:00:00 AM,0932,2,2,0,0,RAINING,WET,False,ANGLE COLLISION - OTHER,ANGLE,STRAIGHT & LEVEL,DAYLIGHT,,,12/10/2019 8:44:02 AM,False,7391,Accepted,
26035806,0568000,LOUISVILLE METRO POLICE DEPT,Accepted,JEFFERSON,KY1065,,OUTER,LOOP,,KY0907,3RD ST,,,,,38.127615368,-85.794681745,0.005,12/9/2019 12:00:00 AM,2315,2,2,0,2,RAINING,WET,False,ANGLE COLLISION - OTHER,ANGLE,STRAIGHT & LEVEL,DARK-HWY LIGHTED/ON,,,12/10/2019 8:59:23 AM,False,5209,Accepted,
26035791,0568000,LOUISVILLE METRO POLICE DEPT,Accepted,JEFFERSON,KY0864,,POPLAR LEVEL,RD,,,TAYLOR,,,,,38.199267084,-85.708033544,11.572,12/9/2019 12:00:00 AM,1833,2,2,0,2,CLEAR,WET,False,ANGLE COLLISION - OTHER,ANGLE,STRAIGHT & LEVEL,DAYLIGHT,,,12/10/2019 8:57:06 AM,False,7482,Accepted,
26082956,0568000,LOUISVILLE METRO POLICE DEPT,Accepted,JEFFERSON,KY1020,,2ND,ST,S,,ORMSBY,,,,,38.232535674,-85.757360228,11.170,12/9/2019 12:00:00 AM,1300,3,3,0,1,RAINING,WET,False,ANGLE COLLISION - OTHER,ANGLE,STRAIGHT & LEVEL,DAYLIGHT,,,12/20/2019 8:15:41 AM,False,5213,Accepted,
26035761,0568000,LOUISVILLE METRO POLICE DEPT,Accepted,JEFFERSON,,,MUHAMMAD ALI,BLVD,W,,CATHEDRAL,,,,,38.251327759,-85.758727457,0.300,12/9/2019 12:00:00 AM,1035,2,2,0,0,CLOUDY,DRY,True,COLLISION WITH PARKED VEHICLE,SIDESWIPE-SAME DIRECTION,STRAIGHT & LEVEL,DAYLIGHT,,,12/10/2019 8:52:47 AM,False,5168,Accepted,
26035845,0568000,LOUISVILLE METRO POLICE DEPT,Accepted,JEFFERSON,KY1931,,ST ANDREWS CHURCH,RD,,,WINDEMERE,,,,,38.153408457,-85.806494705,5.186,12/9/2019 12:00:00 AM,2002,2,2,0,4,RAINING,WET,False,ANGLE COLLISION - ONE VEHICLE TURNING LEFT,ANGLE,STRAIGHT & LEVEL,DARK-HWY LIGHTED/ON,,,12/10/2019 9:03:49 AM,False,7321,Accepted,
26036029,0568000,LOUISVILLE METRO POLICE DEPT,Accepted,JEFFERSON,US0031W,,DIXIE,HWY,,,PARAMOUNT,,,,,38.134621070,-85.845080406,10.896,12/9/2019 12:00:00 AM,1737,3,3,0,1,CLOUDY,DRY,False,ANGLE COLLISION - ONE VEHICLE TURNING LEFT,ANGLE,STRAIGHT & LEVEL,DARK-HWY LIGHTED/ON,,,12/10/2019 9:53:08 AM,False,7144,Accepted,
26040218,0568000,LOUISVILLE METRO POLICE DEPT,Accepted,JEFFERSON,US0060A,,TAYLOR,BLVD,,,ARCADE,,,,,38.202160930,-85.781478128,1.889,12/9/2019 12:00:00 AM,1630,2,2,0,1,RAINING,WET,False,ANGLE COLLISION - ONE VEHICLE TURNING LEFT,ANGLE,STRAIGHT & LEVEL,DAYLIGHT,,,12/11/2019 8:11:10 AM,False,5204,Accepted,
26035840,0568000,LOUISVILLE METRO POLICE DEPT,Accepted,JEFFERSON,,,BURNETT,AVE,W,,1ST,,,,,38.226773788,-85.756717591,,12/9/2019 12:00:00 AM,1100,2,2,0,0,RAINING,WET,False,COLLISION WITH PARKED VEHICLE,ANGLE,STRAIGHT & LEVEL,DARK-HWY LIGHTED/ON,,,12/10/2019 9:03:30 AM,False,5186,Accepted,
26035781,0568000,LOUISVILLE METRO POLICE DEPT,Accepted,JEFFERSON,US0060A,,EASTERN,PKWY,,,BRADLEY,,,,,38.212580611,-85.747210127,4.272,12/9/2019 12:00:00 AM,1529,1,1,0,0,RAINING,WET,False,COLLISION WITH FIXED OBJECT IN INTERSECTION - FIRST EVENT COLLISION 09 - 32,SINGLE VEHICLE,CURVE & LEVEL,DAYLIGHT,,,12/10/2019 8:55:38 AM,False,7407,Accepted,
26035736,0568000,LOUISVILLE METRO POLICE DEPT,Accepted,JEFFERSON,US0031E,,MAIN,ST,W,,2ND,,,,,38.256257233,-85.753311297,17.886,12/9/2019 12:00:00 AM,1209,2,1,0,1,RAINING,WET,False,COLLISION WITH PEDESTRIAN IN INTERSECTION,SINGLE VEHICLE,STRAIGHT & LEVEL,DAYLIGHT,,,12/10/2019 8:50:00 AM,False,7386,Accepted,
26040232,0568000,LOUISVILLE METRO POLICE DEPT,Accepted,JEFFERSON,,,JEFFERSON,ST,W,,8TH,,,,,38.254596893,-85.763639164,0.634,12/9/2019 12:00:00 AM,1227,2,1,0,1,RAINING,WET,False,COLLISION WITH PEDESTRIAN IN INTERSECTION,SINGLE VEHICLE,STRAIGHT & LEVEL,DAYLIGHT,,,12/11/2019 8:12:52 AM,False,5168,Accepted,
26030748,0568000,LOUISVILLE METRO POLICE DEPT,Accepted,JEFFERSON,KY0864,,POPLAR LEVEL,RD,,,SHADY VILLA,,,,,38.163121211,-85.678762717,8.546,12/9/2019 12:00:00 AM,0638,2,1,0,1,CLEAR,WET,False,COLLISION WITH PEDESTRIAN IN INTERSECTION,SINGLE VEHICLE,STRAIGHT & LEVEL,DAWN,,,12/9/2019 9:39:47 AM,False,5144,Accepted,
26035772,0568000,LOUISVILLE METRO POLICE DEPT,Accepted,JEFFERSON,,,4TH,ST,S,,KENTUCKY,,,,,38.238928127,-85.759634773,1.232,12/9/2019 12:00:00 AM,1358,2,1,0,1,RAINING,WET,False,COLLISION WITH BICYCLE IN INTERSECTION,SINGLE VEHICLE,STRAIGHT & LEVEL,DAYLIGHT,,,12/10/2019 8:54:19 AM,False,7441,Accepted,
26035785,0568000,LOUISVILLE METRO POLICE DEPT,Accepted,JEFFERSON,US0060,,SHELBYVILLE,RD,,,WILLOW STONE,,,,,38.244168484,-85.548707140,9.389,12/9/2019 12:00:00 AM,1026,2,2,0,0,CLOUDY,WET,False,ANGLE COLLISION - OTHER,ANGLE,STRAIGHT & LEVEL,DAYLIGHT,,,12/10/2019 8:56:17 AM,False,7802,Accepted,
26035745,0568000,LOUISVILLE METRO POLICE DEPT,Accepted,JEFFERSON,US0150,,BROADWAY,,E,KY0864,SHELBY,,,,,38.244641036,-85.739500317,3.403,12/9/2019 12:00:00 AM,1445,2,2,0,2,RAINING,WET,False,ANGLE COLLISION - OTHER,ANGLE,STRAIGHT & LEVEL,DAYLIGHT,,,12/10/2019 8:50:34 AM,False,2855,Accepted,
26035770,0568000,LOUISVILLE METRO POLICE DEPT,Accepted,JEFFERSON,,,FAIRGROUND,RD,,,MICHAEL EDWARD,,,,,38.172662071,-85.584573455,1.241,12/9/2019 12:00:00 AM,1450,2,2,0,2,RAINING,WET,False,ANGLE COLLISION - OTHER,ANGLE,STRAIGHT & LEVEL,DAYLIGHT,,,12/10/2019 8:54:01 AM,False,4693,Accepted,
26035796,0568000,LOUISVILLE METRO POLICE DEPT,Accepted,JEFFERSON,KY1865,,NEW CUT,RD,,,IROQUOIS,,,,,38.166162573,-85.780239944,4.088,12/9/2019 12:00:00 AM,2045,2,2,0,2,RAINING,WET,False,ANGLE COLLISION - OTHER,ANGLE,STRAIGHT & HILLCREST,DARK-HWY LIGHTED/ON,,,12/10/2019 8:57:43 AM,False,5033,Accepted,
26040256,0568000,LOUISVILLE METRO POLICE DEPT,Accepted,JEFFERSON,US0031E,,BARDSTOWN,RD,,KY1065,BEULAH CHURCH,,,,,38.149942309,-85.587273076,5.560,12/9/2019 12:00:00 AM,1324,2,2,0,0,RAINING,WET,False,ANGLE COLLISION - OTHER,ANGLE,STRAIGHT & LEVEL,DAYLIGHT,,,12/11/2019 8:15:45 AM,False,7278,Accepted,
26040272,0568000,LOUISVILLE METRO POLICE DEPT,Accepted,JEFFERSON,,,WOODBOURNE,AVE,,,WIBBEN,,,,,38.222674673,-85.691652103,0.077,12/9/2019 12:00:00 AM,2115,2,2,0,1,CLEAR,WET,False,ANGLE COLLISION - OTHER,ANGLE,STRAIGHT & HILLCREST,DARK-HWY LIGHTED/ON,,,12/11/2019 8:18:04 AM,False,2192,Accepted,
26040225,0568000,LOUISVILLE METRO POLICE DEPT,Accepted,JEFFERSON,,,FIELDING,WAY,,,UPPER HUNTERS,,,,,38.168741776,-85.830070000,0.012,12/9/2019 12:00:00 AM,1800,2,2,0,1,CLEAR,DRY,False,ANGLE COLLISION - OTHER,ANGLE,CURVE & LEVEL,DARK-HWY LIGHTED/OFF,,,12/11/2019 8:11:56 AM,False,7267,Accepted,
26030733,0568000,LOUISVILLE METRO POLICE DEPT,Accepted,JEFFERSON,KY2051,,CAMP GROUND,RD,,,RALPH,,,,,38.212445763,-85.839386601,5.117,12/9/2019 12:00:00 AM,0302,2,2,0,0,RAINING,WET,True,ANGLE COLLISION - OTHER,ANGLE,STRAIGHT & LEVEL,DARK-HWY LIGHTED/ON,,,12/9/2019 9:38:14 AM,False,5140,Accepted,
26030716,0568000,LOUISVILLE METRO POLICE DEPT,Accepted,JEFFERSON,,,BROOK,ST,S,US0150,BROADWAY,,,,,38.245569762,-85.751727835,2.853,12/8/2019 12:00:00 AM,1816,2,2,0,0,CLEAR,DRY,False,ANGLE COLLISION - OTHER,ANGLE,STRAIGHT & LEVEL,DUSK,,,12/9/2019 9:35:47 AM,False,7266,Accepted,
26030653,0568000,LOUISVILLE METRO POLICE DEPT,Accepted,JEFFERSON,,,1ST,ST,S,,JEFFERSON,,,,,38.253292053,-85.752050750,0.194,12/8/2019 12:00:00 AM,0136,2,2,0,0,CLEAR,DRY,False,ANGLE COLLISION - OTHER,ANGLE,STRAIGHT & LEVEL,DARK-HWY LIGHTED/ON,,,12/9/2019 9:29:16 AM,False,5195,Accepted,
26030729,0568000,LOUISVILLE METRO POLICE DEPT,Accepted,JEFFERSON,,,ST CATHERINE,ST,E,,FLOYD,,,,,38.236481197,-85.751214750,1.113,12/8/2019 12:00:00 AM,2159,2,2,0,0,CLOUDY,DRY,False,ANGLE COLLISION - OTHER,ANGLE,STRAIGHT & LEVEL,DARK-HWY LIGHTED/ON,,,12/9/2019 9:37:40 AM,False,5037,Accepted,