IncidentID,AgencyORI,AgencyName,IncidentStatusDesc,County,RdwyNumber,Street,RoadwayName,StreetSfx,StreetDir,IntersectionRdwy,IntersectionRdwyName,BetweenStRdwy1,BetweenStRdwyName1,BetweenStRdwy2,BetweenStRdwyName2,Latitude,Longitude,Milepoint,CollisionDate,CollisionTime,UnitsInvolved,MotorVehiclesInvolved,NumberKilled,NumberInjured,Weather,RdwyConditionCode,HitandRun,DirAnalysisCode,MannerofCollision,RdwyCharacter,LightCondition,RampFromRdwyId,RampToRdwyId,AcceptedDate,IsSecondaryCollision,OwnerBadge,IncidentStatus,
26030668,0568000,LOUISVILLE METRO POLICE DEPT,Accepted,JEFFERSON,,,JEFFERSON,BLVD,,,MCCAWLEY,,,,,38.144026542,-85.674921783,0.389,12/8/2019 12:00:00 AM,1142,2,2,0,0,CLOUDY,DRY,False,ANGLE COLLISION - OTHER,ANGLE,STRAIGHT & LEVEL,DAYLIGHT,,,12/9/2019 9:30:58 AM,False,2547,Accepted,
26030723,0568000,LOUISVILLE METRO POLICE DEPT,Accepted,JEFFERSON,,,15TH,ST,S,,MADISON,,,,,38.252118734,-85.775915986,1.900,12/8/2019 12:00:00 AM,1900,2,2,0,0,CLEAR,DRY,True,ANGLE COLLISION - OTHER,ANGLE,STRAIGHT & LEVEL,DARK-HWY LIGHTED/ON,,,12/9/2019 9:36:43 AM,False,7417,Accepted,
26030726,0568000,LOUISVILLE METRO POLICE DEPT,Accepted,JEFFERSON,,,MANGO,DR,,,THYME,,,,,38.140894776,-85.856599114,0.245,12/8/2019 12:00:00 AM,2145,2,1,0,0,CLEAR,DRY,False,COLLISION WITH BICYCLE IN INTERSECTION,SINGLE VEHICLE,STRAIGHT & LEVEL,DARK-HWY NOT LIGHTED,,,12/9/2019 9:37:02 AM,False,7957,Accepted,
26030711,0568000,LOUISVILLE METRO POLICE DEPT,Accepted,JEFFERSON,KY1631,,CRITTENDEN,DR,,,BOXLEY,,,,,38.205392243,-85.750817395,1.200,12/8/2019 12:00:00 AM,1845,2,1,0,1,CLEAR,DRY,False,COLLISION WITH PEDESTRIAN IN INTERSECTION,SINGLE VEHICLE,STRAIGHT & LEVEL,DARK-HWY LIGHTED/ON,,,12/9/2019 9:35:24 AM,False,5232,Accepted,
26030687,0568000,LOUISVILLE METRO POLICE DEPT,Accepted,JEFFERSON,KY1020,,2ND,ST,S,,OAK,,,,,38.235171855,-85.756980032,11.398,12/8/2019 12:00:00 AM,1045,2,2,0,0,CLEAR,DRY,False,COLLISION WITH PARKED VEHICLE,SIDESWIPE-SAME DIRECTION,STRAIGHT & LEVEL,DAYLIGHT,,,12/9/2019 9:33:40 AM,False,5284,Accepted,
26030697,0568000,LOUISVILLE METRO POLICE DEPT,Accepted,JEFFERSON,,7108,GREEN OAK,DR,,,GREEN ACRES,,,,,38.172853713,-85.880678539,0.107,12/8/2019 12:00:00 AM,1438,2,2,0,0,CLEAR,DRY,True,COLLISION WITH PARKED VEHICLE,BACKING,STRAIGHT & LEVEL,DARK (UNKNOWN ROADWAY LIGHTING),,,12/9/2019 9:34:24 AM,False,5266,Accepted,
26030744,0568000,LOUISVILLE METRO POLICE DEPT,Accepted,JEFFERSON,,,FLOYD,ST,S,,BURNETT,,,,,38.226382172,-85.753022747,2.039,12/8/2019 12:00:00 AM,2359,2,2,0,1,CLEAR,DRY,False,ANGLE COLLISION - OTHER,ANGLE,STRAIGHT & LEVEL,DARK-HWY LIGHTED/ON,,,12/9/2019 9:39:16 AM,False,5123,Accepted,
26035874,0560600,WEST BUECHEL POLICE DEPT.,Accepted,JEFFERSON,,2000,BASHFORD MANOR,LN,,,MALL,,,,,38.199947935,-85.670288865,0.377,12/8/2019 12:00:00 AM,0740,2,2,0,0,CLEAR,DRY,False,ANGLE COLLISION - OTHER,ANGLE,STRAIGHT & LEVEL,DAYLIGHT,,,12/10/2019 9:16:05 AM,False,1272,Accepted,
26062453,0568000,LOUISVILLE METRO POLICE DEPT,Accepted,JEFFERSON,,,OAK,ST,W,US0031W,22ND,,,,,38.237451108,-85.790267408,1.916,12/8/2019 12:00:00 AM,2055,2,2,0,0,CLEAR,DRY,False,ANGLE COLLISION - OTHER,ANGLE,STRAIGHT & LEVEL,DARK-HWY LIGHTED/ON,,,12/16/2019 10:34:54 AM,False,7175,Accepted,
26030746,0568000,LOUISVILLE METRO POLICE DEPT,Accepted,JEFFERSON,I 0264,,I264 E,,,I 0264,I264 E EXIT9 OFF RAMP TO KY1865,,,,,38.186844746,-85.789596614,8.763,12/8/2019 12:00:00 AM,2301,2,2,0,0,CLEAR,DRY,True,SIDESWIPE-SAME DIRECTION,SIDESWIPE-SAME DIRECTION,CURVE & HILLCREST,DARK-HWY LIGHTED/ON,,,12/9/2019 9:39:26 AM,False,7435,Accepted,
26030713,0568000,LOUISVILLE METRO POLICE DEPT,Accepted,JEFFERSON,,,7TH,ST,S,,INDUSTRY,,,,,38.221367382,-85.775401937,0.140,12/8/2019 12:00:00 AM,1415,2,2,0,0,CLEAR,DRY,True,SIDESWIPE-SAME DIRECTION,SIDESWIPE-SAME DIRECTION,STRAIGHT & LEVEL,DAYLIGHT,,,12/9/2019 9:35:32 AM,False,5249,Accepted,
26030715,0568000,LOUISVILLE METRO POLICE DEPT,Accepted,JEFFERSON,,,5TH,ST,S,,LIBERTY,,,,,38.253262801,-85.758799946,3.560,12/8/2019 12:00:00 AM,1219,2,2,0,0,CLEAR,DRY,False,SIDESWIPE-SAME DIRECTION,SIDESWIPE-SAME DIRECTION,STRAIGHT & LEVEL,DAYLIGHT,,,12/9/2019 9:35:41 AM,False,7406,Accepted,
26030740,0568000,LOUISVILLE METRO POLICE DEPT,Accepted,JEFFERSON,,,PARKWOOD,RD,,KY1931,MANSLICK,,,,,38.164974774,-85.797601718,0.004,12/8/2019 12:00:00 AM,1758,2,2,0,0,CLEAR,DRY,True,VEHICLE BACKING IN INTERSECTION,BACKING,STRAIGHT & LEVEL,DUSK,,,12/9/2019 9:38:52 AM,False,5170,Accepted,
26030738,0568000,LOUISVILLE METRO POLICE DEPT,Accepted,JEFFERSON,,,HILLCROSS,DR,,,HILL PEAK,,,,,38.095232581,-85.692606071,0.249,12/8/2019 12:00:00 AM,2107,2,2,0,0,CLEAR,DRY,False,OPPOSING LEFT TURN,OPPOSING LEFT TURN,STRAIGHT & LEVEL,DARK-HWY NOT LIGHTED,,,12/9/2019 9:38:40 AM,False,7474,Accepted,
26035687,0568000,LOUISVILLE METRO POLICE DEPT,Accepted,JEFFERSON,,,CECIL,AVE,,,GREENWOOD,,,,,38.244183391,-85.821098325,1.097,12/8/2019 12:00:00 AM,1528,2,2,0,0,CLEAR,DRY,False,OPPOSING LEFT TURN,OPPOSING LEFT TURN,STRAIGHT & LEVEL,DAYLIGHT,,,12/10/2019 8:43:33 AM,False,7329,Accepted,
26030696,0568000,LOUISVILLE METRO POLICE DEPT,Accepted,JEFFERSON,KY1931,,ST ANDREWS CHURCH,RD,,,OAKBURN,,,,,38.146300607,-85.830866590,3.653,12/8/2019 12:00:00 AM,1730,2,2,0,1,CLOUDY,DRY,False,OPPOSING LEFT TURN,OPPOSING LEFT TURN,STRAIGHT & LEVEL,DARK-HWY LIGHTED/ON,,,12/9/2019 9:34:20 AM,False,7356,Accepted,
26030699,0568000,LOUISVILLE METRO POLICE DEPT,Accepted,JEFFERSON,US0060,,SHELBYVILLE,RD,,,MOSER,,,,,38.245051513,-85.559192419,8.826,12/8/2019 12:00:00 AM,1326,2,2,0,0,CLOUDY,DRY,False,OPPOSING LEFT TURN,OPPOSING LEFT TURN,STRAIGHT & LEVEL,DAYLIGHT,,,12/9/2019 9:34:32 AM,False,7751,Accepted,
26030684,0568000,LOUISVILLE METRO POLICE DEPT,Accepted,JEFFERSON,KY1934,,CANE RUN,RD,,,ROCKFORD,,,,,38.183860532,-85.855238960,7.729,12/8/2019 12:00:00 AM,1416,2,2,0,0,CLOUDY,DRY,False,OTHER INTERSECTION COLLISIONS,REAR END,STRAIGHT & LEVEL,DAYLIGHT,,,12/9/2019 9:33:26 AM,False,7356,Accepted,
26030722,0568000,LOUISVILLE METRO POLICE DEPT,Accepted,JEFFERSON,,,BOERSTE,WAY,,,,,,,,38.112815610,-85.677239000,0.148,12/8/2019 12:00:00 AM,2241,1,1,0,0,CLEAR,DRY,False,COLLISION WITH FIXED OBJECT NON - INTERSECTION - FIRST EVENT COLLISION 09 - 32 EXCLUDING 16,SINGLE VEHICLE,STRAIGHT & LEVEL,DARK-HWY LIGHTED/ON,,,12/9/2019 9:36:32 AM,False,7074,Accepted,
26030647,0568000,LOUISVILLE METRO POLICE DEPT,Accepted,JEFFERSON,I 0071,,I71 N,,,,,,,,,38.293665461,-85.659367280,4.277,12/8/2019 12:00:00 AM,0247,1,1,0,0,CLEAR,DRY,False,COLLISION WITH FIXED OBJECT NON - INTERSECTION - FIRST EVENT COLLISION 09 - 32 EXCLUDING 16,SINGLE VEHICLE,CURVE & GRADE,DARK-HWY LIGHTED/ON,,,12/9/2019 9:28:30 AM,False,5102,Accepted,
26030672,0568000,LOUISVILLE METRO POLICE DEPT,Accepted,JEFFERSON,KY0155,,TAYLORSVILLE,RD,,I 0265,I265 W EXIT23 OFF RAMP TO KY155,,,,,38.188247576,-85.511576259,6.213,12/8/2019 12:00:00 AM,1108,2,2,0,0,CLEAR,DRY,False,OTHER INTERSECTION COLLISIONS,REAR END,STRAIGHT & LEVEL,DAYLIGHT,,,12/9/2019 9:31:47 AM,False,2321,Accepted,
26030688,0568000,LOUISVILLE METRO POLICE DEPT,Accepted,JEFFERSON,KY1934,,CANE RUN,RD,,,POPLAR VIEW,,,,,38.185271464,-85.853312377,7.884,12/8/2019 12:00:00 AM,1608,2,2,0,0,CLEAR,DRY,False,OTHER INTERSECTION COLLISIONS,REAR END,STRAIGHT & LEVEL,DAYLIGHT,,,12/9/2019 9:33:45 AM,False,5208,Accepted,
26045740,0568000,LOUISVILLE METRO POLICE DEPT,Accepted,JEFFERSON,,,MINYARD,DR,,,,,MEADOW HILL,,CLAY,38.141058591,-85.697349222,0.299,12/8/2019 12:00:00 AM,1710,2,2,0,0,CLOUDY,DRY,False,1 VEHICLE PARKED POSITION (NOT PARKING LOT/DRIVEWAY),BACKING,STRAIGHT & LEVEL,DARK-HWY NOT LIGHTED,,,12/12/2019 9:06:42 AM,False,2583,Accepted,
26030655,0568000,LOUISVILLE METRO POLICE DEPT,Accepted,JEFFERSON,,515,OAK,ST,E,,,,,,,38.234165986,-85.746715810,0.477,12/8/2019 12:00:00 AM,0012,3,3,0,0,CLEAR,DRY,False,1 VEHICLE PARKED POSITION (NOT PARKING LOT/DRIVEWAY),SIDESWIPE-SAME DIRECTION,STRAIGHT & LEVEL,DARK-HWY LIGHTED/ON,,,12/9/2019 9:29:28 AM,False,5022,Accepted,
26030731,0568000,LOUISVILLE METRO POLICE DEPT,Accepted,JEFFERSON,,4812,OAK PARK,DR,,,,,,,,38.135768667,-85.847298487,0.158,12/8/2019 12:00:00 AM,2003,2,2,0,0,CLEAR,DRY,True,1 VEHICLE PARKED POSITION (NOT PARKING LOT/DRIVEWAY),HEAD ON,STRAIGHT & LEVEL,DARK-HWY LIGHTED/ON,,,12/9/2019 9:37:55 AM,False,7166,Accepted,
26040230,0568000,LOUISVILLE METRO POLICE DEPT,Accepted,JEFFERSON,,,GRADE,LN,,,,,,,,38.178305717,-85.720103696,0.163,12/8/2019 12:00:00 AM,1716,2,2,0,0,RAINING,WET,False,REAR END IN TRAFFIC LANES BOTH VEHICLES MOVING,REAR END,STRAIGHT & GRADE,DUSK,,,12/11/2019 8:12:36 AM,False,5153,Accepted,
26030678,0568000,LOUISVILLE METRO POLICE DEPT,Accepted,JEFFERSON,I 0071,,I71 N,,,,,I 0071,I71 N EXIT2 OFF RAMP TO  ZORN AVE,I 0071,I71 N EXIT2 ON RAMP FROM  ZORN AVE,38.274941071,-85.697064597,1.779,12/8/2019 12:00:00 AM,0807,1,1,0,1,CLEAR,DRY,False,OTHER COLLISIONS ON SHOULDER,SINGLE VEHICLE,STRAIGHT & LEVEL,DAYLIGHT,,,12/9/2019 9:32:38 AM,False,2413,Accepted,
26030735,0568000,LOUISVILLE METRO POLICE DEPT,Accepted,JEFFERSON,KY1450,,BLUE LICK,RD,,,,,,,,38.128227391,-85.689441429,3.003,12/8/2019 12:00:00 AM,2016,2,2,0,0,CLEAR,DRY,False,HEAD-ON COLLISION,HEAD ON,STRAIGHT & LEVEL,DARK-HWY LIGHTED/OFF,,,12/9/2019 9:38:22 AM,False,5182,Accepted,
26030640,0568000,LOUISVILLE METRO POLICE DEPT,Accepted,JEFFERSON,I 0064,,I64 E,,,,,,,,,38.270978799,-85.783115192,2.647,12/8/2019 12:00:00 AM,0042,2,2,0,0,CLEAR,DRY,True,REAR END IN TRAFFIC LANES BOTH VEHICLES MOVING,REAR END,STRAIGHT & LEVEL,DARK-HWY LIGHTED/ON,,,12/9/2019 9:28:01 AM,False,7243,Accepted,
26030671,0568000,LOUISVILLE METRO POLICE DEPT,Accepted,JEFFERSON,US0031E,,BARDSTOWN,RD,,,,,,,,38.132753171,-85.578924775,4.270,12/8/2019 12:00:00 AM,1240,2,2,0,0,CLEAR,DRY,False,REAR END IN TRAFFIC LANES BOTH VEHICLES MOVING,REAR END,STRAIGHT & LEVEL,DAYLIGHT,,,12/9/2019 9:31:33 AM,False,7755,Accepted,
26030705,0568000,LOUISVILLE METRO POLICE DEPT,Accepted,JEFFERSON,KY1865,,NEW CUT,RD,,,,,,,,38.122678188,-85.776773067,1.028,12/8/2019 12:00:00 AM,1216,2,2,0,0,CLEAR,DRY,False,REAR END IN TRAFFIC LANES BOTH VEHICLES MOVING,REAR END,STRAIGHT & LEVEL,DAYLIGHT,,,12/9/2019 9:34:55 AM,False,7427,Accepted,
26030707,0568000,LOUISVILLE METRO POLICE DEPT,Accepted,JEFFERSON,US0031E,,BARDSTOWN,RD,,,,,,,,38.202405938,-85.664239762,11.310,12/8/2019 12:00:00 AM,1713,2,2,0,0,CLOUDY,DRY,False,REAR END IN TRAFFIC LANES BOTH VEHICLES MOVING,REAR END,STRAIGHT & LEVEL,DAYLIGHT,,,12/9/2019 9:35:01 AM,False,7864,Accepted,
26030673,0568000,LOUISVILLE METRO POLICE DEPT,Accepted,JEFFERSON,KY1020,700,3RD,ST,S,,,,,,,38.244310657,-85.757001260,11.952,12/8/2019 12:00:00 AM,1327,2,2,0,0,CLOUDY,DRY,False,SIDESWIPE COLLISION - SAME DIRECTION,SIDESWIPE-SAME DIRECTION,STRAIGHT & LEVEL,DAYLIGHT,,,12/9/2019 9:32:02 AM,False,7345,Accepted,
26030700,0568000,LOUISVILLE METRO POLICE DEPT,Accepted,JEFFERSON,I 0071,,I71 N,,,,,,,,,38.308654325,-85.593937418,8.304,12/8/2019 12:00:00 AM,,2,2,0,0,,DRY,True,SIDESWIPE COLLISION - SAME DIRECTION,SIDESWIPE-SAME DIRECTION,STRAIGHT & LEVEL,DAYLIGHT,,,12/9/2019 9:34:40 AM,False,7751,Accepted,
26030695,0568000,LOUISVILLE METRO POLICE DEPT,Accepted,JEFFERSON,I 0264,,I264 E,,,,,,,,,38.190126628,-85.754341477,10.748,12/8/2019 12:00:00 AM,0750,2,2,0,2,CLEAR,DRY,False,SIDESWIPE COLLISION - SAME DIRECTION,SIDESWIPE-SAME DIRECTION,STRAIGHT & LEVEL,DAYLIGHT,,,12/9/2019 9:34:13 AM,False,7286,Accepted,
26030710,0568000,LOUISVILLE METRO POLICE DEPT,Accepted,JEFFERSON,US0031E,,BARDSTOWN,RD,,,,,BRENTLINGER,,ICHABOD,38.133234729,-85.579208478,4.306,12/8/2019 12:00:00 AM,1842,2,2,0,0,CLEAR,DRY,False,SIDESWIPE COLLISION - SAME DIRECTION,SIDESWIPE-SAME DIRECTION,STRAIGHT & LEVEL,DARK-HWY NOT LIGHTED,,,12/9/2019 9:35:18 AM,False,5262,Accepted,
26030675,0568000,LOUISVILLE METRO POLICE DEPT,Accepted,JEFFERSON,US0042,2000B,BROWNSBORO,RD,,,,,,,,38.259597582,-85.707081809,1.547,12/8/2019 12:00:00 AM,1146,2,2,0,2,CLOUDY,DRY,False,SIDESWIPE COLLISION - SAME DIRECTION,SIDESWIPE-SAME DIRECTION,STRAIGHT & LEVEL,DAYLIGHT,,,12/9/2019 9:32:12 AM,False,7281,Accepted,
26030666,0568000,LOUISVILLE METRO POLICE DEPT,Accepted,JEFFERSON,,,HIKES,LN,,,,,NOE,,KLONDIKE,38.210801046,-85.641187361,2.148,12/8/2019 12:00:00 AM,0942,2,2,0,0,CLOUDY,DRY,False,1 VEHICLE ENTERING/LEAVING ENTRANCE,ANGLE,STRAIGHT & LEVEL,DAYLIGHT,,,12/9/2019 9:30:33 AM,False,7602,Accepted,
26030701,0568000,LOUISVILLE METRO POLICE DEPT,Accepted,JEFFERSON,,,MUD,LN,,,,,,,,38.090011762,-85.668911878,0.292,12/8/2019 12:00:00 AM,1455,2,2,0,0,CLOUDY,DRY,False,1 VEHICLE ENTERING/LEAVING ENTRANCE,ANGLE,CURVE & LEVEL,DAYLIGHT,,,12/9/2019 9:34:43 AM,False,7442,Accepted,
26045814,0568000,LOUISVILLE METRO POLICE DEPT,Accepted,JEFFERSON,I 0071,,I71 N,,,,,I 0071,I71 N EXIT35A RAMP TO I71 N,I 0071,I71 N EXIT35A RAMP TO I71 N,38.326455169,-85.548418795,11.107,12/8/2019 12:00:00 AM,0509,1,1,0,0,CLEAR,DRY,False,OTHER ROADWAY OR MID-BLOCK COLLISION,SINGLE VEHICLE,STRAIGHT & LEVEL,DARK-HWY LIGHTED/OFF,,,12/12/2019 9:15:01 AM,False,5056,Accepted,
26030680,0568000,LOUISVILLE METRO POLICE DEPT,Accepted,JEFFERSON,,,ROCKY MOUNTAIN,DR,,,,,ROCK HOLLOW,,ROCK FOREST,38.148562576,-85.652397719,0.040,12/8/2019 12:00:00 AM,1546,2,2,0,0,CLOUDY,DRY,True,VEHICLE BACKING NON INTERSECTION,BACKING,STRAIGHT & GRADE,DAYLIGHT,,,12/9/2019 9:32:56 AM,False,2959,Accepted,
26030709,0568000,LOUISVILLE METRO POLICE DEPT,Accepted,JEFFERSON,KY1703,,NEWBURG,RD,,,,,,,,38.213117220,-85.700191683,3.344,12/8/2019 12:00:00 AM,1406,2,2,0,0,CLOUDY,DRY,False,OTHER ROADWAY OR MID-BLOCK COLLISION,REAR END,STRAIGHT & GRADE,DAYLIGHT,,,12/9/2019 9:35:14 AM,False,6813,Accepted,
26030721,0568000,LOUISVILLE METRO POLICE DEPT,Accepted,JEFFERSON,I 0064,,,,,,,,,,,38.233182916,-85.627046892,0.034,12/8/2019 12:00:00 AM,2208,1,1,0,0,CLEAR,DRY,False,COLLISION WITH FIXED OBJECT IN GORE,SINGLE VEHICLE,CURVE & LEVEL,DARK-HWY LIGHTED/ON,I 0064,I 0064,12/9/2019 9:36:23 AM,False,7096,Accepted,
26030586,0568000,LOUISVILLE METRO POLICE DEPT,Accepted,JEFFERSON,,,JEFFERSON,BLVD,,,,,BATES,KY1065,OUTER,38.139534907,-85.675021627,0.112,12/7/2019 12:00:00 AM,1537,2,2,0,0,CLEAR,DRY,False,OTHER ROADWAY OR MID-BLOCK COLLISION,REAR END,STRAIGHT & LEVEL,DAYLIGHT,,,12/9/2019 9:24:40 AM,False,2547,Accepted,
26030502,0568000,LOUISVILLE METRO POLICE DEPT,Accepted,JEFFERSON,US0031E,,BARDSTOWN,RD,,,,,,,,38.235376504,-85.715454846,15.056,12/7/2019 12:00:00 AM,0337,1,1,0,0,CLEAR,DRY,False,OTHER ROADWAY OR MID-BLOCK COLLISION,SINGLE VEHICLE,STRAIGHT & LEVEL,DARK-HWY LIGHTED/ON,,,12/9/2019 9:19:54 AM,False,7376,Accepted,
26030693,0568000,LOUISVILLE METRO POLICE DEPT,Accepted,JEFFERSON,,1487,FRANKFORT,AVE,,,,,,,,38.260106401,-85.722139881,0.072,12/7/2019 12:00:00 AM,1254,1,1,0,0,CLEAR,DRY,False,COLLISION IN PARKING LOT,SINGLE VEHICLE,STRAIGHT & LEVEL,DAYLIGHT,,,12/9/2019 9:34:07 AM,False,2764,Accepted,
26030661,0568000,LOUISVILLE METRO POLICE DEPT,Accepted,JEFFERSON,KY2845,,MANSLICK,RD,E,,,KY0061,PRESTON,,GAILBREATH,38.118217703,-85.676335854,0.047,12/7/2019 12:00:00 AM,1330,3,3,0,5,CLEAR,DRY,False,OTHER ROADWAY OR MID-BLOCK COLLISION,REAR END,STRAIGHT & LEVEL,DAYLIGHT,,,12/9/2019 9:30:01 AM,False,6937,Accepted,
26030636,0568000,LOUISVILLE METRO POLICE DEPT,Accepted,JEFFERSON,,,AFTERGLOW,DR,,,,,,,,38.126959693,-85.790416643,,12/7/2019 12:00:00 AM,1947,3,3,0,0,CLEAR,DRY,True,OTHER ROADWAY OR MID-BLOCK COLLISION,REAR END,STRAIGHT & LEVEL,DARK-HWY LIGHTED/ON,,,12/9/2019 9:27:41 AM,False,7362,Accepted,
26030618,0568000,LOUISVILLE METRO POLICE DEPT,Accepted,JEFFERSON,US0031W,8238,DIXIE,HWY,,,,,HILLVIEW,,MARYMAN,38.132353211,-85.846454843,10.696,12/7/2019 12:00:00 AM,1255,2,2,0,0,CLEAR,DRY,False,OTHER ROADWAY OR MID-BLOCK COLLISION,REAR END,STRAIGHT & LEVEL,DAYLIGHT,,,12/9/2019 9:26:18 AM,False,7336,Accepted,
26083108,0568000,LOUISVILLE METRO POLICE DEPT,Accepted,JEFFERSON,KY1065,,OUTER,LOOP,,,,,,,,38.127612906,-85.794576756,0.010,12/7/2019 12:00:00 AM,2155,2,2,0,0,CLEAR,DRY,False,OTHER ROADWAY OR MID-BLOCK COLLISION,REAR END,STRAIGHT & GRADE,DARK-HWY LIGHTED/ON,,,12/20/2019 8:33:58 AM,False,7332,Accepted,
26030598,0568000,LOUISVILLE METRO POLICE DEPT,Accepted,JEFFERSON,,,3RD,ST,S,,,,WHITNEY,,FAIRMONT,38.195261254,-85.765024878,0.368,12/7/2019 12:00:00 AM,1318,2,2,0,0,CLEAR,DRY,False,OTHER ROADWAY OR MID-BLOCK COLLISION,REAR END,STRAIGHT & LEVEL,DAYLIGHT,,,12/9/2019 9:25:29 AM,False,5267,Accepted,
26030614,0568000,LOUISVILLE METRO POLICE DEPT,Accepted,JEFFERSON,KY1065,,OUTER,LOOP,,,,,BRIARCLIFF,,LONE OAK,38.137178905,-85.691491861,5.782,12/7/2019 12:00:00 AM,1721,2,2,0,0,CLEAR,DRY,True,OTHER ROADWAY OR MID-BLOCK COLLISION,REAR END,STRAIGHT & LEVEL,DUSK,,,12/9/2019 9:26:03 AM,False,2324,Accepted,
26030658,0568000,LOUISVILLE METRO POLICE DEPT,Accepted,JEFFERSON,KY1065,,OUTER,LOOP,,,,,LAMBERT,,NOLTEMEYER WYNDE,38.138112084,-85.677799996,6.548,12/7/2019 12:00:00 AM,1710,2,2,0,0,CLEAR,DRY,False,1 VEHICLE ENTERING/LEAVING ENTRANCE,ANGLE,STRAIGHT & LEVEL,DAYLIGHT,,,12/9/2019 9:29:53 AM,False,2547,Accepted,
26030574,0568000,LOUISVILLE METRO POLICE DEPT,Accepted,JEFFERSON,,4200,TOWNE CENTER,DR,,,,,SPRINGHURST,,SPRINGBOURNE,38.298179932,-85.556081306,0.205,12/7/2019 12:00:00 AM,1340,2,2,0,0,CLEAR,DRY,True,1 VEHICLE ENTERING/LEAVING ENTRANCE,ANGLE,STRAIGHT & LEVEL,DAYLIGHT,,,12/9/2019 9:23:47 AM,False,2030,Accepted,
26030628,0568000,LOUISVILLE METRO POLICE DEPT,Accepted,JEFFERSON,KY0061,,PRESTON,HWY,,,,,KRUPP PARK,,INDIAN,38.170122459,-85.708025873,6.462,12/7/2019 12:00:00 AM,1531,2,2,0,0,CLOUDY,DRY,False,SIDESWIPE COLLISION - SAME DIRECTION,SIDESWIPE-SAME DIRECTION,STRAIGHT & LEVEL,DAYLIGHT,,,12/9/2019 9:26:57 AM,False,6100,Accepted,
26030633,0568000,LOUISVILLE METRO POLICE DEPT,Accepted,JEFFERSON,US0060,,SHELBYVILLE,RD,,,,,,,,38.248884075,-85.607023951,6.207,12/7/2019 12:00:00 AM,1839,2,2,0,0,CLEAR,DRY,False,SIDESWIPE COLLISION - SAME DIRECTION,SIDESWIPE-SAME DIRECTION,STRAIGHT & LEVEL,DARK-HWY LIGHTED/ON,,,12/9/2019 9:27:23 AM,False,7096,Accepted,
26030652,0568000,LOUISVILLE METRO POLICE DEPT,Accepted,JEFFERSON,US0031W,,DIXIE,HWY,,,,,BARRETT,,VESPER,38.105409204,-85.868158428,8.461,12/7/2019 12:00:00 AM,1850,2,2,0,0,CLOUDY,DRY,True,SIDESWIPE COLLISION - OPPOSITE DIRECTION,SIDESWIPE-OPPOSITE DIRECTION,STRAIGHT & LEVEL,DARK-HWY LIGHTED/ON,,,12/9/2019 9:28:51 AM,False,7160,Accepted,
26045694,0568000,LOUISVILLE METRO POLICE DEPT,Accepted,JEFFERSON,US0031E,,BARDSTOWN,RD,,,,,,,,38.145560644,-85.585143255,5.219,12/7/2019 12:00:00 AM,1340,2,2,0,0,CLEAR,DRY,False,SIDESWIPE COLLISION - SAME DIRECTION,SIDESWIPE-SAME DIRECTION,STRAIGHT & LEVEL,DAYLIGHT,,,12/12/2019 9:05:12 AM,False,7573,Accepted,
26030557,0568000,LOUISVILLE METRO POLICE DEPT,Accepted,JEFFERSON,,,PHILLIPS,LN,,,,,FREEDOM,,FONTAINE,38.194783717,-85.737641441,0.881,12/7/2019 12:00:00 AM,1123,2,2,0,0,CLEAR,DRY,False,SIDESWIPE COLLISION - SAME DIRECTION,SIDESWIPE-SAME DIRECTION,STRAIGHT & LEVEL,DAYLIGHT,,,12/9/2019 9:22:24 AM,False,7429,Accepted,
26030554,0568000,LOUISVILLE METRO POLICE DEPT,Accepted,JEFFERSON,US0031E,,BARDSTOWN,RD,,,,,DOUGLASS,,PRINCETON,38.224860717,-85.694427049,13.675,12/7/2019 12:00:00 AM,1011,2,2,0,0,CLEAR,DRY,True,SIDESWIPE COLLISION - SAME DIRECTION,SIDESWIPE-SAME DIRECTION,STRAIGHT & LEVEL,DAYLIGHT,,,12/9/2019 9:22:01 AM,False,2100,Accepted,
26030613,0568000,LOUISVILLE METRO POLICE DEPT,Accepted,JEFFERSON,KY0061,,PRESTON,HWY,,,,,MARKWELL,KY1065,OUTER,38.139989294,-85.687629071,4.069,12/7/2019 12:00:00 AM,1250,2,2,0,0,CLEAR,DRY,False,SIDESWIPE COLLISION - SAME DIRECTION,SIDESWIPE-SAME DIRECTION,STRAIGHT & LEVEL,DAYLIGHT,,,12/9/2019 9:25:59 AM,False,2324,Accepted,
26030654,0568000,LOUISVILLE METRO POLICE DEPT,Accepted,JEFFERSON,KY1934,,CANE RUN,RD,,,,,,,,38.178556300,-85.861038469,7.268,12/7/2019 12:00:00 AM,2110,3,3,0,0,CLEAR,DRY,False,HEAD-ON COLLISION,HEAD ON,STRAIGHT & LEVEL,DARK-HWY LIGHTED/ON,,,12/9/2019 9:29:21 AM,False,5170,Accepted,
26030515,0568000,LOUISVILLE METRO POLICE DEPT,Accepted,JEFFERSON,,,GRADE,LN,,,,,,,,38.158114767,-85.731445941,2.028,12/7/2019 12:00:00 AM,0600,2,2,0,0,CLEAR,DRY,True,SIDESWIPE COLLISION - SAME DIRECTION,SIDESWIPE-SAME DIRECTION,STRAIGHT & LEVEL,DARK-HWY LIGHTED/ON,,,12/9/2019 9:20:20 AM,False,7074,Accepted,
26030663,0568000,LOUISVILLE METRO POLICE DEPT,Accepted,JEFFERSON,US0031W,,DIXIE,HWY,,,,,MARYMAN,,HILLVIEW,38.132308405,-85.846583999,10.689,12/7/2019 12:00:00 AM,1709,2,2,0,0,CLEAR,DRY,False,OTHER COLLISIONS ON SHOULDER,ANGLE,STRAIGHT & LEVEL,DARK-HWY LIGHTED/OFF,,,12/9/2019 9:30:11 AM,False,7634,Accepted,