IncidentID,AgencyORI,AgencyName,IncidentStatusDesc,County,RdwyNumber,Street,RoadwayName,StreetSfx,StreetDir,IntersectionRdwy,IntersectionRdwyName,BetweenStRdwy1,BetweenStRdwyName1,BetweenStRdwy2,BetweenStRdwyName2,Latitude,Longitude,Milepoint,CollisionDate,CollisionTime,UnitsInvolved,MotorVehiclesInvolved,NumberKilled,NumberInjured,Weather,RdwyConditionCode,HitandRun,DirAnalysisCode,MannerofCollision,RdwyCharacter,LightCondition,RampFromRdwyId,RampToRdwyId,AcceptedDate,IsSecondaryCollision,OwnerBadge,IncidentStatus,
26019892,0568000,LOUISVILLE METRO POLICE DEPT,Accepted,JEFFERSON,,,OAK,ST,E,KY0061,PRESTON,,,,,38.234057595,-85.749448180,0.320,12/6/2019 12:00:00 AM,0300,2,2,0,0,CLEAR,DRY,True,COLLISION WITH PARKED VEHICLE,REAR END,CURVE & LEVEL,DARK-HWY LIGHTED/ON,,,12/6/2019 9:03:37 AM,False,7344,Accepted,
26030355,0568000,LOUISVILLE METRO POLICE DEPT,Accepted,JEFFERSON,KY0061,,JACKSON,ST,S,US0150,BROADWAY,,,,,38.245135497,-85.745595309,12.288,12/6/2019 12:00:00 AM,1219,2,2,0,0,RAINING,WET,False,COLLISION WITH PARKED VEHICLE,SIDESWIPE-SAME DIRECTION,STRAIGHT & LEVEL,DAYLIGHT,,,12/9/2019 9:12:46 AM,False,5124,Accepted,
26030497,0568000,LOUISVILLE METRO POLICE DEPT,Accepted,JEFFERSON,,,ELLISON,AVE,,,SCHILLER,,,,,38.230984374,-85.729422790,0.497,12/6/2019 12:00:00 AM,2113,2,2,0,0,CLEAR,DRY,False,COLLISION WITH PARKED VEHICLE,SIDESWIPE-SAME DIRECTION,STRAIGHT & LEVEL,DARK-HWY LIGHTED/ON,,,12/9/2019 9:19:45 AM,False,5022,Accepted,
26030316,0568000,LOUISVILLE METRO POLICE DEPT,Accepted,JEFFERSON,,,DUTCHMANS,LN,,KY2048,CANNONS,,,,,38.226023695,-85.650507217,0.002,12/6/2019 12:00:00 AM,0833,2,2,0,0,RAINING,WET,False,ANGLE COLLISION - OTHER,ANGLE,STRAIGHT & LEVEL,DAYLIGHT,,,12/9/2019 9:10:04 AM,False,7284,Accepted,
26030388,0568000,LOUISVILLE METRO POLICE DEPT,Accepted,JEFFERSON,,,LIBERTY,ST,E,,1ST,,,,,38.252424016,-85.751140979,0.058,12/6/2019 12:00:00 AM,0822,2,2,0,0,RAINING,WET,False,SIDESWIPE-SAME DIRECTION,SIDESWIPE-SAME DIRECTION,STRAIGHT & LEVEL,DAYLIGHT,,,12/9/2019 9:14:42 AM,False,5265,Accepted,
26030504,0568000,LOUISVILLE METRO POLICE DEPT,Accepted,JEFFERSON,US0031E,,BARDSTOWN,RD,,KY1747,HURSTBOURNE,,,,,38.168962364,-85.605038393,7.245,12/6/2019 12:00:00 AM,1944,2,2,0,0,CLOUDY,DRY,False,REAR END - ONE VEHICLE TURNING RIGHT,REAR END,STRAIGHT & LEVEL,DARK (UNKNOWN ROADWAY LIGHTING),,,12/9/2019 9:19:57 AM,False,7828,Accepted,
26030595,0568000,LOUISVILLE METRO POLICE DEPT,Accepted,JEFFERSON,,,OREGON,AVE,,US0031W,DIXIE,,,,,38.221073393,-85.793802607,0.021,12/6/2019 12:00:00 AM,1655,2,2,0,0,CLEAR,DRY,True,REAR END - ONE VEHICLE TURNING RIGHT,REAR END,STRAIGHT & LEVEL,DAYLIGHT,,,12/9/2019 9:25:24 AM,False,5002,Accepted,
26035511,0560400,SHIVELY POLICE DEPARTMENT,Accepted,JEFFERSON,US0031W,,DIXIE,HWY,,,WATHEN,,,,,38.216569008,-85.795211690,17.152,12/6/2019 12:00:00 AM,1925,2,2,0,0,CLEAR,DRY,False,OPPOSING LEFT TURN,OPPOSING LEFT TURN,STRAIGHT & GRADE,DARK-HWY NOT LIGHTED,,,12/10/2019 7:37:46 AM,False,7127,Accepted,
26030488,0568000,LOUISVILLE METRO POLICE DEPT,Accepted,JEFFERSON,,,OLD OUTER,LOOP,,,BRIARCLIFF,,,,,38.135651079,-85.697138818,0.272,12/6/2019 12:00:00 AM,1827,3,3,0,0,CLEAR,DRY,False,OPPOSING LEFT TURN,OPPOSING LEFT TURN,STRAIGHT & LEVEL,DARK (UNKNOWN ROADWAY LIGHTING),,,12/9/2019 9:19:19 AM,False,5182,Accepted,
26030538,0568000,LOUISVILLE METRO POLICE DEPT,Accepted,JEFFERSON,KY1065,,OUTER,LOOP,,KY1865,NEW CUT,,,,,38.126391561,-85.776115901,1.029,12/6/2019 12:00:00 AM,0748,2,2,0,0,RAINING,WET,True,OPPOSING LEFT TURN,OPPOSING LEFT TURN,STRAIGHT & LEVEL,DARK-HWY LIGHTED/ON,,,12/9/2019 9:21:14 AM,False,7252,Accepted,
26030327,0568000,LOUISVILLE METRO POLICE DEPT,Accepted,JEFFERSON,,,CRITTENDEN DR CONN,,,,STRAWBERRY,,,,,38.172470247,-85.752528665,0.001,12/6/2019 12:00:00 AM,0801,2,2,0,0,RAINING,WET,False,SIDESWIPE-SAME DIRECTION,SIDESWIPE-SAME DIRECTION,CURVE & LEVEL,DAYLIGHT,,,12/9/2019 9:11:08 AM,False,2499,Accepted,
26030400,0568000,LOUISVILLE METRO POLICE DEPT,Accepted,JEFFERSON,US0031W,,MARKET,ST,W,US0031W,2ND,,,,,38.254871317,-85.753544505,22.035,12/6/2019 12:00:00 AM,1555,2,2,0,0,CLOUDY,DRY,False,SIDESWIPE-SAME DIRECTION,SIDESWIPE-SAME DIRECTION,STRAIGHT & LEVEL,DAYLIGHT,,,12/9/2019 9:15:43 AM,False,5124,Accepted,
26030375,0568000,LOUISVILLE METRO POLICE DEPT,Accepted,JEFFERSON,KY0022,,BROWNSBORO,RD,,,NORTON HEALTHCARE,,,,,38.311039964,-85.570245677,4.272,12/6/2019 12:00:00 AM,1545,2,2,0,0,CLOUDY,DRY,False,SIDESWIPE-SAME DIRECTION,SIDESWIPE-SAME DIRECTION,STRAIGHT & LEVEL,DAYLIGHT,,,12/9/2019 9:13:36 AM,False,2346,Accepted,
26045685,0568000,LOUISVILLE METRO POLICE DEPT,Accepted,JEFFERSON,US0031E,,BUECHEL,BYP,,KY2052,HIKES,,,,,38.198367263,-85.661108676,10.970,12/6/2019 12:00:00 AM,1431,2,2,0,0,CLOUDY,DRY,False,OTHER INTERSECTION COLLISIONS,REAR END,STRAIGHT & LEVEL,DAYLIGHT,,,12/12/2019 9:03:50 AM,False,2429,Accepted,
26072250,0568000,LOUISVILLE METRO POLICE DEPT,Accepted,JEFFERSON,US0031W,,MARKET,ST,W,,11TH,,,,,38.256504413,-85.768349021,21.192,12/6/2019 12:00:00 AM,1116,2,2,0,0,RAINING,WET,False,OTHER INTERSECTION COLLISIONS,REAR END,STRAIGHT & LEVEL,DAYLIGHT,,,12/18/2019 8:28:13 AM,False,5124,Accepted,
26035754,0568000,LOUISVILLE METRO POLICE DEPT,Accepted,JEFFERSON,I 0264,,I264 E,,,KY2056,BELLS,,,,,38.222816195,-85.822267990,4.018,12/6/2019 12:00:00 AM,1713,1,1,0,1,CLEAR,DRY,False,OTHER INTERSECTION COLLISIONS,SINGLE VEHICLE,STRAIGHT & LEVEL,DARK-HWY LIGHTED/ON,,,12/10/2019 8:51:51 AM,False,2142,Accepted,
26030494,0568000,LOUISVILLE METRO POLICE DEPT,Accepted,JEFFERSON,US0031W,,DIXIE,HWY,,KY1931,GREENWOOD,,,,,38.143489809,-85.839685914,11.691,12/6/2019 12:00:00 AM,1825,2,2,0,0,CLEAR,DRY,False,OTHER INTERSECTION COLLISIONS,REAR END,STRAIGHT & LEVEL,DARK-HWY LIGHTED/ON,,,12/9/2019 9:19:40 AM,False,7166,Accepted,
26030390,0568000,LOUISVILLE METRO POLICE DEPT,Accepted,JEFFERSON,KY1447,,WESTPORT,RD,,,MURPHY,,,,,38.302029010,-85.532575941,7.561,12/6/2019 12:00:00 AM,1745,2,2,0,0,CLOUDY,DRY,False,OTHER INTERSECTION COLLISIONS,REAR END,STRAIGHT & LEVEL,DUSK,,,12/9/2019 9:14:52 AM,False,2346,Accepted,
26030332,0568000,LOUISVILLE METRO POLICE DEPT,Accepted,JEFFERSON,US0031E,,BARDSTOWN,RD,,,FAIRGROUND,,,,,38.162930473,-85.595976948,6.591,12/6/2019 12:00:00 AM,0751,2,2,0,0,RAINING,WET,False,OTHER INTERSECTION COLLISIONS,REAR END,STRAIGHT & LEVEL,DAYLIGHT,,,12/9/2019 9:11:27 AM,False,2017,Accepted,
26030333,0568000,LOUISVILLE METRO POLICE DEPT,Accepted,JEFFERSON,,,WATTERSON,TRL,S,,VILLAGE POINT,,,,,38.160857456,-85.613181710,1.645,12/6/2019 12:00:00 AM,0754,2,2,0,0,RAINING,WET,False,OTHER INTERSECTION COLLISIONS,REAR END,STRAIGHT & LEVEL,DAYLIGHT,,,12/9/2019 9:11:33 AM,False,2017,Accepted,
26030334,0568000,LOUISVILLE METRO POLICE DEPT,Accepted,JEFFERSON,KY1747,,FERN VALLEY,RD,,KY0061,PRESTON,,,,,38.157193880,-85.696239143,1.983,12/6/2019 12:00:00 AM,1111,2,2,0,0,CLOUDY,WET,True,OTHER INTERSECTION COLLISIONS,REAR END,STRAIGHT & LEVEL,DAYLIGHT,,,12/9/2019 9:11:43 AM,False,2017,Accepted,
26063028,0568000,LOUISVILLE METRO POLICE DEPT,Accepted,JEFFERSON,,,TREVILIAN,WAY,,,LAKESIDE,,,,,38.220151067,-85.688004681,0.847,12/6/2019 12:00:00 AM,1846,2,2,0,0,CLEAR,DRY,False,OTHER INTERSECTION COLLISIONS,REAR END,STRAIGHT & LEVEL,DARK-HWY NOT LIGHTED,,,12/16/2019 11:08:09 AM,False,7403,Accepted,
26030389,0568000,LOUISVILLE METRO POLICE DEPT,Accepted,JEFFERSON,US0031E,,BARDSTOWN,RD,,KY1747,HURSTBOURNE,,,,,38.168904762,-85.605131712,7.239,12/6/2019 12:00:00 AM,1610,3,3,0,0,CLEAR,DRY,False,OTHER INTERSECTION COLLISIONS,REAR END,STRAIGHT & LEVEL,DAYLIGHT,,,12/9/2019 9:14:46 AM,False,5040,Accepted,
26030550,0568000,LOUISVILLE METRO POLICE DEPT,Accepted,JEFFERSON,I 0265,,I265 E,,,I 0265,I265 E EXIT15 ON RAMP FROM KY864,,,,,38.125053029,-85.612861638,15.288,12/6/2019 12:00:00 AM,1723,2,2,0,1,CLEAR,DRY,False,OTHER INTERSECTION COLLISIONS,REAR END,STRAIGHT & LEVEL,DARK-HWY LIGHTED/ON,,,12/9/2019 9:21:45 AM,False,5262,Accepted,
26030507,0568000,LOUISVILLE METRO POLICE DEPT,Accepted,JEFFERSON,US0031E,,BARDSTOWN,RD,,US0031E,US31E CROSSOVER,,,,,38.211237512,-85.671106606,12.045,12/6/2019 12:00:00 AM,1938,2,2,0,0,CLEAR,DRY,True,OTHER INTERSECTION COLLISIONS,REAR END,STRAIGHT & LEVEL,DARK-HWY LIGHTED/ON,,,12/9/2019 9:20:06 AM,False,5222,Accepted,
26030518,0568000,LOUISVILLE METRO POLICE DEPT,Accepted,JEFFERSON,,,COLONEL HANCOCK,DR,,US0031E,BARDSTOWN,,,,,38.130454700,-85.577276167,0.005,12/6/2019 12:00:00 AM,2129,2,2,0,0,CLEAR,DRY,False,OTHER INTERSECTION COLLISIONS,REAR END,STRAIGHT & GRADE,DARK-HWY LIGHTED/ON,,,12/9/2019 9:20:25 AM,False,5169,Accepted,
26035808,0568000,LOUISVILLE METRO POLICE DEPT,Accepted,JEFFERSON,US0031E,,BARDSTOWN,RD,,,DOUGLASS,,,,,38.224579346,-85.693980278,13.641,12/6/2019 12:00:00 AM,0655,2,2,0,0,RAINING,WET,False,OTHER INTERSECTION COLLISIONS,REAR END,CURVE & LEVEL,DARK-HWY LIGHTED/ON,,,12/10/2019 8:59:40 AM,False,2192,Accepted,
26030662,0568000,LOUISVILLE METRO POLICE DEPT,Accepted,JEFFERSON,,1225,6TH,ST,S,,,,,,,38.234312253,-85.763814678,1.578,12/6/2019 12:00:00 AM,1548,1,1,0,0,CLOUDY,DRY,True,COLLISION WITH FIXED OBJECT NON - INTERSECTION - FIRST EVENT COLLISION 09 - 32 EXCLUDING 16,SINGLE VEHICLE,STRAIGHT & LEVEL,DAYLIGHT,,,12/9/2019 9:30:07 AM,False,5284,Accepted,
26035710,0568000,LOUISVILLE METRO POLICE DEPT,Accepted,JEFFERSON,KY1450,,BLUE LICK,RD,,,,,,,,38.109541368,-85.691059613,1.694,12/6/2019 12:00:00 AM,1630,1,1,0,3,CLOUDY,DRY,False,COLLISION WITH FIXED OBJECT NON - INTERSECTION - FIRST EVENT COLLISION 09 - 32 EXCLUDING 16,SINGLE VEHICLE,STRAIGHT & LEVEL,DAYLIGHT,,,12/10/2019 8:47:04 AM,False,4693,Accepted,
26035802,0568000,LOUISVILLE METRO POLICE DEPT,Accepted,JEFFERSON,I 0065,,I65 N,,,,,,,,,38.206281401,-85.744843574,132.190,12/6/2019 12:00:00 AM,1212,1,1,0,0,CLOUDY,WET,False,COLLISION WITH FIXED OBJECT NON - INTERSECTION - FIRST EVENT COLLISION 09 - 32 EXCLUDING 16,SINGLE VEHICLE,CURVE & GRADE,DAYLIGHT,,,12/10/2019 8:58:34 AM,False,8278,Accepted,
26019909,0568000,LOUISVILLE METRO POLICE DEPT,Accepted,JEFFERSON,US0060,15217,SHELBYVILLE,RD,,,,,WICKFIELD,,GABLEWOOD,38.238253164,-85.484839535,13.048,12/6/2019 12:00:00 AM,0722,1,1,0,1,RAINING,WET,False,COLLISION WITH FIXED OBJECT NON - INTERSECTION - FIRST EVENT COLLISION 09 - 32 EXCLUDING 16,SINGLE VEHICLE,STRAIGHT & GRADE,DAYLIGHT,,,12/6/2019 9:05:28 AM,False,6931,Accepted,
26030712,0568000,LOUISVILLE METRO POLICE DEPT,Accepted,JEFFERSON,KY1931,3606,MANSLICK,RD,,,,,,,,38.193915813,-85.800790381,8.263,12/6/2019 12:00:00 AM,1328,1,1,0,1,CLEAR,WET,False,COLLISION WITH FIXED OBJECT NON - INTERSECTION - FIRST EVENT COLLISION 09 - 32 EXCLUDING 16,SINGLE VEHICLE,CURVE & LEVEL,DAYLIGHT,,,12/9/2019 9:35:28 AM,False,5249,Accepted,
26030373,0568000,LOUISVILLE METRO POLICE DEPT,Accepted,JEFFERSON,US0031E,,BARDSTOWN,RD,,,BUECHEL,,,,,38.188271253,-85.640033511,9.551,12/6/2019 12:00:00 AM,1415,3,3,0,0,CLOUDY,DRY,False,OTHER INTERSECTION COLLISIONS,REAR END,STRAIGHT & LEVEL,DAYLIGHT,,,12/9/2019 9:13:31 AM,False,7307,Accepted,
26030453,0568000,LOUISVILLE METRO POLICE DEPT,Accepted,JEFFERSON,,,APPLEGATE,LN,,,SMYRNA,,,,,38.131589800,-85.642526930,0.935,12/6/2019 12:00:00 AM,1749,2,2,0,1,CLEAR,DRY,False,OTHER INTERSECTION COLLISIONS,REAR END,STRAIGHT & LEVEL,DARK-HWY NOT LIGHTED,,,12/9/2019 9:17:37 AM,False,6937,Accepted,
26030530,0568000,LOUISVILLE METRO POLICE DEPT,Accepted,JEFFERSON,US0031E,,BAXTER,AVE,,,PAYNE,,,,,38.246498425,-85.729128096,16.155,12/6/2019 12:00:00 AM,1849,2,2,0,1,CLOUDY,DRY,True,OTHER INTERSECTION COLLISIONS,REAR END,STRAIGHT & GRADE,DARK-HWY LIGHTED/ON,,,12/9/2019 9:20:46 AM,False,7900,Accepted,
26030742,0568000,LOUISVILLE METRO POLICE DEPT,Accepted,JEFFERSON,,606,BURNETT,AVE,E,,,,,,,38.225661215,-85.746163029,0.584,12/6/2019 12:00:00 AM,2117,4,4,0,0,CLEAR,DRY,False,1 VEHICLE PARKED POSITION (NOT PARKING LOT/DRIVEWAY),SIDESWIPE-SAME DIRECTION,STRAIGHT & LEVEL,DARK-HWY LIGHTED/ON,,,12/9/2019 9:39:03 AM,False,5123,Accepted,
26030352,0568000,LOUISVILLE METRO POLICE DEPT,Accepted,JEFFERSON,,6705,NORTH,DR,,,,,,,,38.090638833,-85.887796046,0.438,12/6/2019 12:00:00 AM,1415,2,2,0,0,CLOUDY,DRY,False,1 VEHICLE PARKED POSITION (NOT PARKING LOT/DRIVEWAY),ANGLE,STRAIGHT & LEVEL,DAYLIGHT,,,12/9/2019 9:12:37 AM,False,7634,Accepted,
26030736,0568000,LOUISVILLE METRO POLICE DEPT,Accepted,JEFFERSON,,,MEMORY,LN,,,,,WOOD,,SYLVANIA,38.153570535,-85.871214276,0.161,12/6/2019 12:00:00 AM,2000,2,2,0,1,CLOUDY,DRY,False,1 VEHICLE PARKED POSITION (NOT PARKING LOT/DRIVEWAY),HEAD ON,STRAIGHT & LEVEL,DARK-HWY NOT LIGHTED,,,12/9/2019 9:38:31 AM,False,7160,Accepted,
26030626,0568000,LOUISVILLE METRO POLICE DEPT,Accepted,JEFFERSON,I 0265,,I265 S,,,,,,,,,38.263228238,-85.501851877,28.247,12/6/2019 12:00:00 AM,1550,1,1,0,0,CLEAR,DRY,False,COLLISION WITH FIXED OBJECT NON - INTERSECTION - FIRST EVENT COLLISION 09 - 32 EXCLUDING 16,SINGLE VEHICLE,STRAIGHT & LEVEL,DAYLIGHT,,,12/9/2019 9:26:48 AM,False,7615,Accepted,
26030457,0568000,LOUISVILLE METRO POLICE DEPT,Accepted,JEFFERSON,KY1230,,CANE RUN,RD,,,,,,,,38.128646778,-85.898364671,3.520,12/6/2019 12:00:00 AM,1155,1,1,0,1,CLOUDY,WET,False,COLLISION WITH FIXED OBJECT NON - INTERSECTION - FIRST EVENT COLLISION 09 - 32 EXCLUDING 16,SINGLE VEHICLE,CURVE & LEVEL,DAYLIGHT,,,12/9/2019 9:17:51 AM,False,7234,Accepted,
26030605,0568000,LOUISVILLE METRO POLICE DEPT,Accepted,JEFFERSON,,1161,4TH,ST,S,,,,,,,38.235865656,-85.760234541,1.446,12/6/2019 12:00:00 AM,1200,2,2,0,0,CLOUDY,WET,False,1 VEHICLE PARKED POSITION (NOT PARKING LOT/DRIVEWAY),SIDESWIPE-SAME DIRECTION,STRAIGHT & LEVEL,DAYLIGHT,,,12/9/2019 9:25:42 AM,False,7495,Accepted,
26030481,0568000,LOUISVILLE METRO POLICE DEPT,Accepted,JEFFERSON,,2412,CHESTNUT,ST,W,,,,,,,38.252762022,-85.792453585,0.465,12/6/2019 12:00:00 AM,2343,2,2,0,0,CLEAR,DRY,False,1 VEHICLE PARKED POSITION (NOT PARKING LOT/DRIVEWAY),REAR END,STRAIGHT & LEVEL,DARK-HWY LIGHTED/ON,,,12/9/2019 9:19:09 AM,False,7417,Accepted,
26035735,0568000,LOUISVILLE METRO POLICE DEPT,Accepted,JEFFERSON,I 0071,,I71 S,,,,,I 0071,I71 TURN AROUND6,I 0071,I71 TURN AROUND8,38.302910319,-85.605918268,7.517,12/6/2019 12:00:00 AM,1523,1,1,0,1,CLOUDY,DRY,False,RAN OFF ROADWAY (1 VEHICLE WITH/EARTH EMBANKMENT/DITCH),SINGLE VEHICLE,STRAIGHT & LEVEL,DAYLIGHT,,,12/10/2019 8:49:49 AM,False,2308,Accepted,
26030356,0568000,LOUISVILLE METRO POLICE DEPT,Accepted,JEFFERSON,,4200,TOWNE CENTER,DR,,,,,FISCHER PARK,,SPRINGHURST,38.298645122,-85.556359235,0.241,12/6/2019 12:00:00 AM,1445,2,2,0,0,CLOUDY,DRY,True,1 VEHICLE PARKED POSITION (NOT PARKING LOT/DRIVEWAY),SIDESWIPE-SAME DIRECTION,STRAIGHT & LEVEL,DAYLIGHT,,,12/9/2019 9:12:51 AM,False,2030,Accepted,
26030438,0568000,LOUISVILLE METRO POLICE DEPT,Accepted,JEFFERSON,,,SOUTHERN PKWY FRONTAGE RD 1,,,,,,,,,38.172955957,-85.777272201,0.647,12/6/2019 12:00:00 AM,1445,2,2,0,0,CLOUDY,DRY,True,1 VEHICLE PARKED POSITION (NOT PARKING LOT/DRIVEWAY),SIDESWIPE-SAME DIRECTION,STRAIGHT & LEVEL,DAYLIGHT,,,12/9/2019 9:17:04 AM,False,7286,Accepted,
26030627,0568000,LOUISVILLE METRO POLICE DEPT,Accepted,JEFFERSON,I 0265,,I265 N,,,,,,,,,38.311694159,-85.575961816,34.330,12/6/2019 12:00:00 AM,1730,2,2,0,0,CLEAR,DRY,False,REAR END IN TRAFFIC LANES BOTH VEHICLES MOVING,REAR END,STRAIGHT & LEVEL,DARK-HWY LIGHTED/ON,,,12/9/2019 9:26:53 AM,False,7615,Accepted,
26030634,0568000,LOUISVILLE METRO POLICE DEPT,Accepted,JEFFERSON,I 0265,,I265 S,,,,,,,,,38.246891985,-85.503387102,27.117,12/6/2019 12:00:00 AM,2331,2,2,0,0,CLEAR,DRY,False,REAR END IN TRAFFIC LANES BOTH VEHICLES MOVING,REAR END,STRAIGHT & LEVEL,DARK-HWY LIGHTED/OFF,,,12/9/2019 9:27:27 AM,False,5102,Accepted,
26030427,0568000,LOUISVILLE METRO POLICE DEPT,Accepted,JEFFERSON,I 0265,,I265 S,,,,,I 0265,I265 S EXIT27 OFF RAMP TO US60,I 0265,I265 S EXIT29 ON RAMP FROM KY3084,38.253599413,-85.502847343,27.581,12/6/2019 12:00:00 AM,1803,2,2,0,0,FOG,DRY,False,REAR END IN TRAFFIC LANES BOTH VEHICLES MOVING,REAR END,STRAIGHT & GRADE,DARK-HWY LIGHTED/ON,,,12/9/2019 9:16:30 AM,False,2109,Accepted,
26030458,0568000,LOUISVILLE METRO POLICE DEPT,Accepted,JEFFERSON,US0031W,,DIXIE,HWY,,,,,,,,38.132342598,-85.846467798,10.695,12/6/2019 12:00:00 AM,1633,2,2,0,0,CLOUDY,DRY,False,REAR END IN TRAFFIC LANES BOTH VEHICLES MOVING,REAR END,STRAIGHT & LEVEL,DAYLIGHT,,,12/9/2019 9:17:56 AM,False,7234,Accepted,
26030475,0568000,LOUISVILLE METRO POLICE DEPT,Accepted,JEFFERSON,KY0061,,PRESTON,HWY,,,,,,,,38.123375974,-85.678899210,2.935,12/6/2019 12:00:00 AM,2159,2,2,0,2,CLEAR,DRY,False,REAR END IN TRAFFIC LANES BOTH VEHICLES MOVING,REAR END,STRAIGHT & LEVEL,DARK (UNKNOWN ROADWAY LIGHTING),,,12/9/2019 9:18:53 AM,False,7074,Accepted,
26030341,0568000,LOUISVILLE METRO POLICE DEPT,Accepted,JEFFERSON,US0031W,,DR W J HODGE,ST,,,,,CHESTNUT,,MADISON,38.252290923,-85.785965395,19.871,12/6/2019 12:00:00 AM,1207,2,2,0,3,CLOUDY,WET,False,REAR END IN TRAFFIC LANES BOTH VEHICLES MOVING,REAR END,STRAIGHT & LEVEL,DAYLIGHT,,,12/9/2019 9:11:56 AM,False,7947,Accepted,
26030391,0568000,LOUISVILLE METRO POLICE DEPT,Accepted,JEFFERSON,I 0071,,I71 N,,,,,,,,,38.281144075,-85.687173910,2.525,12/6/2019 12:00:00 AM,1605,2,2,0,0,CLEAR,DRY,False,REAR END IN TRAFFIC LANES BOTH VEHICLES MOVING,REAR END,STRAIGHT & LEVEL,DARK-HWY NOT LIGHTED,,,12/9/2019 9:14:58 AM,False,7313,Accepted,
26030384,0568000,LOUISVILLE METRO POLICE DEPT,Accepted,JEFFERSON,I 0265,,I265 S,,,,,I 0265,I265 S EXIT29 OFF RAMP TO KY3084,I 0265,I265 S EXIT30 ON RAMP FROM KY146,38.275757956,-85.500702793,29.126,12/6/2019 12:00:00 AM,1554,2,2,0,0,CLOUDY,DRY,False,REAR END IN TRAFFIC LANES BOTH VEHICLES MOVING,REAR END,STRAIGHT & LEVEL,DAYLIGHT,,,12/9/2019 9:14:18 AM,True,2109,Accepted,
26030394,0568000,LOUISVILLE METRO POLICE DEPT,Accepted,JEFFERSON,KY1447,,WESTPORT,RD,,,,,STONEBRIDGE,,GRAYSTONE MANOR,38.291424150,-85.564217738,5.717,12/6/2019 12:00:00 AM,0659,2,2,0,1,RAINING,WATER (STANDING OR MOVING),True,REAR END IN TRAFFIC LANES BOTH VEHICLES MOVING,REAR END,STRAIGHT & LEVEL,DARK-HWY LIGHTED/ON,,,12/9/2019 9:15:16 AM,False,7751,Accepted,
26035755,0568000,LOUISVILLE METRO POLICE DEPT,Accepted,JEFFERSON,I 0264,,I264 E,,,,,,,,,38.220137170,-85.822430571,4.200,12/6/2019 12:00:00 AM,1821,2,2,0,0,CLEAR,DRY,False,REAR END IN TRAFFIC LANES BOTH VEHICLES MOVING,REAR END,STRAIGHT & LEVEL,DARK-HWY LIGHTED/ON,,,12/10/2019 8:52:02 AM,False,2142,Accepted,
26035694,0568000,LOUISVILLE METRO POLICE DEPT,Accepted,JEFFERSON,I 0071,,I71 N,,,,,,,,,38.276799660,-85.694096339,1.987,12/6/2019 12:00:00 AM,1804,3,3,0,2,CLEAR,DRY,False,REAR END IN TRAFFIC LANES BOTH VEHICLES MOVING,REAR END,STRAIGHT & LEVEL,DARK-HWY LIGHTED/ON,,,12/10/2019 8:44:32 AM,False,7944,Accepted,
26030343,0568000,LOUISVILLE METRO POLICE DEPT,Accepted,JEFFERSON,KY0841,,GENE SNYDER,FWY,,,,,,,,38.108751188,-85.808200494,4.162,12/6/2019 12:00:00 AM,1213,1,1,0,0,CLOUDY,DRY,False,OTHER COLLISIONS ON SHOULDER,SINGLE VEHICLE,STRAIGHT & LEVEL,DAYLIGHT,,,12/9/2019 9:12:04 AM,False,4903,Accepted,
26030358,0568000,LOUISVILLE METRO POLICE DEPT,Accepted,JEFFERSON,,3000,MARKET,ST,W,,,,,,,38.260174039,-85.800010514,0.745,12/6/2019 12:00:00 AM,1514,2,2,0,1,CLOUDY,WET,False,OTHER COLLISIONS ON SHOULDER,SIDESWIPE-SAME DIRECTION,STRAIGHT & HILLCREST,DAYLIGHT,,,12/9/2019 9:12:56 AM,False,7463,Accepted,
26019901,0568000,LOUISVILLE METRO POLICE DEPT,Accepted,JEFFERSON,KY1934,,GREENBELT,HWY,,,,,,,,38.093701859,-85.883170769,0.439,12/6/2019 12:00:00 AM,0607,1,1,0,0,RAINING,WET,False,OTHER COLLISIONS ON SHOULDER,SINGLE VEHICLE,STRAIGHT & GRADE,DARK-HWY NOT LIGHTED,,,12/6/2019 9:04:26 AM,False,5043,Accepted,
26030739,0568000,LOUISVILLE METRO POLICE DEPT,Accepted,JEFFERSON,I 0071,,I71 N,,,,,,,,,38.284146895,-85.682360819,2.887,12/6/2019 12:00:00 AM,1738,2,2,0,0,CLEAR,DRY,False,OTHER COLLISIONS ON SHOULDER,SIDESWIPE-SAME DIRECTION,STRAIGHT & LEVEL,DARK-HWY NOT LIGHTED,,,12/9/2019 9:38:46 AM,False,7578,Accepted,
26030490,0568000,LOUISVILLE METRO POLICE DEPT,Accepted,JEFFERSON,,,PARK,RD,S,,,,,,,38.117900440,-85.677981045,0.041,12/6/2019 12:00:00 AM,1810,2,2,0,0,CLEAR,DRY,True,REAR END IN TRAFFIC LANES BOTH VEHICLES MOVING,REAR END,STRAIGHT & LEVEL,DARK (UNKNOWN ROADWAY LIGHTING),,,12/9/2019 9:19:27 AM,False,5182,Accepted,
26030471,0568000,LOUISVILLE METRO POLICE DEPT,Accepted,JEFFERSON,I 0071,,I71 N,,,,,,,,,38.289742960,-85.648863838,4.923,12/6/2019 12:00:00 AM,1622,3,3,0,0,CLOUDY,DRY,False,REAR END IN TRAFFIC LANES BOTH VEHICLES MOVING,REAR END,STRAIGHT & LEVEL,DUSK,,,12/9/2019 9:18:38 AM,False,7839,Accepted,