IncidentID,AgencyORI,AgencyName,IncidentStatusDesc,County,RdwyNumber,Street,RoadwayName,StreetSfx,StreetDir,IntersectionRdwy,IntersectionRdwyName,BetweenStRdwy1,BetweenStRdwyName1,BetweenStRdwy2,BetweenStRdwyName2,Latitude,Longitude,Milepoint,CollisionDate,CollisionTime,UnitsInvolved,MotorVehiclesInvolved,NumberKilled,NumberInjured,Weather,RdwyConditionCode,HitandRun,DirAnalysisCode,MannerofCollision,RdwyCharacter,LightCondition,RampFromRdwyId,RampToRdwyId,AcceptedDate,IsSecondaryCollision,OwnerBadge,IncidentStatus,
26030537,0568000,LOUISVILLE METRO POLICE DEPT,Accepted,JEFFERSON,KY1065,,SEATONVILLE,RD,,,,,,,,38.150511090,-85.584220425,12.028,12/6/2019 12:00:00 AM,1730,2,2,0,0,CLEAR,DRY,False,REAR END IN TRAFFIC LANES BOTH VEHICLES MOVING,REAR END,STRAIGHT & LEVEL,DARK-HWY NOT LIGHTED,,,12/9/2019 9:21:08 AM,False,7573,Accepted,
26030455,0568000,LOUISVILLE METRO POLICE DEPT,Accepted,JEFFERSON,I 0264,,I264 W,,,,,,,,,38.200889625,-85.696113960,14.112,12/6/2019 12:00:00 AM,1809,2,2,0,0,CLEAR,DRY,False,REAR END IN TRAFFIC LANES BOTH VEHICLES MOVING,REAR END,STRAIGHT & GRADE,DUSK,,,12/9/2019 9:17:43 AM,False,7786,Accepted,
26030463,0568000,LOUISVILLE METRO POLICE DEPT,Accepted,JEFFERSON,US0031W,8318,DIXIE,HWY,,,,,,,,38.130785764,-85.847454740,10.555,12/6/2019 12:00:00 AM,1813,3,3,0,0,CLEAR,DRY,False,REAR END IN TRAFFIC LANES BOTH VEHICLES MOVING,REAR END,STRAIGHT & LEVEL,DAYLIGHT,,,12/9/2019 9:18:14 AM,False,7264,Accepted,
26030429,0568000,LOUISVILLE METRO POLICE DEPT,Accepted,JEFFERSON,I 0265,,I265 S,,,,,I 0265,I265 S EXIT27 OFF RAMP TO US60,I 0265,I265 S EXIT27 ON RAMP FROM US60,38.242304951,-85.503852827,26.800,12/6/2019 12:00:00 AM,1738,3,3,0,0,CLOUDY,DRY,False,REAR END IN TRAFFIC LANES BOTH VEHICLES MOVING,REAR END,STRAIGHT & LEVEL,DARK (UNKNOWN ROADWAY LIGHTING),,,12/9/2019 9:16:47 AM,False,7661,Accepted,
26030398,0568000,LOUISVILLE METRO POLICE DEPT,Accepted,JEFFERSON,KY1865,,NEW CUT,RD,,,,,,,,38.160706060,-85.779031420,3.556,12/6/2019 12:00:00 AM,0926,2,2,0,1,RAINING,WET,False,REAR END IN TRAFFIC LANES BOTH VEHICLES MOVING,REAR END,STRAIGHT & LEVEL,DAYLIGHT,,,12/9/2019 9:15:29 AM,False,5259,Accepted,
26030422,0568000,LOUISVILLE METRO POLICE DEPT,Accepted,JEFFERSON,KY0061,,PRESTON,HWY,,,,,,,,38.200292844,-85.733304663,8.976,12/6/2019 12:00:00 AM,1511,2,2,0,0,CLOUDY,DRY,False,REAR END IN TRAFFIC LANES BOTH VEHICLES MOVING,REAR END,STRAIGHT & LEVEL,DAYLIGHT,,,12/9/2019 9:16:11 AM,False,5019,Accepted,
26030371,0568000,LOUISVILLE METRO POLICE DEPT,Accepted,JEFFERSON,,,BUECHEL BANK,RD,,,,,,,,38.178059309,-85.648892641,0.992,12/6/2019 12:00:00 AM,1516,2,2,0,0,CLOUDY,DRY,False,HEAD-ON COLLISION,HEAD ON,STRAIGHT & LEVEL,DAYLIGHT,,,12/9/2019 9:13:26 AM,False,7307,Accepted,
26030381,0568000,LOUISVILLE METRO POLICE DEPT,Accepted,JEFFERSON,US0060A,,EASTERN,PKWY,,,CRITTENDEN,,,,,38.211662270,-85.751280121,4.069,12/6/2019 12:00:00 AM,0657,2,2,0,0,RAINING,WET,False,HEAD-ON COLLISION,HEAD ON,STRAIGHT & LEVEL,DAWN,,,12/9/2019 9:13:53 AM,False,5289,Accepted,
26030689,0568000,LOUISVILLE METRO POLICE DEPT,Accepted,JEFFERSON,US0042,,STORY,AVE,,,,I 0064,I64 E EXIT7 OFF RAMP TO  STORY AVE,,SPRING,38.257622635,-85.724271022,0.498,12/6/2019 12:00:00 AM,0758,2,2,0,0,CLOUDY,WET,False,SIDESWIPE COLLISION - SAME DIRECTION,SIDESWIPE-SAME DIRECTION,STRAIGHT & LEVEL,DAYLIGHT,,,12/9/2019 9:33:49 AM,False,2764,Accepted,
26040200,0568000,LOUISVILLE METRO POLICE DEPT,Accepted,JEFFERSON,I 0265,,I265 W,,,,,,,,,38.112930441,-85.693091641,10.729,12/6/2019 12:00:00 AM,0645,2,2,0,0,RAINING,WET,False,SIDESWIPE COLLISION - SAME DIRECTION,SIDESWIPE-SAME DIRECTION,STRAIGHT & LEVEL,DARK-HWY LIGHTED/ON,,,12/11/2019 8:08:26 AM,False,7628,Accepted,
26035709,0568000,LOUISVILLE METRO POLICE DEPT,Accepted,JEFFERSON,KY1450,,BLUE LICK,RD,,,,,,,,38.109587252,-85.691057078,1.697,12/6/2019 12:00:00 AM,1630,2,2,0,0,CLOUDY,DRY,False,SIDESWIPE COLLISION - OPPOSITE DIRECTION,SIDESWIPE-OPPOSITE DIRECTION,STRAIGHT & LEVEL,DAYLIGHT,,,12/10/2019 8:46:54 AM,False,4693,Accepted,
26030452,0568000,LOUISVILLE METRO POLICE DEPT,Accepted,JEFFERSON,,,JEFFERSON,ST,W,,,,,,,38.254292735,-85.761183008,0.501,12/6/2019 12:00:00 AM,1518,2,2,0,0,CLOUDY,WET,False,SIDESWIPE COLLISION - SAME DIRECTION,SIDESWIPE-SAME DIRECTION,STRAIGHT & LEVEL,DAYLIGHT,,,12/9/2019 9:17:31 AM,False,2854,Accepted,
26030450,0568000,LOUISVILLE METRO POLICE DEPT,Accepted,JEFFERSON,US0031W,,MARKET,ST,W,,,,,,,38.255463353,-85.758942384,21.727,12/6/2019 12:00:00 AM,1133,2,2,0,0,RAINING,WET,False,SIDESWIPE COLLISION - SAME DIRECTION,SIDESWIPE-SAME DIRECTION,STRAIGHT & LEVEL,DAYLIGHT,,,12/9/2019 9:17:24 AM,False,2854,Accepted,
26030720,0568000,LOUISVILLE METRO POLICE DEPT,Accepted,JEFFERSON,,,SOUTHERN,AVE,,,,,HEMLOCK,,BEECH,38.231992366,-85.804191525,0.131,12/6/2019 12:00:00 AM,1941,2,2,0,1,CLOUDY,DRY,False,1 VEHICLE ENTERING/LEAVING ENTRANCE,ANGLE,STRAIGHT & LEVEL,DARK-HWY LIGHTED/ON,,,12/9/2019 9:36:16 AM,False,7370,Accepted,
26019915,0568000,LOUISVILLE METRO POLICE DEPT,Accepted,JEFFERSON,,,MCNAIR,RD,,,,,,,,38.132840053,-85.794119563,0.162,12/6/2019 12:00:00 AM,0806,2,2,0,0,RAINING,WET,False,1 VEHICLE ENTERING/LEAVING ENTRANCE,ANGLE,STRAIGHT & LEVEL,DAWN,,,12/6/2019 9:06:39 AM,False,5259,Accepted,
26030500,0568000,LOUISVILLE METRO POLICE DEPT,Accepted,JEFFERSON,I 0064,,I64 E,,,,,,,,,38.277180327,-85.803848556,1.362,12/6/2019 12:00:00 AM,2220,2,2,0,0,CLEAR,DRY,False,1 VEHICLE ENTERING/LEAVING ENTRANCE,ANGLE,STRAIGHT & LEVEL,DARK-HWY LIGHTED/ON,,,12/9/2019 9:19:49 AM,False,7243,Accepted,
26030397,0568000,LOUISVILLE METRO POLICE DEPT,Accepted,JEFFERSON,I 0265,,I265 S,,,,,,,,,38.277183900,-85.500510827,29.236,12/6/2019 12:00:00 AM,1540,1,1,0,0,CLOUDY,DRY,False,OTHER ROADWAY OR MID-BLOCK COLLISION,SINGLE VEHICLE,STRAIGHT & LEVEL,DAYLIGHT,,,12/9/2019 9:15:25 AM,False,7751,Accepted,
26030348,0568000,LOUISVILLE METRO POLICE DEPT,Accepted,JEFFERSON,KY2055,,MANSLICK,RD,W,,,,,,,38.107317377,-85.761362114,1.566,12/6/2019 12:00:00 AM,0726,2,2,0,0,RAINING,WET,False,OTHER ROADWAY OR MID-BLOCK COLLISION,REAR END,STRAIGHT & GRADE,DAYLIGHT,,,12/9/2019 9:12:17 AM,False,6326,Accepted,
26030704,0568000,LOUISVILLE METRO POLICE DEPT,Accepted,JEFFERSON,,,TWILIGHT,DR,,,,,,,,38.108742999,-85.883848941,0.010,12/6/2019 12:00:00 AM,0729,2,2,0,0,RAINING,WET,False,OTHER ROADWAY OR MID-BLOCK COLLISION,OPPOSING LEFT TURN,CURVE & LEVEL,DAYLIGHT,,,12/9/2019 9:34:49 AM,False,7841,Accepted,
26030670,0568000,LOUISVILLE METRO POLICE DEPT,Accepted,JEFFERSON,KY1747,,HURSTBOURNE,PKWY,,,,,,,,38.168405874,-85.605402048,7.447,12/6/2019 12:00:00 AM,1721,2,2,0,0,CLOUDY,DRY,False,OTHER ROADWAY OR MID-BLOCK COLLISION,OPPOSING LEFT TURN,STRAIGHT & LEVEL,DARK-HWY NOT LIGHTED,,,12/9/2019 9:31:19 AM,False,7755,Accepted,
26035753,0568000,LOUISVILLE METRO POLICE DEPT,Accepted,JEFFERSON,I 0264,,I264 W,,,,,,,,,38.194104756,-85.710230054,13.200,12/6/2019 12:00:00 AM,1534,2,2,0,0,CLOUDY,DRY,False,OTHER ROADWAY OR MID-BLOCK COLLISION,REAR END,STRAIGHT & LEVEL,DAYLIGHT,,,12/10/2019 8:51:39 AM,False,2142,Accepted,
26030691,0568000,LOUISVILLE METRO POLICE DEPT,Accepted,JEFFERSON,I 0071,,I71 N,,,,,I 0064,I64 N TRANSIT,I 0071,I71 N EXIT2 OFF RAMP TO  ZORN AVE,38.262704634,-85.720867225,0.207,12/6/2019 12:00:00 AM,1736,2,2,0,0,CLEAR,DRY,False,OTHER ROADWAY OR MID-BLOCK COLLISION,REAR END,STRAIGHT & LEVEL,DARK-HWY NOT LIGHTED,,,12/9/2019 9:34:01 AM,False,2764,Accepted,
26030469,0568000,LOUISVILLE METRO POLICE DEPT,Accepted,JEFFERSON,US0031E,,BARDSTOWN,RD,,,,,,,,38.130619572,-85.577510933,4.103,12/6/2019 12:00:00 AM,1256,1,1,0,0,CLOUDY,WET,False,COLLISION IN PARKING LOT,SINGLE VEHICLE,STRAIGHT & LEVEL,DAYLIGHT,,,12/9/2019 9:18:28 AM,False,4693,Accepted,
26035844,0568000,LOUISVILLE METRO POLICE DEPT,Accepted,JEFFERSON,,3044,HUNSINGER,LN,,,,,,,,38.218137058,-85.624881854,0.120,12/6/2019 12:00:00 AM,0708,1,1,0,0,CLEAR,DRY,False,COLLISION IN PARKING LOT,SINGLE VEHICLE,STRAIGHT & LEVEL,DARK-HWY LIGHTED/ON,,,12/10/2019 9:03:43 AM,False,5117,Accepted,
26030446,0568000,LOUISVILLE METRO POLICE DEPT,Accepted,JEFFERSON,KY1230,8912,CANE RUN,RD,,,,,,,,38.124708967,-85.898130974,3.249,12/6/2019 12:00:00 AM,1400,2,2,0,0,CLOUDY,WET,False,COLLISION IN PARKING LOT,BACKING,STRAIGHT & LEVEL,DAYLIGHT,,,12/9/2019 9:17:14 AM,False,6877,Accepted,
26030690,0568000,LOUISVILLE METRO POLICE DEPT,Accepted,JEFFERSON,US0150,533,22ND,ST,N,,,,,,,38.268082987,-85.782640756,0.145,12/6/2019 12:00:00 AM,1804,2,2,0,0,CLOUDY,DRY,False,COLLISION IN PARKING LOT,BACKING,STRAIGHT & LEVEL,DARK-HWY LIGHTED/ON,,,12/9/2019 9:33:53 AM,False,2764,Accepted,
26030392,0568000,LOUISVILLE METRO POLICE DEPT,Accepted,JEFFERSON,,,3RD,ST,S,,,,WAMPUM,,WELLINGTON,38.183844774,-85.765836374,1.150,12/6/2019 12:00:00 AM,1733,2,2,0,0,CLEAR,DRY,False,OTHER ROADWAY OR MID-BLOCK COLLISION,REAR TO REAR,STRAIGHT & LEVEL,DARK-HWY LIGHTED/OFF,,,12/9/2019 9:15:03 AM,False,5267,Accepted,
26030442,0568000,LOUISVILLE METRO POLICE DEPT,Accepted,JEFFERSON,KY1931,3607,MANSLICK,RD,,,,,,,,38.195305839,-85.799250334,8.393,12/6/2019 12:00:00 AM,1131,1,1,0,0,CLOUDY,WET,False,OTHER ROADWAY OR MID-BLOCK COLLISION,SINGLE VEHICLE,CURVE & LEVEL,DAYLIGHT,,,12/9/2019 9:17:09 AM,False,7402,Accepted,
26030320,0568000,LOUISVILLE METRO POLICE DEPT,Accepted,JEFFERSON,I 0065,,,,,,,,,,,38.227240408,-85.751984712,0.082,12/6/2019 12:00:00 AM,1001,1,1,0,1,RAINING,WET,False,COLLISION WITH FIXED OBJECT NOT IN GORE ,SINGLE VEHICLE,CURVE & HILLCREST,DAYLIGHT,MAGNOLIA AVE,I 0065,12/9/2019 9:10:25 AM,False,4903,Accepted,
26030479,0568000,LOUISVILLE METRO POLICE DEPT,Accepted,JEFFERSON,I 0065,,,,,,,,,,,38.181613585,-85.721962453,0.017,12/6/2019 12:00:00 AM,2219,2,2,0,0,CLEAR,DRY,False,OTHER RAMP RELATED COLLISIONS NOT LISTED ABOVE,REAR END,CURVE & LEVEL,DARK-HWY LIGHTED/OFF,I 0065,GRADE LN,12/9/2019 9:19:04 AM,False,7786,Accepted,
26030339,0568000,LOUISVILLE METRO POLICE DEPT,Accepted,JEFFERSON,I 0065,,,,,,,,,,,38.242253707,-85.752714541,0.002,12/6/2019 12:00:00 AM,1101,2,2,0,0,RAINING,WET,False,OTHER RAMP RELATED COLLISIONS NOT LISTED ABOVE,REAR END,STRAIGHT & LEVEL,DAYLIGHT,I 0065,S BROOK ST,12/9/2019 9:11:52 AM,False,7390,Accepted,
26030325,0568000,LOUISVILLE METRO POLICE DEPT,Accepted,JEFFERSON,I 0065,,,,,,,,,,,38.190274490,-85.728100947,0.193,12/6/2019 12:00:00 AM,1035,1,1,0,1,CLOUDY,WET,False,OTHER RAMP RELATED COLLISIONS NOT LISTED ABOVE,SINGLE VEHICLE,CURVE & GRADE,DAYLIGHT,I 0065,I 0065,12/9/2019 9:10:58 AM,False,2000,Accepted,
26030477,0568000,LOUISVILLE METRO POLICE DEPT,Accepted,JEFFERSON,I 0065,,,,,,,,,,,38.140983525,-85.709623309,1.197,12/6/2019 12:00:00 AM,2003,2,2,0,0,CLEAR,DRY,False,OTHER RAMP RELATED COLLISIONS NOT LISTED ABOVE,ANGLE,STRAIGHT & LEVEL,DARK-HWY LIGHTED/ON,I 0065,KY1065,12/9/2019 9:19:00 AM,False,7786,Accepted,
26030408,0568000,LOUISVILLE METRO POLICE DEPT,Accepted,JEFFERSON,I 0264,,,,,,,,,,,38.193495758,-85.711248883,0.275,12/6/2019 12:00:00 AM,1156,2,2,0,0,CLOUDY,WET,False,OTHER RAMP RELATED COLLISIONS NOT LISTED ABOVE,REAR END,STRAIGHT & LEVEL,DAYLIGHT,KY0864,I 0264,12/9/2019 9:16:03 AM,False,5019,Accepted,
26030326,0568000,LOUISVILLE METRO POLICE DEPT,Accepted,JEFFERSON,I 0065,,,,,,,,,,,38.191027533,-85.725599994,0.118,12/5/2019 12:00:00 AM,1248,3,3,0,1,CLEAR,DRY,False,OTHER RAMP RELATED COLLISIONS NOT LISTED ABOVE,REAR END,STRAIGHT & LEVEL,DAYLIGHT,I 0065,I 0065,12/9/2019 9:11:03 AM,False,7944,Accepted,
26019789,0568000,LOUISVILLE METRO POLICE DEPT,Accepted,JEFFERSON,I 0064,,,,,,,,,,,38.237423100,-85.619404694,0.388,12/5/2019 12:00:00 AM,1730,2,2,0,0,CLOUDY,DRY,True,OTHER RAMP RELATED COLLISIONS NOT LISTED ABOVE,SIDESWIPE-SAME DIRECTION,CURVE & GRADE,DUSK,I 0064,I 0264,12/6/2019 8:58:18 AM,False,6456,Accepted,
26030545,0568000,LOUISVILLE METRO POLICE DEPT,Accepted,JEFFERSON,,7230,GLOBAL,DR,,,,KY1230,CANE RUN,KY1934,GREENBELT,38.139721826,-85.892520059,0.275,12/5/2019 12:00:00 AM,1442,2,2,0,0,CLEAR,DRY,False,COLLISION IN PARKING LOT,SIDESWIPE-SAME DIRECTION,STRAIGHT & LEVEL,DAYLIGHT,,,12/9/2019 9:21:32 AM,False,2098,Accepted,
26035701,0568000,LOUISVILLE METRO POLICE DEPT,Accepted,JEFFERSON,,3501,BROADWAY,,W,,,,,,,38.249958199,-85.810179336,1.187,12/5/2019 12:00:00 AM,1620,3,3,0,0,CLEAR,DRY,True,COLLISION IN PARKING LOT,ANGLE,STRAIGHT & LEVEL,DAYLIGHT,,,12/10/2019 8:45:16 AM,False,7521,Accepted,
26019710,0568000,LOUISVILLE METRO POLICE DEPT,Accepted,JEFFERSON,KY1727,5901,TERRY,RD,,,,,,,,38.164965421,-85.865566105,3.016,12/5/2019 12:00:00 AM,1148,5,1,0,3,CLEAR,DRY,False,COLLISION IN PARKING LOT,SINGLE VEHICLE,STRAIGHT & LEVEL,DAYLIGHT,,,12/6/2019 8:48:03 AM,False,6326,Accepted,
26019681,0568000,LOUISVILLE METRO POLICE DEPT,Accepted,JEFFERSON,I 0264,,I264 E,,,,,,,,,38.199485428,-85.700490788,13.850,12/5/2019 12:00:00 AM,0742,2,2,0,0,CLEAR,DRY,False,OTHER ROADWAY OR MID-BLOCK COLLISION,REAR END,CURVE & GRADE,DAYLIGHT,,,12/6/2019 8:42:20 AM,False,4903,Accepted,
26019764,0568000,LOUISVILLE METRO POLICE DEPT,Accepted,JEFFERSON,,4920,ANA,TER,,,,,,,,38.106597106,-85.854668155,0.117,12/5/2019 12:00:00 AM,1116,1,1,0,0,CLEAR,DRY,False,OTHER ROADWAY OR MID-BLOCK COLLISION,SINGLE VEHICLE,STRAIGHT & LEVEL,DAYLIGHT,,,12/6/2019 8:56:05 AM,False,7418,Accepted,
26019730,0568000,LOUISVILLE METRO POLICE DEPT,Accepted,JEFFERSON,US0060,,SHELBYVILLE,RD,,,,,WHIPPS MILL,,HOLLEY,38.248470407,-85.601649390,6.504,12/5/2019 12:00:00 AM,1630,2,2,0,0,CLEAR,DRY,False,OTHER ROADWAY OR MID-BLOCK COLLISION,REAR END,STRAIGHT & LEVEL,DAYLIGHT,,,12/6/2019 8:50:36 AM,False,6406,Accepted,
26032169,0568000,LOUISVILLE METRO POLICE DEPT,Accepted,JEFFERSON,US0060,,SHELBYVILLE,RD,,,,,,,,38.241591547,-85.498708041,12.301,12/5/2019 12:00:00 AM,1801,2,1,0,0,CLEAR,DRY,False,OTHER ROADWAY OR MID-BLOCK COLLISION,REAR END,STRAIGHT & LEVEL,DARK-HWY NOT LIGHTED,,,12/9/2019 1:22:22 PM,False,2218,Accepted,
26019834,0568000,LOUISVILLE METRO POLICE DEPT,Accepted,JEFFERSON,,,MANNER DALE,DR,,,,KY1932,BRECKENRIDGE,,ENRIDGE,38.202485198,-85.621883788,0.029,12/5/2019 12:00:00 AM,1027,2,2,0,0,CLEAR,DRY,False,OTHER ROADWAY OR MID-BLOCK COLLISION,REAR END,STRAIGHT & LEVEL,DAYLIGHT,,,12/6/2019 9:01:13 AM,False,7482,Accepted,
26019690,0568000,LOUISVILLE METRO POLICE DEPT,Accepted,JEFFERSON,I 0264,,I264 E,,,,,,,,,38.200155621,-85.698237023,13.981,12/5/2019 12:00:00 AM,0846,3,3,0,2,CLEAR,DRY,False,OTHER ROADWAY OR MID-BLOCK COLLISION,REAR END,STRAIGHT & GRADE,DAYLIGHT,,,12/6/2019 8:43:37 AM,True,4903,Accepted,
26019761,0568000,LOUISVILLE METRO POLICE DEPT,Accepted,JEFFERSON,,2033,4TH,ST,S,,,,,,,38.219494142,-85.763047230,2.586,12/5/2019 12:00:00 AM,1615,2,2,0,0,CLEAR,DRY,False,1 VEHICLE ENTERING/LEAVING ENTRANCE,ANGLE,STRAIGHT & LEVEL,DAWN,,,12/6/2019 8:55:58 AM,False,5260,Accepted,
26019748,0568000,LOUISVILLE METRO POLICE DEPT,Accepted,JEFFERSON,US0031W,,DIXIE,HWY,,,,,,,,38.130869495,-85.847422669,10.464,12/5/2019 12:00:00 AM,1525,2,2,0,0,CLEAR,DRY,False,1 VEHICLE ENTERING/LEAVING ENTRANCE,ANGLE,STRAIGHT & LEVEL,DAYLIGHT,,,12/6/2019 8:53:37 AM,False,7234,Accepted,
26019884,0568000,LOUISVILLE METRO POLICE DEPT,Accepted,JEFFERSON,KY1065,5715,LOVERS,LN,,,,,SONRISA,,VETERANS,38.151615453,-85.577541541,12.415,12/5/2019 12:00:00 AM,1845,2,2,0,0,CLEAR,DRY,False,SIDESWIPE COLLISION - OPPOSITE DIRECTION,SIDESWIPE-OPPOSITE DIRECTION,STRAIGHT & LEVEL,DARK-HWY NOT LIGHTED,,,12/6/2019 9:02:41 AM,False,5011,Accepted,
26030548,0568000,LOUISVILLE METRO POLICE DEPT,Accepted,JEFFERSON,US0031W,14660,DIXIE,HWY,,,,,SHIPLEY,,DEPOT,38.040499797,-85.905718744,3.440,12/5/2019 12:00:00 AM,1743,3,3,0,1,CLEAR,DRY,False,1 VEHICLE ENTERING/LEAVING ENTRANCE,ANGLE,STRAIGHT & LEVEL,DARK-HWY NOT LIGHTED,,,12/9/2019 9:21:38 AM,False,2098,Accepted,
26019742,0568000,LOUISVILLE METRO POLICE DEPT,Accepted,JEFFERSON,KY1065,,OUTER,LOOP,,,,KY0864,FEGENBUSH,KY6161,KY6161,38.138343950,-85.616063933,9.982,12/5/2019 12:00:00 AM,1022,2,2,0,1,CLEAR,DRY,False,1 VEHICLE ENTERING/LEAVING ENTRANCE,ANGLE,CURVE & LEVEL,DAYLIGHT,,,12/6/2019 8:52:18 AM,False,7289,Accepted,
26030807,0568000,LOUISVILLE METRO POLICE DEPT,Accepted,JEFFERSON,US0060,,FRANKFORT,AVE,,,,,,,,38.254689067,-85.683208354,2.031,12/5/2019 12:00:00 AM,1548,2,2,0,0,CLEAR,DRY,False,1 VEHICLE ENTERING/LEAVING ENTRANCE,ANGLE,STRAIGHT & LEVEL,DAYLIGHT,,,12/9/2019 10:00:40 AM,False,5112,Accepted,
26062980,0568000,LOUISVILLE METRO POLICE DEPT,Accepted,JEFFERSON,I 0065,,I65 S,,,,,,,,,38.169899643,-85.720801709,129.156,12/5/2019 12:00:00 AM,0952,2,2,0,0,CLEAR,DRY,False,SIDESWIPE COLLISION - SAME DIRECTION,SIDESWIPE-SAME DIRECTION,STRAIGHT & GRADE,DAYLIGHT,,,12/16/2019 11:03:21 AM,False,5153,Accepted,
26019722,0568000,LOUISVILLE METRO POLICE DEPT,Accepted,JEFFERSON,KY0864,,POPLAR LEVEL,RD,,,,CS1065G,HESS,CS1007G,ILLINOIS,38.212057489,-85.721112080,12.727,12/5/2019 12:00:00 AM,1542,2,2,0,0,CLEAR,DRY,True,SIDESWIPE COLLISION - OPPOSITE DIRECTION,SIDESWIPE-OPPOSITE DIRECTION,STRAIGHT & LEVEL,DAYLIGHT,,,12/6/2019 8:49:24 AM,False,5288,Accepted,
26035688,0568000,LOUISVILLE METRO POLICE DEPT,Accepted,JEFFERSON,,4307,BLEVINS GAP,RD,,,,,,,,38.066091099,-85.855607189,1.681,12/5/2019 12:00:00 AM,1758,2,2,0,0,CLEAR,DRY,False,SIDESWIPE COLLISION - OPPOSITE DIRECTION,SIDESWIPE-OPPOSITE DIRECTION,STRAIGHT & LEVEL,DARK-HWY NOT LIGHTED,,,12/10/2019 8:43:44 AM,False,7365,Accepted,
26019680,0568000,LOUISVILLE METRO POLICE DEPT,Accepted,JEFFERSON,KY1931,,GREENWOOD,RD,,,,,GREENWOOD MANOR,US0031W,DIXIE,38.143566980,-85.841496719,3.040,12/5/2019 12:00:00 AM,0835,2,2,0,0,CLEAR,DRY,False,SIDESWIPE COLLISION - SAME DIRECTION,SIDESWIPE-SAME DIRECTION,STRAIGHT & LEVEL,DAYLIGHT,,,12/6/2019 8:42:12 AM,False,7339,Accepted,
26019738,0568000,LOUISVILLE METRO POLICE DEPT,Accepted,JEFFERSON,KY0864,,POPLAR LEVEL,RD,,,,,INDIAN,,CONTRACTORS,38.175432121,-85.687886070,9.524,12/5/2019 12:00:00 AM,1425,2,2,0,0,CLEAR,DRY,False,SIDESWIPE COLLISION - SAME DIRECTION,SIDESWIPE-SAME DIRECTION,STRAIGHT & LEVEL,DAYLIGHT,,,12/6/2019 8:51:14 AM,False,7451,Accepted,
26019759,0568000,LOUISVILLE METRO POLICE DEPT,Accepted,JEFFERSON,,7700,TRADE PORT,DR,,,,,,,,38.124892398,-85.890966906,0.407,12/5/2019 12:00:00 AM,1617,2,2,0,1,CLEAR,DRY,False,SIDESWIPE COLLISION - SAME DIRECTION,SIDESWIPE-SAME DIRECTION,STRAIGHT & LEVEL,DAYLIGHT,,,12/6/2019 8:55:28 AM,False,2311,Accepted,
26019775,0568000,LOUISVILLE METRO POLICE DEPT,Accepted,JEFFERSON,US0031E,,3RD,ST,S,,,US0031E,MAIN,US0031W,MARKET,38.256050682,-85.754985203,17.847,12/5/2019 12:00:00 AM,1142,2,2,0,0,CLEAR,DRY,False,SIDESWIPE COLLISION - SAME DIRECTION,SIDESWIPE-SAME DIRECTION,STRAIGHT & LEVEL,DAYLIGHT,,,12/6/2019 8:57:31 AM,False,5173,Accepted,
26030337,0568000,LOUISVILLE METRO POLICE DEPT,Accepted,JEFFERSON,I 0265,,I265 S,,,,,,,,,38.285316586,-85.505676186,29.915,12/5/2019 12:00:00 AM,1740,2,2,0,0,CLEAR,DRY,False,SIDESWIPE COLLISION - SAME DIRECTION,SIDESWIPE-SAME DIRECTION,STRAIGHT & LEVEL,DAYLIGHT,,,12/9/2019 9:11:48 AM,False,2308,Accepted,
26019750,0568000,LOUISVILLE METRO POLICE DEPT,Accepted,JEFFERSON,US0031E,,BARDSTOWN,RD,,,GRINSTEAD,,,,,38.238414881,-85.720978059,15.423,12/5/2019 12:00:00 AM,0814,2,2,0,0,CLEAR,DRY,False,HEAD-ON COLLISION,HEAD ON,STRAIGHT & LEVEL,DAYLIGHT,,,12/6/2019 8:53:59 AM,False,5006,Accepted,
26019826,0568000,LOUISVILLE METRO POLICE DEPT,Accepted,JEFFERSON,KY0061,,PRESTON,HWY,,,,,,,,38.156371355,-85.696615685,5.320,12/5/2019 12:00:00 AM,1900,2,2,0,0,CLEAR,DRY,False,REAR END IN TRAFFIC LANES BOTH VEHICLES MOVING,REAR END,STRAIGHT & LEVEL,DARK (UNKNOWN ROADWAY LIGHTING),,,12/6/2019 9:00:33 AM,False,5248,Accepted,
26019758,0568000,LOUISVILLE METRO POLICE DEPT,Accepted,JEFFERSON,KY1727,,TERRY,RD,,,,,MURRAY,,FRANK LEE,38.167515444,-85.866812672,3.226,12/5/2019 12:00:00 AM,1751,2,2,0,0,CLOUDY,DRY,False,REAR END IN TRAFFIC LANES BOTH VEHICLES MOVING,REAR END,STRAIGHT & LEVEL,DUSK,,,12/6/2019 8:55:16 AM,False,7073,Accepted,
26019684,0568000,LOUISVILLE METRO POLICE DEPT,Accepted,JEFFERSON,I 0264,,I264 E,,,,,I 0264,I264 E EXIT14 ON RAMP FROM KY864,I 0264,I264 E EXIT15 OFF RAMP TO KY1703,38.200776930,-85.695192716,14.152,12/5/2019 12:00:00 AM,0854,3,3,0,0,CLEAR,DRY,False,REAR END IN TRAFFIC LANES BOTH VEHICLES MOVING,REAR END,STRAIGHT & LEVEL,DAYLIGHT,,,12/6/2019 8:43:00 AM,False,5288,Accepted,
26019691,0568000,LOUISVILLE METRO POLICE DEPT,Accepted,JEFFERSON,I 0065,,I65 N,,,,,,,,,38.180454063,-85.720780097,129.910,12/5/2019 12:00:00 AM,0956,2,2,0,0,CLEAR,DRY,False,REAR END IN TRAFFIC LANES BOTH VEHICLES MOVING,REAR END,STRAIGHT & LEVEL,DAYLIGHT,,,12/6/2019 8:43:48 AM,False,4903,Accepted,