IncidentID,AgencyORI,AgencyName,IncidentStatusDesc,County,RdwyNumber,Street,RoadwayName,StreetSfx,StreetDir,IntersectionRdwy,IntersectionRdwyName,BetweenStRdwy1,BetweenStRdwyName1,BetweenStRdwy2,BetweenStRdwyName2,Latitude,Longitude,Milepoint,CollisionDate,CollisionTime,UnitsInvolved,MotorVehiclesInvolved,NumberKilled,NumberInjured,Weather,RdwyConditionCode,HitandRun,DirAnalysisCode,MannerofCollision,RdwyCharacter,LightCondition,RampFromRdwyId,RampToRdwyId,AcceptedDate,IsSecondaryCollision,OwnerBadge,IncidentStatus,
26019870,0568000,LOUISVILLE METRO POLICE DEPT,Accepted,JEFFERSON,KY1065,,OUTER,LOOP,,,,KY6161,KY6161,,APPLE VALLEY,38.137616759,-85.617237102,9.895,12/5/2019 12:00:00 AM,2211,1,1,0,1,CLEAR,DRY,False,OTHER COLLISIONS ON SHOULDER,SINGLE VEHICLE,CURVE & LEVEL,DARK-HWY LIGHTED/ON,,,12/6/2019 9:02:13 AM,False,5116,Accepted,
26019713,0568000,LOUISVILLE METRO POLICE DEPT,Accepted,JEFFERSON,US0031E,,BARDSTOWN,RD,,,BRENTLINGER,,,,,38.134143169,-85.579591276,4.372,12/5/2019 12:00:00 AM,1217,3,3,0,3,CLEAR,DRY,False,HEAD-ON COLLISION,HEAD ON,STRAIGHT & LEVEL,DAYLIGHT,,,12/6/2019 8:48:38 AM,False,2017,Accepted,
26035703,0568000,LOUISVILLE METRO POLICE DEPT,Accepted,JEFFERSON,KY1065,1103,OUTER,LOOP,,,,,,,,38.127842963,-85.745614031,2.710,12/5/2019 12:00:00 AM,1722,2,2,0,0,RAINING,WET,False,REAR END IN TRAFFIC LANES BOTH VEHICLES MOVING,REAR END,STRAIGHT & LEVEL,DUSK,,,12/10/2019 8:45:44 AM,False,7080,Accepted,
26035702,0568000,LOUISVILLE METRO POLICE DEPT,Accepted,JEFFERSON,KY1065,1201,OUTER,LOOP,,,,,,,,38.128106741,-85.744257480,2.784,12/5/2019 12:00:00 AM,1550,3,3,0,0,RAINING,WET,True,REAR END IN TRAFFIC LANES BOTH VEHICLES MOVING,REAR END,STRAIGHT & HILLCREST,DUSK,,,12/10/2019 8:45:33 AM,False,7080,Accepted,
26035712,0568000,LOUISVILLE METRO POLICE DEPT,Accepted,JEFFERSON,US0031W,,DIXIE,HWY,,,,,,,,38.103054638,-85.869615192,8.269,12/5/2019 12:00:00 AM,1810,2,2,0,0,CLEAR,DRY,False,REAR END IN TRAFFIC LANES BOTH VEHICLES MOVING,REAR END,STRAIGHT & LEVEL,DARK-HWY LIGHTED/ON,,,12/10/2019 8:47:38 AM,False,5250,Accepted,
26035751,0568000,LOUISVILLE METRO POLICE DEPT,Accepted,JEFFERSON,I 0065,,I65 N,,,,,,,,,38.204940178,-85.741602275,131.988,12/5/2019 12:00:00 AM,0812,3,3,0,3,CLEAR,DRY,True,REAR END IN TRAFFIC LANES BOTH VEHICLES MOVING,REAR END,STRAIGHT & LEVEL,DAYLIGHT,,,12/10/2019 8:51:11 AM,False,4656,Accepted,
26045832,0568000,LOUISVILLE METRO POLICE DEPT,Accepted,JEFFERSON,I 0264,,I264 E,,,,,,,,,38.201022170,-85.693531646,14.245,12/5/2019 12:00:00 AM,0843,2,2,0,0,CLOUDY,DRY,False,REAR END IN TRAFFIC LANES BOTH VEHICLES MOVING,REAR END,STRAIGHT & LEVEL,DAYLIGHT,,,12/12/2019 9:17:55 AM,True,7772,Accepted,
26019770,0568000,LOUISVILLE METRO POLICE DEPT,Accepted,JEFFERSON,US0060,,SHELBYVILLE,RD,,,,,,,,38.241658827,-85.498422752,12.297,12/5/2019 12:00:00 AM,1800,2,2,0,0,CLEAR,DRY,False,REAR END IN TRAFFIC LANES BOTH VEHICLES MOVING,REAR END,STRAIGHT & LEVEL,DARK-HWY NOT LIGHTED,,,12/6/2019 8:56:38 AM,False,2218,Accepted,
26019806,0568000,LOUISVILLE METRO POLICE DEPT,Accepted,JEFFERSON,KY1447,,WESTPORT,RD,,,,,,,,38.297654580,-85.548227611,6.682,12/5/2019 12:00:00 AM,1815,2,2,0,0,CLEAR,DRY,False,REAR END IN TRAFFIC LANES BOTH VEHICLES MOVING,REAR END,STRAIGHT & LEVEL,DUSK,,,12/6/2019 8:59:43 AM,False,5030,Accepted,
26019888,0568000,LOUISVILLE METRO POLICE DEPT,Accepted,JEFFERSON,I 0264,,I264 E,,,,,,,,,38.198434008,-85.702997126,13.696,12/5/2019 12:00:00 AM,1909,5,5,0,3,CLEAR,DRY,False,REAR END IN TRAFFIC LANES BOTH VEHICLES MOVING,REAR END,STRAIGHT & LEVEL,DARK-HWY LIGHTED/ON,,,12/6/2019 9:02:51 AM,False,7243,Accepted,
26019747,0568000,LOUISVILLE METRO POLICE DEPT,Accepted,JEFFERSON,,6300,MORNING GLORY,LN,,,,,,,,38.135789257,-85.871494429,0.104,12/5/2019 12:00:00 AM,1420,2,2,0,0,CLEAR,DRY,False,REAR END IN TRAFFIC LANES BOTH VEHICLES MOVING,REAR END,STRAIGHT & LEVEL,DAYLIGHT,,,12/6/2019 8:53:26 AM,False,7234,Accepted,
26029471,0566700,MIDDLETOWN POLICE DEPARTMENT,Accepted,JEFFERSON,I 0264,,I264 W,,,,,,,,,38.205449661,-85.680748830,15.019,12/5/2019 12:00:00 AM,1818,3,3,0,0,CLEAR,DRY,False,REAR END IN TRAFFIC LANES BOTH VEHICLES MOVING,REAR END,STRAIGHT & LEVEL,DARK-HWY NOT LIGHTED,,,12/9/2019 7:32:01 AM,False,2008,Accepted,
26030324,0568000,LOUISVILLE METRO POLICE DEPT,Accepted,JEFFERSON,I 0264,,I264 W,,,,,,,,,38.193532092,-85.711148905,13.124,12/5/2019 12:00:00 AM,1805,2,2,0,0,CLOUDY,DRY,False,REAR END IN TRAFFIC LANES BOTH VEHICLES MOVING,REAR END,STRAIGHT & LEVEL,DARK-HWY LIGHTED/ON,,,12/9/2019 9:10:52 AM,False,6148,Accepted,
26030543,0568000,LOUISVILLE METRO POLICE DEPT,Accepted,JEFFERSON,I 0065,,I65 N,,,,,,,,,38.204940178,-85.741602275,131.988,12/5/2019 12:00:00 AM,0946,3,3,0,1,CLEAR,DRY,True,REAR END IN TRAFFIC LANES BOTH VEHICLES MOVING,REAR END,STRAIGHT & LEVEL,DAYLIGHT,,,12/9/2019 9:21:27 AM,False,4656,Accepted,
26115435,0568000,LOUISVILLE METRO POLICE DEPT,Accepted,JEFFERSON,KY1020,1370,2ND,ST,S,,,,,,,38.230656676,-85.757719335,11.042,12/5/2019 12:00:00 AM,1239,6,6,0,2,CLEAR,DRY,False,1 VEHICLE PARKED POSITION (NOT PARKING LOT/DRIVEWAY),REAR END,STRAIGHT & LEVEL,DAYLIGHT,,,12/30/2019 9:33:27 AM,False,7441,Accepted,
26030461,0568000,LOUISVILLE METRO POLICE DEPT,Accepted,JEFFERSON,KY3077,,RIVER,RD,,,,,,,,38.258618241,-85.754452119,0.374,12/5/2019 12:00:00 AM,0800,3,3,0,0,CLEAR,DRY,False,MEDIAN CROSS-OVER COLLISION ,REAR END,STRAIGHT & LEVEL,DAYLIGHT,,,12/9/2019 9:18:06 AM,False,5275,Accepted,
26019746,0568000,LOUISVILLE METRO POLICE DEPT,Accepted,JEFFERSON,KY1934,,GREENBELT,HWY,,,,,,,,38.161280566,-85.881559930,5.514,12/5/2019 12:00:00 AM,1643,2,2,0,0,CLEAR,DRY,False,1 VEHICLE ENTERING OR LEAVING PARKED POSITION (NOT PARKING LOT),REAR END,STRAIGHT & LEVEL,DAYLIGHT,,,12/6/2019 8:53:09 AM,False,5250,Accepted,
26019754,0568000,LOUISVILLE METRO POLICE DEPT,Accepted,JEFFERSON,,836,DIXIE,HWY,,,,,,,,38.245605626,-85.783332579,,12/5/2019 12:00:00 AM,1259,1,1,0,0,CLEAR,DRY,False,COLLISION WITH FIXED OBJECT NON - INTERSECTION - FIRST EVENT COLLISION 09 - 32 EXCLUDING 16,SINGLE VEHICLE,STRAIGHT & LEVEL,DAYLIGHT,,,12/6/2019 8:54:32 AM,False,5179,Accepted,
26019679,0568000,LOUISVILLE METRO POLICE DEPT,Accepted,JEFFERSON,KY3082,,BANK,ST,,,,,,,,38.269023078,-85.789946680,1.149,12/5/2019 12:00:00 AM,0805,2,2,0,0,CLEAR,DRY,False,1 VEHICLE PARKED POSITION (NOT PARKING LOT/DRIVEWAY),SIDESWIPE-SAME DIRECTION,STRAIGHT & LEVEL,DAYLIGHT,,,12/6/2019 8:41:54 AM,False,7988,Accepted,
26035752,0568000,LOUISVILLE METRO POLICE DEPT,Accepted,JEFFERSON,,827,36TH,ST,S,,,,,,,38.247462559,-85.810946363,0.652,12/5/2019 12:00:00 AM,1649,1,1,0,1,CLEAR,MUD-DIRT,False,COLLISION WITH FIXED OBJECT NON - INTERSECTION - FIRST EVENT COLLISION 09 - 32 EXCLUDING 16,SINGLE VEHICLE,STRAIGHT & LEVEL,DAYLIGHT,,,12/10/2019 8:51:25 AM,False,2142,Accepted,
26019893,0568000,LOUISVILLE METRO POLICE DEPT,Accepted,JEFFERSON,,5215,RUSSETT,BLVD,,,,,ROBINWOOD,,REVERE,38.165646806,-85.665984209,0.134,12/5/2019 12:00:00 AM,2300,1,1,0,0,CLEAR,DRY,True,COLLISION WITH FIXED OBJECT NON - INTERSECTION - FIRST EVENT COLLISION 09 - 32 EXCLUDING 16,SINGLE VEHICLE,STRAIGHT & LEVEL,DUSK,,,12/6/2019 9:03:48 AM,False,5247,Accepted,
26019678,0568000,LOUISVILLE METRO POLICE DEPT,Accepted,JEFFERSON,KY1932,,BRECKENRIDGE,LN,,,LANDSIDE,,,,,38.200418080,-85.623550427,1.338,12/5/2019 12:00:00 AM,0034,2,2,0,1,CLEAR,DRY,True,OTHER INTERSECTION COLLISIONS,REAR END,STRAIGHT & LEVEL,DARK-HWY LIGHTED/ON,,,12/6/2019 8:41:35 AM,False,5146,Accepted,
26019772,0568000,LOUISVILLE METRO POLICE DEPT,Accepted,JEFFERSON,,,ROCHESTER,DR,,KY1020,SOUTHSIDE,,,,,38.169333819,-85.764806769,0.182,12/5/2019 12:00:00 AM,1303,2,2,0,0,CLEAR,DRY,False,OTHER INTERSECTION COLLISIONS,REAR END,STRAIGHT & LEVEL,DAYLIGHT,,,12/6/2019 8:57:03 AM,False,5293,Accepted,
26019821,0568000,LOUISVILLE METRO POLICE DEPT,Accepted,JEFFERSON,KY0061,,PRESTON,HWY,,KY1065,OUTER,,,,,38.138218191,-85.686526394,3.942,12/5/2019 12:00:00 AM,2007,2,2,0,0,CLEAR,DRY,False,OTHER INTERSECTION COLLISIONS,REAR END,STRAIGHT & LEVEL,DARK-HWY LIGHTED/ON,,,12/6/2019 9:00:23 AM,False,5214,Accepted,
26019845,0568000,LOUISVILLE METRO POLICE DEPT,Accepted,JEFFERSON,US0031W,,DIXIE,HWY,,,ORELL,,,,,38.075403745,-85.884408439,6.207,12/5/2019 12:00:00 AM,0648,2,2,0,0,CLEAR,DRY,False,OTHER INTERSECTION COLLISIONS,REAR END,STRAIGHT & LEVEL,DARK-HWY LIGHTED/ON,,,12/6/2019 9:01:33 AM,False,5211,Accepted,
26019766,0568000,LOUISVILLE METRO POLICE DEPT,Accepted,JEFFERSON,,,RIVER PARK,DR,,,31ST,,,,,38.254050443,-85.803920880,1.264,12/5/2019 12:00:00 AM,1120,1,1,0,0,CLEAR,DRY,False,OTHER INTERSECTION COLLISIONS,SINGLE VEHICLE,STRAIGHT & LEVEL,DAYLIGHT,,,12/6/2019 8:56:18 AM,False,5275,Accepted,
26019675,0568000,LOUISVILLE METRO POLICE DEPT,Accepted,JEFFERSON,KY0155,,TAYLORSVILLE,RD,,I 0265,I265 E EXIT23 OFF RAMP TO KY155,,,,,38.189493475,-85.505710610,5.875,12/5/2019 12:00:00 AM,0715,2,2,0,0,CLEAR,DRY,False,OTHER INTERSECTION COLLISIONS,REAR END,STRAIGHT & LEVEL,DAWN,,,12/6/2019 8:40:36 AM,False,6977,Accepted,
26019727,0568000,LOUISVILLE METRO POLICE DEPT,Accepted,JEFFERSON,,,ACCOMACK,DR,,KY1447,WESTPORT,,,,,38.300262089,-85.538760552,0.006,12/5/2019 12:00:00 AM,1637,2,2,0,0,CLEAR,DRY,False,OTHER INTERSECTION COLLISIONS,REAR END,STRAIGHT & LEVEL,DAYLIGHT,,,12/6/2019 8:50:14 AM,False,7337,Accepted,
26019716,0568000,LOUISVILLE METRO POLICE DEPT,Accepted,JEFFERSON,,,RANGELAND,RD,,KY2052,SHEPHERDSVILLE,,,,,38.164394825,-85.659868132,1.228,12/5/2019 12:00:00 AM,0854,2,2,0,0,CLEAR,DRY,True,OTHER INTERSECTION COLLISIONS,REAR END,STRAIGHT & LEVEL,DAYLIGHT,,,12/6/2019 8:48:47 AM,False,7338,Accepted,
26019694,0568000,LOUISVILLE METRO POLICE DEPT,Accepted,JEFFERSON,KY1447,,WESTPORT,RD,,,CREEK,,,,,38.275880760,-85.604906144,3.269,12/5/2019 12:00:00 AM,0705,2,2,0,0,CLEAR,DRY,False,OTHER INTERSECTION COLLISIONS,REAR END,STRAIGHT & LEVEL,DARK-HWY NOT LIGHTED,,,12/6/2019 8:44:34 AM,False,6929,Accepted,
26019683,0568000,LOUISVILLE METRO POLICE DEPT,Accepted,JEFFERSON,US0031E,,BARDSTOWN,RD,,,RICHLAND,,,,,38.189901796,-85.642869048,9.804,12/5/2019 12:00:00 AM,0850,3,3,0,0,CLEAR,DRY,False,OTHER INTERSECTION COLLISIONS,REAR END,STRAIGHT & LEVEL,DAYLIGHT,,,12/6/2019 8:42:49 AM,False,7739,Accepted,
26019704,0568000,LOUISVILLE METRO POLICE DEPT,Accepted,JEFFERSON,KY0864,,POPLAR LEVEL,RD,,,INDIAN,,,,,38.171841798,-85.685233801,9.239,12/5/2019 12:00:00 AM,0845,2,2,0,0,CLEAR,DRY,False,OTHER INTERSECTION COLLISIONS,REAR END,STRAIGHT & GRADE,DAYLIGHT,,,12/6/2019 8:46:53 AM,False,5153,Accepted,
26035689,0568000,LOUISVILLE METRO POLICE DEPT,Accepted,JEFFERSON,,,TERRA CROSSING,BLVD,,KY3084,OLD HENRY,,,,,38.272087788,-85.495791315,0.068,12/5/2019 12:00:00 AM,1432,2,2,0,0,CLEAR,DRY,False,SIDESWIPE-SAME DIRECTION,SIDESWIPE-SAME DIRECTION,STRAIGHT & LEVEL,DAYLIGHT,,,12/10/2019 8:43:53 AM,False,6953,Accepted,
26019804,0568000,LOUISVILLE METRO POLICE DEPT,Accepted,JEFFERSON,US0031E,,BARDSTOWN,RD,,,ROANOKE,,,,,38.227697888,-85.700000016,14.041,12/5/2019 12:00:00 AM,1753,2,2,0,0,CLEAR,DRY,True,SIDESWIPE-SAME DIRECTION,SIDESWIPE-SAME DIRECTION,STRAIGHT & LEVEL,DARK-HWY LIGHTED/ON,,,12/6/2019 8:59:32 AM,False,7960,Accepted,
26019829,0568000,LOUISVILLE METRO POLICE DEPT,Accepted,JEFFERSON,KY0146,,LA GRANGE,RD,,,CHAMBERLAIN,,,,,38.289459671,-85.512465806,7.545,12/5/2019 12:00:00 AM,1830,3,3,0,0,CLEAR,DRY,True,SIDESWIPE-SAME DIRECTION,SIDESWIPE-SAME DIRECTION,STRAIGHT & LEVEL,DARK-HWY LIGHTED/ON,,,12/6/2019 9:00:48 AM,False,2920,Accepted,
26019705,0568000,LOUISVILLE METRO POLICE DEPT,Accepted,JEFFERSON,I 0065,,I65 N,,,I 0065,I65 N EXIT128 TRANSIT,,,,,38.159422509,-85.719730790,128.430,12/5/2019 12:00:00 AM,0950,2,2,0,0,CLEAR,DRY,False,SIDESWIPE-SAME DIRECTION,SIDESWIPE-SAME DIRECTION,STRAIGHT & GRADE,DAYLIGHT,,,12/6/2019 8:47:02 AM,False,5153,Accepted,
26019721,0568000,LOUISVILLE METRO POLICE DEPT,Accepted,JEFFERSON,,,BARRET,AVE,,US0150,BROADWAY,,,,,38.244289180,-85.733994963,0.317,12/5/2019 12:00:00 AM,1440,2,2,0,0,CLEAR,DRY,False,REAR END - ONE VEHICLE TURNING RIGHT,REAR END,STRAIGHT & LEVEL,DAYLIGHT,,,12/6/2019 8:49:15 AM,False,5243,Accepted,
26013942,0568000,LOUISVILLE METRO POLICE DEPT,Accepted,JEFFERSON,KY1747,,FERN VALLEY,RD,,,PARAMOUNT PARK,,,,,38.157084684,-85.712397436,1.085,12/5/2019 12:00:00 AM,0530,2,2,0,0,CLEAR,DRY,True,SIDESWIPE-SAME DIRECTION,SIDESWIPE-SAME DIRECTION,STRAIGHT & LEVEL,DARK-HWY LIGHTED/ON,,,12/5/2019 8:25:58 AM,False,5042,Accepted,
26019685,0568000,LOUISVILLE METRO POLICE DEPT,Accepted,JEFFERSON,,,ROY WILKINS,AVE,,,9TH,,,,,38.257519976,-85.764773262,0.002,12/5/2019 12:00:00 AM,0948,2,2,0,0,CLEAR,DRY,True,SIDESWIPE-SAME DIRECTION,SIDESWIPE-SAME DIRECTION,STRAIGHT & LEVEL,DAYLIGHT,,,12/6/2019 8:43:07 AM,False,7386,Accepted,
26019751,0568000,LOUISVILLE METRO POLICE DEPT,Accepted,JEFFERSON,,,BROOK,ST,S,,MUHAMMAD ALI,,,,,38.250475580,-85.751568772,3.196,12/5/2019 12:00:00 AM,1715,2,2,0,0,CLEAR,DRY,False,SIDESWIPE-SAME DIRECTION,SIDESWIPE-SAME DIRECTION,STRAIGHT & LEVEL,DAYLIGHT,,,12/6/2019 8:54:08 AM,False,6907,Accepted,
26019811,0568000,LOUISVILLE METRO POLICE DEPT,Accepted,JEFFERSON,,,CHAMBERLAIN,LN,,KY1447,WESTPORT,,,,,38.299381884,-85.541720567,2.111,12/5/2019 12:00:00 AM,2051,2,2,0,0,CLOUDY,DRY,False,SIDESWIPE-SAME DIRECTION,SIDESWIPE-SAME DIRECTION,STRAIGHT & LEVEL,DARK-HWY LIGHTED/ON,,,12/6/2019 8:59:57 AM,False,5155,Accepted,
26019755,0568000,LOUISVILLE METRO POLICE DEPT,Accepted,JEFFERSON,,,HAZELWOOD,AVE,,,BLUEGRASS,,,,,38.179423548,-85.788252075,0.817,12/5/2019 12:00:00 AM,1703,2,2,0,1,CLEAR,DRY,False,ANGLE COLLISION - OTHER,ANGLE,STRAIGHT & LEVEL,DAYLIGHT,,,12/6/2019 8:54:44 AM,False,7204,Accepted,
26019795,0568000,LOUISVILLE METRO POLICE DEPT,Accepted,JEFFERSON,,,7TH,ST,S,,MAGAZINE,,,,,38.248359193,-85.764201554,2.105,12/5/2019 12:00:00 AM,0851,2,2,0,0,CLEAR,DRY,False,ANGLE COLLISION - OTHER,ANGLE,STRAIGHT & LEVEL,DAYLIGHT,,,12/6/2019 8:58:34 AM,False,5168,Accepted,
26019696,0568000,LOUISVILLE METRO POLICE DEPT,Accepted,JEFFERSON,,,ENGLISH STATION,RD,S,,ACADEMY RIDGE,,,,,38.234684488,-85.497140755,4.042,12/5/2019 12:00:00 AM,1052,2,2,0,0,CLEAR,DRY,True,ANGLE COLLISION - OTHER,ANGLE,STRAIGHT & GRADE,DAYLIGHT,,,12/6/2019 8:45:05 AM,False,6953,Accepted,
26019771,0568000,LOUISVILLE METRO POLICE DEPT,Accepted,JEFFERSON,KY0061,,PRESTON,ST,S,,BRECKINRIDGE,,,,,38.240725014,-85.748320954,11.935,12/5/2019 12:00:00 AM,1655,2,2,0,0,CLEAR,DRY,False,ANGLE COLLISION - OTHER,ANGLE,STRAIGHT & LEVEL,DUSK,,,12/6/2019 8:56:45 AM,False,7322,Accepted,
26019753,0568000,LOUISVILLE METRO POLICE DEPT,Accepted,JEFFERSON,KY1703,,NEWBURG,RD,,I 0264,I264 E EXIT15 OFF RAMP TO KY1703,,,,,38.201382929,-85.687718085,2.178,12/5/2019 12:00:00 AM,1445,2,2,0,2,CLEAR,DRY,False,ANGLE COLLISION - OTHER,ANGLE,STRAIGHT & LEVEL,DAYLIGHT,,,12/6/2019 8:54:16 AM,False,7319,Accepted,
26062464,0568000,LOUISVILLE METRO POLICE DEPT,Accepted,JEFFERSON,,,1ST,ST,S,US0150,BROADWAY,,,,,38.245825173,-85.753421094,0.714,12/5/2019 12:00:00 AM,1625,2,2,0,0,CLOUDY,DRY,False,ANGLE COLLISION - OTHER,ANGLE,STRAIGHT & LEVEL,DAYLIGHT,,,12/16/2019 10:35:57 AM,False,2661,Accepted,
26019749,0568000,LOUISVILLE METRO POLICE DEPT,Accepted,JEFFERSON,,,BICKEL,AVE,,US0042,MAIN,,,,,38.253810696,-85.730030302,0.005,12/5/2019 12:00:00 AM,1725,2,2,0,0,CLEAR,DRY,False,ANGLE COLLISION - ONE VEHICLE TURNING LEFT,ANGLE,STRAIGHT & LEVEL,DUSK,,,12/6/2019 8:53:47 AM,False,2855,Accepted,
26019816,0568000,LOUISVILLE METRO POLICE DEPT,Accepted,JEFFERSON,KY1065,,OUTER,LOOP,,KY1865,NEW CUT,,,,,38.126468863,-85.776213570,1.021,12/5/2019 12:00:00 AM,0642,2,2,0,0,CLEAR,DRY,False,ANGLE COLLISION - ONE VEHICLE TURNING LEFT,ANGLE,STRAIGHT & LEVEL,DARK-HWY LIGHTED/ON,,,12/6/2019 9:00:09 AM,False,5209,Accepted,
26019801,0568000,LOUISVILLE METRO POLICE DEPT,Accepted,JEFFERSON,US0031E,,BARDSTOWN,RD,,,STEVENS,,,,,38.231364346,-85.707008846,14.500,12/5/2019 12:00:00 AM,1559,2,2,0,0,CLEAR,DRY,False,ANGLE COLLISION - OTHER,ANGLE,STRAIGHT & LEVEL,DAYLIGHT,,,12/6/2019 8:59:15 AM,False,7960,Accepted,
26019802,0568000,LOUISVILLE METRO POLICE DEPT,Accepted,JEFFERSON,US0031E,,BARDSTOWN,RD,,,SILS,,,,,38.223994204,-85.690379569,13.449,12/5/2019 12:00:00 AM,1709,2,2,0,0,CLEAR,DRY,False,ANGLE COLLISION - OTHER,ANGLE,STRAIGHT & LEVEL,DAYLIGHT,,,12/6/2019 8:59:24 AM,False,7960,Accepted,
26019908,0568000,LOUISVILLE METRO POLICE DEPT,Accepted,JEFFERSON,,,NANZ,AVE,,,MERIDIAN,,,,,38.250234720,-85.651448626,0.739,12/5/2019 12:00:00 AM,1515,2,2,0,0,CLEAR,DRY,False,ANGLE COLLISION - OTHER,ANGLE,STRAIGHT & LEVEL,DAYLIGHT,,,12/6/2019 9:05:18 AM,False,7028,Accepted,
26019741,0568000,LOUISVILLE METRO POLICE DEPT,Accepted,JEFFERSON,KY1020,,SOUTHERN,PKWY,,,FAIRMONT,,,,,38.195353913,-85.766812254,8.765,12/5/2019 12:00:00 AM,0651,2,2,0,0,CLEAR,DRY,False,ANGLE COLLISION - OTHER,ANGLE,STRAIGHT & LEVEL,DAWN,,,12/6/2019 8:52:02 AM,False,5204,Accepted,
26019776,0568000,LOUISVILLE METRO POLICE DEPT,Accepted,JEFFERSON,US0060,,SHELBYVILLE,RD,,,BROOKSIDE,,,,,38.244660330,-85.553734946,9.114,12/5/2019 12:00:00 AM,1048,2,2,0,0,CLEAR,DRY,False,ANGLE COLLISION - OTHER,ANGLE,STRAIGHT & LEVEL,DAYLIGHT,,,12/6/2019 8:57:39 AM,False,7802,Accepted,
26013935,0568000,LOUISVILLE METRO POLICE DEPT,Accepted,JEFFERSON,KY1865,,TAYLOR,BLVD,,,WALTER,,,,,38.176016497,-85.782686014,4.754,12/4/2019 12:00:00 AM,1829,2,2,0,0,CLEAR,DRY,True,ANGLE COLLISION - OTHER,ANGLE,STRAIGHT & LEVEL,DARK-HWY LIGHTED/ON,,,12/5/2019 8:25:06 AM,False,7040,Accepted,
26019740,0568000,LOUISVILLE METRO POLICE DEPT,Accepted,JEFFERSON,,,6TH,ST,S,,M,,,,,38.209417801,-85.768195492,2.512,12/4/2019 12:00:00 AM,1707,3,3,0,0,CLEAR,DRY,False,ANGLE COLLISION - OTHER,ANGLE,STRAIGHT & LEVEL,DARK-HWY NOT LIGHTED,,,12/6/2019 8:51:50 AM,False,5204,Accepted,
26013876,0568000,LOUISVILLE METRO POLICE DEPT,Accepted,JEFFERSON,,,18TH,ST,S,,JEFFERSON,,,,,38.256399432,-85.780186699,0.194,12/4/2019 12:00:00 AM,0940,2,2,0,0,CLEAR,DRY,False,ANGLE COLLISION - OTHER,ANGLE,STRAIGHT & LEVEL,DAYLIGHT,,,12/5/2019 8:18:47 AM,False,5275,Accepted,
26013884,0568000,LOUISVILLE METRO POLICE DEPT,Accepted,JEFFERSON,,,7TH,ST,S,,KENTUCKY,,,,,38.240087927,-85.764504547,1.579,12/4/2019 12:00:00 AM,0900,3,3,0,2,CLEAR,DRY,False,ANGLE COLLISION - OTHER,ANGLE,STRAIGHT & LEVEL,DAYLIGHT,,,12/5/2019 8:20:18 AM,False,5260,Accepted,
26045838,0568000,LOUISVILLE METRO POLICE DEPT,Accepted,JEFFERSON,,,BLUEGRASS,AVE,,,LONSDALE,,,,,38.179424969,-85.786385696,0.679,12/4/2019 12:00:00 AM,0700,2,2,0,1,CLEAR,DRY,False,ANGLE COLLISION - OTHER,ANGLE,STRAIGHT & LEVEL,DARK (UNKNOWN ROADWAY LIGHTING),,,12/12/2019 9:18:32 AM,False,5038,Accepted,
26040189,0568000,LOUISVILLE METRO POLICE DEPT,Accepted,JEFFERSON,,,CHESTNUT,ST,E,,HANCOCK,,,,,38.247376318,-85.743198308,0.533,12/4/2019 12:00:00 AM,1345,2,2,0,4,CLEAR,DRY,False,ANGLE COLLISION - OTHER,ANGLE,STRAIGHT & GRADE,DAYLIGHT,,,12/11/2019 8:06:56 AM,False,2661,Accepted,
26013881,0568000,LOUISVILLE METRO POLICE DEPT,Accepted,JEFFERSON,KY1020,,3RD,ST,S,,IOWA,,,,,38.207540413,-85.763457465,9.675,12/4/2019 12:00:00 AM,1017,2,2,0,0,CLEAR,DRY,True,ANGLE COLLISION - ONE VEHICLE TURNING RIGHT,ANGLE,STRAIGHT & LEVEL,DAYLIGHT,,,12/5/2019 8:19:52 AM,False,5204,Accepted,
26013820,0568000,LOUISVILLE METRO POLICE DEPT,Accepted,JEFFERSON,KY0061,,PRESTON,HWY,,I 0065,I264 W EXIT12 OFF RAMP TO,,,,,38.191856145,-85.727789731,8.318,12/4/2019 12:00:00 AM,0813,2,2,0,2,CLEAR,DRY,False,ANGLE COLLISION - ONE VEHICLE TURNING LEFT,ANGLE,STRAIGHT & LEVEL,DAYLIGHT,,,12/5/2019 8:13:01 AM,False,5288,Accepted,
26414639,0568000,LOUISVILLE METRO POLICE DEPT,Accepted,JEFFERSON,,,HILL,ST,W,,WILSON,,,,,38.230739212,-85.803305253,2.560,12/4/2019 12:00:00 AM,1223,3,3,0,0,CLEAR,DRY,False,COLLISION WITH FIXED OBJECT IN INTERSECTION - FIRST EVENT COLLISION 09 - 32,HEAD ON,STRAIGHT & LEVEL,DAYLIGHT,,,2/24/2020 9:09:52 AM,False,5032,Accepted,
26019698,0568000,LOUISVILLE METRO POLICE DEPT,Accepted,JEFFERSON,,,3RD,ST,S,,WELLINGTON,,,,,38.183907869,-85.765799004,1.155,12/4/2019 12:00:00 AM,1541,2,1,0,1,CLEAR,DRY,False,COLLISION WITH PEDESTRIAN IN INTERSECTION,SINGLE VEHICLE,STRAIGHT & LEVEL,DAYLIGHT,,,12/6/2019 8:45:42 AM,False,7301,Accepted,
26013899,0568000,LOUISVILLE METRO POLICE DEPT,Accepted,JEFFERSON,KY0864,,POPLAR LEVEL,RD,,US0060A,EASTERN,,,,,38.223711578,-85.729910168,13.690,12/4/2019 12:00:00 AM,1329,2,2,0,0,CLEAR,DRY,False,REAR END - ONE VEHICLE TURNING RIGHT,REAR END,CURVE & GRADE,DAYLIGHT,,,12/5/2019 8:22:33 AM,False,7407,Accepted,