IncidentID,AgencyORI,AgencyName,IncidentStatusDesc,County,RdwyNumber,Street,RoadwayName,StreetSfx,StreetDir,IntersectionRdwy,IntersectionRdwyName,BetweenStRdwy1,BetweenStRdwyName1,BetweenStRdwy2,BetweenStRdwyName2,Latitude,Longitude,Milepoint,CollisionDate,CollisionTime,UnitsInvolved,MotorVehiclesInvolved,NumberKilled,NumberInjured,Weather,RdwyConditionCode,HitandRun,DirAnalysisCode,MannerofCollision,RdwyCharacter,LightCondition,RampFromRdwyId,RampToRdwyId,AcceptedDate,IsSecondaryCollision,OwnerBadge,IncidentStatus,
26040211,0568000,LOUISVILLE METRO POLICE DEPT,Accepted,JEFFERSON,,,INDIAN,TRL,E,KY1703,NEWBURG,,,,,38.184476686,-85.665332421,2.630,12/4/2019 12:00:00 AM,1007,2,2,0,0,CLEAR,DRY,False,ANGLE COLLISION - OTHER,ANGLE,STRAIGHT & LEVEL,DAYLIGHT,,,12/11/2019 8:09:59 AM,False,7283,Accepted,
26013855,0568000,LOUISVILLE METRO POLICE DEPT,Accepted,JEFFERSON,,,HANCOCK,ST,S,,GRAY,,,,,38.246057666,-85.743397940,0.622,12/4/2019 12:00:00 AM,1645,2,2,0,0,CLEAR,DRY,False,ANGLE COLLISION - OTHER,ANGLE,STRAIGHT & LEVEL,DAYLIGHT,,,12/5/2019 8:16:21 AM,False,2855,Accepted,
26008731,0568000,LOUISVILLE METRO POLICE DEPT,Accepted,JEFFERSON,US0031E,,BARDSTOWN,RD,,,ICHABOD,,,,,38.131518630,-85.578180978,4.175,12/4/2019 12:00:00 AM,0500,2,2,0,0,CLEAR,DRY,False,ANGLE COLLISION - OTHER,ANGLE,STRAIGHT & LEVEL,DARK-HWY LIGHTED/OFF,,,12/4/2019 8:35:04 AM,False,5169,Accepted,
26019739,0568000,LOUISVILLE METRO POLICE DEPT,Accepted,JEFFERSON,,,4TH,ST,S,,M,,,,,38.209034916,-85.764905451,3.313,12/4/2019 12:00:00 AM,1606,2,2,0,0,CLEAR,DRY,False,ANGLE COLLISION - OTHER,ANGLE,STRAIGHT & LEVEL,DUSK,,,12/6/2019 8:51:33 AM,False,5204,Accepted,
26013888,0568000,LOUISVILLE METRO POLICE DEPT,Accepted,JEFFERSON,US0031E,,BARDSTOWN,RD,,,DEL MARIA,,,,,38.170197684,-85.607025252,7.381,12/4/2019 12:00:00 AM,1758,2,2,0,0,CLEAR,DRY,False,ANGLE COLLISION - OTHER,ANGLE,STRAIGHT & LEVEL,DARK-HWY NOT LIGHTED,,,12/5/2019 8:21:01 AM,False,7338,Accepted,
26013828,0568000,LOUISVILLE METRO POLICE DEPT,Accepted,JEFFERSON,US0031W,,22ND,ST,S,,MAIN,,,,,38.259955147,-85.786384180,20.297,12/4/2019 12:00:00 AM,1104,2,2,0,3,CLEAR,DRY,False,ANGLE COLLISION - OTHER,ANGLE,STRAIGHT & LEVEL,DAYLIGHT,,,12/5/2019 8:13:53 AM,False,7988,Accepted,
26013900,0568000,LOUISVILLE METRO POLICE DEPT,Accepted,JEFFERSON,,,4TH,ST,S,,GAULBERT,,,,,38.224701594,-85.762118060,2.222,12/4/2019 12:00:00 AM,1543,2,2,0,0,CLEAR,DRY,False,SIDESWIPE-SAME DIRECTION,SIDESWIPE-SAME DIRECTION,STRAIGHT & LEVEL,DAYLIGHT,,,12/5/2019 8:22:48 AM,False,7407,Accepted,
26013918,0568000,LOUISVILLE METRO POLICE DEPT,Accepted,JEFFERSON,,,7TH,ST,S,,HILL,,,,,38.226760761,-85.768999675,0.658,12/4/2019 12:00:00 AM,1812,2,2,0,0,CLEAR,DRY,False,SIDESWIPE-SAME DIRECTION,SIDESWIPE-SAME DIRECTION,STRAIGHT & LEVEL,DUSK,,,12/5/2019 8:23:40 AM,False,7433,Accepted,
26013858,0568000,LOUISVILLE METRO POLICE DEPT,Accepted,JEFFERSON,,,5TH,ST,S,US0031W,MARKET,,,,,38.255433867,-85.758411284,3.710,12/4/2019 12:00:00 AM,1243,2,2,0,0,CLEAR,DRY,False,SIDESWIPE-SAME DIRECTION,SIDESWIPE-SAME DIRECTION,STRAIGHT & LEVEL,DAYLIGHT,,,12/5/2019 8:16:42 AM,False,7386,Accepted,
26013857,0568000,LOUISVILLE METRO POLICE DEPT,Accepted,JEFFERSON,,,DOWNES,TER,,,DOWNES,,,,,38.157848009,-85.760467309,0.043,12/4/2019 12:00:00 AM,1643,2,2,0,0,CLEAR,DRY,False,VEHICLE BACKING IN INTERSECTION,BACKING,STRAIGHT & LEVEL,DAYLIGHT,,,12/5/2019 8:16:31 AM,False,5279,Accepted,
26013880,0568000,LOUISVILLE METRO POLICE DEPT,Accepted,JEFFERSON,KY1631,,CRITTENDEN,DR,,,PHILLIPS,,,,,38.192266345,-85.750900923,0.301,12/4/2019 12:00:00 AM,0757,2,2,0,0,CLEAR,DRY,False,VEHICLE BACKING IN INTERSECTION,BACKING,STRAIGHT & LEVEL,DAWN,,,12/5/2019 8:19:43 AM,False,5204,Accepted,
26019697,0568000,LOUISVILLE METRO POLICE DEPT,Accepted,JEFFERSON,KY1931,,MANSLICK,RD,,,ANNA,,,,,38.181255577,-85.799193740,7.377,12/4/2019 12:00:00 AM,1103,2,2,0,0,CLEAR,DRY,False,SIDESWIPE-SAME DIRECTION,SIDESWIPE-SAME DIRECTION,STRAIGHT & LEVEL,DAYLIGHT,,,12/6/2019 8:45:26 AM,False,7301,Accepted,
26019773,0568000,LOUISVILLE METRO POLICE DEPT,Accepted,JEFFERSON,,,JEFFERSON,ST,W,,7TH,,,,,38.254383906,-85.762051082,0.541,12/4/2019 12:00:00 AM,1223,2,2,0,0,CLEAR,DRY,False,SIDESWIPE-SAME DIRECTION,SIDESWIPE-SAME DIRECTION,STRAIGHT & LEVEL,DAYLIGHT,,,12/6/2019 8:57:12 AM,False,5173,Accepted,
26019728,0568000,LOUISVILLE METRO POLICE DEPT,Accepted,JEFFERSON,,,2ND,ST,N,US0031E,MAIN,,,,,38.255929082,-85.753360242,0.012,12/4/2019 12:00:00 AM,1610,2,2,0,0,CLEAR,DRY,True,SIDESWIPE-SAME DIRECTION,SIDESWIPE-SAME DIRECTION,STRAIGHT & LEVEL,DAYLIGHT,,,12/6/2019 8:50:25 AM,False,7386,Accepted,
26013889,0568000,LOUISVILLE METRO POLICE DEPT,Accepted,JEFFERSON,KY1020,,3RD,ST,S,,CARDINAL,,,,,38.220554760,-85.761176566,10.323,12/4/2019 12:00:00 AM,1047,2,2,0,0,CLEAR,DRY,True,SIDESWIPE-SAME DIRECTION,SIDESWIPE-SAME DIRECTION,STRAIGHT & LEVEL,DAYLIGHT,,,12/5/2019 8:21:11 AM,False,7322,Accepted,
26013879,0568000,LOUISVILLE METRO POLICE DEPT,Accepted,JEFFERSON,,,ST CATHERINE,ST,W,KY1020,2ND,,,,,38.237053266,-85.756588974,0.091,12/4/2019 12:00:00 AM,1504,2,2,0,0,CLEAR,DRY,False,SIDESWIPE-SAME DIRECTION,SIDESWIPE-SAME DIRECTION,STRAIGHT & LEVEL,DAYLIGHT,,,12/5/2019 8:19:34 AM,False,7441,Accepted,
26013821,0568000,LOUISVILLE METRO POLICE DEPT,Accepted,JEFFERSON,,,BROOK,ST,S,,LIBERTY,,,,,38.252374324,-85.750617642,3.338,12/4/2019 12:00:00 AM,1055,2,2,0,0,CLEAR,DRY,False,SIDESWIPE-SAME DIRECTION,SIDESWIPE-SAME DIRECTION,STRAIGHT & LEVEL,DAYLIGHT,,,12/5/2019 8:13:05 AM,False,2855,Accepted,
26040209,0568000,LOUISVILLE METRO POLICE DEPT,Accepted,JEFFERSON,KY2052,,SHEPHERDSVILLE,RD,,,RANGELAND,,,,,38.164330922,-85.659967778,1.771,12/4/2019 12:00:00 AM,1059,2,2,0,0,CLEAR,DRY,False,SIDESWIPE-SAME DIRECTION,SIDESWIPE-SAME DIRECTION,STRAIGHT & LEVEL,DAYLIGHT,,,12/11/2019 8:09:40 AM,False,7283,Accepted,
26019712,0568000,LOUISVILLE METRO POLICE DEPT,Accepted,JEFFERSON,US0031E,,BARDSTOWN,RD,,,BRENTLINGER,,,,,38.134083914,-85.579558097,4.368,12/4/2019 12:00:00 AM,1101,2,2,0,0,CLEAR,DRY,False,OTHER INTERSECTION COLLISIONS,REAR END,STRAIGHT & LEVEL,DAYLIGHT,,,12/6/2019 8:48:29 AM,False,2017,Accepted,
26013939,0568000,LOUISVILLE METRO POLICE DEPT,Accepted,JEFFERSON,KY2052,,SHEPHERDSVILLE,RD,,KY1065,OUTER,,,,,38.139172579,-85.657587219,0.013,12/4/2019 12:00:00 AM,1856,2,2,0,0,CLEAR,DRY,False,OTHER INTERSECTION COLLISIONS,REAR END,STRAIGHT & LEVEL,DARK-HWY LIGHTED/ON,,,12/5/2019 8:25:41 AM,False,5214,Accepted,
26179633,0568000,LOUISVILLE METRO POLICE DEPT,Accepted,JEFFERSON,,,GRADE LN CONN,,,,GRADE,,,,,38.168056239,-85.721444700,0.011,12/4/2019 12:00:00 AM,1702,2,2,0,0,CLEAR,DRY,False,OTHER INTERSECTION COLLISIONS,REAR END,STRAIGHT & GRADE,DAYLIGHT,,,1/13/2020 8:27:28 AM,False,7772,Accepted,
26013902,0568000,LOUISVILLE METRO POLICE DEPT,Accepted,JEFFERSON,I 0065,,I65 N,,,I 0065,I65 N EXIT136A OFF RAMP TO  S BROOK ST,,,,,38.245896531,-85.752161839,135.271,12/4/2019 12:00:00 AM,1745,2,2,0,0,CLEAR,DRY,False,OTHER INTERSECTION COLLISIONS,REAR END,STRAIGHT & LEVEL,DARK-HWY NOT LIGHTED,,,12/5/2019 8:23:22 AM,False,6907,Accepted,
26013842,0568000,LOUISVILLE METRO POLICE DEPT,Accepted,JEFFERSON,KY1934,,GREENBELT,HWY,,,LOWER HUNTERS,,,,,38.170085000,-85.875965812,6.205,12/4/2019 12:00:00 AM,0719,2,2,0,0,CLEAR,DRY,True,OTHER INTERSECTION COLLISIONS,REAR END,STRAIGHT & LEVEL,DAYLIGHT,,,12/5/2019 8:14:37 AM,False,6326,Accepted,
26013824,0568000,LOUISVILLE METRO POLICE DEPT,Accepted,JEFFERSON,KY1747,,HURSTBOURNE,PKWY,S,,SIX MILE,,,,,38.199038456,-85.602890537,9.616,12/4/2019 12:00:00 AM,1009,2,2,0,0,CLEAR,DRY,False,OTHER INTERSECTION COLLISIONS,REAR END,STRAIGHT & LEVEL,DAYLIGHT,,,12/5/2019 8:13:25 AM,False,7739,Accepted,
26062503,0568000,LOUISVILLE METRO POLICE DEPT,Accepted,JEFFERSON,KY1865,,TAYLOR,BLVD,,,BLUEGRASS,,,,,38.179578874,-85.783321164,5.027,12/4/2019 12:00:00 AM,1250,2,2,0,1,CLEAR,DRY,False,OTHER INTERSECTION COLLISIONS,REAR END,STRAIGHT & LEVEL,DAYLIGHT,,,12/16/2019 10:37:58 AM,False,5213,Accepted,
26013864,0568000,LOUISVILLE METRO POLICE DEPT,Accepted,JEFFERSON,KY0061,,PRESTON,HWY,,KY2845,MANSLICK,,,,,38.118058227,-85.677245925,2.450,12/4/2019 12:00:00 AM,1629,2,2,0,0,CLEAR,DRY,False,OTHER INTERSECTION COLLISIONS,REAR END,STRAIGHT & LEVEL,DAYLIGHT,,,12/5/2019 8:17:36 AM,False,7669,Accepted,
26013856,0568000,LOUISVILLE METRO POLICE DEPT,Accepted,JEFFERSON,KY1631,,CRITTENDEN,DR,,I 0264,I264 W EXIT11 OFF RAMP TO  CRITTENDEN DR,,,,,38.191842720,-85.750882922,0.256,12/4/2019 12:00:00 AM,1534,2,2,0,0,CLEAR,DRY,False,OTHER INTERSECTION COLLISIONS,REAR END,STRAIGHT & LEVEL,DAYLIGHT,,,12/5/2019 8:16:26 AM,False,7451,Accepted,
26013907,0568000,LOUISVILLE METRO POLICE DEPT,Accepted,JEFFERSON,KY1934,,CANE RUN,RD,,,MILLERS,,,,,38.215424843,-85.817960907,10.718,12/4/2019 12:00:00 AM,1620,2,2,0,0,CLEAR,DRY,False,OTHER INTERSECTION COLLISIONS,REAR END,STRAIGHT & LEVEL,DAYLIGHT,,,12/5/2019 8:23:31 AM,False,5032,Accepted,
26013854,0568000,LOUISVILLE METRO POLICE DEPT,Accepted,JEFFERSON,KY0061,,PRESTON,HWY,,,INDIAN,,,,,38.169706016,-85.707612760,6.417,12/4/2019 12:00:00 AM,1357,2,2,0,0,CLEAR,DRY,False,OTHER INTERSECTION COLLISIONS,REAR END,STRAIGHT & GRADE,DAYLIGHT,,,12/5/2019 8:16:08 AM,False,5153,Accepted,
26013827,0568000,LOUISVILLE METRO POLICE DEPT,Accepted,JEFFERSON,,7702,WOOD DUCK,WAY,,,,,,,,38.174781949,-85.631212811,0.037,12/4/2019 12:00:00 AM,1203,1,1,0,0,CLEAR,DRY,False,COLLISION WITH FIXED OBJECT NON - INTERSECTION - FIRST EVENT COLLISION 09 - 32 EXCLUDING 16,SINGLE VEHICLE,STRAIGHT & GRADE,DAYLIGHT,,,12/5/2019 8:13:47 AM,False,7338,Accepted,
26013817,0568000,LOUISVILLE METRO POLICE DEPT,Accepted,JEFFERSON,,,AIKEN,RD,,,,,,,,38.260655710,-85.494400967,1.759,12/4/2019 12:00:00 AM,0755,1,1,0,0,CLEAR,DRY,False,COLLISION WITH FIXED OBJECT NON - INTERSECTION - FIRST EVENT COLLISION 09 - 32 EXCLUDING 16,SINGLE VEHICLE,CURVE & LEVEL,DAYLIGHT,,,12/5/2019 8:12:34 AM,False,6953,Accepted,
26013875,0568000,LOUISVILLE METRO POLICE DEPT,Accepted,JEFFERSON,,,MUHAMMAD ALI,BLVD,E,KY0061,PRESTON,,,,,38.250021088,-85.746835363,0.721,12/4/2019 12:00:00 AM,1605,2,2,0,0,CLEAR,DRY,True,OTHER INTERSECTION COLLISIONS,REAR END,,DAYLIGHT,,,12/5/2019 8:18:41 AM,False,2661,Accepted,
26013849,0568000,LOUISVILLE METRO POLICE DEPT,Accepted,JEFFERSON,KY0907,,VALLEY STATION,RD,,,GRAFTON HALL,,,,,38.105444686,-85.855936114,0.633,12/4/2019 12:00:00 AM,1640,2,2,0,0,CLEAR,DRY,False,OTHER INTERSECTION COLLISIONS,REAR END,STRAIGHT & LEVEL,DAYLIGHT,,,12/5/2019 8:15:33 AM,False,7496,Accepted,
26013883,0568000,LOUISVILLE METRO POLICE DEPT,Accepted,JEFFERSON,KY1934,,CANE RUN,RD,,,PENWAY,,,,,38.223494899,-85.810223601,11.420,12/4/2019 12:00:00 AM,1817,2,2,0,0,CLEAR,DRY,False,OTHER INTERSECTION COLLISIONS,REAR END,STRAIGHT & LEVEL,DARK-HWY NOT LIGHTED,,,12/5/2019 8:20:14 AM,False,2569,Accepted,
26008716,0568000,LOUISVILLE METRO POLICE DEPT,Accepted,JEFFERSON,,1608,28TH,ST,S,,,,,,,38.231027397,-85.801104680,2.087,12/4/2019 12:00:00 AM,0021,2,2,0,0,CLEAR,DRY,False,1 VEHICLE PARKED POSITION (NOT PARKING LOT/DRIVEWAY),HEAD ON,STRAIGHT & LEVEL,DARK-HWY LIGHTED/ON,,,12/4/2019 8:33:08 AM,False,7466,Accepted,
26013868,0568000,LOUISVILLE METRO POLICE DEPT,Accepted,JEFFERSON,,,ALTAIR,LN,,,,,,,,38.127556318,-85.690939213,0.085,12/4/2019 12:00:00 AM,1541,2,2,0,0,CLEAR,DRY,False,1 VEHICLE PARKED POSITION (NOT PARKING LOT/DRIVEWAY),BACKING,STRAIGHT & LEVEL,DAYLIGHT,,,12/5/2019 8:17:55 AM,False,4693,Accepted,
26013941,0568000,LOUISVILLE METRO POLICE DEPT,Accepted,JEFFERSON,,7105,ETHAN ALLEN,WAY,,,,,,,,38.063539155,-85.897070494,0.350,12/4/2019 12:00:00 AM,2142,2,2,0,0,CLEAR,DRY,False,1 VEHICLE PARKED POSITION (NOT PARKING LOT/DRIVEWAY),HEAD ON,STRAIGHT & LEVEL,DARK (UNKNOWN ROADWAY LIGHTING),,,12/5/2019 8:25:52 AM,False,7483,Accepted,
26052178,0370200,KY STATE POLICE CVE,Accepted,JEFFERSON,I 0265,,I265 E,,,,,,,,,38.201355210,-85.507519874,24.000,12/4/2019 12:00:00 AM,1737,2,2,0,0,CLEAR,DRY,False,REAR END IN TRAFFIC LANES BOTH VEHICLES MOVING,REAR END,STRAIGHT & LEVEL,DAYLIGHT,,,12/13/2019 11:11:20 AM,False,C-111,Accepted,
26013929,0568000,LOUISVILLE METRO POLICE DEPT,Accepted,JEFFERSON,,,EWING,AVE,N,,,US0060,FRANKFORT,,LEXINGTON,38.253902109,-85.699947624,0.012,12/4/2019 12:00:00 AM,1130,2,2,0,0,CLOUDY,DRY,True,REAR END IN TRAFFIC LANES BOTH VEHICLES MOVING,REAR END,STRAIGHT & HILLCREST,DARK-HWY NOT LIGHTED,,,12/5/2019 8:24:47 AM,False,7793,Accepted,
26013812,0568000,LOUISVILLE METRO POLICE DEPT,Accepted,JEFFERSON,I 0264,,I264 E,,,,,,,,,38.190063088,-85.758503066,10.499,12/4/2019 12:00:00 AM,0735,2,2,0,0,CLOUDY,DRY,False,REAR END IN TRAFFIC LANES BOTH VEHICLES MOVING,REAR END,STRAIGHT & GRADE,DAWN,,,12/5/2019 8:12:12 AM,False,2000,Accepted,
26013837,0568000,LOUISVILLE METRO POLICE DEPT,Accepted,JEFFERSON,,3695,STANTON,BLVD,,,,,,,,38.213702856,-85.644122153,0.328,12/4/2019 12:00:00 AM,0706,2,2,0,0,CLEAR,DRY,False,REAR END IN TRAFFIC LANES BOTH VEHICLES MOVING,REAR END,STRAIGHT & LEVEL,DAYLIGHT,,,12/5/2019 8:14:26 AM,False,7448,Accepted,
26013846,0568000,LOUISVILLE METRO POLICE DEPT,Accepted,JEFFERSON,I 0265,,I265 E,,,,,,,,,38.196153158,-85.508121742,23.639,12/4/2019 12:00:00 AM,0720,2,2,0,0,CLEAR,DRY,False,REAR END IN TRAFFIC LANES BOTH VEHICLES MOVING,REAR END,STRAIGHT & LEVEL,DAWN,,,12/5/2019 8:15:16 AM,False,2017,Accepted,
26013865,0568000,LOUISVILLE METRO POLICE DEPT,Accepted,JEFFERSON,KY2052,,SHEPHERDSVILLE,RD,,,,,,,,38.156498349,-85.659805756,1.240,12/4/2019 12:00:00 AM,1335,3,3,0,0,CLEAR,DRY,False,REAR END IN TRAFFIC LANES BOTH VEHICLES MOVING,REAR END,STRAIGHT & LEVEL,DAYLIGHT,,,12/5/2019 8:17:43 AM,False,4693,Accepted,
26019682,0568000,LOUISVILLE METRO POLICE DEPT,Accepted,JEFFERSON,I 0264,,I264 W,,,,,,,,,38.206243747,-85.679125109,15.122,12/4/2019 12:00:00 AM,1727,2,2,0,0,CLEAR,DRY,False,REAR END IN TRAFFIC LANES BOTH VEHICLES MOVING,REAR END,CURVE & LEVEL,DAYLIGHT,,,12/6/2019 8:42:37 AM,False,7944,Accepted,
26013892,0568000,LOUISVILLE METRO POLICE DEPT,Accepted,JEFFERSON,I 0064,,I64 E,,,,,,,,,38.223267729,-85.525166127,17.920,12/4/2019 12:00:00 AM,1648,3,3,0,0,CLEAR,DRY,False,REAR END IN TRAFFIC LANES BOTH VEHICLES MOVING,REAR END,STRAIGHT & LEVEL,DAYLIGHT,,,12/5/2019 8:21:38 AM,False,7839,Accepted,
26030323,0568000,LOUISVILLE METRO POLICE DEPT,Accepted,JEFFERSON,KY0864,,POPLAR LEVEL,RD,,,,,,,,38.196231255,-85.707869531,11.395,12/4/2019 12:00:00 AM,1733,2,2,0,0,CLOUDY,DRY,False,REAR END IN TRAFFIC LANES BOTH VEHICLES MOVING,REAR END,CURVE & LEVEL,DAYLIGHT,,,12/9/2019 9:10:47 AM,False,6148,Accepted,
26013861,0568000,LOUISVILLE METRO POLICE DEPT,Accepted,JEFFERSON,KY1931,,GREENWOOD,RD,,,,,,,,38.144415247,-85.860034040,2.030,12/4/2019 12:00:00 AM,1226,3,3,0,0,CLEAR,DRY,False,REAR END IN TRAFFIC LANES BOTH VEHICLES MOVING,REAR END,STRAIGHT & LEVEL,DAYLIGHT,,,12/5/2019 8:17:16 AM,False,7234,Accepted,
26019760,0568000,LOUISVILLE METRO POLICE DEPT,Accepted,JEFFERSON,,224,OAK,ST,E,,,,,,,38.234484747,-85.754524311,0.044,12/4/2019 12:00:00 AM,1630,2,2,0,0,CLEAR,DRY,True,REAR END IN TRAFFIC LANES BOTH VEHICLES MOVING,REAR END,STRAIGHT & LEVEL,DAYLIGHT,,,12/6/2019 8:55:50 AM,False,5260,Accepted,
26020496,0560000,JEFFERSON COUNTY SHERIFF DEPT.,Accepted,JEFFERSON,,,LINDENWOOD,DR,,,,,,,,38.178666352,-85.860686160,0.004,12/4/2019 12:00:00 AM,0915,2,2,0,0,CLEAR,DRY,False,REAR END IN TRAFFIC LANES BOTH VEHICLES MOVING,REAR END,STRAIGHT & LEVEL,DAYLIGHT,,,12/6/2019 10:43:36 AM,False,3553,Accepted,
26013841,0568000,LOUISVILLE METRO POLICE DEPT,Accepted,JEFFERSON,,211,CHATTANOOGA,AVE,,,,,,,,38.129479051,-85.769904098,0.090,12/4/2019 12:00:00 AM,0600,1,1,0,1,CLEAR,DRY,False,OTHER COLLISIONS ON SHOULDER,SINGLE VEHICLE,STRAIGHT & LEVEL,DARK (UNKNOWN ROADWAY LIGHTING),,,12/5/2019 8:14:32 AM,False,6326,Accepted,
26013891,0568000,LOUISVILLE METRO POLICE DEPT,Accepted,JEFFERSON,I 0065,,I65 N,,,,,,,,,38.182874662,-85.722340270,130.097,12/4/2019 12:00:00 AM,1313,2,2,0,0,CLEAR,DRY,False,SIDESWIPE COLLISION - SAME DIRECTION,SIDESWIPE-SAME DIRECTION,STRAIGHT & LEVEL,DAYLIGHT,,,12/5/2019 8:21:31 AM,False,7839,Accepted,
26019676,0568000,LOUISVILLE METRO POLICE DEPT,Accepted,JEFFERSON,,2907,MUHAMMAD ALI,BLVD,W,,,,,,,38.255735641,-85.799578828,2.525,12/4/2019 12:00:00 AM,1712,2,2,0,0,CLEAR,DRY,True,SIDESWIPE COLLISION - SAME DIRECTION,SIDESWIPE-SAME DIRECTION,STRAIGHT & LEVEL,DUSK,,,12/6/2019 8:41:11 AM,False,7361,Accepted,
26013823,0568000,LOUISVILLE METRO POLICE DEPT,Accepted,JEFFERSON,I 0065,,,,,,,I 0065,I264 E EXIT12 ON RAMP FROM I65 N,I 0264,I264 E,38.190531484,-85.721494943,0.449,12/4/2019 12:00:00 AM,0951,2,2,0,0,CLEAR,DRY,False,SIDESWIPE COLLISION - SAME DIRECTION,SIDESWIPE-SAME DIRECTION,CURVE & GRADE,DAYLIGHT,,,12/5/2019 8:13:20 AM,False,2000,Accepted,
26013845,0568000,LOUISVILLE METRO POLICE DEPT,Accepted,JEFFERSON,,100,JEFFERSON,ST,E,,,,,,,38.253214465,-85.751385308,1.014,12/4/2019 12:00:00 AM,1530,2,2,0,0,CLEAR,DRY,False,SIDESWIPE COLLISION - SAME DIRECTION,SIDESWIPE-SAME DIRECTION,STRAIGHT & LEVEL,DAYLIGHT,,,12/5/2019 8:15:06 AM,False,2855,Accepted,
26013932,0568000,LOUISVILLE METRO POLICE DEPT,Accepted,JEFFERSON,I 0065,,I65 S,,,,,,,,,38.191236022,-85.730244365,130.808,12/4/2019 12:00:00 AM,2054,3,3,0,0,CLEAR,DRY,False,SIDESWIPE COLLISION - SAME DIRECTION,SIDESWIPE-SAME DIRECTION,STRAIGHT & GRADE,DARK-HWY LIGHTED/ON,,,12/5/2019 8:24:59 AM,False,7243,Accepted,
26013882,0568000,LOUISVILLE METRO POLICE DEPT,Accepted,JEFFERSON,US0031W,,DIXIE,HWY,,,,,,,,38.137759079,-85.843038294,11.180,12/4/2019 12:00:00 AM,1607,2,2,0,0,CLEAR,DRY,False,SIDESWIPE COLLISION - SAME DIRECTION,SIDESWIPE-SAME DIRECTION,STRAIGHT & LEVEL,DAYLIGHT,,,12/5/2019 8:19:58 AM,False,5250,Accepted,
26013860,0568000,LOUISVILLE METRO POLICE DEPT,Accepted,JEFFERSON,,,HIKES,LN,,,,,HUNSINGER,KY1932,BRECKENRIDGE,38.218285062,-85.628348009,3.045,12/4/2019 12:00:00 AM,1644,2,2,0,0,CLEAR,DRY,False,1 VEHICLE ENTERING/LEAVING ENTRANCE,ANGLE,STRAIGHT & LEVEL,DAYLIGHT,,,12/5/2019 8:17:08 AM,False,7431,Accepted,
26019700,0568000,LOUISVILLE METRO POLICE DEPT,Accepted,JEFFERSON,,4500,3RD,ST,S,,,,,,,38.189093152,-85.764888802,0.794,12/4/2019 12:00:00 AM,1531,2,2,0,0,CLEAR,DRY,True,1 VEHICLE ENTERING/LEAVING ENTRANCE,ANGLE,STRAIGHT & LEVEL,DAYLIGHT,,,12/6/2019 8:46:09 AM,False,7301,Accepted,
26013877,0568000,LOUISVILLE METRO POLICE DEPT,Accepted,JEFFERSON,,,BROADWAY,,W,,,,28TH,,27TH,38.249520214,-85.797453623,0.504,12/4/2019 12:00:00 AM,1630,2,2,0,0,CLEAR,DRY,True,1 VEHICLE ENTERING/LEAVING ENTRANCE,ANGLE,STRAIGHT & LEVEL,DAYLIGHT,,,12/5/2019 8:19:00 AM,False,5275,Accepted,
26019699,0568000,LOUISVILLE METRO POLICE DEPT,Accepted,JEFFERSON,,308,WOODLAWN,AVE,W,,,,,,,38.181667242,-85.767105582,0.729,12/4/2019 12:00:00 AM,1611,2,2,0,0,CLEAR,DRY,False,1 VEHICLE ENTERING/LEAVING ENTRANCE,ANGLE,STRAIGHT & LEVEL,DAYLIGHT,,,12/6/2019 8:45:55 AM,False,7301,Accepted,
26030641,0568000,LOUISVILLE METRO POLICE DEPT,Accepted,JEFFERSON,,3804,MAIN,ST,W,,,,,,,38.263281032,-85.811804069,1.162,12/4/2019 12:00:00 AM,1200,2,2,0,0,CLEAR,DRY,True,1 VEHICLE ENTERING/LEAVING ENTRANCE,ANGLE,STRAIGHT & HILLCREST,DAYLIGHT,,,12/9/2019 9:28:06 AM,False,7343,Accepted,
26013925,0568000,LOUISVILLE METRO POLICE DEPT,Accepted,JEFFERSON,KY0864,,BEULAH CHURCH,RD,,,,I 0265,I265 W EXIT15 ON RAMP FROM KY864,I 0265,I265 W EXIT15 OFF RAMP TO KY864,38.126522553,-85.614538258,3.496,12/4/2019 12:00:00 AM,2000,2,2,0,1,CLEAR,DRY,False,OTHER ROADWAY OR MID-BLOCK COLLISION,OPPOSING LEFT TURN,STRAIGHT & LEVEL,DARK-HWY LIGHTED/ON,,,12/5/2019 8:24:14 AM,False,6028,Accepted,
26019774,0568000,LOUISVILLE METRO POLICE DEPT,Accepted,JEFFERSON,,,ROY WILKINS,AVE,,,,,CHESTNUT,,MUHAMMAD ALI,38.250943651,-85.765627645,0.460,12/4/2019 12:00:00 AM,1500,2,2,0,0,CLEAR,DRY,False,OTHER ROADWAY OR MID-BLOCK COLLISION,REAR END,STRAIGHT & LEVEL,DAYLIGHT,,,12/6/2019 8:57:21 AM,False,5173,Accepted,
26013890,0568000,LOUISVILLE METRO POLICE DEPT,Accepted,JEFFERSON,I 0065,,I65 S,,,,,I 0065,I65 S EXIT135 OFF RAMP TO  E SAINT CATHERINE ST,I 0065,I65 S EXIT135 ON RAMP FROM  E OAK ST,38.236657856,-85.752362409,134.618,12/4/2019 12:00:00 AM,1743,2,2,0,0,CLEAR,DRY,True,VEHICLE BACKING NON INTERSECTION,BACKING,STRAIGHT & LEVEL,DUSK,,,12/5/2019 8:21:24 AM,False,7322,Accepted,