IncidentID,AgencyORI,AgencyName,IncidentStatusDesc,County,RdwyNumber,Street,RoadwayName,StreetSfx,StreetDir,IntersectionRdwy,IntersectionRdwyName,BetweenStRdwy1,BetweenStRdwyName1,BetweenStRdwy2,BetweenStRdwyName2,Latitude,Longitude,Milepoint,CollisionDate,CollisionTime,UnitsInvolved,MotorVehiclesInvolved,NumberKilled,NumberInjured,Weather,RdwyConditionCode,HitandRun,DirAnalysisCode,MannerofCollision,RdwyCharacter,LightCondition,RampFromRdwyId,RampToRdwyId,AcceptedDate,IsSecondaryCollision,OwnerBadge,IncidentStatus,
26036880,0564400,INDIAN HILLS POLICE DEPARTMENT,Accepted,JEFFERSON,US0042,3900 BLOCK,BROWNSBORO,RD,,,,,,,,38.265784986,-85.665987806,3.883,12/4/2019 12:00:00 AM,1240,2,2,0,0,CLEAR,DRY,False,OTHER ROADWAY OR MID-BLOCK COLLISION,REAR END,STRAIGHT & LEVEL,DAYLIGHT,,,12/10/2019 2:32:44 PM,False,4419,Accepted,
26013843,0568000,LOUISVILLE METRO POLICE DEPT,Accepted,JEFFERSON,KY1065,175,OUTER,LOOP,,,,,,,,38.126625574,-85.779345596,0.850,12/4/2019 12:00:00 AM,1118,2,2,0,1,CLEAR,DRY,False,OTHER ROADWAY OR MID-BLOCK COLLISION,OPPOSING LEFT TURN,STRAIGHT & LEVEL,DAYLIGHT,,,12/5/2019 8:14:45 AM,False,6326,Accepted,
26019736,0568000,LOUISVILLE METRO POLICE DEPT,Accepted,JEFFERSON,KY0864,,POPLAR LEVEL,RD,,,,,,,,38.187209108,-85.701806006,10.655,12/4/2019 12:00:00 AM,1700,2,2,0,0,CLEAR,DRY,True,OTHER ROADWAY OR MID-BLOCK COLLISION,REAR END,STRAIGHT & LEVEL,DARK-HWY LIGHTED/ON,,,12/6/2019 8:51:03 AM,False,7722,Accepted,
26019711,0568000,LOUISVILLE METRO POLICE DEPT,Accepted,JEFFERSON,I 0265,,I265 E,,,,,,,,,38.143909423,-85.557598677,18.722,12/4/2019 12:00:00 AM,1004,1,1,0,0,CLEAR,DRY,False,OTHER ROADWAY OR MID-BLOCK COLLISION,SINGLE VEHICLE,STRAIGHT & GRADE,DAYLIGHT,,,12/6/2019 8:48:13 AM,False,2017,Accepted,
26008739,0568000,LOUISVILLE METRO POLICE DEPT,Accepted,JEFFERSON,I 0071,,I71 N,,,,,,,,,38.268499071,-85.706831440,1.078,12/4/2019 12:00:00 AM,0546,2,2,0,0,CLEAR,DRY,True,OTHER ROADWAY OR MID-BLOCK COLLISION,REAR TO REAR,CURVE & GRADE,DARK-HWY LIGHTED/ON,,,12/4/2019 8:36:19 AM,False,5195,Accepted,
26013863,0568000,LOUISVILLE METRO POLICE DEPT,Accepted,JEFFERSON,US0060,,SHELBYVILLE,RD,,,,,BECKLEY WOODS,,SPREADING OAK,38.241553554,-85.498371411,12.297,12/4/2019 12:00:00 AM,1504,2,2,0,0,CLEAR,DRY,False,OTHER ROADWAY OR MID-BLOCK COLLISION,REAR END,STRAIGHT & GRADE,DAYLIGHT,,,12/5/2019 8:17:30 AM,False,6953,Accepted,
26013813,0568000,LOUISVILLE METRO POLICE DEPT,Accepted,JEFFERSON,I 0265,,I265 S,,,,,,,,,38.228139131,-85.505230521,25.820,12/4/2019 12:00:00 AM,0711,2,2,0,0,CLEAR,DRY,False,OTHER ROADWAY OR MID-BLOCK COLLISION,REAR END,STRAIGHT & LEVEL,DAWN,,,12/5/2019 8:12:19 AM,False,4903,Accepted,
26013895,0568000,LOUISVILLE METRO POLICE DEPT,Accepted,JEFFERSON,KY0146,,LA GRANGE,RD,,,,,OLIVER STATION,,FOREST SPRINGS,38.294594014,-85.507958250,8.052,12/4/2019 12:00:00 AM,1757,3,3,0,0,CLEAR,DRY,False,OTHER ROADWAY OR MID-BLOCK COLLISION,REAR END,STRAIGHT & LEVEL,DARK-HWY NOT LIGHTED,,,12/5/2019 8:21:54 AM,False,6953,Accepted,
26013894,0568000,LOUISVILLE METRO POLICE DEPT,Accepted,JEFFERSON,,4509,BROADLEAF,DR,,,,,,,,38.197831338,-85.841163412,0.146,12/4/2019 12:00:00 AM,1620,2,2,0,0,CLEAR,DRY,True,COLLISION IN PARKING LOT,SIDESWIPE-SAME DIRECTION,STRAIGHT & LEVEL,DAYLIGHT,,,12/5/2019 8:21:49 AM,False,7381,Accepted,
26013829,0568000,LOUISVILLE METRO POLICE DEPT,Accepted,JEFFERSON,KY1065,,OUTER,LOOP,,,,,,,,38.138434379,-85.682661263,6.281,12/4/2019 12:00:00 AM,1234,2,2,0,0,CLEAR,DRY,False,COLLISION IN PARKING LOT,BACKING,STRAIGHT & LEVEL,DAYLIGHT,,,12/5/2019 8:14:13 AM,False,6933,Accepted,
26019756,0568000,LOUISVILLE METRO POLICE DEPT,Accepted,JEFFERSON,I 0065,,,,,,,,,,,38.185644461,-85.724312920,0.079,12/4/2019 12:00:00 AM,1611,3,3,0,0,CLEAR,DRY,False,OTHER RAMP RELATED COLLISIONS NOT LISTED ABOVE,REAR END,STRAIGHT & GRADE,DAYLIGHT,I 0065,I 0264,12/6/2019 8:54:55 AM,False,2142,Accepted,
26013901,0568000,LOUISVILLE METRO POLICE DEPT,Accepted,JEFFERSON,I 0064,,,,,,,,,,,38.246607500,-85.700266203,0.039,12/4/2019 12:00:00 AM,1453,2,2,0,0,CLEAR,DRY,False,OTHER RAMP RELATED COLLISIONS NOT LISTED ABOVE,REAR END,CURVE & HILLCREST,DAYLIGHT,GRINSTEAD DR,I 0064,12/5/2019 8:23:17 AM,False,7960,Accepted,
26013866,0568000,LOUISVILLE METRO POLICE DEPT,Accepted,JEFFERSON,I 0065,,,,,,,,,,,38.134778065,-85.702943845,0.314,12/4/2019 12:00:00 AM,1427,2,2,0,0,CLEAR,DRY,False,OTHER RAMP RELATED COLLISIONS NOT LISTED ABOVE,SIDESWIPE-SAME DIRECTION,STRAIGHT & LEVEL,DAYLIGHT,I 0065,KY1065,12/5/2019 8:17:49 AM,False,4693,Accepted,
26013818,0568000,LOUISVILLE METRO POLICE DEPT,Accepted,JEFFERSON,I 0064,,,,,,,,,,,38.257878474,-85.723680736,0.153,12/4/2019 12:00:00 AM,0853,2,2,0,0,CLEAR,DRY,False,OTHER RAMP RELATED COLLISIONS NOT LISTED ABOVE,REAR END,CURVE & GRADE,DAYLIGHT,I 0064,STORY AVE,12/5/2019 8:12:42 AM,False,4903,Accepted,
26040198,0568000,LOUISVILLE METRO POLICE DEPT,Accepted,JEFFERSON,I 0064,,,,,,,,,,,38.224611663,-85.579310553,0.064,12/4/2019 12:00:00 AM,0932,1,1,0,1,CLEAR,DRY,False,OVERTURNED ON RAMP,SINGLE VEHICLE,STRAIGHT & LEVEL,DAYLIGHT,I 0064,KY1747,12/11/2019 8:08:18 AM,False,7628,Accepted,
26019911,0568000,LOUISVILLE METRO POLICE DEPT,Accepted,JEFFERSON,I 0071,,I-71S,,S,,,,,,,38.286751142,-85.645091763,0.335,12/4/2019 12:00:00 AM,1053,1,1,0,2,CLEAR,DRY,False,COLLISION WITH FIXED OBJECT NOT IN GORE ,SINGLE VEHICLE,CURVE & LEVEL,DAYLIGHT,I 0071,I 0264,12/6/2019 9:06:08 AM,False,7772,Accepted,
26008726,0568000,LOUISVILLE METRO POLICE DEPT,Accepted,JEFFERSON,I 0265,,,,,,,,,,,38.141901952,-85.579817178,0.349,12/3/2019 12:00:00 AM,2317,2,2,0,0,CLEAR,DRY,False,COLLISION WITH FIXED OBJECT NOT IN GORE ,ANGLE,STRAIGHT & LEVEL,DARK-HWY LIGHTED/ON,US31E,I 0265,12/4/2019 8:34:12 AM,False,5169,Accepted,
26008645,0568000,LOUISVILLE METRO POLICE DEPT,Accepted,JEFFERSON,I 0264,,,,,,,,,,,38.186461049,-85.784013339,0.019,12/3/2019 12:00:00 AM,1600,2,2,0,0,CLEAR,DRY,False,OTHER RAMP RELATED COLLISIONS NOT LISTED ABOVE,REAR END,CURVE & LEVEL,DAYLIGHT,I 0264,KY1865,12/4/2019 8:25:34 AM,False,7977,Accepted,
26008648,0568000,LOUISVILLE METRO POLICE DEPT,Accepted,JEFFERSON,I 0264,,,,,,,,,,,38.202910259,-85.691318843,0.031,12/3/2019 12:00:00 AM,1507,2,2,0,0,CLOUDY,DRY,False,OTHER RAMP RELATED COLLISIONS NOT LISTED ABOVE,SIDESWIPE-SAME DIRECTION,CURVE & GRADE,DAYLIGHT,KY1703,I 0264,12/4/2019 8:26:05 AM,False,6813,Accepted,
26008732,0568000,LOUISVILLE METRO POLICE DEPT,Accepted,JEFFERSON,KY0841,,,,,,,,,,,38.119357885,-85.748032486,0.370,12/3/2019 12:00:00 AM,0650,2,2,0,0,CLOUDY,DRY,False,OTHER RAMP RELATED COLLISIONS NOT LISTED ABOVE,REAR END,STRAIGHT & LEVEL,DARK-HWY LIGHTED/ON,KY0841,KY1020,12/4/2019 8:35:13 AM,False,7628,Accepted,
26030624,0568000,LOUISVILLE METRO POLICE DEPT,Accepted,JEFFERSON,I 0265,,,,,,,,,,,38.309176035,-85.573115914,0.211,12/3/2019 12:00:00 AM,1200,2,2,0,0,CLEAR,DRY,False,OTHER RAMP RELATED COLLISIONS NOT LISTED ABOVE,REAR END,STRAIGHT & GRADE,DAYLIGHT,I 0265,KY0022,12/9/2019 9:26:37 AM,False,7615,Accepted,
26008631,0568000,LOUISVILLE METRO POLICE DEPT,Accepted,JEFFERSON,,7533,BEECHSPRING FARM,BLVD,,,,,,,,38.306336926,-85.615995463,0.324,12/3/2019 12:00:00 AM,1118,1,1,0,1,CLOUDY,DRY,False,COLLISION IN PARKING LOT,SINGLE VEHICLE,CURVE & HILLCREST,DAYLIGHT,,,12/4/2019 8:24:42 AM,False,7751,Accepted,
26116489,0568000,LOUISVILLE METRO POLICE DEPT,Accepted,JEFFERSON,,176,KENWOOD,CT,,,,,,,,38.179351173,-85.762697552,0.024,12/3/2019 12:00:00 AM,,2,1,0,0,CLEAR,DRY,True,COLLISION IN PARKING LOT,HEAD ON,STRAIGHT & LEVEL,DARK-HWY LIGHTED/ON,,,12/30/2019 1:27:27 PM,False,7402,Accepted,
26008611,0568000,LOUISVILLE METRO POLICE DEPT,Accepted,JEFFERSON,,2710,BROADWAY,,W,,,,,,,38.249550213,-85.797512453,0.507,12/3/2019 12:00:00 AM,1630,2,2,0,0,CLOUDY,DRY,False,COLLISION IN PARKING LOT,SIDESWIPE-OPPOSITE DIRECTION,STRAIGHT & LEVEL,DAYLIGHT,,,12/4/2019 8:21:41 AM,False,7463,Accepted,
26008705,0568000,LOUISVILLE METRO POLICE DEPT,Accepted,JEFFERSON,I 0065,,I65 S,,,,,I 0065,I65 S EXIT130 ON RAMP FROM  GRADE LN,I 0065,I65 S EXIT128 OFF RAMP TO KY1631,38.165160824,-85.720916544,128.828,12/3/2019 12:00:00 AM,2016,1,1,0,0,CLEAR,DRY,False,OTHER ROADWAY OR MID-BLOCK COLLISION,SINGLE VEHICLE,STRAIGHT & LEVEL,DARK-HWY LIGHTED/OFF,,,12/4/2019 8:32:39 AM,False,7851,Accepted,
26045781,0568000,LOUISVILLE METRO POLICE DEPT,Accepted,JEFFERSON,KY1020,,2ND,ST,S,,,,HILL,,BURNETT,38.226891150,-85.758378923,10.780,12/3/2019 12:00:00 AM,1316,2,2,0,0,CLEAR,DRY,False,OTHER ROADWAY OR MID-BLOCK COLLISION,REAR END,STRAIGHT & LEVEL,DAYLIGHT,,,12/12/2019 9:11:29 AM,False,7619,Accepted,
26008661,0568000,LOUISVILLE METRO POLICE DEPT,Accepted,JEFFERSON,,,CHESTNUT,ST,W,,,KY1020,3RD,,4TH,38.248782018,-85.756412997,2.444,12/3/2019 12:00:00 AM,1645,2,2,0,0,CLOUDY,DRY,False,OTHER ROADWAY OR MID-BLOCK COLLISION,REAR END,STRAIGHT & LEVEL,DUSK,,,12/4/2019 8:28:22 AM,False,2885,Accepted,
26008677,0568000,LOUISVILLE METRO POLICE DEPT,Accepted,JEFFERSON,,,MARKET,ST,W,,,,,,,38.262783054,-85.816635546,1.672,12/3/2019 12:00:00 AM,1915,2,2,0,1,CLEAR,DRY,True,OTHER ROADWAY OR MID-BLOCK COLLISION,REAR END,STRAIGHT & LEVEL,DARK-HWY LIGHTED/ON,,,12/4/2019 8:29:39 AM,False,5216,Accepted,
26008635,0568000,LOUISVILLE METRO POLICE DEPT,Accepted,JEFFERSON,KY1747,,HURSTBOURNE,PKWY,N,,,KY1447,WESTPORT,KY1747,KY1747 CROSSOVER,38.286486666,-85.571296444,16.945,12/3/2019 12:00:00 AM,1235,2,2,0,0,CLOUDY,DRY,False,OTHER ROADWAY OR MID-BLOCK COLLISION,REAR END,STRAIGHT & LEVEL,DAYLIGHT,,,12/4/2019 8:24:53 AM,False,7751,Accepted,
26008649,0568000,LOUISVILLE METRO POLICE DEPT,Accepted,JEFFERSON,US0031E,,BARDSTOWN,RD,,,,,,,,38.210831482,-85.670790286,12.010,12/3/2019 12:00:00 AM,1650,2,2,0,0,CLOUDY,DRY,False,VEHICLE BACKING NON INTERSECTION,BACKING,STRAIGHT & LEVEL,DAYLIGHT,,,12/4/2019 8:26:15 AM,False,6813,Accepted,
26008615,0568000,LOUISVILLE METRO POLICE DEPT,Accepted,JEFFERSON,KY1747,,HURSTBOURNE,PKWY,S,,,,,,,38.220198389,-85.581455888,11.635,12/3/2019 12:00:00 AM,1459,2,2,0,0,CLOUDY,DRY,False,1 VEHICLE ENTERING/LEAVING ENTRANCE,ANGLE,STRAIGHT & LEVEL,DAYLIGHT,,,12/4/2019 8:22:32 AM,False,6100,Accepted,
26008583,0568000,LOUISVILLE METRO POLICE DEPT,Accepted,JEFFERSON,US0060A,,EASTERN,PKWY,,,,,FERNWOOD,,NORRIS,38.231611451,-85.709987611,6.785,12/3/2019 12:00:00 AM,1004,2,2,0,0,CLOUDY,DRY,False,1 VEHICLE ENTERING/LEAVING ENTRANCE,ANGLE,STRAIGHT & LEVEL,DAYLIGHT,,,12/4/2019 8:15:36 AM,False,7900,Accepted,
26008547,0568000,LOUISVILLE METRO POLICE DEPT,Accepted,JEFFERSON,KY1703,,NEWBURG,RD,,,,,,,,38.201932420,-85.688790999,2.252,12/3/2019 12:00:00 AM,0710,2,2,0,0,CLEAR,DRY,False,1 VEHICLE ENTERING/LEAVING ENTRANCE,ANGLE,STRAIGHT & HILLCREST,DAWN,,,12/4/2019 8:11:09 AM,False,7284,Accepted,
26019707,0568000,LOUISVILLE METRO POLICE DEPT,Accepted,JEFFERSON,US0060,,SHELBYVILLE,RD,,,,,,,,38.238895151,-85.488330590,12.896,12/3/2019 12:00:00 AM,1830,2,2,0,0,CLEAR,DRY,False,1 VEHICLE ENTERING/LEAVING ENTRANCE,ANGLE,STRAIGHT & GRADE,DUSK,,,12/6/2019 8:47:26 AM,False,6532,Accepted,
26008543,0568000,LOUISVILLE METRO POLICE DEPT,Accepted,JEFFERSON,,529,FORUM,AVE,,,,,,,,38.174429228,-85.772458952,0.111,12/3/2019 12:00:00 AM,0657,2,2,0,0,CLEAR,DRY,True,1 VEHICLE ENTERING/LEAVING ENTRANCE,ANGLE,STRAIGHT & LEVEL,DAWN,,,12/4/2019 8:10:48 AM,False,5237,Accepted,
26008604,0568000,LOUISVILLE METRO POLICE DEPT,Accepted,JEFFERSON,US0150,,BROADWAY,,E,,,,RUBEL,,ST ANTHONY,38.243951025,-85.729538016,3.958,12/3/2019 12:00:00 AM,1515,2,2,0,0,CLOUDY,DRY,False,1 VEHICLE ENTERING/LEAVING ENTRANCE,ANGLE,STRAIGHT & LEVEL,DAYLIGHT,,,12/4/2019 8:19:58 AM,False,7900,Accepted,
26008715,0568000,LOUISVILLE METRO POLICE DEPT,Accepted,JEFFERSON,I 0064,,I64 E,,,,,,,,,38.274927387,-85.814980534,0.673,12/3/2019 12:00:00 AM,1917,2,2,0,0,CLEAR,DRY,True,SIDESWIPE COLLISION - SAME DIRECTION,SIDESWIPE-SAME DIRECTION,CURVE & GRADE,DARK-HWY LIGHTED/ON,,,12/4/2019 8:33:00 AM,False,7243,Accepted,
26008597,0568000,LOUISVILLE METRO POLICE DEPT,Accepted,JEFFERSON,I 0065,125,I65 N,,,,,,,,,38.119039784,-85.701604292,125.439,12/3/2019 12:00:00 AM,0933,2,2,0,0,CLEAR,DRY,False,SIDESWIPE COLLISION - SAME DIRECTION,SIDESWIPE-SAME DIRECTION,CURVE & HILLCREST,DAYLIGHT,,,12/4/2019 8:18:25 AM,False,7799,Accepted,
26008617,0568000,LOUISVILLE METRO POLICE DEPT,Accepted,JEFFERSON,KY1065,,OUTER,LOOP,,,,I 0065,I65 N EXIT127 ON RAMP FROM KY1065,I 0065,I65 N EXIT127 OFF RAMP TO KY1065,38.136332261,-85.700621761,5.269,12/3/2019 12:00:00 AM,1725,2,2,0,0,CLEAR,DRY,False,SIDESWIPE COLLISION - SAME DIRECTION,SIDESWIPE-SAME DIRECTION,STRAIGHT & LEVEL,DUSK,,,12/4/2019 8:23:03 AM,False,7397,Accepted,
26008624,0568000,LOUISVILLE METRO POLICE DEPT,Accepted,JEFFERSON,I 0264,,I264 E,,,,,,,,,38.200505461,-85.696673594,14.069,12/3/2019 12:00:00 AM,1727,2,2,0,0,CLEAR,DRY,False,SIDESWIPE COLLISION - SAME DIRECTION,SIDESWIPE-SAME DIRECTION,STRAIGHT & GRADE,DAWN,,,12/4/2019 8:23:54 AM,False,5019,Accepted,
26002667,0568000,LOUISVILLE METRO POLICE DEPT,Accepted,JEFFERSON,I 0064,,I64 E,,,,,,,,,38.272581615,-85.784913491,2.492,12/3/2019 12:00:00 AM,0528,2,2,0,2,CLEAR,DRY,False,SIDESWIPE COLLISION - SAME DIRECTION,SIDESWIPE-SAME DIRECTION,CURVE & LEVEL,DARK-HWY LIGHTED/ON,,,12/3/2019 7:39:41 AM,False,7173,Accepted,
26008616,0568000,LOUISVILLE METRO POLICE DEPT,Accepted,JEFFERSON,,,ORMSBY,AVE,W,,,,4TH,,GARVIN,38.232869324,-85.760737972,0.271,12/3/2019 12:00:00 AM,1543,2,2,0,0,CLOUDY,DRY,False,SIDESWIPE COLLISION - OPPOSITE DIRECTION,SIDESWIPE-OPPOSITE DIRECTION,STRAIGHT & LEVEL,DAYLIGHT,,,12/4/2019 8:22:44 AM,False,2499,Accepted,
26064769,0568000,LOUISVILLE METRO POLICE DEPT,Accepted,JEFFERSON,,,16TH,ST,S,,,,CHESTNUT,,MADISON,38.251801383,-85.777625503,0.489,12/3/2019 12:00:00 AM,1740,2,2,0,0,CLEAR,DRY,False,SIDESWIPE COLLISION - SAME DIRECTION,SIDESWIPE-SAME DIRECTION,STRAIGHT & LEVEL,DARK-HWY LIGHTED/ON,,,12/16/2019 3:40:14 PM,False,7947,Accepted,
26008728,0568000,LOUISVILLE METRO POLICE DEPT,Accepted,JEFFERSON,,2315,UPPER HUNTERS,TRCE,,,,,,,,38.167092924,-85.840474963,0.677,12/3/2019 12:00:00 AM,2137,3,3,0,3,CLEAR,DRY,False,HEAD-ON COLLISION,HEAD ON,CURVE & LEVEL,DARK-HWY LIGHTED/ON,,,12/4/2019 8:34:34 AM,False,7166,Accepted,
26008713,0568000,LOUISVILLE METRO POLICE DEPT,Accepted,JEFFERSON,I 0064,,I64 E,,,,,,,,,38.275006901,-85.817095897,0.552,12/3/2019 12:00:00 AM,1900,2,2,0,0,CLEAR,DRY,True,SIDESWIPE COLLISION - SAME DIRECTION,SIDESWIPE-SAME DIRECTION,CURVE & GRADE,DARK-HWY LIGHTED/ON,,,12/4/2019 8:32:52 AM,False,7243,Accepted,
26008687,0568000,LOUISVILLE METRO POLICE DEPT,Accepted,JEFFERSON,US0060,,SHELBYVILLE,RD,,,,,,,,38.246717778,-85.580554561,7.607,12/3/2019 12:00:00 AM,2308,2,2,0,0,CLEAR,DRY,True,SIDESWIPE COLLISION - SAME DIRECTION,SIDESWIPE-SAME DIRECTION,STRAIGHT & LEVEL,DARK-HWY LIGHTED/ON,,,12/4/2019 8:30:45 AM,False,7096,Accepted,
26008586,0568000,LOUISVILLE METRO POLICE DEPT,Accepted,JEFFERSON,I 0264,,I264 E,,,,,,,,,38.285897822,-85.642935573,22.653,12/3/2019 12:00:00 AM,0714,4,4,0,0,CLOUDY,DRY,False,SIDESWIPE COLLISION - SAME DIRECTION,SIDESWIPE-SAME DIRECTION,STRAIGHT & LEVEL,DAYLIGHT,,,12/4/2019 8:16:34 AM,False,4903,Accepted,
26019708,0568000,LOUISVILLE METRO POLICE DEPT,Accepted,JEFFERSON,I 0064,,I64 E,,,,,,,,,38.222763033,-85.519689747,18.215,12/3/2019 12:00:00 AM,1900,2,2,0,0,CLEAR,DRY,False,REAR END IN TRAFFIC LANES BOTH VEHICLES MOVING,REAR END,STRAIGHT & GRADE,DUSK,,,12/6/2019 8:47:35 AM,False,6532,Accepted,
26008738,0568000,LOUISVILLE METRO POLICE DEPT,Accepted,JEFFERSON,I 0265,,I265 E,,,,,,,,,38.112027184,-85.690746399,10.863,12/3/2019 12:00:00 AM,1706,3,3,0,0,CLEAR,DRY,False,REAR END IN TRAFFIC LANES BOTH VEHICLES MOVING,REAR END,STRAIGHT & GRADE,DUSK,,,12/4/2019 8:36:07 AM,False,8278,Accepted,
26008652,0568000,LOUISVILLE METRO POLICE DEPT,Accepted,JEFFERSON,I 0264,,I264 E,,,,,,,,,38.198665108,-85.703270730,13.629,12/3/2019 12:00:00 AM,1730,2,2,0,1,CLEAR,DRY,False,REAR END IN TRAFFIC LANES BOTH VEHICLES MOVING,REAR END,STRAIGHT & GRADE,DARK-HWY LIGHTED/ON,,,12/4/2019 8:26:58 AM,False,5130,Accepted,
26008668,0568000,LOUISVILLE METRO POLICE DEPT,Accepted,JEFFERSON,KY1065,,OUTER,LOOP,,,,,,,,38.138075016,-85.681853462,6.327,12/3/2019 12:00:00 AM,1817,2,2,0,0,CLEAR,DRY,False,REAR END IN TRAFFIC LANES BOTH VEHICLES MOVING,REAR END,STRAIGHT & LEVEL,DAYLIGHT,,,12/4/2019 8:28:50 AM,False,5101,Accepted,
26008659,0568000,LOUISVILLE METRO POLICE DEPT,Accepted,JEFFERSON,KY1934,,CANE RUN,RD,,,,,,,,38.184112548,-85.854847797,7.797,12/3/2019 12:00:00 AM,0949,2,2,0,0,CLOUDY,DRY,False,REAR END IN TRAFFIC LANES BOTH VEHICLES MOVING,REAR END,STRAIGHT & LEVEL,DAYLIGHT,,,12/4/2019 8:28:05 AM,False,7234,Accepted,
26008639,0568000,LOUISVILLE METRO POLICE DEPT,Accepted,JEFFERSON,KY1747,,HURSTBOURNE,PKWY,S,,,US0060,SHELBYVILLE,KY1747,KY1747 CROSSOVER,38.246070650,-85.576727883,13.480,12/3/2019 12:00:00 AM,1644,2,2,0,0,CLOUDY,DRY,False,REAR END IN TRAFFIC LANES BOTH VEHICLES MOVING,REAR END,STRAIGHT & LEVEL,DUSK,,,12/4/2019 8:25:01 AM,False,7751,Accepted,
26045681,0568000,LOUISVILLE METRO POLICE DEPT,Accepted,JEFFERSON,,,GRADE,LN,,,,,FERN GRADE,,GRADE LN CONN,38.163146804,-85.721718651,1.286,12/3/2019 12:00:00 AM,0615,3,3,0,0,CLEAR,DRY,False,REAR END IN TRAFFIC LANES BOTH VEHICLES MOVING,REAR END,STRAIGHT & LEVEL,DAWN,,,12/12/2019 9:03:19 AM,False,7720,Accepted,
26008610,0568000,LOUISVILLE METRO POLICE DEPT,Accepted,JEFFERSON,KY1065,,OUTER,LOOP,,,,,,,,38.138932527,-85.656985812,7.689,12/3/2019 12:00:00 AM,1031,3,3,0,0,CLOUDY,DRY,False,REAR END IN TRAFFIC LANES BOTH VEHICLES MOVING,REAR END,STRAIGHT & LEVEL,DAYLIGHT,,,12/4/2019 8:21:28 AM,False,4693,Accepted,
26030625,0568000,LOUISVILLE METRO POLICE DEPT,Accepted,JEFFERSON,I 0265,,I265 N,,,,,,,,,38.291509062,-85.538683469,31.849,12/3/2019 12:00:00 AM,1803,5,5,0,0,CLEAR,DRY,False,REAR END IN TRAFFIC LANES BOTH VEHICLES MOVING,REAR END,STRAIGHT & LEVEL,DARK-HWY LIGHTED/OFF,,,12/9/2019 9:26:43 AM,False,7615,Accepted,
26005165,0560300,ST. MATTHEWS POLICE DEPARTMENT,Accepted,JEFFERSON,I 0064,,I64 E,,,,,,,,,38.235237688,-85.652790867,10.849,12/3/2019 12:00:00 AM,0910,2,2,0,0,CLOUDY,DRY,False,REAR END IN TRAFFIC LANES BOTH VEHICLES MOVING,REAR END,STRAIGHT & LEVEL,DAYLIGHT,,,12/3/2019 2:24:31 PM,False,9155,Accepted,
26008601,0568000,LOUISVILLE METRO POLICE DEPT,Accepted,JEFFERSON,I 0265,,I265 E,,,,,I 0265,I265 E EXIT23 OFF RAMP TO KY155,I 0265,I265 E EXIT19 ON RAMP FROM KY1819,38.168223790,-85.519299279,21.528,12/3/2019 12:00:00 AM,0750,2,2,0,0,CLOUDY,DRY,False,REAR END IN TRAFFIC LANES BOTH VEHICLES MOVING,REAR END,STRAIGHT & LEVEL,DAYLIGHT,,,12/4/2019 8:18:51 AM,False,7018,Accepted,
26008656,0568000,LOUISVILLE METRO POLICE DEPT,Accepted,JEFFERSON,US0060,,SHELBYVILLE,RD,,,,,,,,38.248624451,-85.603444310,6.405,12/3/2019 12:00:00 AM,1826,2,2,0,0,CLEAR,DRY,False,REAR END IN TRAFFIC LANES BOTH VEHICLES MOVING,REAR END,STRAIGHT & LEVEL,DARK (UNKNOWN ROADWAY LIGHTING),,,12/4/2019 8:27:30 AM,False,7899,Accepted,
26008657,0568000,LOUISVILLE METRO POLICE DEPT,Accepted,JEFFERSON,US0060,,SHELBYVILLE,RD,,,,,,,,38.245235911,-85.561212867,8.717,12/3/2019 12:00:00 AM,1754,2,2,0,0,CLEAR,DRY,False,REAR END IN TRAFFIC LANES BOTH VEHICLES MOVING,REAR END,STRAIGHT & LEVEL,DARK (UNKNOWN ROADWAY LIGHTING),,,12/4/2019 8:27:40 AM,False,7899,Accepted,
26008626,0568000,LOUISVILLE METRO POLICE DEPT,Accepted,JEFFERSON,,,WELLSWORTH,AVE,,,,,AVALON,,LANDRUM,38.168775288,-85.837082142,0.083,12/3/2019 12:00:00 AM,1640,2,2,0,0,CLEAR,DRY,False,REAR END IN TRAFFIC LANES BOTH VEHICLES MOVING,REAR END,STRAIGHT & LEVEL,DAWN,,,12/4/2019 8:24:05 AM,False,5266,Accepted,
26008620,0568000,LOUISVILLE METRO POLICE DEPT,Accepted,JEFFERSON,,2415,DUMESNIL,ST,,,,,,,,38.236780880,-85.793730137,1.464,12/3/2019 12:00:00 AM,0809,2,2,0,0,CLOUDY,DRY,True,1 VEHICLE PARKED POSITION (NOT PARKING LOT/DRIVEWAY),REAR END,STRAIGHT & LEVEL,DAYLIGHT,,,12/4/2019 8:23:24 AM,False,5151,Accepted,
26008621,0568000,LOUISVILLE METRO POLICE DEPT,Accepted,JEFFERSON,,512,MARSHALL,CT,,,,,,,,38.250347742,-85.743774830,0.050,12/3/2019 12:00:00 AM,1551,2,2,0,0,CLEAR,DRY,True,1 VEHICLE PARKED POSITION (NOT PARKING LOT/DRIVEWAY),REAR END,STRAIGHT & LEVEL,DAYLIGHT,,,12/4/2019 8:23:36 AM,False,5265,Accepted,
26008651,0568000,LOUISVILLE METRO POLICE DEPT,Accepted,JEFFERSON,I 0264,,I264 E,,,,,,,,,38.193843432,-85.709992045,13.200,12/3/2019 12:00:00 AM,0820,1,1,0,1,CLOUDY,DRY,False,COLLISION WITH FIXED OBJECT NON - INTERSECTION - FIRST EVENT COLLISION 09 - 32 EXCLUDING 16,SINGLE VEHICLE,STRAIGHT & HILLCREST,DAYLIGHT,,,12/4/2019 8:26:43 AM,False,5130,Accepted,