IncidentID,AgencyORI,AgencyName,IncidentStatusDesc,County,RdwyNumber,Street,RoadwayName,StreetSfx,StreetDir,IntersectionRdwy,IntersectionRdwyName,BetweenStRdwy1,BetweenStRdwyName1,BetweenStRdwy2,BetweenStRdwyName2,Latitude,Longitude,Milepoint,CollisionDate,CollisionTime,UnitsInvolved,MotorVehiclesInvolved,NumberKilled,NumberInjured,Weather,RdwyConditionCode,HitandRun,DirAnalysisCode,MannerofCollision,RdwyCharacter,LightCondition,RampFromRdwyId,RampToRdwyId,AcceptedDate,IsSecondaryCollision,OwnerBadge,IncidentStatus,
26008717,0568000,LOUISVILLE METRO POLICE DEPT,Accepted,JEFFERSON,,,BROOK,ST,S,,,,,,,38.220435467,-85.756389571,1.095,12/3/2019 12:00:00 AM,2354,2,2,0,1,CLEAR,DRY,False,1 VEHICLE PARKED POSITION (NOT PARKING LOT/DRIVEWAY),SIDESWIPE-SAME DIRECTION,CURVE & LEVEL,DARK-HWY LIGHTED/ON,,,12/4/2019 8:33:18 AM,False,5022,Accepted,
26008598,0568000,LOUISVILLE METRO POLICE DEPT,Accepted,JEFFERSON,,127,SCOTTSDALE,BLVD,,,,,,,,38.139649589,-85.766795437,0.394,12/3/2019 12:00:00 AM,,2,2,0,0,CLOUDY,DRY,True,1 VEHICLE PARKED POSITION (NOT PARKING LOT/DRIVEWAY),,STRAIGHT & LEVEL,DAYLIGHT,,,12/4/2019 8:18:38 AM,False,6326,Accepted,
26008609,0568000,LOUISVILLE METRO POLICE DEPT,Accepted,JEFFERSON,US0150,700BLK,BROADWAY,,E,,,,,,,38.244741562,-85.741218984,3.321,12/3/2019 12:00:00 AM,1519,2,2,0,0,CLEAR,DRY,True,1 VEHICLE PARKED POSITION (NOT PARKING LOT/DRIVEWAY),BACKING,STRAIGHT & LEVEL,DAYLIGHT,,,12/4/2019 8:21:07 AM,False,7406,Accepted,
26008682,0568000,LOUISVILLE METRO POLICE DEPT,Accepted,JEFFERSON,KY1065,,OUTER,LOOP,,,GRADE,,,,,38.129868267,-85.737123180,3.191,12/3/2019 12:00:00 AM,1826,2,2,0,0,CLEAR,DRY,False,OTHER INTERSECTION COLLISIONS,REAR END,STRAIGHT & LEVEL,DARK-HWY LIGHTED/OFF,,,12/4/2019 8:30:03 AM,False,7016,Accepted,
26008689,0568000,LOUISVILLE METRO POLICE DEPT,Accepted,JEFFERSON,US0042,,STORY,AVE,,,BUCHANAN,,,,,38.255107920,-85.729999782,0.155,12/3/2019 12:00:00 AM,2219,2,2,0,0,CLEAR,DRY,False,OTHER INTERSECTION COLLISIONS,REAR TO REAR,CURVE & LEVEL,DARK-HWY LIGHTED/ON,,,12/4/2019 8:30:55 AM,False,5195,Accepted,
26008740,0568000,LOUISVILLE METRO POLICE DEPT,Accepted,JEFFERSON,KY0146,,LA GRANGE,RD,,,CHAMBERLAIN,,,,,38.289426033,-85.512247853,7.555,12/3/2019 12:00:00 AM,2004,2,2,0,0,CLEAR,DRY,False,OTHER INTERSECTION COLLISIONS,REAR END,STRAIGHT & LEVEL,DARK-HWY LIGHTED/ON,,,12/4/2019 8:36:30 AM,False,7159,Accepted,
26008558,0568000,LOUISVILLE METRO POLICE DEPT,Accepted,JEFFERSON,KY2053,,MT WASHINGTON,RD,,KY0061,PRESTON,,,,,38.092875520,-85.669001772,0.005,12/3/2019 12:00:00 AM,0643,2,2,0,0,CLOUDY,DRY,False,OTHER INTERSECTION COLLISIONS,REAR END,STRAIGHT & LEVEL,DARK-HWY NOT LIGHTED,,,12/4/2019 8:12:13 AM,False,2017,Accepted,
26008640,0568000,LOUISVILLE METRO POLICE DEPT,Accepted,JEFFERSON,,,MCCAWLEY,RD,,,JEFFERSON,,,,,38.143802335,-85.674894179,0.837,12/3/2019 12:00:00 AM,1806,2,2,0,0,CLEAR,DRY,False,OTHER INTERSECTION COLLISIONS,REAR END,STRAIGHT & LEVEL,DARK-HWY LIGHTED/ON,,,12/4/2019 8:25:11 AM,False,7397,Accepted,
26008608,0568000,LOUISVILLE METRO POLICE DEPT,Accepted,JEFFERSON,US0042,,BROWNSBORO,RD,,,INDIAN RIDGE,,,,,38.275320679,-85.643365305,5.285,12/3/2019 12:00:00 AM,1442,2,2,0,0,CLEAR,DRY,False,OTHER INTERSECTION COLLISIONS,REAR END,STRAIGHT & LEVEL,DAYLIGHT,,,12/4/2019 8:20:49 AM,False,7632,Accepted,
26008549,0568000,LOUISVILLE METRO POLICE DEPT,Accepted,JEFFERSON,KY0864,,POPLAR LEVEL,RD,,,BISHOP,,,,,38.184743119,-85.699818438,10.453,12/3/2019 12:00:00 AM,0725,2,2,0,0,CLEAR,DRY,False,OTHER INTERSECTION COLLISIONS,REAR END,STRAIGHT & LEVEL,DAWN,,,12/4/2019 8:11:25 AM,False,5019,Accepted,
26008613,0568000,LOUISVILLE METRO POLICE DEPT,Accepted,JEFFERSON,US0031E,,BUECHEL,BYP,,,BUECHEL BANK,,,,,38.190671651,-85.647705082,10.039,12/3/2019 12:00:00 AM,1701,2,2,0,0,CLEAR,DRY,False,OTHER INTERSECTION COLLISIONS,REAR END,STRAIGHT & LEVEL,DARK-HWY LIGHTED/ON,,,12/4/2019 8:22:11 AM,False,7303,Accepted,
26008719,0568000,LOUISVILLE METRO POLICE DEPT,Accepted,JEFFERSON,KY1934,,CANE RUN,RD,,KY1727,TERRY,,,,,38.178045287,-85.862101706,7.192,12/3/2019 12:00:00 AM,2213,2,2,0,0,CLEAR,DRY,False,OTHER INTERSECTION COLLISIONS,REAR END,STRAIGHT & LEVEL,DARK-HWY LIGHTED/ON,,,12/4/2019 8:33:37 AM,False,5224,Accepted,
26008654,0568000,LOUISVILLE METRO POLICE DEPT,Accepted,JEFFERSON,,,FEGENBUSH,LN,,,BURNT PINE,,,,,38.171735701,-85.639914852,1.074,12/3/2019 12:00:00 AM,1840,2,1,0,1,CLEAR,DRY,True,OTHER INTERSECTION COLLISIONS,SINGLE VEHICLE,STRAIGHT & LEVEL,DARK-HWY LIGHTED/ON,,,12/4/2019 8:27:12 AM,False,7303,Accepted,
26008655,0568000,LOUISVILLE METRO POLICE DEPT,Accepted,JEFFERSON,,,EASTPOINT,PKWY,,,NELSON MILLER,,,,,38.279344629,-85.512265525,1.548,12/3/2019 12:00:00 AM,1640,2,2,0,0,CLEAR,DRY,False,OTHER INTERSECTION COLLISIONS,REAR END,STRAIGHT & GRADE,DAYLIGHT,,,12/4/2019 8:27:21 AM,False,7899,Accepted,
26030393,0568000,LOUISVILLE METRO POLICE DEPT,Accepted,JEFFERSON,,,BASHFORD MANOR,LN,,KY1703,NEWBURG,,,,,38.195356438,-85.679183921,0.952,12/3/2019 12:00:00 AM,0841,2,2,0,0,CLOUDY,DRY,False,OTHER INTERSECTION COLLISIONS,REAR END,STRAIGHT & LEVEL,DAYLIGHT,,,12/9/2019 9:15:11 AM,False,5292,Accepted,
26045864,0568000,LOUISVILLE METRO POLICE DEPT,Accepted,JEFFERSON,,,GOLDSMITH,LN,,US0031E,BARDSTOWN,,,,,38.208514398,-85.668917363,1.056,12/3/2019 12:00:00 AM,0721,3,3,0,2,CLEAR,DRY,False,OTHER INTERSECTION COLLISIONS,REAR END,STRAIGHT & LEVEL,DAYLIGHT,,,12/12/2019 9:21:33 AM,False,7200,Accepted,
26008606,0568000,LOUISVILLE METRO POLICE DEPT,Accepted,JEFFERSON,,,2ND,ST,N,US0031E,MAIN,,,,,38.256279736,-85.753343638,0.002,12/3/2019 12:00:00 AM,1421,2,2,0,0,CLEAR,DRY,False,SIDESWIPE-SAME DIRECTION,SIDESWIPE-SAME DIRECTION,STRAIGHT & GRADE,DAYLIGHT,,,12/4/2019 8:20:22 AM,False,5295,Accepted,
26008582,0568000,LOUISVILLE METRO POLICE DEPT,Accepted,JEFFERSON,,,STORAGE,WAY,,US0031E,BARDSTOWN,,,,,38.154182608,-85.589264751,0.001,12/3/2019 12:00:00 AM,0929,2,2,0,0,CLOUDY,DRY,False,VEHICLE BACKING IN INTERSECTION,BACKING,STRAIGHT & LEVEL,DAYLIGHT,,,12/4/2019 8:15:24 AM,False,7755,Accepted,
26008751,0568000,LOUISVILLE METRO POLICE DEPT,Accepted,JEFFERSON,US0031W,,DIXIE,HWY,,,PENDLETON,,,,,38.062283514,-85.886516260,5.291,12/3/2019 12:00:00 AM,2218,2,2,0,4,CLEAR,DRY,False,OPPOSING LEFT TURN,OPPOSING LEFT TURN,STRAIGHT & LEVEL,DARK-HWY LIGHTED/ON,,,12/4/2019 8:38:12 AM,False,7908,Accepted,
26008730,0568000,LOUISVILLE METRO POLICE DEPT,Accepted,JEFFERSON,US0031E,,BARDSTOWN,RD,,,BASHFORD MANOR,,,,,38.202870998,-85.664603944,11.341,12/3/2019 12:00:00 AM,2058,2,2,0,1,CLEAR,DRY,False,OPPOSING LEFT TURN,OPPOSING LEFT TURN,STRAIGHT & LEVEL,DARK-HWY LIGHTED/ON,,,12/4/2019 8:34:51 AM,False,5233,Accepted,
26008595,0568000,LOUISVILLE METRO POLICE DEPT,Accepted,JEFFERSON,,,DIXIE,HWY,,,BOLLING,,,,,38.229212063,-85.790117015,1.430,12/3/2019 12:00:00 AM,1216,2,2,0,0,CLEAR,DRY,False,OPPOSING LEFT TURN,OPPOSING LEFT TURN,STRAIGHT & LEVEL,DAYLIGHT,,,12/4/2019 8:18:06 AM,False,5257,Accepted,
26002670,0568000,LOUISVILLE METRO POLICE DEPT,Accepted,JEFFERSON,KY1447,,WESTPORT,RD,,I 0265,I265 N EXIT33 OFF RAMP TO KY1447,,,,,38.297939498,-85.547036910,6.752,12/3/2019 12:00:00 AM,0605,2,2,0,0,CLEAR,DRY,False,OPPOSING LEFT TURN,OPPOSING LEFT TURN,STRAIGHT & LEVEL,DARK-HWY LIGHTED/ON,,,12/3/2019 7:40:03 AM,False,5056,Accepted,
26008724,0568000,LOUISVILLE METRO POLICE DEPT,Accepted,JEFFERSON,,,INDEPENDENCE SCHOOL,RD,,,CEDAR CREEK,,,,,38.104670311,-85.607354420,0.169,12/3/2019 12:00:00 AM,2002,2,2,0,0,CLEAR,DRY,False,OPPOSITE DIRECTION - BOTH VEHICLES GOING STRAIGHT AHEAD,SIDESWIPE-OPPOSITE DIRECTION,STRAIGHT & HILLCREST,DARK-HWY LIGHTED/OFF,,,12/4/2019 8:34:04 AM,False,5169,Accepted,
26008695,0568000,LOUISVILLE METRO POLICE DEPT,Accepted,JEFFERSON,,,GRASTON,AVE,,,UPPER HUNTERS,,,,,38.168310640,-85.835313040,0.492,12/3/2019 12:00:00 AM,1807,2,2,0,0,CLEAR,DRY,True,OPPOSITE DIRECTION - BOTH VEHICLES GOING STRAIGHT AHEAD,SIDESWIPE-OPPOSITE DIRECTION,STRAIGHT & LEVEL,DARK-HWY LIGHTED/OFF,,,12/4/2019 8:31:46 AM,False,7277,Accepted,
26008664,0568000,LOUISVILLE METRO POLICE DEPT,Accepted,JEFFERSON,KY0146,,LA GRANGE,RD,,,STANLEY GAULT,,,,,38.277732516,-85.518066901,6.726,12/3/2019 12:00:00 AM,1810,2,2,0,1,CLEAR,DRY,False,ANGLE COLLISION - OTHER,ANGLE,STRAIGHT & LEVEL,DARK-HWY LIGHTED/ON,,,12/4/2019 8:28:33 AM,False,2109,Accepted,
26008667,0568000,LOUISVILLE METRO POLICE DEPT,Accepted,JEFFERSON,KY1747,,FERN VALLEY,RD,,,ROEDERER,,,,,38.157288384,-85.678495249,2.951,12/3/2019 12:00:00 AM,1809,2,2,0,0,CLEAR,DRY,False,ANGLE COLLISION - OTHER,ANGLE,STRAIGHT & LEVEL,DARK-HWY NOT LIGHTED,,,12/4/2019 8:28:42 AM,False,6937,Accepted,
26008718,0568000,LOUISVILLE METRO POLICE DEPT,Accepted,JEFFERSON,KY1934,,CANE RUN,RD,,,BRIDWELL,,,,,38.180550793,-85.858759321,7.427,12/3/2019 12:00:00 AM,1847,2,2,0,0,CLEAR,DRY,False,ANGLE COLLISION - OTHER,ANGLE,STRAIGHT & LEVEL,DARK-HWY LIGHTED/ON,,,12/4/2019 8:33:26 AM,False,5224,Accepted,
26008658,0568000,LOUISVILLE METRO POLICE DEPT,Accepted,JEFFERSON,KY1932,,BRECKENRIDGE,LN,,,SUDBURY,,,,,38.208680371,-85.626563156,1.991,12/3/2019 12:00:00 AM,1213,2,2,0,2,CLEAR,DRY,False,ANGLE COLLISION - OTHER,ANGLE,STRAIGHT & LEVEL,DAYLIGHT,,,12/4/2019 8:27:54 AM,False,7864,Accepted,
26008623,0568000,LOUISVILLE METRO POLICE DEPT,Accepted,JEFFERSON,,,WINTER,AVE,,,EDWARD,,,,,38.236564218,-85.725871930,0.179,12/3/2019 12:00:00 AM,1737,2,2,0,0,CLOUDY,DRY,False,ANGLE COLLISION - OTHER,ANGLE,STRAIGHT & GRADE,DARK-HWY LIGHTED/ON,,,12/4/2019 8:23:45 AM,False,7900,Accepted,
26008642,0568000,LOUISVILLE METRO POLICE DEPT,Accepted,JEFFERSON,,,4TH,ST,S,US0060A,WINKLER,,,,,38.210330006,-85.764660548,3.223,12/3/2019 12:00:00 AM,1413,2,2,0,0,CLEAR,DRY,False,ANGLE COLLISION - OTHER,ANGLE,STRAIGHT & LEVEL,DAYLIGHT,,,12/4/2019 8:25:22 AM,False,7977,Accepted,
26030322,0568000,LOUISVILLE METRO POLICE DEPT,Accepted,JEFFERSON,,,MARKET,ST,W,,24TH,,,,,38.259130999,-85.790045062,0.198,12/3/2019 12:00:00 AM,1615,2,2,0,1,CLEAR,DRY,False,COLLISION WITH PARKED VEHICLE,REAR END,CURVE & LEVEL,DAYLIGHT,,,12/9/2019 9:10:40 AM,False,7323,Accepted,
26008727,0568000,LOUISVILLE METRO POLICE DEPT,Accepted,JEFFERSON,US0031E,,MARKET,ST,W,,1ST,,,,,38.254692233,-85.751830244,17.671,12/3/2019 12:00:00 AM,2229,2,2,0,0,CLEAR,DRY,False,ANGLE COLLISION - OTHER,ANGLE,STRAIGHT & LEVEL,DARK-HWY LIGHTED/ON,,,12/4/2019 8:34:22 AM,False,5172,Accepted,
26013852,0568000,LOUISVILLE METRO POLICE DEPT,Accepted,JEFFERSON,KY0061,,PRESTON,HWY,,,INDIAN,,,,,38.168739844,-85.706570864,6.338,12/3/2019 12:00:00 AM,0955,2,2,0,0,CLOUDY,DRY,False,ANGLE COLLISION - OTHER,ANGLE,STRAIGHT & LEVEL,DAYLIGHT,,,12/5/2019 8:16:00 AM,False,6907,Accepted,
26008546,0568000,LOUISVILLE METRO POLICE DEPT,Accepted,JEFFERSON,KY1447,,WESTPORT,RD,,KY1747,HURSTBOURNE,,,,,38.287738233,-85.572142393,5.241,12/3/2019 12:00:00 AM,0712,2,2,0,0,CLEAR,DRY,False,ANGLE COLLISION - OTHER,ANGLE,STRAIGHT & LEVEL,DARK-HWY NOT LIGHTED,,,12/4/2019 8:10:58 AM,False,7313,Accepted,
26008578,0568000,LOUISVILLE METRO POLICE DEPT,Accepted,JEFFERSON,,,GRADE,LN,,I 0065,I65 S EXIT130 ON RAMP FROM  GRADE LN,,,,,38.177944279,-85.720404351,0.189,12/3/2019 12:00:00 AM,0726,2,2,0,0,CLOUDY,DRY,True,ANGLE COLLISION - OTHER,ANGLE,STRAIGHT & LEVEL,DARK-HWY LIGHTED/ON,,,12/4/2019 8:15:01 AM,False,2796,Accepted,
26008603,0568000,LOUISVILLE METRO POLICE DEPT,Accepted,JEFFERSON,,,MUHAMMAD ALI,BLVD,W,US0031W,DR W J HODGE,,,,,38.254245587,-85.785627211,1.818,12/3/2019 12:00:00 AM,1407,2,2,0,1,CLEAR,DRY,False,ANGLE COLLISION - OTHER,ANGLE,STRAIGHT & LEVEL,DAYLIGHT,,,12/4/2019 8:19:35 AM,False,7463,Accepted,
26002660,0568000,LOUISVILLE METRO POLICE DEPT,Accepted,JEFFERSON,,,FEGENBUSH,LN,,KY1747,FERN VALLEY,,,,,38.161135580,-85.640816855,1.794,12/2/2019 12:00:00 AM,2228,2,2,0,0,CLOUDY,DRY,False,ANGLE COLLISION - OTHER,ANGLE,STRAIGHT & LEVEL,DARK-HWY NOT LIGHTED,,,12/3/2019 7:38:54 AM,False,7120,Accepted,
26002647,0568000,LOUISVILLE METRO POLICE DEPT,Accepted,JEFFERSON,,,12TH,ST,S,,BRECKINRIDGE,,,,,38.243170295,-85.772416077,0.685,12/2/2019 12:00:00 AM,0758,2,2,0,0,CLOUDY,DRY,True,ANGLE COLLISION - OTHER,ANGLE,STRAIGHT & LEVEL,DAYLIGHT,,,12/3/2019 7:36:42 AM,False,5151,Accepted,
25999253,0568000,LOUISVILLE METRO POLICE DEPT,Accepted,JEFFERSON,,,SMYRNA,PKWY,,,APEX,,,,,38.134515563,-85.642244223,0.235,12/2/2019 12:00:00 AM,0930,2,2,0,0,CLOUDY,WET,False,ANGLE COLLISION - OTHER,ANGLE,STRAIGHT & LEVEL,DAYLIGHT,,,12/2/2019 1:52:48 PM,False,7486,Accepted,
25999254,0568000,LOUISVILLE METRO POLICE DEPT,Accepted,JEFFERSON,,,26TH,ST,S,,MADISON,,,,,38.254100773,-85.794381288,0.460,12/2/2019 12:00:00 AM,0955,2,2,0,2,CLOUDY,DRY,False,ANGLE COLLISION - OTHER,ANGLE,STRAIGHT & LEVEL,DAYLIGHT,,,12/2/2019 1:52:57 PM,False,7463,Accepted,
26002610,0568000,LOUISVILLE METRO POLICE DEPT,Accepted,JEFFERSON,KY1450,,BLUE LICK,RD,,,VANGUARD,,,,,38.107962965,-85.691772364,1.577,12/2/2019 12:00:00 AM,0708,2,2,0,0,CLOUDY,WET,False,ANGLE COLLISION - OTHER,ANGLE,STRAIGHT & LEVEL,DARK-HWY NOT LIGHTED,,,12/3/2019 7:30:59 AM,False,2017,Accepted,
26013825,0568000,LOUISVILLE METRO POLICE DEPT,Accepted,JEFFERSON,US0031E,,MARKET,ST,E,,WENZEL,,,,,38.252756786,-85.734045675,16.713,12/2/2019 12:00:00 AM,1110,2,2,0,0,CLEAR,DRY,False,ANGLE COLLISION - OTHER,ANGLE,STRAIGHT & LEVEL,DAYLIGHT,,,12/5/2019 8:13:31 AM,False,7058,Accepted,
26002652,0568000,LOUISVILLE METRO POLICE DEPT,Accepted,JEFFERSON,KY2051,,CAMP GROUND,RD,,,KRAMERS,,,,,38.206464244,-85.849047104,4.477,12/2/2019 12:00:00 AM,1740,2,2,0,0,CLEAR,DRY,False,ANGLE COLLISION - OTHER,ANGLE,STRAIGHT & LEVEL,DARK (UNKNOWN ROADWAY LIGHTING),,,12/3/2019 7:37:24 AM,False,7467,Accepted,
26002655,0568000,LOUISVILLE METRO POLICE DEPT,Accepted,JEFFERSON,US0060,,SHELBYVILLE,RD,,,WILDWOOD,,,,,38.246122145,-85.573281349,8.057,12/2/2019 12:00:00 AM,1340,2,2,0,0,CLOUDY,DRY,False,ANGLE COLLISION - ONE VEHICLE TURNING LEFT,ANGLE,STRAIGHT & LEVEL,DAYLIGHT,,,12/3/2019 7:37:53 AM,False,7018,Accepted,
26008551,0568000,LOUISVILLE METRO POLICE DEPT,Accepted,JEFFERSON,KY1065,,OUTER,LOOP,,,AIR COMMERCE,,,,,38.134759026,-85.719260750,4.230,12/2/2019 12:00:00 AM,0835,3,3,0,0,CLOUDY,WET,True,ANGLE COLLISION - ONE VEHICLE TURNING LEFT,ANGLE,STRAIGHT & LEVEL,DAYLIGHT,,,12/4/2019 8:11:36 AM,False,2017,Accepted,
26002186,0560400,SHIVELY POLICE DEPARTMENT,Accepted,JEFFERSON,US0031W,,DIXIE,HWY,,,WATHEN,,,,,38.216464483,-85.795241649,17.157,12/2/2019 12:00:00 AM,1955,2,2,0,0,CLEAR,DRY,True,ANGLE COLLISION - ONE VEHICLE TURNING LEFT,ANGLE,STRAIGHT & LEVEL,DARK-HWY LIGHTED/ON,,,12/3/2019 4:24:31 AM,False,7128,Accepted,
26002651,0568000,LOUISVILLE METRO POLICE DEPT,Accepted,JEFFERSON,KY1934,,CANE RUN,RD,,,NEW LYNNVIEW,,,,,38.189178019,-85.850119172,8.193,12/2/2019 12:00:00 AM,0745,2,1,0,1,CLEAR,DRY,True,COLLISION WITH PEDESTRIAN IN INTERSECTION,SINGLE VEHICLE,STRAIGHT & LEVEL,DARK-HWY LIGHTED/ON,,,12/3/2019 7:37:16 AM,False,7467,Accepted,
26008650,0568000,LOUISVILLE METRO POLICE DEPT,Accepted,JEFFERSON,KY1142,,PALATKA,RD,,KY1865,NEW CUT,,,,,38.150797937,-85.776387963,1.444,12/2/2019 12:00:00 AM,1517,2,2,0,0,CLOUDY,DRY,False,ANGLE COLLISION - OTHER,ANGLE,STRAIGHT & HILLCREST,DAYLIGHT,,,12/4/2019 8:26:29 AM,False,5263,Accepted,
26002625,0568000,LOUISVILLE METRO POLICE DEPT,Accepted,JEFFERSON,KY1703,,BAXTER,AVE,,,STEVENS,,,,,38.227261675,-85.713943833,4.628,12/2/2019 12:00:00 AM,0745,2,2,0,0,CLOUDY,WET,False,ANGLE COLLISION - OTHER,ANGLE,STRAIGHT & LEVEL,DAYLIGHT,,,12/3/2019 7:33:30 AM,False,7740,Accepted,
25997921,0568000,LOUISVILLE METRO POLICE DEPT,Accepted,JEFFERSON,,,CARDINAL,BLVD,W,KY1020,3RD,,,,,38.220578436,-85.761206033,0.179,12/2/2019 12:00:00 AM,0749,2,2,0,0,CLOUDY,WET,False,ANGLE COLLISION - OTHER,ANGLE,STRAIGHT & LEVEL,DAYLIGHT,,,12/2/2019 10:34:53 AM,False,5289,Accepted,
25997954,0568000,LOUISVILLE METRO POLICE DEPT,Accepted,JEFFERSON,US0042,,BROWNSBORO,RD,,,MOCKINGBIRD GARDENS,,,,,38.264191997,-85.672047048,3.536,12/2/2019 12:00:00 AM,0711,2,2,0,0,CLEAR,DRY,False,ANGLE COLLISION - OTHER,ANGLE,STRAIGHT & LEVEL,DARK (UNKNOWN ROADWAY LIGHTING),,,12/2/2019 10:36:19 AM,False,7632,Accepted,
26008607,0568000,LOUISVILLE METRO POLICE DEPT,Accepted,JEFFERSON,US0060A,,EASTERN,PKWY,,,CRITTENDEN,,,,,38.211662270,-85.751305625,3.993,12/2/2019 12:00:00 AM,1830,3,3,0,1,CLEAR,DRY,False,ANGLE COLLISION - OTHER,ANGLE,STRAIGHT & LEVEL,DUSK,,,12/4/2019 8:20:36 AM,False,5289,Accepted,
26002657,0568000,LOUISVILLE METRO POLICE DEPT,Accepted,JEFFERSON,KY1932,,BRECKENRIDGE,LN,,,MANNER DALE,,,,,38.202571303,-85.622391814,1.500,12/2/2019 12:00:00 AM,1727,2,2,0,0,CLOUDY,DRY,False,ANGLE COLLISION - OTHER,ANGLE,STRAIGHT & LEVEL,DARK-HWY NOT LIGHTED,,,12/3/2019 7:38:05 AM,False,6100,Accepted,
26008574,0568000,LOUISVILLE METRO POLICE DEPT,Accepted,JEFFERSON,US0031E,,MAIN,ST,E,,HANCOCK,,,,,38.255012530,-85.741816414,17.233,12/2/2019 12:00:00 AM,1300,2,2,0,0,CLEAR,DRY,False,ANGLE COLLISION - OTHER,ANGLE,STRAIGHT & LEVEL,DAYLIGHT,,,12/4/2019 8:14:28 AM,False,7058,Accepted,
26008614,0568000,LOUISVILLE METRO POLICE DEPT,Accepted,JEFFERSON,KY0061,,PRESTON,HWY,,,SPRINGVIEW,,,,,38.119714797,-85.677737175,2.570,12/2/2019 12:00:00 AM,1755,2,2,0,0,CLOUDY,DRY,False,ANGLE COLLISION - OTHER,ANGLE,STRAIGHT & LEVEL,DARK-HWY NOT LIGHTED,,,12/4/2019 8:22:21 AM,False,2583,Accepted,
26045683,0568000,LOUISVILLE METRO POLICE DEPT,Accepted,JEFFERSON,KY1932,,BRECKENRIDGE,LN,,,LANDSIDE,,,,,38.200408324,-85.623549954,1.339,12/2/2019 12:00:00 AM,1733,2,2,0,1,CLEAR,DRY,False,ANGLE COLLISION - OTHER,ANGLE,STRAIGHT & LEVEL,DARK-HWY NOT LIGHTED,,,12/12/2019 9:03:35 AM,False,2429,Accepted,
26133718,0568000,LOUISVILLE METRO POLICE DEPT,Accepted,JEFFERSON,,,BLANTON,LN,,US0031W,DIXIE,,,,,38.157362598,-85.833937079,,12/2/2019 12:00:00 AM,1148,2,2,0,0,CLOUDY,WET,False,ANGLE COLLISION - OTHER,ANGLE,STRAIGHT & LEVEL,DAYLIGHT,,,1/3/2020 9:58:45 AM,False,5279,Accepted,
26002628,0568000,LOUISVILLE METRO POLICE DEPT,Accepted,JEFFERSON,,,BONNYCASTLE,AVE,,,NORRIS,,,,,38.228555070,-85.709804941,0.243,12/2/2019 12:00:00 AM,1143,2,2,0,0,CLOUDY,DRY,False,OPPOSITE DIRECTION - BOTH VEHICLES GOING STRAIGHT AHEAD,SIDESWIPE-OPPOSITE DIRECTION,STRAIGHT & LEVEL,DAYLIGHT,,,12/3/2019 7:33:38 AM,False,7740,Accepted,
25997900,0568000,LOUISVILLE METRO POLICE DEPT,Accepted,JEFFERSON,,,FACTORY,LN,,KY0146,LA GRANGE,,,,,38.289435395,-85.512224522,0.001,12/2/2019 12:00:00 AM,0646,2,2,0,0,CLOUDY,WET,False,OPPOSING LEFT TURN,OPPOSING LEFT TURN,STRAIGHT & LEVEL,DARK-HWY LIGHTED/ON,,,12/2/2019 10:32:36 AM,False,5155,Accepted,
26008593,0568000,LOUISVILLE METRO POLICE DEPT,Accepted,JEFFERSON,KY2054,,ALGONQUIN,PKWY,,KY1934,CANE RUN,,,,,38.224399729,-85.809359755,0.718,12/2/2019 12:00:00 AM,1720,3,3,0,4,CLOUDY,DRY,False,OPPOSING LEFT TURN,OPPOSING LEFT TURN,STRAIGHT & LEVEL,DARK-HWY LIGHTED/ON,,,12/4/2019 8:17:46 AM,True,6860,Accepted,
26002612,0568000,LOUISVILLE METRO POLICE DEPT,Accepted,JEFFERSON,KY1020,,3RD,ST,S,,YORK,,,,,38.244048153,-85.757065915,11.967,12/2/2019 12:00:00 AM,1057,2,2,0,0,CLOUDY,DRY,False,SIDESWIPE-SAME DIRECTION,SIDESWIPE-SAME DIRECTION,STRAIGHT & LEVEL,DAYLIGHT,,,12/3/2019 7:31:31 AM,False,7619,Accepted,
26123407,0568000,LOUISVILLE METRO POLICE DEPT,Accepted,JEFFERSON,KY2251,,BARDSTOWN,RD,,,HIKES,,,,,38.199029408,-85.659990896,1.041,12/2/2019 12:00:00 AM,1437,2,1,0,0,CLOUDY,DRY,False,OTHER INTERSECTION COLLISIONS,REAR END,STRAIGHT & LEVEL,DAYLIGHT,,,1/1/2020 7:27:02 AM,False,6100,Accepted,
26067269,0568000,LOUISVILLE METRO POLICE DEPT,Accepted,JEFFERSON,US0031W,,MARKET,ST,W,,4TH,,,,,38.255241489,-85.756872911,21.855,12/2/2019 12:00:00 AM,1719,2,2,0,0,CLEAR,DRY,False,OTHER INTERSECTION COLLISIONS,REAR END,STRAIGHT & LEVEL,DARK-HWY LIGHTED/ON,,,12/17/2019 8:40:03 AM,False,7037,Accepted,
26008618,0568000,LOUISVILLE METRO POLICE DEPT,Accepted,JEFFERSON,,,1ST,ST,S,,MUHAMMAD ALI,,,,,38.250693180,-85.752528177,0.375,12/2/2019 12:00:00 AM,0822,2,2,0,0,CLEAR,DRY,False,OTHER INTERSECTION COLLISIONS,REAR END,STRAIGHT & LEVEL,DAYLIGHT,,,12/4/2019 8:23:11 AM,False,5265,Accepted,
26002663,0568000,LOUISVILLE METRO POLICE DEPT,Accepted,JEFFERSON,US0031E,,BARDSTOWN,RD,,,GOLDSMITH,,,,,38.208320835,-85.669118962,11.759,12/2/2019 12:00:00 AM,1914,3,3,0,0,CLEAR,DRY,False,OTHER INTERSECTION COLLISIONS,REAR END,STRAIGHT & LEVEL,DARK-HWY LIGHTED/ON,,,12/3/2019 7:39:11 AM,False,5233,Accepted,