IncidentID,AgencyORI,AgencyName,IncidentStatusDesc,County,RdwyNumber,Street,RoadwayName,StreetSfx,StreetDir,IntersectionRdwy,IntersectionRdwyName,BetweenStRdwy1,BetweenStRdwyName1,BetweenStRdwy2,BetweenStRdwyName2,Latitude,Longitude,Milepoint,CollisionDate,CollisionTime,UnitsInvolved,MotorVehiclesInvolved,NumberKilled,NumberInjured,Weather,RdwyConditionCode,HitandRun,DirAnalysisCode,MannerofCollision,RdwyCharacter,LightCondition,RampFromRdwyId,RampToRdwyId,AcceptedDate,IsSecondaryCollision,OwnerBadge,IncidentStatus,
26002605,0568000,LOUISVILLE METRO POLICE DEPT,Accepted,JEFFERSON,US0031W,,DIXIE,HWY,,,PAGES,,,,,38.130171644,-85.847834855,10.499,12/2/2019 12:00:00 AM,1311,2,2,0,0,CLOUDY,DRY,False,OTHER INTERSECTION COLLISIONS,REAR END,STRAIGHT & LEVEL,DAYLIGHT,,,12/3/2019 7:30:10 AM,False,6326,Accepted,
26002646,0568000,LOUISVILLE METRO POLICE DEPT,Accepted,JEFFERSON,I 0265,,I265 W,,,I 0265,I265 W EXIT15 ON RAMP FROM KY864,,,,,38.124171177,-85.617446291,15.022,12/2/2019 12:00:00 AM,1749,2,2,0,1,CLEAR,DRY,False,OTHER INTERSECTION COLLISIONS,REAR END,STRAIGHT & LEVEL,DARK-HWY LIGHTED/ON,,,12/3/2019 7:36:29 AM,False,5262,Accepted,
26008585,0568000,LOUISVILLE METRO POLICE DEPT,Accepted,JEFFERSON,US0150,,BROADWAY,,E,KY0061,JACKSON,,,,,38.245156135,-85.745610952,3.073,12/2/2019 12:00:00 AM,,2,2,0,0,CLEAR,DRY,True,OTHER INTERSECTION COLLISIONS,REAR END,STRAIGHT & LEVEL,DAYLIGHT,,,12/4/2019 8:16:20 AM,False,7406,Accepted,
25997897,0568000,LOUISVILLE METRO POLICE DEPT,Accepted,JEFFERSON,KY1865,,NEW CUT,RD,,KY0907,3RD ST,,,,,38.145795389,-85.775221215,2.670,12/2/2019 12:00:00 AM,0651,2,2,0,0,CLEAR,WET,False,OTHER INTERSECTION COLLISIONS,REAR END,STRAIGHT & LEVEL,DARK-HWY LIGHTED/ON,,,12/2/2019 10:32:02 AM,False,7321,Accepted,
26002604,0568000,LOUISVILLE METRO POLICE DEPT,Accepted,JEFFERSON,KY1727,,TERRY,RD,,,LEMMAH,,,,,38.172428916,-85.865950522,3.598,12/2/2019 12:00:00 AM,0815,2,2,0,0,CLOUDY,WET,True,OTHER INTERSECTION COLLISIONS,REAR END,STRAIGHT & LEVEL,DAYLIGHT,,,12/3/2019 7:29:59 AM,False,6326,Accepted,
26002638,0568000,LOUISVILLE METRO POLICE DEPT,Accepted,JEFFERSON,,,MALLARD,DR,,,PINTAIL,,,,,38.146445916,-85.889650038,0.005,12/2/2019 12:00:00 AM,1527,2,2,0,0,CLOUDY,DRY,False,OTHER INTERSECTION COLLISIONS,REAR END,STRAIGHT & LEVEL,DAYLIGHT,,,12/3/2019 7:35:20 AM,False,6877,Accepted,
26002640,0568000,LOUISVILLE METRO POLICE DEPT,Accepted,JEFFERSON,KY1703,,NEWBURG,RD,,,MEADOWCREEK,,,,,38.198924370,-85.683483207,1.888,12/2/2019 12:00:00 AM,1725,2,2,0,0,CLEAR,DRY,False,OTHER INTERSECTION COLLISIONS,REAR END,STRAIGHT & LEVEL,DUSK,,,12/3/2019 7:35:42 AM,False,5019,Accepted,
26002648,0568000,LOUISVILLE METRO POLICE DEPT,Accepted,JEFFERSON,KY1747,,HURSTBOURNE,PKWY,S,US0031E,BARDSTOWN,,,,,38.169077333,-85.605201743,7.490,12/2/2019 12:00:00 AM,1121,2,2,0,0,CLOUDY,DRY,False,OTHER INTERSECTION COLLISIONS,REAR END,STRAIGHT & LEVEL,DAYLIGHT,,,12/3/2019 7:36:56 AM,False,4693,Accepted,
26002606,0568000,LOUISVILLE METRO POLICE DEPT,Accepted,JEFFERSON,KY3077,,RIVER,RD,,,6TH,,,,,38.258777713,-85.759522217,0.099,12/2/2019 12:00:00 AM,1117,2,2,0,0,CLOUDY,DRY,True,OTHER INTERSECTION COLLISIONS,REAR END,STRAIGHT & LEVEL,DAYLIGHT,,,12/3/2019 7:30:20 AM,False,5124,Accepted,
26002631,0568000,LOUISVILLE METRO POLICE DEPT,Accepted,JEFFERSON,,,BASHFORD MANOR,LN,,KY1703,NEWBURG,,,,,38.195365223,-85.679183913,0.952,12/2/2019 12:00:00 AM,1226,2,2,0,1,CLOUDY,DRY,False,OTHER INTERSECTION COLLISIONS,REAR END,STRAIGHT & LEVEL,DAYLIGHT,,,12/3/2019 7:34:05 AM,False,5292,Accepted,
26002632,0568000,LOUISVILLE METRO POLICE DEPT,Accepted,JEFFERSON,US0031E,,BARDSTOWN,RD,,,BASHFORD MANOR,,,,,38.202844611,-85.664559444,11.341,12/2/2019 12:00:00 AM,1733,2,2,0,0,CLEAR,DRY,False,OTHER INTERSECTION COLLISIONS,REAR END,STRAIGHT & LEVEL,DARK-HWY LIGHTED/ON,,,12/3/2019 7:34:13 AM,False,2429,Accepted,
26002623,0568000,LOUISVILLE METRO POLICE DEPT,Accepted,JEFFERSON,,740,ZIEGLER,ST,,,,,,,,38.222163084,-85.743990138,0.042,12/2/2019 12:00:00 AM,1615,2,2,0,0,CLOUDY,DRY,True,1 VEHICLE PARKED POSITION (NOT PARKING LOT/DRIVEWAY),SIDESWIPE-SAME DIRECTION,STRAIGHT & LEVEL,DAYLIGHT,,,12/3/2019 7:33:22 AM,False,7390,Accepted,
26002614,0568000,LOUISVILLE METRO POLICE DEPT,Accepted,JEFFERSON,,,DOVER,RD,,,,US0060A,LEXINGTON,,DUBLIN,38.248618384,-85.673112257,0.001,12/2/2019 12:00:00 AM,1424,2,2,0,0,CLEAR,DRY,True,1 VEHICLE PARKED POSITION (NOT PARKING LOT/DRIVEWAY),ANGLE,STRAIGHT & LEVEL,UNKNOWN,,,12/3/2019 7:31:59 AM,False,7652,Accepted,
26040273,0568000,LOUISVILLE METRO POLICE DEPT,Accepted,JEFFERSON,,,MUHAMMAD ALI,BLVD,W,,,,,,,38.255799595,-85.799270619,2.531,12/2/2019 12:00:00 AM,0526,3,3,0,0,CLEAR,WET,False,1 VEHICLE PARKED POSITION (NOT PARKING LOT/DRIVEWAY),REAR END,STRAIGHT & LEVEL,DARK-HWY LIGHTED/OFF,,,12/11/2019 8:18:20 AM,False,7217,Accepted,
26002650,0568000,LOUISVILLE METRO POLICE DEPT,Accepted,JEFFERSON,,,KNOPP,AVE,,,,,,,,38.148780095,-85.734975852,0.057,12/2/2019 12:00:00 AM,1357,1,1,0,0,CLOUDY,DRY,False,COLLISION WITH FIXED OBJECT NON - INTERSECTION - FIRST EVENT COLLISION 09 - 32 EXCLUDING 16,SINGLE VEHICLE,STRAIGHT & LEVEL,DAYLIGHT,,,12/3/2019 7:37:05 AM,False,4693,Accepted,
26002665,0568000,LOUISVILLE METRO POLICE DEPT,Accepted,JEFFERSON,,5606,JOHNSONTOWN,RD,,,,,,,,38.121731641,-85.874725105,1.038,12/2/2019 12:00:00 AM,1905,1,1,0,0,CLEAR,DRY,False,COLLISION WITH FIXED OBJECT NON - INTERSECTION - FIRST EVENT COLLISION 09 - 32 EXCLUDING 16,SINGLE VEHICLE,STRAIGHT & LEVEL,DARK-HWY LIGHTED/ON,,,12/3/2019 7:39:21 AM,False,7166,Accepted,
25997887,0568000,LOUISVILLE METRO POLICE DEPT,Accepted,JEFFERSON,KY0907,7225,SOUTHSIDE,DR,,,,,,,,38.150837950,-85.767163459,6.888,12/2/2019 12:00:00 AM,0209,1,1,0,0,RAINING,WET,False,COLLISION WITH FIXED OBJECT NON - INTERSECTION - FIRST EVENT COLLISION 09 - 32 EXCLUDING 16,SINGLE VEHICLE,CURVE & LEVEL,DARK-HWY LIGHTED/ON,,,12/2/2019 10:30:10 AM,False,7321,Accepted,
25997888,0568000,LOUISVILLE METRO POLICE DEPT,Accepted,JEFFERSON,I 0064,,I64 W,,,,,,,,,38.242750222,-85.694645576,8.259,12/2/2019 12:00:00 AM,0300,1,1,0,1,RAINING,WET,False,COLLISION WITH FIXED OBJECT NON - INTERSECTION - FIRST EVENT COLLISION 09 - 32 EXCLUDING 16,SINGLE VEHICLE,CURVE & LEVEL,DARK-HWY LIGHTED/ON,,,12/2/2019 10:30:24 AM,False,2738,Accepted,
26002659,0568000,LOUISVILLE METRO POLICE DEPT,Accepted,JEFFERSON,KY0841,,GENE SNYDER,FWY,,,,KY0841,KY841 RAMP TO  STONESTREET RD,KY0841,KY841 RAMP FROM KY1865,38.118519874,-85.785052799,5.597,12/2/2019 12:00:00 AM,1637,1,1,0,0,CLEAR,DRY,False,COLLISION WITH NON-FIXED OBJECT ,SINGLE VEHICLE,STRAIGHT & LEVEL,DAYLIGHT,,,12/3/2019 7:38:46 AM,False,7908,Accepted,
26008596,0568000,LOUISVILLE METRO POLICE DEPT,Accepted,JEFFERSON,,1826,PAYNE,ST,,,,,STOLL,,STOLL,38.252406646,-85.715049477,0.973,12/2/2019 12:00:00 AM,1700,2,2,0,0,CLEAR,DRY,True,1 VEHICLE PARKED POSITION (NOT PARKING LOT/DRIVEWAY),REAR END,STRAIGHT & GRADE,DARK-HWY NOT LIGHTED,,,12/4/2019 8:18:15 AM,False,2413,Accepted,
26002669,0568000,LOUISVILLE METRO POLICE DEPT,Accepted,JEFFERSON,,188,CRESCENT,AVE,,,,,FIELD,,MAPLE CREST,38.258278650,-85.687736844,0.257,12/2/2019 12:00:00 AM,1215,2,2,0,0,CLOUDY,DRY,False,1 VEHICLE PARKED POSITION (NOT PARKING LOT/DRIVEWAY),BACKING,STRAIGHT & LEVEL,DAYLIGHT,,,12/3/2019 7:39:53 AM,False,2413,Accepted,
26002653,0568000,LOUISVILLE METRO POLICE DEPT,Accepted,JEFFERSON,US0031W,,MARKET,ST,W,,,,7TH,,6TH,38.255595284,-85.760151788,21.651,12/2/2019 12:00:00 AM,1527,2,2,0,0,CLOUDY,DRY,True,1 VEHICLE PARKED POSITION (NOT PARKING LOT/DRIVEWAY),REAR END,STRAIGHT & LEVEL,DAYLIGHT,,,12/3/2019 7:37:40 AM,False,2854,Accepted,
26008575,0568000,LOUISVILLE METRO POLICE DEPT,Accepted,JEFFERSON,I 0265,,I265 E,,,,,,,,,38.118783337,-85.638674469,13.814,12/2/2019 12:00:00 AM,1746,2,2,0,3,CLOUDY,DRY,False,REAR END IN TRAFFIC LANES BOTH VEHICLES MOVING,REAR END,STRAIGHT & LEVEL,DARK-HWY NOT LIGHTED,,,12/4/2019 8:14:44 AM,False,4693,Accepted,
26002662,0568000,LOUISVILLE METRO POLICE DEPT,Accepted,JEFFERSON,I 0064,,I64 E,,,,,,,,,38.233763264,-85.611636626,13.157,12/2/2019 12:00:00 AM,2358,2,2,0,2,CLEAR,DRY,False,REAR END IN TRAFFIC LANES BOTH VEHICLES MOVING,REAR END,STRAIGHT & LEVEL,DARK-HWY LIGHTED/ON,,,12/3/2019 7:39:02 AM,False,7096,Accepted,
26002644,0568000,LOUISVILLE METRO POLICE DEPT,Accepted,JEFFERSON,,,MURPHY,LN,,,,,,,,38.302094222,-85.532593318,0.004,12/2/2019 12:00:00 AM,1205,2,2,0,0,CLEAR,DRY,False,REAR END IN TRAFFIC LANES BOTH VEHICLES MOVING,REAR END,STRAIGHT & LEVEL,DAYLIGHT,,,12/3/2019 7:36:05 AM,False,7615,Accepted,
26002637,0568000,LOUISVILLE METRO POLICE DEPT,Accepted,JEFFERSON,,,CHAMBERLAIN,LN,,,,,WINCHESTER ACRES,I 0265,I265 S EXIT33 OFF RAMP TO  CHAMBERLAIN LN,38.288524357,-85.529913634,1.055,12/2/2019 12:00:00 AM,1740,2,2,0,0,CLOUDY,DRY,False,REAR END IN TRAFFIC LANES BOTH VEHICLES MOVING,REAR END,STRAIGHT & LEVEL,DARK-HWY NOT LIGHTED,,,12/3/2019 7:35:10 AM,False,7751,Accepted,
25999331,0568000,LOUISVILLE METRO POLICE DEPT,Accepted,JEFFERSON,,,JEFFERSON,ST,E,,,,,,,38.253129018,-85.750487955,0.955,12/2/2019 12:00:00 AM,1142,2,2,0,0,CLEAR,DRY,True,REAR END IN TRAFFIC LANES BOTH VEHICLES MOVING,REAR END,STRAIGHT & LEVEL,DAYLIGHT,,,12/2/2019 2:03:39 PM,False,7266,Accepted,
25997920,0568000,LOUISVILLE METRO POLICE DEPT,Accepted,JEFFERSON,I 0264,,I264 E,,,,,,,,,38.224703934,-85.643631434,17.443,12/2/2019 12:00:00 AM,0743,3,3,0,3,CLOUDY,WET,False,REAR END IN TRAFFIC LANES BOTH VEHICLES MOVING,REAR END,STRAIGHT & LEVEL,DAWN,,,12/2/2019 10:34:28 AM,False,7284,Accepted,
26008539,0568000,LOUISVILLE METRO POLICE DEPT,Accepted,JEFFERSON,I 0265,11.2,I265 E,,,,,,,,,38.110312109,-85.683532647,11.275,12/2/2019 12:00:00 AM,1816,2,2,0,0,CLOUDY,DRY,False,REAR END IN TRAFFIC LANES BOTH VEHICLES MOVING,REAR END,STRAIGHT & LEVEL,DARK-HWY LIGHTED/ON,,,12/4/2019 8:10:37 AM,False,7799,Accepted,
26002616,0568000,LOUISVILLE METRO POLICE DEPT,Accepted,JEFFERSON,KY0155,,TAYLORSVILLE,RD,,,,,,,,38.190218145,-85.499661899,5.543,12/2/2019 12:00:00 AM,1540,2,2,0,0,CLOUDY,DRY,False,REAR END IN TRAFFIC LANES BOTH VEHICLES MOVING,REAR END,STRAIGHT & HILLCREST,DAYLIGHT,,,12/3/2019 7:32:16 AM,False,6878,Accepted,
26002630,0568000,LOUISVILLE METRO POLICE DEPT,Accepted,JEFFERSON,,,TRADE PORT,DR,,,,,,,,38.125445459,-85.893008067,0.271,12/2/2019 12:00:00 AM,1515,2,2,0,0,CLOUDY,DRY,False,REAR END IN TRAFFIC LANES BOTH VEHICLES MOVING,REAR END,STRAIGHT & LEVEL,DAYLIGHT,,,12/3/2019 7:33:58 AM,False,7234,Accepted,
26030321,0568000,LOUISVILLE METRO POLICE DEPT,Accepted,JEFFERSON,,,MARKET,ST,W,,,,24TH,,25TH,38.259245668,-85.790835093,0.241,12/2/2019 12:00:00 AM,1815,2,2,0,0,CLEAR,DRY,False,REAR END IN TRAFFIC LANES BOTH VEHICLES MOVING,REAR END,STRAIGHT & LEVEL,DARK (UNKNOWN ROADWAY LIGHTING),,,12/9/2019 9:10:34 AM,False,7323,Accepted,
26030431,0568000,LOUISVILLE METRO POLICE DEPT,Accepted,JEFFERSON,KY1865,,NEW CUT,RD,,,,,,,,38.118863021,-85.776771681,0.541,12/2/2019 12:00:00 AM,1509,2,2,0,0,CLEAR,DRY,False,REAR END IN TRAFFIC LANES BOTH VEHICLES MOVING,REAR END,STRAIGHT & LEVEL,DAYLIGHT,,,12/9/2019 9:16:55 AM,False,7373,Accepted,
26030555,0568000,LOUISVILLE METRO POLICE DEPT,Accepted,JEFFERSON,I 0265,,I265 S EXIT34 CROSSOVER KY22,,,,,,,,,38.309152421,-85.573119040,0.228,12/2/2019 12:00:00 AM,1600,2,2,0,0,CLEAR,DRY,False,REAR END IN TRAFFIC LANES BOTH VEHICLES MOVING,REAR END,CURVE & LEVEL,DAYLIGHT,,,12/9/2019 9:22:07 AM,False,7631,Accepted,
26002602,0568000,LOUISVILLE METRO POLICE DEPT,Accepted,JEFFERSON,KY1020,,2ND,ST,S,,,,ORMSBY,,MAGNOLIA,38.231925247,-85.757499977,11.129,12/2/2019 12:00:00 AM,1345,2,2,0,0,CLOUDY,DRY,True,SIDESWIPE COLLISION - SAME DIRECTION,SIDESWIPE-SAME DIRECTION,STRAIGHT & LEVEL,DAYLIGHT,,,12/3/2019 7:29:28 AM,False,2499,Accepted,
26002645,0568000,LOUISVILLE METRO POLICE DEPT,Accepted,JEFFERSON,KY0022,,BROWNSBORO,RD,,,,,,,,38.315336111,-85.561718717,4.804,12/2/2019 12:00:00 AM,1805,2,2,0,0,CLEAR,DRY,False,SIDESWIPE COLLISION - SAME DIRECTION,SIDESWIPE-SAME DIRECTION,STRAIGHT & LEVEL,DARK-HWY LIGHTED/ON,,,12/3/2019 7:36:19 AM,False,7615,Accepted,
26008588,0568000,LOUISVILLE METRO POLICE DEPT,Accepted,JEFFERSON,I 0265,,I265 S,,,,,,,,,38.223164955,-85.505725387,25.475,12/2/2019 12:00:00 AM,1315,2,2,0,0,CLOUDY,DRY,False,SIDESWIPE COLLISION - SAME DIRECTION,SIDESWIPE-SAME DIRECTION,STRAIGHT & LEVEL,DAYLIGHT,,,12/4/2019 8:16:45 AM,False,4903,Accepted,
26002629,0568000,LOUISVILLE METRO POLICE DEPT,Accepted,JEFFERSON,,,BAKERS,LN,,,,,,,,38.140964835,-85.774145811,0.004,12/2/2019 12:00:00 AM,1343,2,2,0,0,CLOUDY,DRY,True,HEAD-ON COLLISION,HEAD ON,STRAIGHT & LEVEL,DAYLIGHT,,,12/3/2019 7:33:47 AM,False,7234,Accepted,
26168762,0568000,LOUISVILLE METRO POLICE DEPT,Accepted,JEFFERSON,I 0064,,I64 W,,,,,,,,,38.268042164,-85.780999202,2.751,12/2/2019 12:00:00 AM,1633,2,2,0,0,CLOUDY,DRY,True,SIDESWIPE COLLISION - SAME DIRECTION,SIDESWIPE-SAME DIRECTION,STRAIGHT & LEVEL,DUSK,,,1/10/2020 8:20:35 AM,False,7839,Accepted,
26002609,0568000,LOUISVILLE METRO POLICE DEPT,Accepted,JEFFERSON,,,ROY WILKINS,AVE,,,,,MUHAMMAD ALI,,MUHAMMAD ALI,38.251619090,-85.765555830,0.417,12/2/2019 12:00:00 AM,0735,2,2,0,0,CLOUDY,DRY,False,SIDESWIPE COLLISION - SAME DIRECTION,SIDESWIPE-SAME DIRECTION,STRAIGHT & LEVEL,DAYLIGHT,,,12/3/2019 7:30:45 AM,False,2406,Accepted,
26002666,0568000,LOUISVILLE METRO POLICE DEPT,Accepted,JEFFERSON,KY1065,,OUTER,LOOP,,,,,,,,38.138482796,-85.686007561,6.091,12/2/2019 12:00:00 AM,1834,2,2,0,0,CLEAR,DRY,False,SIDESWIPE COLLISION - SAME DIRECTION,SIDESWIPE-SAME DIRECTION,STRAIGHT & LEVEL,DARK-HWY LIGHTED/ON,,,12/3/2019 7:39:30 AM,False,5182,Accepted,
25997894,0568000,LOUISVILLE METRO POLICE DEPT,Accepted,JEFFERSON,KY1934,,GREENBELT,HWY,,,,,GLOBAL,,RIVER FIELD,38.139510708,-85.887441944,3.908,12/2/2019 12:00:00 AM,0522,2,2,0,0,CLOUDY,WET,False,SIDESWIPE COLLISION - SAME DIRECTION,SIDESWIPE-SAME DIRECTION,STRAIGHT & LEVEL,DARK-HWY NOT LIGHTED,,,12/2/2019 10:31:13 AM,False,5211,Accepted,
25997903,0568000,LOUISVILLE METRO POLICE DEPT,Accepted,JEFFERSON,KY0841,,GENE SNYDER,FWY,,,,,WOLF PEN BRANCH,KY0841,KY841 RAMP TO US42,38.320418033,-85.611832255,36.399,12/2/2019 12:00:00 AM,0720,2,2,0,0,CLOUDY,DRY,False,SIDESWIPE COLLISION - SAME DIRECTION,SIDESWIPE-SAME DIRECTION,CURVE & GRADE,DAWN,,,12/2/2019 10:32:46 AM,False,2000,Accepted,
25997961,0568000,LOUISVILLE METRO POLICE DEPT,Accepted,JEFFERSON,,,COMMERCE CROSSINGS,DR,,,,,,,,38.103626880,-85.677340800,0.055,12/2/2019 12:00:00 AM,0914,2,2,0,0,CLOUDY,DRY,False,SIDESWIPE COLLISION - SAME DIRECTION,SIDESWIPE-SAME DIRECTION,STRAIGHT & LEVEL,DAYLIGHT,,,12/2/2019 10:36:26 AM,False,7989,Accepted,
26013822,0568000,LOUISVILLE METRO POLICE DEPT,Accepted,JEFFERSON,I 0065,,I65 N,,,,,,,,,38.193513131,-85.731958301,131.000,12/2/2019 12:00:00 AM,1629,2,2,0,0,CLEAR,DRY,False,SIDESWIPE COLLISION - SAME DIRECTION,SIDESWIPE-SAME DIRECTION,STRAIGHT & LEVEL,DARK-HWY LIGHTED/ON,,,12/5/2019 8:13:13 AM,False,2142,Accepted,
26002622,0568000,LOUISVILLE METRO POLICE DEPT,Accepted,JEFFERSON,,,7TH,ST,S,,,,,,,38.220356619,-85.776957511,0.031,12/2/2019 12:00:00 AM,1715,2,2,0,0,CLEAR,DRY,False,1 VEHICLE ENTERING/LEAVING ENTRANCE,ANGLE,STRAIGHT & LEVEL,DAYLIGHT,,,12/3/2019 7:33:14 AM,False,7977,Accepted,
26008537,0568000,LOUISVILLE METRO POLICE DEPT,Accepted,JEFFERSON,,5001,MUD,LN,,,,,,,,38.087902994,-85.673655094,0.645,12/2/2019 12:00:00 AM,1648,2,2,0,1,CLEAR,DRY,False,1 VEHICLE ENTERING/LEAVING ENTRANCE,ANGLE,CURVE & LEVEL,DAYLIGHT,,,12/4/2019 8:09:50 AM,False,7799,Accepted,
26008580,0568000,LOUISVILLE METRO POLICE DEPT,Accepted,JEFFERSON,KY1747,,HURSTBOURNE,PKWY,,,,,,,,38.168112265,-85.605812846,7.419,12/2/2019 12:00:00 AM,1556,2,2,0,0,CLOUDY,DRY,False,1 VEHICLE ENTERING/LEAVING ENTRANCE,ANGLE,STRAIGHT & LEVEL,DAYLIGHT,,,12/4/2019 8:15:10 AM,False,7755,Accepted,
26008555,0568000,LOUISVILLE METRO POLICE DEPT,Accepted,JEFFERSON,US0031E,,BARDSTOWN,RD,,,,,IONA,KY1065,BEULAH CHURCH,38.151166307,-85.587850775,5.649,12/2/2019 12:00:00 AM,1016,2,2,0,0,CLOUDY,DRY,False,OTHER ROADWAY OR MID-BLOCK COLLISION,REAR END,STRAIGHT & GRADE,DAYLIGHT,,,12/4/2019 8:11:59 AM,False,2017,Accepted,
26015913,0561500,UNIV. OF LOUISVILLE POLICE,Accepted,JEFFERSON,,2100,FLOYD,ST,S,,,,,,,38.216827189,-85.754771198,2.675,12/2/2019 12:00:00 AM,1745,1,1,0,0,CLEAR,DRY,False,COLLISION IN PARKING LOT,SINGLE VEHICLE,STRAIGHT & GRADE,DARK-HWY LIGHTED/ON,,,12/5/2019 2:34:08 PM,False,5697,Accepted,
26002621,0568000,LOUISVILLE METRO POLICE DEPT,Accepted,JEFFERSON,,,DUMESNIL,ST,,,BEECH,,,,,38.237132529,-85.804392811,0.862,12/2/2019 12:00:00 AM,1610,2,1,0,1,CLOUDY,DRY,False,COLLISION WITH TRAIN,SINGLE VEHICLE,STRAIGHT & LEVEL,DAYLIGHT,,,12/3/2019 7:33:06 AM,False,5257,Accepted,
26002634,0568000,LOUISVILLE METRO POLICE DEPT,Accepted,JEFFERSON,,2400,TERRA CROSSING,BLVD,,,,,,,,38.273236529,-85.496807995,0.185,12/2/2019 12:00:00 AM,1415,2,2,0,0,CLOUDY,DRY,True,COLLISION IN PARKING LOT,SIDESWIPE-SAME DIRECTION,STRAIGHT & LEVEL,DAYLIGHT,,,12/3/2019 7:34:46 AM,False,7751,Accepted,
26002639,0568000,LOUISVILLE METRO POLICE DEPT,Accepted,JEFFERSON,,1420,GARDINER,LN,,,,,,,,38.204470223,-85.687328418,0.222,12/2/2019 12:00:00 AM,1426,2,2,0,1,CLEAR,DRY,True,COLLISION IN PARKING LOT,REAR END,STRAIGHT & LEVEL,DAYLIGHT,,,12/3/2019 7:35:30 AM,False,5019,Accepted,
26030318,0568000,LOUISVILLE METRO POLICE DEPT,Accepted,JEFFERSON,I 0265,,,,,,,,,,,38.144910178,-85.553072531,0.045,12/2/2019 12:00:00 AM,1712,1,1,0,0,CLEAR,DRY,False,COLLISION WITH FIXED OBJECT NOT IN GORE ,SINGLE VEHICLE,STRAIGHT & HILLCREST,DAWN,I 0265,KY1819,12/9/2019 9:10:10 AM,False,5040,Accepted,
25997863,0568000,LOUISVILLE METRO POLICE DEPT,Accepted,JEFFERSON,I 0265,,,,,,,,,,,38.310031935,-85.574102236,0.131,12/1/2019 12:00:00 AM,1818,1,1,0,0,RAINING,WET,False,COLLISION WITH FIXED OBJECT NOT IN GORE ,SINGLE VEHICLE,STRAIGHT & LEVEL,DARK-HWY LIGHTED/ON,I 0265,KY0022,12/2/2019 10:26:47 AM,False,6830,Accepted,
25997844,0568000,LOUISVILLE METRO POLICE DEPT,Accepted,JEFFERSON,I 0071,,,,,,,,,,,38.312288871,-85.586371130,0.096,12/1/2019 12:00:00 AM,1323,2,2,0,0,CLOUDY,DRY,False,OTHER RAMP RELATED COLLISIONS NOT LISTED ABOVE,SIDESWIPE-OPPOSITE DIRECTION,STRAIGHT & LEVEL,DAYLIGHT,I 0071,I 0265,12/2/2019 10:25:25 AM,False,6830,Accepted,
25997830,0568000,LOUISVILLE METRO POLICE DEPT,Accepted,JEFFERSON,I 0064,,,,,,,,,,,38.258601024,-85.743801246,0.071,12/1/2019 12:00:00 AM,1538,1,1,0,0,CLOUDY,DRY,False,OTHER RAMP RELATED COLLISIONS NOT LISTED ABOVE,SINGLE VEHICLE,CURVE & GRADE,DAYLIGHT,I 0064,I 0065,12/2/2019 10:24:42 AM,False,2855,Accepted,
25997828,0568000,LOUISVILLE METRO POLICE DEPT,Accepted,JEFFERSON,US0031W,4915,DIXIE,HWY,,,,,,,,38.158190156,-85.833699659,12.595,12/1/2019 12:00:00 AM,1015,2,2,0,0,CLEAR,DRY,False,COLLISION IN PARKING LOT,BACKING,STRAIGHT & LEVEL,DAYLIGHT,,,12/2/2019 10:24:35 AM,False,7524,Accepted,
25997826,0568000,LOUISVILLE METRO POLICE DEPT,Accepted,JEFFERSON,KY2052,6214,SHEPHERDSVILLE,RD,,,,,,,,38.157958222,-85.660538782,1.334,12/1/2019 12:00:00 AM,1315,2,2,0,0,CLEAR,DRY,True,COLLISION IN PARKING LOT,REAR END,STRAIGHT & LEVEL,DAYLIGHT,,,12/2/2019 10:24:25 AM,False,7739,Accepted,
25997815,0568000,LOUISVILLE METRO POLICE DEPT,Accepted,JEFFERSON,KY0864,4009,POPLAR LEVEL,RD,,,,,,,,38.200928184,-85.709330701,11.705,12/1/2019 12:00:00 AM,1123,2,2,0,0,CLEAR,DRY,True,COLLISION IN PARKING LOT,SIDESWIPE-SAME DIRECTION,STRAIGHT & LEVEL,DAYLIGHT,,,12/2/2019 10:22:47 AM,False,5288,Accepted,
25997872,0568000,LOUISVILLE METRO POLICE DEPT,Accepted,JEFFERSON,KY1230,9101,CANE RUN,RD,,,,,,,,38.134556946,-85.897872294,3.927,12/1/2019 12:00:00 AM,0555,2,2,0,0,CLEAR,DRY,True,COLLISION IN PARKING LOT,SIDESWIPE-SAME DIRECTION,STRAIGHT & LEVEL,DARK-HWY LIGHTED/ON,,,12/2/2019 10:27:34 AM,False,2311,Accepted,
25997831,0568000,LOUISVILLE METRO POLICE DEPT,Accepted,JEFFERSON,,3119,HIKES,LN,,,,,,,,38.212901814,-85.637834208,2.409,12/1/2019 12:00:00 AM,1531,3,3,0,0,CLOUDY,DRY,False,VEHICLE BACKING NON INTERSECTION,BACKING,STRAIGHT & LEVEL,DAYLIGHT,,,12/2/2019 10:24:48 AM,True,7448,Accepted,
26045754,0568000,LOUISVILLE METRO POLICE DEPT,Accepted,JEFFERSON,KY1865,,TAYLOR,BLVD,,,,,,,,38.180557917,-85.783391091,5.094,12/1/2019 12:00:00 AM,1803,2,2,0,0,RAINING,WET,False,1 VEHICLE ENTERING/LEAVING ENTRANCE,ANGLE,STRAIGHT & LEVEL,DARK-HWY LIGHTED/ON,,,12/12/2019 9:07:57 AM,False,7032,Accepted,
25997881,0568000,LOUISVILLE METRO POLICE DEPT,Accepted,JEFFERSON,,,26TH,ST,S,,,,BROADWAY,,ELLIOTT,38.250170521,-85.794807632,0.732,12/1/2019 12:00:00 AM,2223,2,2,0,0,CLOUDY,WET,False,1 VEHICLE ENTERING/LEAVING ENTRANCE,ANGLE,STRAIGHT & LEVEL,DARK-HWY LIGHTED/ON,,,12/2/2019 10:28:43 AM,False,5021,Accepted,