IncidentID,AgencyORI,AgencyName,IncidentStatusDesc,County,RdwyNumber,Street,RoadwayName,StreetSfx,StreetDir,IntersectionRdwy,IntersectionRdwyName,BetweenStRdwy1,BetweenStRdwyName1,BetweenStRdwy2,BetweenStRdwyName2,Latitude,Longitude,Milepoint,CollisionDate,CollisionTime,UnitsInvolved,MotorVehiclesInvolved,NumberKilled,NumberInjured,Weather,RdwyConditionCode,HitandRun,DirAnalysisCode,MannerofCollision,RdwyCharacter,LightCondition,RampFromRdwyId,RampToRdwyId,AcceptedDate,IsSecondaryCollision,OwnerBadge,IncidentStatus,
25997861,0568000,LOUISVILLE METRO POLICE DEPT,Accepted,JEFFERSON,KY0155,,TAYLORSVILLE,RD,,,,,BROWNS,,YORKSHIRE,38.219907153,-85.627631429,13.421,12/1/2019 12:00:00 AM,1345,2,2,0,2,CLOUDY,DRY,False,1 VEHICLE ENTERING/LEAVING ENTRANCE,ANGLE,STRAIGHT & LEVEL,DAYLIGHT,,,12/2/2019 10:26:36 AM,False,7482,Accepted,
26051943,0568000,LOUISVILLE METRO POLICE DEPT,Accepted,JEFFERSON,KY1865,,TAYLOR,BLVD,,,,,,,,38.180557917,-85.783391091,5.094,12/1/2019 12:00:00 AM,1944,2,1,0,0,RAINING,WET,False,1 VEHICLE ENTERING/LEAVING ENTRANCE,ANGLE,STRAIGHT & LEVEL,DARK-HWY LIGHTED/ON,,,12/13/2019 10:40:37 AM,False,7032,Accepted,
25997892,0568000,LOUISVILLE METRO POLICE DEPT,Accepted,JEFFERSON,US0150,,BROADWAY,,W,,,,ROY WILKINS,,10TH,38.246991789,-85.766845749,1.918,12/1/2019 12:00:00 AM,2146,3,3,0,2,RAINING,WET,True,HEAD-ON COLLISION,HEAD ON,STRAIGHT & LEVEL,DARK-HWY LIGHTED/ON,,,12/2/2019 10:30:52 AM,False,5251,Accepted,
26019717,0568000,LOUISVILLE METRO POLICE DEPT,Accepted,JEFFERSON,KY0022,,BROWNSBORO,RD,,,,,,,,38.312677002,-85.567690334,4.427,12/1/2019 12:00:00 AM,1011,2,2,0,0,CLOUDY,DRY,False,SIDESWIPE COLLISION - SAME DIRECTION,SIDESWIPE-SAME DIRECTION,STRAIGHT & LEVEL,DAYLIGHT,,,12/6/2019 8:48:55 AM,False,2489,Accepted,
25997873,0568000,LOUISVILLE METRO POLICE DEPT,Accepted,JEFFERSON,I 0264,,I264 W,,,,,I 0264,I264 W EXIT9 ON RAMP FROM KY1865,I 0264,I264 W EXIT8A OFF RAMP TO US31W N,38.186862126,-85.793469633,8.651,12/1/2019 12:00:00 AM,1543,3,3,0,3,CLOUDY,WET,False,SIDESWIPE COLLISION - SAME DIRECTION,SIDESWIPE-SAME DIRECTION,STRAIGHT & LEVEL,DAYLIGHT,,,12/2/2019 10:27:44 AM,False,7422,Accepted,
25997792,0568000,LOUISVILLE METRO POLICE DEPT,Accepted,JEFFERSON,I 0264,,I264 E,,,,,I 0264,I264 E EXIT3 ON RAMP FROM  HALE AVE,I 0264,I264 E EXIT4 OFF RAMP TO KY2056,38.229056014,-85.821607653,3.587,12/1/2019 12:00:00 AM,0224,2,2,0,0,RAINING,WET,False,SIDESWIPE COLLISION - SAME DIRECTION,SIDESWIPE-SAME DIRECTION,STRAIGHT & LEVEL,DARK-HWY LIGHTED/OFF,,,12/2/2019 10:19:37 AM,False,2877,Accepted,
25997864,0568000,LOUISVILLE METRO POLICE DEPT,Accepted,JEFFERSON,US0031W,,DIXIE,HWY,,,,,,,,38.013609074,-85.926187609,1.241,12/1/2019 12:00:00 AM,1803,3,3,0,0,RAINING,WET,False,SIDESWIPE COLLISION - SAME DIRECTION,SIDESWIPE-SAME DIRECTION,STRAIGHT & LEVEL,DARK-HWY LIGHTED/OFF,,,12/2/2019 10:26:58 AM,False,7331,Accepted,
26002611,0568000,LOUISVILLE METRO POLICE DEPT,Accepted,JEFFERSON,KY1065,,OUTER,LOOP,,,,,,,,38.138087272,-85.676921183,6.596,12/1/2019 12:00:00 AM,1844,2,2,0,0,RAINING,WET,False,REAR END IN TRAFFIC LANES BOTH VEHICLES MOVING,REAR END,STRAIGHT & LEVEL,DARK-HWY LIGHTED/ON,,,12/3/2019 7:31:09 AM,False,5042,Accepted,
25997851,0568000,LOUISVILLE METRO POLICE DEPT,Accepted,JEFFERSON,,,26TH,ST,N,,,,,,,38.271567511,-85.790159877,0.726,12/1/2019 12:00:00 AM,1805,2,2,0,0,RAINING,WATER (STANDING OR MOVING),False,OTHER COLLISIONS ON SHOULDER,SIDESWIPE-SAME DIRECTION,STRAIGHT & LEVEL,DARK-HWY NOT LIGHTED,,,12/2/2019 10:26:02 AM,False,7988,Accepted,
26019709,0568000,LOUISVILLE METRO POLICE DEPT,Accepted,JEFFERSON,I 0065,,I65 N,,,,,I 0065,I65 N EXIT130 OFF RAMP TO KY61,I 0065,I65 N EXIT128 ON RAMP FROM KY1631,38.172200537,-85.720328343,129.316,12/1/2019 12:00:00 AM,1809,3,3,0,1,RAINING,WET,False,REAR END IN TRAFFIC LANES BOTH VEHICLES MOVING,REAR END,STRAIGHT & LEVEL,DARK-HWY LIGHTED/ON,,,12/6/2019 8:47:50 AM,False,5027,Accepted,
25997803,0568000,LOUISVILLE METRO POLICE DEPT,Accepted,JEFFERSON,KY1747,,FERN VALLEY,RD,,,,I 0065,I65 S EXIT128 OFF RAMP TO KY1631 W,,FERN GRADE,38.157940069,-85.724065416,0.445,12/1/2019 12:00:00 AM,0815,2,2,0,0,CLOUDY,DRY,False,REAR END IN TRAFFIC LANES BOTH VEHICLES MOVING,REAR END,STRAIGHT & GRADE,DAWN,,,12/2/2019 10:20:37 AM,False,7669,Accepted,
26019745,0568000,LOUISVILLE METRO POLICE DEPT,Accepted,JEFFERSON,KY1934,,GREENBELT,HWY,,,,,,,,38.147000840,-85.886452439,4.453,12/1/2019 12:00:00 AM,1618,2,2,0,0,CLEAR,DRY,False,REAR END IN TRAFFIC LANES BOTH VEHICLES MOVING,REAR END,STRAIGHT & LEVEL,DAYLIGHT,,,12/6/2019 8:52:54 AM,False,5250,Accepted,
25997867,0568000,LOUISVILLE METRO POLICE DEPT,Accepted,JEFFERSON,I 0064,,I64 E,,,,,I 0064,I64 E EXIT19A RAMP TO I265 S,I 0064,I64 E EXIT19A RAMP TO I265 S,38.222689524,-85.507955108,18.844,12/1/2019 12:00:00 AM,1829,2,2,0,0,RAINING,WET,False,REAR END IN TRAFFIC LANES BOTH VEHICLES MOVING,REAR END,STRAIGHT & LEVEL,DARK-HWY LIGHTED/ON,,,12/2/2019 10:27:09 AM,False,7337,Accepted,
25997882,0568000,LOUISVILLE METRO POLICE DEPT,Accepted,JEFFERSON,KY1065,,OUTER,LOOP,,,,,,,,38.136294983,-85.697917829,5.422,12/1/2019 12:00:00 AM,2015,5,3,0,2,RAINING,WET,False,1 VEHICLE PARKED POSITION (NOT PARKING LOT/DRIVEWAY),SIDESWIPE-SAME DIRECTION,STRAIGHT & LEVEL,DARK (UNKNOWN ROADWAY LIGHTING),,,12/2/2019 10:29:01 AM,False,5248,Accepted,
26019689,0568000,LOUISVILLE METRO POLICE DEPT,Accepted,JEFFERSON,KY2055,,MANSLICK,RD,W,,,,,,,38.107968373,-85.762189460,1.624,12/1/2019 12:00:00 AM,1555,1,1,0,0,RAINING,WET,False,COLLISION WITH NON-FIXED OBJECT ,SINGLE VEHICLE,STRAIGHT & LEVEL,DAYLIGHT,,,12/6/2019 8:43:29 AM,False,7221,Accepted,
26013924,0568000,LOUISVILLE METRO POLICE DEPT,Accepted,JEFFERSON,US0060A,,LEXINGTON,RD,,,,,LEDGE,I 0064,I64 W EXIT8 OFF RAMP TO  GRINSTEAD DR,38.244934945,-85.698272987,8.195,12/1/2019 12:00:00 AM,0136,1,1,0,0,RAINING,WET,False,COLLISION WITH FIXED OBJECT NON - INTERSECTION - FIRST EVENT COLLISION 09 - 32 EXCLUDING 16,SINGLE VEHICLE,CURVE & LEVEL,DARK-HWY LIGHTED/ON,,,12/5/2019 8:24:03 AM,False,7180,Accepted,
25997819,0568000,LOUISVILLE METRO POLICE DEPT,Accepted,JEFFERSON,,915,PARK,RD,S,,,,,,,38.109365786,-85.735262074,3.990,12/1/2019 12:00:00 AM,1120,1,1,0,0,CLEAR,DRY,False,COLLISION WITH FIXED OBJECT NON - INTERSECTION - FIRST EVENT COLLISION 09 - 32 EXCLUDING 16,SINGLE VEHICLE,CURVE & HILLCREST,DAYLIGHT,,,12/2/2019 10:23:31 AM,False,7080,Accepted,
25997877,0568000,LOUISVILLE METRO POLICE DEPT,Accepted,JEFFERSON,,3121,RIVER PARK,DR,,,,,,,,38.254058633,-85.803918759,1.264,12/1/2019 12:00:00 AM,2101,2,2,0,0,RAINING,WATER (STANDING OR MOVING),True,1 VEHICLE PARKED POSITION (NOT PARKING LOT/DRIVEWAY),REAR END,STRAIGHT & LEVEL,DARK-HWY NOT LIGHTED,,,12/2/2019 10:28:25 AM,False,7253,Accepted,
25997838,0568000,LOUISVILLE METRO POLICE DEPT,Accepted,JEFFERSON,,530,27TH,ST,N,,,,,,,38.271232660,-85.792466122,0.276,12/1/2019 12:00:00 AM,0100,1,1,0,0,CLEAR,DRY,True,1 VEHICLE PARKED POSITION (NOT PARKING LOT/DRIVEWAY),SINGLE VEHICLE,STRAIGHT & LEVEL,DARK (UNKNOWN ROADWAY LIGHTING),,,12/2/2019 10:25:13 AM,False,7288,Accepted,
25997777,0568000,LOUISVILLE METRO POLICE DEPT,Accepted,JEFFERSON,KY1631,,CRITTENDEN,DR,,,,,,,,38.198314227,-85.750842976,0.717,12/1/2019 12:00:00 AM,0140,1,1,0,0,CLOUDY,WET,False,COLLISION WITH FIXED OBJECT NON - INTERSECTION - FIRST EVENT COLLISION 09 - 32 EXCLUDING 16,SINGLE VEHICLE,STRAIGHT & LEVEL,DARK-HWY LIGHTED/ON,,,12/2/2019 10:18:47 AM,False,5252,Accepted,
25997818,0568000,LOUISVILLE METRO POLICE DEPT,Accepted,JEFFERSON,,,JEFFERSON,ST,W,,18TH,,,,,38.256410271,-85.780151564,1.544,12/1/2019 12:00:00 AM,1240,2,2,0,2,CLOUDY,DRY,False,OTHER INTERSECTION COLLISIONS,REAR END,STRAIGHT & LEVEL,DAYLIGHT,,,12/2/2019 10:23:26 AM,False,7988,Accepted,
25997849,0568000,LOUISVILLE METRO POLICE DEPT,Accepted,JEFFERSON,KY0061,,PRESTON,HWY,,,OKOLONA,,,,,38.138111670,-85.686473696,3.934,12/1/2019 12:00:00 AM,1750,2,2,0,0,CLOUDY,WET,True,OTHER INTERSECTION COLLISIONS,REAR END,STRAIGHT & LEVEL,DUSK,,,12/2/2019 10:25:53 AM,False,7354,Accepted,
26013819,0568000,LOUISVILLE METRO POLICE DEPT,Accepted,JEFFERSON,,,2ND,ST,S,,KENWOOD,,,,,38.179226278,-85.764780807,0.738,12/1/2019 12:00:00 AM,1743,2,2,0,1,CLOUDY,WET,False,OPPOSING LEFT TURN,OPPOSING LEFT TURN,STRAIGHT & LEVEL,DUSK,,,12/5/2019 8:12:56 AM,False,7441,Accepted,
26035819,0568000,LOUISVILLE METRO POLICE DEPT,Accepted,JEFFERSON,KY0061,,PRESTON,HWY,,,PHILLIPS,,,,,38.197656908,-85.731622822,8.767,12/1/2019 12:00:00 AM,1144,2,2,0,0,RAINING,WET,False,OPPOSING LEFT TURN,OPPOSING LEFT TURN,STRAIGHT & LEVEL,DARK-HWY LIGHTED/ON,,,12/10/2019 9:00:54 AM,False,7972,Accepted,
25997895,0568000,LOUISVILLE METRO POLICE DEPT,Accepted,JEFFERSON,,,INDIAN,TRL,E,,JEANINE,,,,,38.170710487,-85.688624202,0.993,12/1/2019 12:00:00 AM,1920,2,2,0,0,CLEAR,WET,False,OPPOSING LEFT TURN,OPPOSING LEFT TURN,STRAIGHT & LEVEL,DARK-HWY LIGHTED/ON,,,12/2/2019 10:31:31 AM,False,5189,Accepted,
25997885,0568000,LOUISVILLE METRO POLICE DEPT,Accepted,JEFFERSON,KY1865,,NEW CUT,RD,,KY1065,OUTER,,,,,38.126468863,-85.776213570,1.257,12/1/2019 12:00:00 AM,2146,3,3,0,1,RAINING,WET,False,OPPOSING LEFT TURN,OPPOSING LEFT TURN,STRAIGHT & LEVEL,DARK-HWY LIGHTED/ON,,,12/2/2019 10:29:42 AM,False,5209,Accepted,
25997795,0568000,LOUISVILLE METRO POLICE DEPT,Accepted,JEFFERSON,KY0061,,PRESTON,HWY,,I 0065,I65 N EXIT130 ON RAMP FROM KY61,,,,,38.178928044,-85.717235111,7.235,12/1/2019 12:00:00 AM,0417,2,2,0,0,CLEAR,WET,False,OPPOSING LEFT TURN,OPPOSING LEFT TURN,STRAIGHT & LEVEL,DARK-HWY LIGHTED/ON,,,12/2/2019 10:19:59 AM,False,5189,Accepted,
26077858,0568000,LOUISVILLE METRO POLICE DEPT,Accepted,JEFFERSON,KY2054,,ALGONQUIN,PKWY,,,13TH,,,,,38.220845516,-85.778283603,2.445,12/1/2019 12:00:00 AM,2108,2,2,0,0,RAINING,WET,False,ANGLE COLLISION - OTHER,ANGLE,STRAIGHT & LEVEL,DARK-HWY LIGHTED/ON,,,12/19/2019 8:26:11 AM,False,5039,Accepted,
25997870,0568000,LOUISVILLE METRO POLICE DEPT,Accepted,JEFFERSON,KY1934,,CANE RUN,RD,,,ELANE,,,,,38.189911803,-85.849551398,8.256,12/1/2019 12:00:00 AM,1808,2,2,0,0,RAINING,WET,False,ANGLE COLLISION - OTHER,ANGLE,STRAIGHT & LEVEL,DARK-HWY LIGHTED/ON,,,12/2/2019 10:27:21 AM,False,7420,Accepted,
25997878,0568000,LOUISVILLE METRO POLICE DEPT,Accepted,JEFFERSON,,,MUHAMMAD ALI,BLVD,W,,18TH,,,,,38.253668316,-85.780681650,1.544,12/1/2019 12:00:00 AM,2255,2,2,0,2,RAINING,WET,False,ANGLE COLLISION - OTHER,ANGLE,STRAIGHT & LEVEL,DARK-HWY LIGHTED/ON,,,12/2/2019 10:28:29 AM,False,7217,Accepted,
25997880,0568000,LOUISVILLE METRO POLICE DEPT,Accepted,JEFFERSON,,,CHESTNUT,ST,W,US0031W,22ND,,,,,38.252238179,-85.787675004,0.728,12/1/2019 12:00:00 AM,2115,2,2,0,0,CLOUDY,WET,True,ANGLE COLLISION - OTHER,ANGLE,STRAIGHT & LEVEL,DARK-HWY LIGHTED/ON,,,12/2/2019 10:28:37 AM,False,5021,Accepted,
26019695,0568000,LOUISVILLE METRO POLICE DEPT,Accepted,JEFFERSON,KY1865,,NEW CUT,RD,,,COGAN,,,,,38.142148085,-85.774463158,2.412,12/1/2019 12:00:00 AM,1730,2,2,0,0,RAINING,WET,False,ANGLE COLLISION - OTHER,ANGLE,STRAIGHT & LEVEL,DARK (UNKNOWN ROADWAY LIGHTING),,,12/6/2019 8:44:53 AM,False,7080,Accepted,
26013862,0568000,LOUISVILLE METRO POLICE DEPT,Accepted,JEFFERSON,KY0146,,LA GRANGE,RD,,I 0265,I265 S EXIT30 ON RAMP FROM KY146,,,,,38.284447002,-85.514592006,7.202,12/1/2019 12:00:00 AM,1724,2,2,0,0,CLOUDY,DRY,False,ANGLE COLLISION - OTHER,ANGLE,STRAIGHT & LEVEL,DUSK,,,12/5/2019 8:17:24 AM,False,6334,Accepted,
26013872,0568000,LOUISVILLE METRO POLICE DEPT,Accepted,JEFFERSON,US0150,,BROADWAY,,E,KY0061,JACKSON,,,,,38.245122465,-85.745653813,3.072,12/1/2019 12:00:00 AM,1129,2,2,0,1,CLOUDY,DRY,False,ANGLE COLLISION - OTHER,ANGLE,STRAIGHT & GRADE,DAYLIGHT,,,12/5/2019 8:18:24 AM,False,2661,Accepted,
25997787,0568000,LOUISVILLE METRO POLICE DEPT,Accepted,JEFFERSON,,,GRADE,LN,,,FERN GRADE,,,,,38.158857117,-85.725136700,1.670,12/1/2019 12:00:00 AM,0436,2,2,0,1,CLEAR,DRY,False,,HEAD ON,STRAIGHT & LEVEL,DARK-HWY LIGHTED/ON,,,12/2/2019 10:19:16 AM,False,5053,Accepted,
25997774,0568000,LOUISVILLE METRO POLICE DEPT,Accepted,JEFFERSON,KY1703,,NEWBURG,RD,,,TARTAN,,,,,38.210399785,-85.694223294,2.928,12/1/2019 12:00:00 AM,0150,1,1,0,0,CLOUDY,WET,False,COLLISION WITH FIXED OBJECT IN INTERSECTION - FIRST EVENT COLLISION 09 - 32,SINGLE VEHICLE,CURVE & GRADE,DARK-HWY LIGHTED/ON,,,12/2/2019 10:18:39 AM,False,7935,Accepted,
25997800,0568000,LOUISVILLE METRO POLICE DEPT,Accepted,JEFFERSON,US0031E,,BARDSTOWN,RD,,KY1932,BRECKENRIDGE,,,,,38.181209334,-85.626861530,8.695,12/1/2019 12:00:00 AM,0100,1,1,0,0,RAINING,WET,False,COLLISION WITH FIXED OBJECT IN INTERSECTION - FIRST EVENT COLLISION 09 - 32,SINGLE VEHICLE,STRAIGHT & LEVEL,DARK-HWY NOT LIGHTED,,,12/2/2019 10:20:14 AM,False,2234,Accepted,
25999450,0568000,LOUISVILLE METRO POLICE DEPT,Accepted,JEFFERSON,,,STRAWBERRY,LN,,KY1020,SOUTHSIDE,,,,,38.158811172,-85.763706427,0.071,12/1/2019 12:00:00 AM,1700,2,2,0,0,CLEAR,DRY,True,COLLISION WITH PARKED VEHICLE,ANGLE,STRAIGHT & LEVEL,DAYLIGHT,,,12/2/2019 2:06:54 PM,False,5263,Accepted,
25997869,0568000,LOUISVILLE METRO POLICE DEPT,Accepted,JEFFERSON,,4500B,LOUISVILLE,AVE,,,HIAWATHA,,,,,38.185845051,-85.756155470,0.277,12/1/2019 12:00:00 AM,1840,1,1,0,1,RAINING,WET,False,COLLISION WITH FIXED OBJECT IN INTERSECTION - FIRST EVENT COLLISION 09 - 32,SINGLE VEHICLE,STRAIGHT & LEVEL,DARK-HWY LIGHTED/ON,,,12/2/2019 10:27:17 AM,False,5258,Accepted,
25997893,0568000,LOUISVILLE METRO POLICE DEPT,Accepted,JEFFERSON,KY3064,2215,PORTLAND,AVE,,,CARTER,,,,,38.269083440,-85.784424207,0.114,12/1/2019 12:00:00 AM,0200,1,1,0,0,CLEAR,WET,True,COLLISION WITH FIXED OBJECT IN INTERSECTION - FIRST EVENT COLLISION 09 - 32,SINGLE VEHICLE,,DARK-HWY LIGHTED/ON,,,12/2/2019 10:31:01 AM,False,7190,Accepted,
25997865,0568000,LOUISVILLE METRO POLICE DEPT,Accepted,JEFFERSON,,,KENTUCKY,ST,E,,BARRET,,,,,38.236551706,-85.728289801,1.488,12/1/2019 12:00:00 AM,1843,2,2,0,0,RAINING,WET,True,ANGLE COLLISION - ONE VEHICLE TURNING LEFT,ANGLE,STRAIGHT & LEVEL,DARK-HWY LIGHTED/ON,,,12/2/2019 10:27:05 AM,False,5243,Accepted,
25997860,0568000,LOUISVILLE METRO POLICE DEPT,Accepted,JEFFERSON,KY1865,,TAYLOR,BLVD,,,BEECHER,,,,,38.191659925,-85.783271874,5.877,12/1/2019 12:00:00 AM,1750,2,2,0,2,RAINING,WET,False,ANGLE COLLISION - ONE VEHICLE TURNING LEFT,ANGLE,STRAIGHT & LEVEL,DUSK,,,12/2/2019 10:26:31 AM,False,7433,Accepted,
25997874,0568000,LOUISVILLE METRO POLICE DEPT,Accepted,JEFFERSON,,,MAGAZINE,ST,,,20TH,,,,,38.250693133,-85.785369555,0.993,12/1/2019 12:00:00 AM,1932,2,2,0,0,RAINING,WET,True,ANGLE COLLISION - OTHER,ANGLE,STRAIGHT & LEVEL,DARK-HWY LIGHTED/ON,,,12/2/2019 10:28:06 AM,False,7217,Accepted,
25997817,0568000,LOUISVILLE METRO POLICE DEPT,Accepted,JEFFERSON,KY0155,,TAYLORSVILLE,RD,,KY1932,BRECKENRIDGE,,,,,38.220190348,-85.630546652,13.590,12/1/2019 12:00:00 AM,1123,2,2,0,0,CLOUDY,DRY,False,ANGLE COLLISION - OTHER,ANGLE,STRAIGHT & LEVEL,DAYLIGHT,,,12/2/2019 10:23:14 AM,False,7448,Accepted,
25997832,0568000,LOUISVILLE METRO POLICE DEPT,Accepted,JEFFERSON,KY0061,,PRESTON,HWY,,,MUD,,,,,38.092795394,-85.669254278,0.649,12/1/2019 12:00:00 AM,1101,3,3,0,3,CLEAR,DRY,False,ANGLE COLLISION - OTHER,ANGLE,STRAIGHT & LEVEL,DAYLIGHT,,,12/2/2019 10:25:07 AM,False,7484,Accepted,
25997741,0568000,LOUISVILLE METRO POLICE DEPT,Accepted,JEFFERSON,KY2054,,ALGONQUIN,PKWY,,,COLORADO,,,,,38.214138005,-85.772998366,2.987,11/30/2019 12:00:00 AM,1517,2,2,0,0,RAINING,WET,False,ANGLE COLLISION - OTHER,ANGLE,CURVE & LEVEL,DAYLIGHT,,,12/2/2019 10:17:22 AM,False,7422,Accepted,
25997682,0568000,LOUISVILLE METRO POLICE DEPT,Accepted,JEFFERSON,,,1ST,ST,S,,ST CATHERINE,,,,,38.237246479,-85.754863782,1.311,11/30/2019 12:00:00 AM,1130,2,2,0,1,RAINING,WET,False,ANGLE COLLISION - OTHER,ANGLE,STRAIGHT & LEVEL,DAYLIGHT,,,12/2/2019 10:15:37 AM,False,5260,Accepted,
25997816,0568000,LOUISVILLE METRO POLICE DEPT,Accepted,JEFFERSON,US0031E,,MAIN,ST,E,,SHELBY,,,,,38.254593570,-85.737800871,16.981,11/30/2019 12:00:00 AM,1721,2,2,0,4,CLEAR,WET,False,ANGLE COLLISION - OTHER,ANGLE,STRAIGHT & LEVEL,DARK-HWY LIGHTED/ON,,,12/2/2019 10:23:03 AM,False,6907,Accepted,
25997590,0568000,LOUISVILLE METRO POLICE DEPT,Accepted,JEFFERSON,KY1447,,WESTPORT,RD,,,CHAMBERLAIN,,,,,38.299363582,-85.541723331,7.038,11/30/2019 12:00:00 AM,0709,2,2,0,0,RAINING,WET,False,ANGLE COLLISION - OTHER,ANGLE,STRAIGHT & LEVEL,DAWN,,,12/2/2019 10:12:05 AM,False,6830,Accepted,
25997656,0568000,LOUISVILLE METRO POLICE DEPT,Accepted,JEFFERSON,,,1ST,ST,S,US0150,BROADWAY,,,,,38.245714718,-85.753379291,0.722,11/30/2019 12:00:00 AM,1240,2,2,0,2,RAINING,WET,False,ANGLE COLLISION - OTHER,ANGLE,STRAIGHT & LEVEL,DAYLIGHT,,,12/2/2019 10:14:23 AM,False,6907,Accepted,
25997645,0568000,LOUISVILLE METRO POLICE DEPT,Accepted,JEFFERSON,US0060,,SHELBYVILLE,RD,,I 0264,I264 E EXIT20B OFF RAMP TO US60,,,,,38.249947427,-85.618693630,5.570,11/30/2019 12:00:00 AM,1300,2,2,0,0,RAINING,WET,True,ANGLE COLLISION - OTHER,ANGLE,STRAIGHT & LEVEL,DAYLIGHT,,,12/2/2019 10:13:36 AM,False,6406,Accepted,
25997670,0568000,LOUISVILLE METRO POLICE DEPT,Accepted,JEFFERSON,I 0265,,I265 W,,,I 0065,I65 N EXIT125B OFF RAMP TO KY481,,,,,38.114957922,-85.701063993,10.272,11/30/2019 12:00:00 AM,1142,3,3,0,4,FOG WITH RAIN,WET,False,ANGLE COLLISION - OTHER,ANGLE,STRAIGHT & LEVEL,DAYLIGHT,,,12/2/2019 10:14:52 AM,False,7669,Accepted,
25997712,0568000,LOUISVILLE METRO POLICE DEPT,Accepted,JEFFERSON,,,BROADWAY,,W,,27TH,,,,,38.249537096,-85.796574624,0.456,11/30/2019 12:00:00 AM,1541,3,3,0,2,RAINING,WET,False,ANGLE COLLISION - OTHER,ANGLE,STRAIGHT & LEVEL,DAYLIGHT,,,12/2/2019 10:16:27 AM,False,7479,Accepted,
25997584,0568000,LOUISVILLE METRO POLICE DEPT,Accepted,JEFFERSON,,,GRADE LN CONN,,,,LOTUS,,,,,38.169199814,-85.717204381,0.342,11/30/2019 12:00:00 AM,0530,2,2,0,0,RAINING,WET,False,ANGLE COLLISION - OTHER,ANGLE,STRAIGHT & LEVEL,DARK-HWY LIGHTED/ON,,,12/2/2019 10:11:44 AM,False,5189,Accepted,
25997871,0568000,LOUISVILLE METRO POLICE DEPT,Accepted,JEFFERSON,US0060A,,TAYLOR,BLVD,,,DRESDEN,,,,,38.197000402,-85.782895558,1.517,11/30/2019 12:00:00 AM,2000,2,2,0,0,RAINING,WET,False,ANGLE COLLISION - ONE VEHICLE TURNING LEFT,ANGLE,STRAIGHT & LEVEL,DARK-HWY LIGHTED/ON,,,12/2/2019 10:27:25 AM,False,5175,Accepted,
25997855,0568000,LOUISVILLE METRO POLICE DEPT,Accepted,JEFFERSON,KY1865,,NEW CUT,RD,,,SOUTHERN,,,,,38.169800309,-85.781257577,4.341,11/30/2019 12:00:00 AM,1130,3,3,0,0,CLOUDY,WET,False,ANGLE COLLISION - ONE VEHICLE TURNING LEFT,ANGLE,STRAIGHT & LEVEL,DAYLIGHT,,,12/2/2019 10:26:09 AM,False,5293,Accepted,
26013938,0568000,LOUISVILLE METRO POLICE DEPT,Accepted,JEFFERSON,,,JEFFERSON,ST,E,,1ST,,,,,38.253233522,-85.752140028,1.044,11/30/2019 12:00:00 AM,0233,2,2,0,0,RAINING,WET,False,ANGLE COLLISION - ONE VEHICLE TURNING LEFT,ANGLE,STRAIGHT & LEVEL,DARK-HWY LIGHTED/ON,,,12/5/2019 8:25:24 AM,False,5135,Accepted,
25997857,0568000,LOUISVILLE METRO POLICE DEPT,Accepted,JEFFERSON,KY1142,,PALATKA,RD,,KY1865,NEW CUT,,,,,38.150845963,-85.776904927,1.415,11/30/2019 12:00:00 AM,1902,2,2,0,0,CLOUDY,WET,False,ANGLE COLLISION - ONE VEHICLE TURNING LEFT,ANGLE,STRAIGHT & LEVEL,DARK-HWY LIGHTED/ON,,,12/2/2019 10:26:16 AM,False,5293,Accepted,
25997749,0568000,LOUISVILLE METRO POLICE DEPT,Accepted,JEFFERSON,,,CENTRAL,AVE,,,MONTANA,,,,,38.207794764,-85.777401767,1.148,11/30/2019 12:00:00 AM,1804,2,2,0,0,CLOUDY,WET,False,ANGLE COLLISION - ONE VEHICLE TURNING LEFT,ANGLE,STRAIGHT & LEVEL,DARK-HWY NOT LIGHTED,,,12/2/2019 10:17:56 AM,False,7472,Accepted,
25997588,0568000,LOUISVILLE METRO POLICE DEPT,Accepted,JEFFERSON,US0031E,,BAXTER,AVE,,,HULL,,,,,38.247346839,-85.729862209,16.171,11/30/2019 12:00:00 AM,0436,2,2,0,0,RAINING,WET,False,COLLISION WITH PARKED VEHICLE,SIDESWIPE-SAME DIRECTION,STRAIGHT & HILLCREST,DARK-HWY LIGHTED/ON,,,12/2/2019 10:11:51 AM,False,5240,Accepted,
25997572,0568000,LOUISVILLE METRO POLICE DEPT,Accepted,JEFFERSON,,,CENTRAL,AVE,,US0060A,TAYLOR,,,,,38.206395126,-85.776166009,1.032,11/30/2019 12:00:00 AM,0030,2,2,0,0,RAINING,WET,True,COLLISION WITH PARKED VEHICLE,SIDESWIPE-SAME DIRECTION,STRAIGHT & LEVEL,DARK-HWY LIGHTED/ON,,,12/2/2019 10:10:35 AM,False,5217,Accepted,
25997780,0568000,LOUISVILLE METRO POLICE DEPT,Accepted,JEFFERSON,US0060A,,3RD,ST,S,US0060A,EASTERN,,,,,38.213743350,-85.762293781,3.409,11/30/2019 12:00:00 AM,1838,1,1,0,0,RAINING,WET,False,COLLISION WITH FIXED OBJECT IN INTERSECTION - FIRST EVENT COLLISION 09 - 32,SINGLE VEHICLE,STRAIGHT & GRADE,DARK-HWY LIGHTED/ON,,,12/2/2019 10:18:52 AM,False,7527,Accepted,