IncidentID,AgencyORI,AgencyName,IncidentStatusDesc,County,RdwyNumber,Street,RoadwayName,StreetSfx,StreetDir,IntersectionRdwy,IntersectionRdwyName,BetweenStRdwy1,BetweenStRdwyName1,BetweenStRdwy2,BetweenStRdwyName2,Latitude,Longitude,Milepoint,CollisionDate,CollisionTime,UnitsInvolved,MotorVehiclesInvolved,NumberKilled,NumberInjured,Weather,RdwyConditionCode,HitandRun,DirAnalysisCode,MannerofCollision,RdwyCharacter,LightCondition,RampFromRdwyId,RampToRdwyId,AcceptedDate,IsSecondaryCollision,OwnerBadge,IncidentStatus,
25997683,0568000,LOUISVILLE METRO POLICE DEPT,Accepted,JEFFERSON,I 0065,,I65 N,,,I 0065,I65 N EXIT135 OFF RAMP TO  E SAINT CATHERINE ST,,,,,38.236374427,-85.752052674,134.602,11/30/2019 12:00:00 AM,1245,1,1,0,0,RAINING,WET,False,COLLISION WITH FIXED OBJECT IN INTERSECTION - FIRST EVENT COLLISION 09 - 32,SINGLE VEHICLE,STRAIGHT & LEVEL,DAYLIGHT,,,12/2/2019 10:15:46 AM,False,5260,Accepted,
25997579,0568000,LOUISVILLE METRO POLICE DEPT,Accepted,JEFFERSON,I 0065,,I65 N,,,,,I 0065,I65 N EXIT128 ON RAMP FROM KY1631,I 0065,I65 N EXIT130 OFF RAMP TO KY61,38.170036213,-85.720496725,129.166,11/30/2019 12:00:00 AM,0502,1,1,0,0,RAINING,WET,False,,SINGLE VEHICLE,STRAIGHT & LEVEL,DARK-HWY LIGHTED/ON,,,12/2/2019 10:11:22 AM,False,5053,Accepted,
26013923,0568000,LOUISVILLE METRO POLICE DEPT,Accepted,JEFFERSON,,,NORRIS,PL,,,BONNYCASTLE,,,,,38.228556097,-85.709758568,0.262,11/30/2019 12:00:00 AM,0001,2,2,0,0,RAINING,WET,False,ANGLE COLLISION - OTHER,ANGLE,STRAIGHT & LEVEL,DARK-HWY LIGHTED/ON,,,12/5/2019 8:23:53 AM,False,7180,Accepted,
25997763,0568000,LOUISVILLE METRO POLICE DEPT,Accepted,JEFFERSON,KY1865,,TAYLOR,BLVD,,,ASHLAND,,,,,38.186656442,-85.783800157,5.531,11/30/2019 12:00:00 AM,2330,2,2,0,0,RAINING,WET,False,OPPOSING LEFT TURN,OPPOSING LEFT TURN,STRAIGHT & LEVEL,DARK-HWY LIGHTED/ON,,,12/2/2019 10:18:20 AM,False,5217,Accepted,
25997594,0568000,LOUISVILLE METRO POLICE DEPT,Accepted,JEFFERSON,US0060,,FRANKFORT,AVE,,,STILZ,,,,,38.254612030,-85.685434692,1.909,11/30/2019 12:00:00 AM,1040,2,2,0,0,RAINING,WET,False,OPPOSING LEFT TURN,OPPOSING LEFT TURN,STRAIGHT & LEVEL,DAYLIGHT,,,12/2/2019 10:12:32 AM,False,7028,Accepted,
25997801,0568000,LOUISVILLE METRO POLICE DEPT,Accepted,JEFFERSON,,,VILLAGE POINT,DR,,,MERCURY,,,,,38.160405454,-85.608850956,0.236,11/30/2019 12:00:00 AM,1200,2,2,0,0,RAINING,WET,False,OPPOSITE DIRECTION - BOTH VEHICLES GOING STRAIGHT AHEAD,SIDESWIPE-OPPOSITE DIRECTION,STRAIGHT & LEVEL,DAYLIGHT,,,12/2/2019 10:20:17 AM,False,7484,Accepted,
25997731,0568000,LOUISVILLE METRO POLICE DEPT,Accepted,JEFFERSON,,,KENTUCKY,ST,E,KY0864,LOGAN,,,,,38.236247698,-85.739423392,0.855,11/30/2019 12:00:00 AM,1103,2,2,0,0,RAINING,WET,False,SIDESWIPE-SAME DIRECTION,SIDESWIPE-SAME DIRECTION,STRAIGHT & LEVEL,DAYLIGHT,,,12/2/2019 10:16:44 AM,False,7407,Accepted,
25997753,0568000,LOUISVILLE METRO POLICE DEPT,Accepted,JEFFERSON,KY0155,,TAYLORSVILLE,RD,,,HARRODS OLD,,,,,38.190085432,-85.502841406,5.708,11/30/2019 12:00:00 AM,1840,2,2,0,0,RAINING,WET,False,SIDESWIPE-SAME DIRECTION,SIDESWIPE-SAME DIRECTION,STRAIGHT & HILLCREST,DUSK,,,12/2/2019 10:18:01 AM,False,6977,Accepted,
25997798,0568000,LOUISVILLE METRO POLICE DEPT,Accepted,JEFFERSON,US0031E,,BUECHEL,BYP,,KY2052,HIKES,,,,,38.198293000,-85.661132694,10.973,11/30/2019 12:00:00 AM,2330,3,3,0,0,RAINING,WET,False,OTHER INTERSECTION COLLISIONS,REAR END,STRAIGHT & LEVEL,DARK-HWY LIGHTED/ON,,,12/2/2019 10:20:09 AM,False,5117,Accepted,
25997848,0568000,LOUISVILLE METRO POLICE DEPT,Accepted,JEFFERSON,KY1747,,FERN VALLEY,RD,,KY0061,PRESTON,,,,,38.156966151,-85.696848745,1.921,11/30/2019 12:00:00 AM,0803,3,3,0,0,RAINING,WET,False,OTHER INTERSECTION COLLISIONS,REAR END,STRAIGHT & LEVEL,DAYLIGHT,,,12/2/2019 10:25:45 AM,False,7354,Accepted,
25997790,0568000,LOUISVILLE METRO POLICE DEPT,Accepted,JEFFERSON,,,RANGELAND,RD,,,DALERAY,,,,,38.166880042,-85.675649673,0.327,11/30/2019 12:00:00 AM,1929,2,2,0,0,RAINING,WET,False,OTHER INTERSECTION COLLISIONS,REAR END,STRAIGHT & LEVEL,DARK-HWY LIGHTED/ON,,,12/2/2019 10:19:23 AM,False,5247,Accepted,
25997577,0568000,LOUISVILLE METRO POLICE DEPT,Accepted,JEFFERSON,,,VINE,ST,,,BRECKINRIDGE,,,,,38.239420212,-85.732424132,0.334,11/30/2019 12:00:00 AM,0358,1,1,0,0,RAINING,WET,False,OTHER INTERSECTION COLLISIONS,SINGLE VEHICLE,STRAIGHT & LEVEL,DARK-HWY LIGHTED/ON,,,12/2/2019 10:11:13 AM,False,5196,Accepted,
25997746,0568000,LOUISVILLE METRO POLICE DEPT,Accepted,JEFFERSON,KY0907,,VALLEY STATION,RD,,US0031W,DIXIE,,,,,38.107661432,-85.866687745,0.002,11/30/2019 12:00:00 AM,1858,2,2,0,0,RAINING,WET,False,OTHER INTERSECTION COLLISIONS,REAR END,STRAIGHT & LEVEL,DARK-HWY LIGHTED/ON,,,12/2/2019 10:17:42 AM,False,6758,Accepted,
25997862,0568000,LOUISVILLE METRO POLICE DEPT,Accepted,JEFFERSON,,,INDIAN,TRL,E,,INDIAN OAKS,,,,,38.170874742,-85.687760244,1.045,11/30/2019 12:00:00 AM,1525,2,2,0,0,RAINING,WET,False,OTHER INTERSECTION COLLISIONS,REAR END,STRAIGHT & LEVEL,OTHER,,,12/2/2019 10:26:42 AM,False,5027,Accepted,
25997876,0568000,LOUISVILLE METRO POLICE DEPT,Accepted,JEFFERSON,,,32ND,ST,S,,MUHAMMAD ALI,,,,,38.256378055,-85.804929897,1.969,11/30/2019 12:00:00 AM,2106,2,2,0,0,RAINING,WET,False,OTHER INTERSECTION COLLISIONS,REAR END,STRAIGHT & LEVEL,DARK-HWY LIGHTED/ON,,,12/2/2019 10:28:21 AM,False,7253,Accepted,
25997672,0568000,LOUISVILLE METRO POLICE DEPT,Accepted,JEFFERSON,I 0065,,I65 S,,,,,I 0065,I65 S EXIT130 ON RAMP FROM  GRADE LN,I 0065,I65 S EXIT128 OFF RAMP TO KY1631,38.173314450,-85.720437158,129.392,11/30/2019 12:00:00 AM,0604,1,1,0,0,RAINING,WET,False,COLLISION WITH FIXED OBJECT NON - INTERSECTION - FIRST EVENT COLLISION 09 - 32 EXCLUDING 16,SINGLE VEHICLE,STRAIGHT & LEVEL,DAWN,,,12/2/2019 10:15:00 AM,False,5027,Accepted,
25997824,0568000,LOUISVILLE METRO POLICE DEPT,Accepted,JEFFERSON,KY2053,,MT WASHINGTON,RD,,,,,ROCKY,,WASHINGTON GREEN,38.084973745,-85.636215377,1.900,11/30/2019 12:00:00 AM,1822,2,2,0,0,RAINING,WET,True,COLLISION WITH ANIMAL NON INTERSECTION,SIDESWIPE-OPPOSITE DIRECTION,CURVE & LEVEL,DARK-HWY NOT LIGHTED,,,12/2/2019 10:24:13 AM,False,7278,Accepted,
25997868,0568000,LOUISVILLE METRO POLICE DEPT,Accepted,JEFFERSON,,1300B,WALTER,AVE,,,,,,,,38.176182848,-85.780742911,0.186,11/30/2019 12:00:00 AM,1500,2,1,0,1,RAINING,WET,True,COLLISION WITH PEDESTRIAN NON - INTERSECTION,SINGLE VEHICLE,STRAIGHT & LEVEL,DAYLIGHT,,,12/2/2019 10:27:13 AM,False,5258,Accepted,
25997802,0568000,LOUISVILLE METRO POLICE DEPT,Accepted,JEFFERSON,I 0064,,I64 E,,,,,I 0064,I64 E EXIT7 ON RAMP FROM  MELLWOOD AVE,I 0064,I64 TURN AROUND7,38.252611980,-85.718263760,7.039,11/30/2019 12:00:00 AM,0856,1,1,0,0,RAINING,WET,False,COLLISION WITH FIXED OBJECT NON - INTERSECTION - FIRST EVENT COLLISION 09 - 32 EXCLUDING 16,SINGLE VEHICLE,STRAIGHT & LEVEL,DAYLIGHT,,,12/2/2019 10:20:25 AM,False,7129,Accepted,
25997896,0568000,LOUISVILLE METRO POLICE DEPT,Accepted,JEFFERSON,US0060A,,EASTERN,PKWY,,,,,HILL,,CROSS,38.228232841,-85.717168032,6.326,11/30/2019 12:00:00 AM,2311,1,1,0,0,CLOUDY,WET,False,COLLISION WITH FIXED OBJECT NON - INTERSECTION - FIRST EVENT COLLISION 09 - 32 EXCLUDING 16,SINGLE VEHICLE,STRAIGHT & LEVEL,DARK-HWY LIGHTED/ON,,,12/2/2019 10:31:52 AM,False,5188,Accepted,
25997891,0568000,LOUISVILLE METRO POLICE DEPT,Accepted,JEFFERSON,,8502,FIELD TRAILS,CT,,,,,,,,38.150860949,-85.601461816,0.044,11/30/2019 12:00:00 AM,0023,2,2,0,0,RAINING,WET,True,1 VEHICLE PARKED POSITION (NOT PARKING LOT/DRIVEWAY),SIDESWIPE-OPPOSITE DIRECTION,STRAIGHT & LEVEL,DARK-HWY LIGHTED/ON,,,12/2/2019 10:30:38 AM,False,5116,Accepted,
25997580,0568000,LOUISVILLE METRO POLICE DEPT,Accepted,JEFFERSON,,200,43RD,ST,S,,,,,,,38.262872337,-85.820074419,0.178,11/30/2019 12:00:00 AM,0430,2,2,0,0,RAINING,WET,False,1 VEHICLE PARKED POSITION (NOT PARKING LOT/DRIVEWAY),SIDESWIPE-SAME DIRECTION,STRAIGHT & LEVEL,DARK-HWY LIGHTED/ON,,,12/2/2019 10:11:28 AM,False,7481,Accepted,
25997747,0568000,LOUISVILLE METRO POLICE DEPT,Accepted,JEFFERSON,,18416,STANDWICK,DR,,,,,,,,38.237388140,-85.413879091,0.029,11/30/2019 12:00:00 AM,1950,2,2,0,0,RAINING,WET,False,1 VEHICLE PARKED POSITION (NOT PARKING LOT/DRIVEWAY),BACKING,STRAIGHT & LEVEL,UNKNOWN,,,12/2/2019 10:17:50 AM,False,2920,Accepted,
25997791,0568000,LOUISVILLE METRO POLICE DEPT,Accepted,JEFFERSON,,122,OLDE ENGLISH,CT,,,,,,,,38.115996771,-85.811963315,0.039,11/30/2019 12:00:00 AM,0001,2,2,0,0,CLEAR,DRY,True,1 VEHICLE PARKED POSITION (NOT PARKING LOT/DRIVEWAY),REAR END,STRAIGHT & LEVEL,DARK-HWY LIGHTED/OFF,,,12/2/2019 10:19:29 AM,False,2311,Accepted,
25997652,0568000,LOUISVILLE METRO POLICE DEPT,Accepted,JEFFERSON,,4906,MUD,LN,,,,,,,,38.087834616,-85.673267273,0.623,11/30/2019 12:00:00 AM,1335,1,1,0,1,RAINING,WET,False,RAN OFF ROADWAY (1 VEHICLE WITH/EARTH EMBANKMENT/DITCH),SINGLE VEHICLE,STRAIGHT & LEVEL,DAYLIGHT,,,12/2/2019 10:13:59 AM,False,5005,Accepted,
25997621,0568000,LOUISVILLE METRO POLICE DEPT,Accepted,JEFFERSON,US0031W,,DIXIE,HWY,,,,,ALANADALE,KY0907,VALLEY STATION,38.108571166,-85.866133619,8.705,11/30/2019 12:00:00 AM,1229,2,2,0,0,RAINING,WET,False,REAR END IN TRAFFIC LANES BOTH VEHICLES MOVING,REAR END,STRAIGHT & LEVEL,DAYLIGHT,,,12/2/2019 10:13:12 AM,False,7144,Accepted,
25997644,0568000,LOUISVILLE METRO POLICE DEPT,Accepted,JEFFERSON,US0031E,,BARDSTOWN,RD,,,,,FAIRGROUND,,OLDHAM,38.163248447,-85.596471520,6.626,11/30/2019 12:00:00 AM,1155,2,2,0,0,RAINING,WET,False,REAR END IN TRAFFIC LANES BOTH VEHICLES MOVING,REAR END,STRAIGHT & LEVEL,DAYLIGHT,,,12/2/2019 10:13:30 AM,False,7278,Accepted,
25997684,0568000,LOUISVILLE METRO POLICE DEPT,Accepted,JEFFERSON,KY0155,,TAYLORSVILLE,RD,,,,,,,,38.221726958,-85.652048518,14.757,11/30/2019 12:00:00 AM,1516,2,2,0,0,RAINING,WET,False,REAR END IN TRAFFIC LANES BOTH VEHICLES MOVING,REAR END,STRAIGHT & LEVEL,DARK-HWY LIGHTED/ON,,,12/2/2019 10:15:52 AM,False,5112,Accepted,
25997685,0568000,LOUISVILLE METRO POLICE DEPT,Accepted,JEFFERSON,KY2048,,CANNONS,LN,,,,,,,,38.236943714,-85.658984607,1.397,11/30/2019 12:00:00 AM,1553,2,2,0,0,RAINING,WET,False,REAR END IN TRAFFIC LANES BOTH VEHICLES MOVING,REAR END,STRAIGHT & LEVEL,DARK-HWY LIGHTED/ON,,,12/2/2019 10:15:59 AM,False,5112,Accepted,
25997595,0568000,LOUISVILLE METRO POLICE DEPT,Accepted,JEFFERSON,US0060,9501,SHELBYVILLE,RD,,,,,DAVENTRY,KY1747,HURSTBOURNE,38.246344347,-85.576050435,7.901,11/30/2019 12:00:00 AM,1050,2,2,0,0,RAINING,WET,False,REAR END IN TRAFFIC LANES BOTH VEHICLES MOVING,REAR END,STRAIGHT & LEVEL,DAYLIGHT,,,12/2/2019 10:12:41 AM,False,7337,Accepted,
26013871,0568000,LOUISVILLE METRO POLICE DEPT,Accepted,JEFFERSON,US0150,,BROADWAY,,E,,,,,,,38.245599471,-85.751750839,2.728,11/30/2019 12:00:00 AM,1400,2,2,0,0,RAINING,WET,True,REAR END IN TRAFFIC LANES BOTH VEHICLES MOVING,REAR END,,DAYLIGHT,,,12/5/2019 8:18:17 AM,False,2661,Accepted,
26035683,0568000,LOUISVILLE METRO POLICE DEPT,Accepted,JEFFERSON,I 0065,,I65 N,,,,,,,,,38.204434693,-85.740525909,131.920,11/30/2019 12:00:00 AM,0953,1,1,0,1,RAINING,WATER (STANDING OR MOVING),False,OTHER COLLISIONS ON SHOULDER,SINGLE VEHICLE,CURVE & GRADE,DAYLIGHT,,,12/10/2019 8:42:58 AM,False,7391,Accepted,
25997638,0568000,LOUISVILLE METRO POLICE DEPT,Accepted,JEFFERSON,US0031E,,BARDSTOWN,RD,,,,,CEDAR CREEK,,ICHABOD,38.133414111,-85.579261575,4.319,11/30/2019 12:00:00 AM,1118,2,2,0,0,RAINING,WET,False,REAR END IN TRAFFIC LANES BOTH VEHICLES MOVING,REAR END,STRAIGHT & LEVEL,DAYLIGHT,,,12/2/2019 10:13:24 AM,False,7278,Accepted,
25997650,0568000,LOUISVILLE METRO POLICE DEPT,Accepted,JEFFERSON,,,WATSON,LN,,,,,KINROSS,,BEESTON,38.057672326,-85.893488688,0.187,11/30/2019 12:00:00 AM,1349,2,2,0,0,RAINING,WET,False,REAR END IN TRAFFIC LANES BOTH VEHICLES MOVING,REAR END,STRAIGHT & LEVEL,DAYLIGHT,,,12/2/2019 10:13:55 AM,False,2098,Accepted,
25997755,0568000,LOUISVILLE METRO POLICE DEPT,Accepted,JEFFERSON,KY1865,,TAYLOR,BLVD,,,,,,,,38.181431317,-85.783521125,5.158,11/30/2019 12:00:00 AM,2240,2,2,0,0,RAINING,WET,False,REAR END IN TRAFFIC LANES BOTH VEHICLES MOVING,REAR END,STRAIGHT & LEVEL,DARK-HWY LIGHTED/ON,,,12/2/2019 10:18:06 AM,False,7560,Accepted,
25997733,0568000,LOUISVILLE METRO POLICE DEPT,Accepted,JEFFERSON,KY1747,,FERN VALLEY,RD,,,,,,,,38.156976384,-85.696832748,1.948,11/30/2019 12:00:00 AM,1104,2,2,0,0,RAINING,WET,False,REAR END IN TRAFFIC LANES BOTH VEHICLES MOVING,REAR END,STRAIGHT & LEVEL,DAYLIGHT,,,12/2/2019 10:16:51 AM,False,7348,Accepted,
26019744,0568000,LOUISVILLE METRO POLICE DEPT,Accepted,JEFFERSON,,,UPPER HUNTERS,TRCE,,,,,,,,38.165057302,-85.842665211,0.863,11/30/2019 12:00:00 AM,1645,2,2,0,0,CLOUDY,WET,False,REAR END IN TRAFFIC LANES BOTH VEHICLES MOVING,REAR END,CURVE & LEVEL,DARK (UNKNOWN ROADWAY LIGHTING),,,12/6/2019 8:52:40 AM,False,5250,Accepted,
25997875,0568000,LOUISVILLE METRO POLICE DEPT,Accepted,JEFFERSON,US0031E,,MAIN,ST,W,,,US0031W,2ND,US0031E,3RD,38.256308376,-85.753616274,17.946,11/30/2019 12:00:00 AM,0623,2,2,0,0,RAINING,WET,False,SIDESWIPE COLLISION - SAME DIRECTION,SIDESWIPE-SAME DIRECTION,STRAIGHT & LEVEL,DARK-HWY LIGHTED/ON,,,12/2/2019 10:28:16 AM,False,5251,Accepted,
25991752,0563800,NORTHFIELD POLICE DEPARTMENT,Accepted,JEFFERSON,KY0022,,BROWNSBORO,RD,,,,,LIME KILN,,HOLIDAY MANOR,38.283073109,-85.629512008,0.339,11/30/2019 12:00:00 AM,1620,2,2,0,0,CLOUDY,WET,False,SIDESWIPE COLLISION - SAME DIRECTION,SIDESWIPE-SAME DIRECTION,STRAIGHT & LEVEL,DAYLIGHT,,,11/30/2019 9:39:11 PM,False,1380,Accepted,
25997720,0568000,LOUISVILLE METRO POLICE DEPT,Accepted,JEFFERSON,I 0065,,I65 N,,,,,,,,,38.215706613,-85.752227974,133.152,11/30/2019 12:00:00 AM,0719,3,3,0,0,RAINING,WET,False,SIDESWIPE COLLISION - SAME DIRECTION,SIDESWIPE-SAME DIRECTION,CURVE & GRADE,DAWN,,,12/2/2019 10:16:36 AM,False,7407,Accepted,
25997745,0568000,LOUISVILLE METRO POLICE DEPT,Accepted,JEFFERSON,,,SPRINGHURST,BLVD,,,,,FREYS HILL,,FISCHER PARK,38.294300767,-85.559694412,0.047,11/30/2019 12:00:00 AM,1830,2,2,0,0,RAINING,WET,False,SIDESWIPE COLLISION - SAME DIRECTION,SIDESWIPE-SAME DIRECTION,STRAIGHT & HILLCREST,DARK-HWY LIGHTED/ON,,,12/2/2019 10:17:32 AM,False,6406,Accepted,
25997759,0568000,LOUISVILLE METRO POLICE DEPT,Accepted,JEFFERSON,,4419,MALCOLM,RD,,,,,,,,38.179565325,-85.810630045,0.267,11/30/2019 12:00:00 AM,2345,2,2,0,0,CLOUDY,WET,False,HEAD-ON COLLISION,HEAD ON,STRAIGHT & LEVEL,DARK-HWY NOT LIGHTED,,,12/2/2019 10:18:16 AM,False,7560,Accepted,
25994581,0560300,ST. MATTHEWS POLICE DEPARTMENT,Accepted,JEFFERSON,US0060,,SHELBYVILLE,RD,,,,,,,,38.250041771,-85.619795599,5.510,11/30/2019 12:00:00 AM,1440,2,2,0,0,RAINING,WET,False,SIDESWIPE COLLISION - SAME DIRECTION,SIDESWIPE-SAME DIRECTION,STRAIGHT & LEVEL,DAYLIGHT,,,12/1/2019 9:26:43 PM,False,9172,Accepted,
26019890,0568000,LOUISVILLE METRO POLICE DEPT,Accepted,JEFFERSON,,,BANK,ST,,,,,,,,38.263010000,-85.778944466,0.321,11/30/2019 12:00:00 AM,2342,2,2,0,0,CLEAR,WET,False,1 VEHICLE ENTERING/LEAVING ENTRANCE,ANGLE,STRAIGHT & LEVEL,DARK-HWY LIGHTED/ON,,,12/6/2019 9:03:09 AM,False,7626,Accepted,
25997692,0568000,LOUISVILLE METRO POLICE DEPT,Accepted,JEFFERSON,I 0065,,I65 N,,,,,I 0065,I65 N EXIT131A OFF RAMP,I 0065,I65 N EXIT131 OFF RAMP TO  FREEDOM WAY N,38.188754688,-85.727850634,130.603,11/30/2019 12:00:00 AM,1612,2,2,0,0,RAINING,WET,False,1 VEHICLE ENTERING/LEAVING ENTRANCE,ANGLE,STRAIGHT & LEVEL,DAYLIGHT,,,12/2/2019 10:16:15 AM,False,7451,Accepted,
25997822,0568000,LOUISVILLE METRO POLICE DEPT,Accepted,JEFFERSON,US0060,,SHELBYVILLE,RD,,,,I 0264,I264 E EXIT20A OFF RAMP TO US60 E,KY0146,NEW LA GRANGE,38.249475144,-85.615425853,5.751,11/30/2019 12:00:00 AM,0739,4,4,0,1,RAINING,WET,False,1 VEHICLE ENTERING/LEAVING ENTRANCE,ANGLE,STRAIGHT & LEVEL,DAWN,,,12/2/2019 10:23:59 AM,False,5180,Accepted,
25997807,0568000,LOUISVILLE METRO POLICE DEPT,Accepted,JEFFERSON,,,OAK VALLEY,DR,,,,,,,,38.162435793,-85.816362633,0.088,11/30/2019 12:00:00 AM,1600,2,2,0,0,RAINING,WET,False,SIDESWIPE COLLISION - OPPOSITE DIRECTION,SIDESWIPE-OPPOSITE DIRECTION,CURVE & HILLCREST,DAYLIGHT,,,12/2/2019 10:21:34 AM,False,7524,Accepted,
25997736,0568000,LOUISVILLE METRO POLICE DEPT,Accepted,JEFFERSON,KY1865,,NEW CUT,RD,,,,,,,,38.143910190,-85.774848776,2.536,11/30/2019 12:00:00 AM,1310,2,2,0,0,RAINING,WET,False,1 VEHICLE ENTERING/LEAVING ENTRANCE,ANGLE,STRAIGHT & LEVEL,DAYLIGHT,,,12/2/2019 10:17:07 AM,False,7331,Accepted,
25997744,0568000,LOUISVILLE METRO POLICE DEPT,Accepted,JEFFERSON,I 0071,,I71 S,,,,,I 0071,I71 S EXIT5 RAMP TO I264 W,I 0071,I71 TURN AROUND6,38.290625990,-85.642858020,5.287,11/30/2019 12:00:00 AM,1720,2,2,0,0,RAINING,WET,False,1 VEHICLE ENTERING/LEAVING ENTRANCE,ANGLE,CURVE & LEVEL,DARK (UNKNOWN ROADWAY LIGHTING),,,12/2/2019 10:17:27 AM,False,6929,Accepted,
26019799,0568000,LOUISVILLE METRO POLICE DEPT,Accepted,JEFFERSON,KY0841,,GENE SNYDER,FWY,,,,,,,,38.117944296,-85.737705180,8.219,11/30/2019 12:00:00 AM,1812,2,2,0,1,CLEAR,DRY,False,OTHER ROADWAY OR MID-BLOCK COLLISION,REAR TO REAR,CURVE & GRADE,DARK (UNKNOWN ROADWAY LIGHTING),,,12/6/2019 8:58:58 AM,False,7221,Accepted,
25997664,0568000,LOUISVILLE METRO POLICE DEPT,Accepted,JEFFERSON,I 0065,,I65 S EXIT127 TRANSIT,,,,,,,,,38.139380921,-85.708455329,0.497,11/30/2019 12:00:00 AM,0926,1,1,0,0,FOG WITH RAIN,WATER (STANDING OR MOVING),False,OTHER ROADWAY OR MID-BLOCK COLLISION,SINGLE VEHICLE,STRAIGHT & LEVEL,DAYLIGHT,,,12/2/2019 10:14:41 AM,False,7669,Accepted,
25997810,0568000,LOUISVILLE METRO POLICE DEPT,Accepted,JEFFERSON,,1529,DAWN,DR,,,,,,,,38.163726409,-85.819960397,0.424,11/30/2019 12:00:00 AM,1430,2,2,0,0,RAINING,WET,False,VEHICLE BACKING NON INTERSECTION,BACKING,CURVE & HILLCREST,DAYLIGHT,,,12/2/2019 10:22:08 AM,False,7524,Accepted,
25997681,0568000,LOUISVILLE METRO POLICE DEPT,Accepted,JEFFERSON,US0031E,,BARDSTOWN,RD,,,,,GOLDSMITH,,BELMONT,38.207831188,-85.668342778,11.722,11/30/2019 12:00:00 AM,1559,2,2,0,0,RAINING,WET,False,OTHER ROADWAY OR MID-BLOCK COLLISION,REAR END,STRAIGHT & LEVEL,DAYLIGHT,,,12/2/2019 10:15:30 AM,False,7497,Accepted,
25997706,0568000,LOUISVILLE METRO POLICE DEPT,Accepted,JEFFERSON,KY1703,1920,NEWBURG,RD,,,,,,,,38.221324853,-85.710251008,4.173,11/30/2019 12:00:00 AM,1634,2,2,0,0,RAINING,WET,False,OTHER ROADWAY OR MID-BLOCK COLLISION,REAR END,STRAIGHT & LEVEL,DAYLIGHT,,,12/2/2019 10:16:21 AM,False,7570,Accepted,
25997605,0568000,LOUISVILLE METRO POLICE DEPT,Accepted,JEFFERSON,I 0264,,I264 W,,,,,I 0065,I264 W EXIT12 OFF RAMP TO,I 0065,I65 W EXIT11 OFF RAMP,38.190754132,-85.724224159,12.383,11/30/2019 12:00:00 AM,1152,1,1,0,1,RAINING,WET,False,OTHER ROADWAY OR MID-BLOCK COLLISION,SINGLE VEHICLE,STRAIGHT & LEVEL,DAYLIGHT,,,12/2/2019 10:12:58 AM,False,2532,Accepted,
25997596,0568000,LOUISVILLE METRO POLICE DEPT,Accepted,JEFFERSON,I 0264,,I264 E,,,,,I 0264,I264 E EXIT22 OFF RAMP TO US42,I 0264,I264 E EXIT21 ON RAMP FROM KY1447,38.271147408,-85.627809579,21.344,11/30/2019 12:00:00 AM,1040,1,1,0,0,RAINING,WET,False,OTHER ROADWAY OR MID-BLOCK COLLISION,SINGLE VEHICLE,STRAIGHT & LEVEL,DAYLIGHT,,,12/2/2019 10:12:48 AM,False,6406,Accepted,
25997734,0568000,LOUISVILLE METRO POLICE DEPT,Accepted,JEFFERSON,KY1065,4800,OUTER,LOOP,,,,,,,,38.137760034,-85.671537596,6.888,11/30/2019 12:00:00 AM,1208,2,2,0,0,RAINING,WET,False,OTHER ROADWAY OR MID-BLOCK COLLISION,REAR END,STRAIGHT & LEVEL,DAYLIGHT,,,12/2/2019 10:16:56 AM,False,7348,Accepted,
25997784,0568000,LOUISVILLE METRO POLICE DEPT,Accepted,JEFFERSON,I 0064,,I64 W,,,,,I 0064,I64 W EXIT4 ON RAMP FROM US31W,I 0064,I64 W EXIT4 OFF RAMP TO  JEFFERSON ST,38.258868098,-85.765128215,3.833,11/30/2019 12:00:00 AM,2216,2,2,0,0,CLOUDY,WET,False,OTHER ROADWAY OR MID-BLOCK COLLISION,REAR END,STRAIGHT & LEVEL,DARK-HWY LIGHTED/ON,,,12/2/2019 10:19:00 AM,False,2128,Accepted,
25997667,0568000,LOUISVILLE METRO POLICE DEPT,Accepted,JEFFERSON,KY0061,,PRESTON,HWY,,,,,,,,38.111712615,-85.675479753,1.991,11/30/2019 12:00:00 AM,1059,2,2,0,0,RAINING,WET,False,OTHER ROADWAY OR MID-BLOCK COLLISION,REAR END,STRAIGHT & LEVEL,DAYLIGHT,,,12/2/2019 10:14:45 AM,False,7669,Accepted,
25997680,0568000,LOUISVILLE METRO POLICE DEPT,Accepted,JEFFERSON,US0031E,1250,BARDSTOWN,RD,,,,,,,,38.235516007,-85.716420108,15.107,11/30/2019 12:00:00 AM,1608,2,2,0,0,RAINING,WET,True,COLLISION IN PARKING LOT,BACKING,STRAIGHT & LEVEL,OTHER,,,12/2/2019 10:15:24 AM,False,5243,Accepted,