IncidentID,AgencyORI,AgencyName,IncidentStatusDesc,County,RdwyNumber,Street,RoadwayName,StreetSfx,StreetDir,IntersectionRdwy,IntersectionRdwyName,BetweenStRdwy1,BetweenStRdwyName1,BetweenStRdwy2,BetweenStRdwyName2,Latitude,Longitude,Milepoint,CollisionDate,CollisionTime,UnitsInvolved,MotorVehiclesInvolved,NumberKilled,NumberInjured,Weather,RdwyConditionCode,HitandRun,DirAnalysisCode,MannerofCollision,RdwyCharacter,LightCondition,RampFromRdwyId,RampToRdwyId,AcceptedDate,IsSecondaryCollision,OwnerBadge,IncidentStatus,
26019732,0568000,LOUISVILLE METRO POLICE DEPT,Accepted,JEFFERSON,,,INDIAN CREEK,CT,,,,,,,,38.206476461,-85.676412463,0.010,11/30/2019 12:00:00 AM,1204,2,2,0,0,RAINING,WET,False,COLLISION IN PARKING LOT,BACKING,STRAIGHT & GRADE,DAYLIGHT,,,12/6/2019 8:50:44 AM,False,7722,Accepted,
25997735,0568000,LOUISVILLE METRO POLICE DEPT,Accepted,JEFFERSON,KY1065,4310,OUTER,LOOP,,,,,,,,38.138127363,-85.680619355,6.396,11/30/2019 12:00:00 AM,1639,2,2,0,0,RAINING,WET,True,COLLISION IN PARKING LOT,BACKING,STRAIGHT & LEVEL,DAYLIGHT,,,12/2/2019 10:17:01 AM,False,7348,Accepted,
25997676,0568000,LOUISVILLE METRO POLICE DEPT,Accepted,JEFFERSON,US0031E,7951,BARDSTOWN,RD,,,,,,,,38.130617490,-85.577500128,4.102,11/30/2019 12:00:00 AM,1044,2,2,0,0,RAINING,WET,True,COLLISION IN PARKING LOT,REAR END,STRAIGHT & HILLCREST,DAYLIGHT,,,12/2/2019 10:15:09 AM,False,7465,Accepted,
25997737,0568000,LOUISVILLE METRO POLICE DEPT,Accepted,JEFFERSON,,2714,4TH,ST,S,,,,,,,38.210256777,-85.764712718,3.218,11/30/2019 12:00:00 AM,1531,1,1,0,0,RAINING,WET,False,COLLISION IN PARKING LOT,SINGLE VEHICLE,STRAIGHT & LEVEL,DAYLIGHT,,,12/2/2019 10:17:12 AM,False,7398,Accepted,
25997654,0568000,LOUISVILLE METRO POLICE DEPT,Accepted,JEFFERSON,,6825,ENTERPRISE,DR,,,,,,,,38.152628945,-85.753543494,0.492,11/30/2019 12:00:00 AM,1210,4,4,0,0,RAINING,WET,False,COLLISION IN PARKING LOT,ANGLE,STRAIGHT & LEVEL,DAYLIGHT,,,12/2/2019 10:14:15 AM,False,7202,Accepted,
25997569,0568000,LOUISVILLE METRO POLICE DEPT,Accepted,JEFFERSON,I 0065,,,,,,,,,,,38.157358313,-85.716508002,0.472,11/30/2019 12:00:00 AM,0030,2,2,0,0,RAINING,WET,False,OTHER RAMP RELATED COLLISIONS NOT LISTED ABOVE,REAR END,CURVE & LEVEL,DARK-HWY LIGHTED/ON,I 0065,KY1631,12/2/2019 10:10:01 AM,False,6360,Accepted,
25997793,0568000,LOUISVILLE METRO POLICE DEPT,Accepted,JEFFERSON,I 0265,,,,,,,,,,,38.108171404,-85.674461378,0.480,11/30/2019 12:00:00 AM,2010,2,2,0,0,RAINING,WET,False,OTHER RAMP RELATED COLLISIONS NOT LISTED ABOVE,REAR END,CURVE & LEVEL,DARK-HWY LIGHTED/ON,I 0265,KY0061,12/2/2019 10:19:41 AM,False,7423,Accepted,
25993351,0560300,ST. MATTHEWS POLICE DEPARTMENT,Accepted,JEFFERSON,I 0064,,,,,,,,,,,38.237818833,-85.621747901,0.408,11/30/2019 12:00:00 AM,1434,1,1,0,0,RAINING,WET,False,COLLISION WITH FIXED OBJECT NOT IN GORE ,SINGLE VEHICLE,CURVE & HILLCREST,DAYLIGHT,I 0064,I 0064,12/1/2019 1:37:13 PM,False,9133,Accepted,
25997738,0568000,LOUISVILLE METRO POLICE DEPT,Accepted,JEFFERSON,I 0065,,,,,,,,,,,38.114953283,-85.701026445,0.416,11/30/2019 12:00:00 AM,1530,1,1,0,0,FOG WITH RAIN,WET,False,COLLISION WITH FIXED OBJECT NOT IN GORE ,SINGLE VEHICLE,CURVE & GRADE,DAYLIGHT,I 0065,KY0481,12/2/2019 10:17:17 AM,False,7669,Accepted,
25997820,0568000,LOUISVILLE METRO POLICE DEPT,Accepted,JEFFERSON,I 0265,,,,,,,,,,,38.108256092,-85.676949818,0.332,11/29/2019 12:00:00 AM,1615,2,2,0,0,CLEAR,DRY,False,OTHER RAMP RELATED COLLISIONS NOT LISTED ABOVE,SIDESWIPE-SAME DIRECTION,STRAIGHT & LEVEL,DAYLIGHT,I 0265,KY0061,12/2/2019 10:23:39 AM,False,7991,Accepted,
26008647,0568000,LOUISVILLE METRO POLICE DEPT,Accepted,JEFFERSON,US0060A,3795,LEXINGTON,RD,,,,,,,,38.252831304,-85.657625893,10.521,11/29/2019 12:00:00 AM,2229,1,1,0,0,CLEAR,DRY,True,COLLISION IN PARKING LOT,SINGLE VEHICLE,STRAIGHT & LEVEL,DARK (UNKNOWN ROADWAY LIGHTING),,,12/4/2019 8:25:58 AM,False,7632,Accepted,
25997488,0568000,LOUISVILLE METRO POLICE DEPT,Accepted,JEFFERSON,,2710,BROADWAY,,W,,27TH,,,,,38.249478484,-85.795650508,0.405,11/29/2019 12:00:00 AM,1200,2,2,0,0,CLEAR,DRY,False,COLLISION IN PARKING LOT,ANGLE,STRAIGHT & LEVEL,DAYLIGHT,,,12/2/2019 10:05:50 AM,False,5275,Accepted,
25997428,0568000,LOUISVILLE METRO POLICE DEPT,Accepted,JEFFERSON,I 0064,,I64 E,,,,,,,,,38.270906039,-85.783111171,2.646,11/29/2019 12:00:00 AM,0323,1,1,0,1,CLOUDY,DRY,False,OTHER ROADWAY OR MID-BLOCK COLLISION,SINGLE VEHICLE,CURVE & LEVEL,DARK-HWY LIGHTED/ON,,,12/2/2019 10:00:04 AM,False,5162,Accepted,
25997456,0568000,LOUISVILLE METRO POLICE DEPT,Accepted,JEFFERSON,,,LOWER HUNTERS,TRCE,,,,,,,,38.163872498,-85.863150627,1.695,11/29/2019 12:00:00 AM,0645,2,2,0,0,CLEAR,DRY,False,VEHICLE BACKING NON INTERSECTION,BACKING,CURVE & LEVEL,DARK-HWY NOT LIGHTED,,,12/2/2019 10:03:41 AM,False,7524,Accepted,
25997485,0568000,LOUISVILLE METRO POLICE DEPT,Accepted,JEFFERSON,,5718,WATTERSON,TRL,S,,,,,,,38.166778655,-85.620011701,0.979,11/29/2019 12:00:00 AM,1513,2,2,0,0,CLOUDY,DRY,False,SIDESWIPE COLLISION - OPPOSITE DIRECTION,SIDESWIPE-OPPOSITE DIRECTION,CURVE & LEVEL,DAYLIGHT,,,12/2/2019 10:05:32 AM,False,7294,Accepted,
25997479,0568000,LOUISVILLE METRO POLICE DEPT,Accepted,JEFFERSON,KY2251,1325,BARDSTOWN,RD,,,,,,,,38.191924420,-85.646691061,0.170,11/29/2019 12:00:00 AM,1052,2,2,0,0,CLEAR,DRY,False,1 VEHICLE ENTERING/LEAVING ENTRANCE,ANGLE,STRAIGHT & LEVEL,DAYLIGHT,,,12/2/2019 10:05:01 AM,False,5006,Accepted,
25997473,0568000,LOUISVILLE METRO POLICE DEPT,Accepted,JEFFERSON,US0031W,,DIXIE,HWY,,,,KY2051,ROCKFORD,,KINGSFORD,38.174241437,-85.823583732,13.822,11/29/2019 12:00:00 AM,1311,2,2,0,0,CLOUDY,DRY,False,1 VEHICLE ENTERING/LEAVING ENTRANCE,ANGLE,STRAIGHT & LEVEL,DAYLIGHT,,,12/2/2019 10:04:42 AM,False,7073,Accepted,
26019686,0568000,LOUISVILLE METRO POLICE DEPT,Accepted,JEFFERSON,,,PAGES,LN,E,,,,,,,38.116568056,-85.835403671,1.204,11/29/2019 12:00:00 AM,1204,3,3,0,0,CLOUDY,DRY,False,1 VEHICLE ENTERING/LEAVING ENTRANCE,ANGLE,STRAIGHT & GRADE,DAYLIGHT,,,12/6/2019 8:43:20 AM,False,7221,Accepted,
26008741,0568000,LOUISVILLE METRO POLICE DEPT,Accepted,JEFFERSON,I 0264,,I264 W,,,,,,,,,38.188757657,-85.783872821,9.201,11/29/2019 12:00:00 AM,0703,2,2,0,0,CLOUDY,DRY,False,SIDESWIPE COLLISION - SAME DIRECTION,SIDESWIPE-SAME DIRECTION,STRAIGHT & LEVEL,DARK-HWY LIGHTED/ON,,,12/4/2019 8:37:23 AM,False,4656,Accepted,
25997573,0568000,LOUISVILLE METRO POLICE DEPT,Accepted,JEFFERSON,KY1747,,FERN VALLEY,RD,,,,,,,,38.157545179,-85.695213021,2.042,11/29/2019 12:00:00 AM,2011,2,2,0,0,CLEAR,DRY,True,SIDESWIPE COLLISION - SAME DIRECTION,SIDESWIPE-SAME DIRECTION,STRAIGHT & LEVEL,DARK-HWY LIGHTED/ON,,,12/2/2019 10:10:40 AM,False,5042,Accepted,
25997521,0568000,LOUISVILLE METRO POLICE DEPT,Accepted,JEFFERSON,KY1932,,BRECKENRIDGE,LN,,,,KY0155,TAYLORSVILLE,,BERKSHIRE,38.220774760,-85.631173435,2.919,11/29/2019 12:00:00 AM,1051,2,2,0,0,CLOUDY,DRY,False,SIDESWIPE COLLISION - SAME DIRECTION,SIDESWIPE-SAME DIRECTION,STRAIGHT & LEVEL,DAYLIGHT,,,12/2/2019 10:06:29 AM,False,7431,Accepted,
25997477,0568000,LOUISVILLE METRO POLICE DEPT,Accepted,JEFFERSON,,,BRENTLINGER,LN,,,,US0031E,BARDSTOWN,,CHISM TRAIL,38.134866668,-85.574991990,0.259,11/29/2019 12:00:00 AM,1238,2,2,0,0,CLEAR,DRY,False,SIDESWIPE COLLISION - SAME DIRECTION,SIDESWIPE-SAME DIRECTION,STRAIGHT & LEVEL,DAYLIGHT,,,12/2/2019 10:04:54 AM,False,7278,Accepted,
25997490,0568000,LOUISVILLE METRO POLICE DEPT,Accepted,JEFFERSON,,,UPPER HUNTERS,TRCE,,,,,,,,38.161680609,-85.844978079,1.143,11/29/2019 12:00:00 AM,1455,2,2,0,0,CLEAR,DRY,False,REAR END IN TRAFFIC LANES BOTH VEHICLES MOVING,REAR END,STRAIGHT & LEVEL,DAYLIGHT,,,12/2/2019 10:06:02 AM,False,5250,Accepted,
25997522,0568000,LOUISVILLE METRO POLICE DEPT,Accepted,JEFFERSON,I 0265,,I265 E,,,,,I 0265,I265 E EXIT14 ON RAMP FROM  SMYRNA PKWY,I 0265,I265 E EXIT15 OFF RAMP TO KY864,38.120583071,-85.630246973,14.291,11/29/2019 12:00:00 AM,1211,1,1,0,1,CLOUDY,DRY,False,OTHER COLLISIONS ON SHOULDER,SINGLE VEHICLE,STRAIGHT & LEVEL,DAYLIGHT,,,12/2/2019 10:06:34 AM,False,5005,Accepted,
25997560,0568000,LOUISVILLE METRO POLICE DEPT,Accepted,JEFFERSON,KY0155,,TAYLORSVILLE,RD,,,,I 0265,I265 W EXIT23 ON RAMP FROM KY155,,HOPEWELL,38.188111360,-85.512076220,6.243,11/29/2019 12:00:00 AM,1920,2,2,0,0,CLEAR,DRY,False,REAR END IN TRAFFIC LANES BOTH VEHICLES MOVING,REAR END,CURVE & LEVEL,DARK-HWY NOT LIGHTED,,,12/2/2019 10:09:09 AM,False,6028,Accepted,
25997566,0568000,LOUISVILLE METRO POLICE DEPT,Accepted,JEFFERSON,,,HUMLER,ST,,,,,,,,38.246513747,-85.791161630,0.065,11/29/2019 12:00:00 AM,1744,2,2,0,0,CLEAR,DRY,False,1 VEHICLE PARKED POSITION (NOT PARKING LOT/DRIVEWAY),BACKING,STRAIGHT & LEVEL,DARK (UNKNOWN ROADWAY LIGHTING),,,12/2/2019 10:09:47 AM,False,5179,Accepted,
25997813,0568000,LOUISVILLE METRO POLICE DEPT,Accepted,JEFFERSON,,1300 BLK,MORTON,AVE,,,,,,,,38.239559474,-85.729160505,0.250,11/29/2019 12:00:00 AM,0300,2,2,0,0,CLEAR,DRY,True,1 VEHICLE PARKED POSITION (NOT PARKING LOT/DRIVEWAY),SIDESWIPE-SAME DIRECTION,STRAIGHT & LEVEL,DAYLIGHT,,,12/2/2019 10:22:39 AM,False,5243,Accepted,
25997811,0568000,LOUISVILLE METRO POLICE DEPT,Accepted,JEFFERSON,,1300 BLK,MORTON,AVE,,,,,,,,38.239521035,-85.729035970,0.245,11/29/2019 12:00:00 AM,0300,2,2,0,0,CLEAR,DRY,True,1 VEHICLE PARKED POSITION (NOT PARKING LOT/DRIVEWAY),SIDESWIPE-SAME DIRECTION,STRAIGHT & LEVEL,DAYLIGHT,,,12/2/2019 10:22:24 AM,False,5243,Accepted,
26105082,0568000,LOUISVILLE METRO POLICE DEPT,Accepted,JEFFERSON,,,DIXDALE,AVE,,,,,,,,38.222360151,-85.794348883,0.553,11/29/2019 12:00:00 AM,0205,2,2,0,0,CLEAR,DRY,False,1 VEHICLE PARKED POSITION (NOT PARKING LOT/DRIVEWAY),HEAD ON,STRAIGHT & LEVEL,DARK-HWY NOT LIGHTED,,,12/27/2019 7:58:52 AM,False,7154,Accepted,
25998760,0561500,UNIV. OF LOUISVILLE POLICE,Accepted,JEFFERSON,,,SHIPP,AVE,W,,,,,,,38.223812110,-85.765953927,0.246,11/29/2019 12:00:00 AM,0427,1,1,0,1,CLEAR,DRY,False,COLLISION WITH FIXED OBJECT NON - INTERSECTION - FIRST EVENT COLLISION 09 - 32 EXCLUDING 16,SINGLE VEHICLE,CURVE & LEVEL,DARK-HWY LIGHTED/ON,,,12/2/2019 12:36:47 PM,False,5677,Accepted,
25997434,0568000,LOUISVILLE METRO POLICE DEPT,Accepted,JEFFERSON,KY1931,6810,MANSLICK,RD,,,,,,,,38.162629931,-85.797751861,6.056,11/29/2019 12:00:00 AM,0417,1,1,0,0,CLEAR,DRY,False,COLLISION WITH FIXED OBJECT NON - INTERSECTION - FIRST EVENT COLLISION 09 - 32 EXCLUDING 16,SINGLE VEHICLE,STRAIGHT & LEVEL,DARK-HWY LIGHTED/OFF,,,12/2/2019 10:01:05 AM,False,5170,Accepted,
25997570,0568000,LOUISVILLE METRO POLICE DEPT,Accepted,JEFFERSON,US0042,,BROWNSBORO,RD,,,MELLWOOD,,,,,38.260138835,-85.716828822,1.024,11/29/2019 12:00:00 AM,1130,2,2,0,0,RAINING,WET,False,OTHER INTERSECTION COLLISIONS,REAR TO REAR,STRAIGHT & LEVEL,DARK-HWY LIGHTED/ON,,,12/2/2019 10:10:16 AM,False,7793,Accepted,
25997535,0568000,LOUISVILLE METRO POLICE DEPT,Accepted,JEFFERSON,,,OAK,ST,W,US0031W,22ND,,,,,38.237455371,-85.790265354,1.916,11/29/2019 12:00:00 AM,1708,2,2,0,0,CLOUDY,DRY,False,OTHER INTERSECTION COLLISIONS,REAR END,STRAIGHT & LEVEL,DAYLIGHT,,,12/2/2019 10:07:12 AM,False,5290,Accepted,
25997674,0568000,LOUISVILLE METRO POLICE DEPT,Accepted,JEFFERSON,,,INDIAN,TRL,E,KY0061,PRESTON,,,,,38.168776743,-85.706583375,0.001,11/29/2019 12:00:00 AM,1216,2,2,0,0,CLOUDY,DRY,True,OTHER INTERSECTION COLLISIONS,REAR END,STRAIGHT & LEVEL,DAYLIGHT,,,12/2/2019 10:15:04 AM,False,5027,Accepted,
25997847,0568000,LOUISVILLE METRO POLICE DEPT,Accepted,JEFFERSON,KY0841,,GENE SNYDER,FWY,,I 0065,I65 S EXIT125 OFF RAMP TO KY481,,,,,38.115105839,-85.712012549,9.667,11/29/2019 12:00:00 AM,1733,1,1,0,0,CLEAR,DRY,False,OTHER INTERSECTION COLLISIONS,SINGLE VEHICLE,STRAIGHT & LEVEL,DUSK,,,12/2/2019 10:25:40 AM,False,7354,Accepted,
25997591,0568000,LOUISVILLE METRO POLICE DEPT,Accepted,JEFFERSON,US0031W,,DIXIE,HWY,,KY0907,VALLEY STATION,,,,,38.107645366,-85.866716189,8.634,11/29/2019 12:00:00 AM,1802,3,3,0,0,CLOUDY,DRY,False,OTHER INTERSECTION COLLISIONS,REAR END,STRAIGHT & LEVEL,DARK-HWY LIGHTED/ON,,,12/2/2019 10:12:11 AM,False,7205,Accepted,
25997647,0568000,LOUISVILLE METRO POLICE DEPT,Accepted,JEFFERSON,US0031W,,DIXIE,HWY,,,FLOWERVALE,,,,,38.085350141,-85.879788883,6.940,11/29/2019 12:00:00 AM,1506,2,2,0,0,CLOUDY,DRY,False,OTHER INTERSECTION COLLISIONS,REAR END,STRAIGHT & LEVEL,DAYLIGHT,,,12/2/2019 10:13:42 AM,False,2098,Accepted,
25997471,0568000,LOUISVILLE METRO POLICE DEPT,Accepted,JEFFERSON,,,COOPER CHAPEL,RD,,KY0061,PRESTON,,,,,38.103606558,-85.672537478,0.005,11/29/2019 12:00:00 AM,1215,2,2,0,0,CLOUDY,DRY,False,OTHER INTERSECTION COLLISIONS,REAR END,STRAIGHT & LEVEL,DAYLIGHT,,,12/2/2019 10:04:37 AM,False,6933,Accepted,
25997846,0568000,LOUISVILLE METRO POLICE DEPT,Accepted,JEFFERSON,KY1065,,OUTER,LOOP,,,LONE OAK,,,,,38.137407724,-85.690791502,5.823,11/29/2019 12:00:00 AM,1614,3,3,0,0,CLEAR,DRY,False,SIDESWIPE-SAME DIRECTION,SIDESWIPE-SAME DIRECTION,STRAIGHT & LEVEL,DAYLIGHT,,,12/2/2019 10:25:34 AM,False,7354,Accepted,
25997492,0568000,LOUISVILLE METRO POLICE DEPT,Accepted,JEFFERSON,,,OAK,ST,E,KY0061,JACKSON,,,,,38.234253238,-85.747764391,0.419,11/29/2019 12:00:00 AM,1450,2,2,0,0,CLOUDY,DRY,False,SIDESWIPE-SAME DIRECTION,SIDESWIPE-SAME DIRECTION,STRAIGHT & LEVEL,DAYLIGHT,,,12/2/2019 10:06:13 AM,False,5260,Accepted,
27807191,0568000,LOUISVILLE METRO POLICE DEPT,Accepted,JEFFERSON,,,MAIN,ST,W,,25TH,,,,,38.260482332,-85.791268909,0.272,11/29/2019 12:00:00 AM,2110,5,5,1,4,CLOUDY,DRY,False,ANGLE COLLISION - OTHER,ANGLE,STRAIGHT & LEVEL,DARK-HWY LIGHTED/ON,,,2/23/2021 8:00:58 AM,False,7720,Accepted,
25997447,0568000,LOUISVILLE METRO POLICE DEPT,Accepted,JEFFERSON,KY0907,,3RD ST,RD,,,PAGES,,,,,38.115214939,-85.835235309,2.089,11/29/2019 12:00:00 AM,0343,1,1,0,2,CLOUDY,WET,False,COLLISION WITH FIXED OBJECT IN INTERSECTION - FIRST EVENT COLLISION 09 - 32,SINGLE VEHICLE,CURVE & LEVEL,DARK-HWY LIGHTED/ON,,,12/2/2019 10:03:16 AM,False,2457,Accepted,
25997582,0568000,LOUISVILLE METRO POLICE DEPT,Accepted,JEFFERSON,,,ROBARDS,LN,,,BISHOP,,,,,38.188607246,-85.693238700,0.001,11/29/2019 12:00:00 AM,2320,1,1,0,0,CLEAR,WET,False,COLLISION WITH FIXED OBJECT IN INTERSECTION - FIRST EVENT COLLISION 09 - 32,SINGLE VEHICLE,STRAIGHT & LEVEL,DARK-HWY LIGHTED/ON,,,12/2/2019 10:11:37 AM,False,5189,Accepted,
25997529,0568000,LOUISVILLE METRO POLICE DEPT,Accepted,JEFFERSON,KY2052,,SHEPHERDSVILLE,RD,,,WHISPERING HILLS,,,,,38.148614005,-85.659937670,0.690,11/29/2019 12:00:00 AM,1856,2,2,0,0,CLEAR,DRY,False,ANGLE COLLISION - ONE VEHICLE TURNING LEFT,ANGLE,STRAIGHT & LEVEL,DARK-HWY LIGHTED/ON,,,12/2/2019 10:06:58 AM,False,5138,Accepted,
25997576,0568000,LOUISVILLE METRO POLICE DEPT,Accepted,JEFFERSON,,,CARDINAL,BLVD,W,KY1020,2ND,,,,,38.220406597,-85.759783655,0.104,11/29/2019 12:00:00 AM,2247,2,2,0,2,CLOUDY,WET,False,ANGLE COLLISION - OTHER,ANGLE,STRAIGHT & LEVEL,DARK-HWY LIGHTED/ON,,,12/2/2019 10:11:06 AM,False,5186,Accepted,
25997567,0568000,LOUISVILLE METRO POLICE DEPT,Accepted,JEFFERSON,,,7TH,ST,S,,ST CATHERINE,,,,,38.237707205,-85.764733768,1.413,11/29/2019 12:00:00 AM,2242,2,2,0,0,RAINING,WET,False,ANGLE COLLISION - OTHER,ANGLE,STRAIGHT & LEVEL,DARK (UNKNOWN ROADWAY LIGHTING),,,12/2/2019 10:09:53 AM,False,5221,Accepted,
25997470,0568000,LOUISVILLE METRO POLICE DEPT,Accepted,JEFFERSON,KY0061,,JACKSON,ST,S,,MUHAMMAD ALI,,,,,38.249735972,-85.744781797,12.609,11/29/2019 12:00:00 AM,1115,2,2,0,0,CLOUDY,DRY,False,ANGLE COLLISION - OTHER,ANGLE,STRAIGHT & LEVEL,DAYLIGHT,,,12/2/2019 10:04:33 AM,False,2855,Accepted,
25997486,0568000,LOUISVILLE METRO POLICE DEPT,Accepted,JEFFERSON,US0150,,BROADWAY,,W,,5TH,,,,,38.246202331,-85.760047922,2.292,11/29/2019 12:00:00 AM,1053,2,2,0,0,CLOUDY,DRY,False,ANGLE COLLISION - OTHER,ANGLE,STRAIGHT & LEVEL,DAYLIGHT,,,12/2/2019 10:05:40 AM,False,5187,Accepted,
25997493,0568000,LOUISVILLE METRO POLICE DEPT,Accepted,JEFFERSON,,,JEFFERSON,BLVD,,,BATES,,,,,38.140177037,-85.675017173,0.156,11/29/2019 12:00:00 AM,1710,2,2,0,0,CLEAR,DRY,True,ANGLE COLLISION - OTHER,ANGLE,STRAIGHT & LEVEL,DUSK,,,12/2/2019 10:06:19 AM,False,7379,Accepted,
25997494,0568000,LOUISVILLE METRO POLICE DEPT,Accepted,JEFFERSON,US0031E,,BARDSTOWN,RD,,,PRINCETON,,,,,38.225185587,-85.695275082,13.721,11/29/2019 12:00:00 AM,1758,2,2,0,0,CLEAR,DRY,False,ANGLE COLLISION - OTHER,ANGLE,STRAIGHT & LEVEL,DARK-HWY LIGHTED/ON,,,12/2/2019 10:06:24 AM,False,7960,Accepted,
25997536,0568000,LOUISVILLE METRO POLICE DEPT,Accepted,JEFFERSON,US0060A,,LEXINGTON,RD,,US0060,FRANKFORT,,,,,38.252846637,-85.657638926,10.499,11/29/2019 12:00:00 AM,1945,2,2,0,0,CLEAR,DRY,False,ANGLE COLLISION - OTHER,ANGLE,STRAIGHT & LEVEL,DARK-HWY LIGHTED/ON,,,12/2/2019 10:07:17 AM,False,7219,Accepted,
25997658,0568000,LOUISVILLE METRO POLICE DEPT,Accepted,JEFFERSON,,,LINDBERGH,DR,,,WELLER,,,,,38.214038855,-85.778417045,0.257,11/29/2019 12:00:00 AM,0950,2,2,0,0,CLOUDY,DRY,False,ANGLE COLLISION - OTHER,ANGLE,STRAIGHT & LEVEL,DAYLIGHT,,,12/2/2019 10:14:29 AM,False,2745,Accepted,
25997648,0568000,LOUISVILLE METRO POLICE DEPT,Accepted,JEFFERSON,,,BLEVINS GAP,RD,,US0031W,DIXIE,,,,,38.071692163,-85.884641732,0.004,11/29/2019 12:00:00 AM,1638,2,2,0,0,CLOUDY,DRY,False,ANGLE COLLISION - OTHER,ANGLE,STRAIGHT & LEVEL,DAYLIGHT,,,12/2/2019 10:13:48 AM,False,2098,Accepted,
25997429,0568000,LOUISVILLE METRO POLICE DEPT,Accepted,JEFFERSON,US0031W,,DIXIE,HWY,,,TRENT,,,,,38.162069937,-85.831657054,12.868,11/29/2019 12:00:00 AM,0054,2,2,0,1,CLEAR,DRY,False,ANGLE COLLISION - OTHER,ANGLE,STRAIGHT & LEVEL,DARK-HWY LIGHTED/ON,,,12/2/2019 10:00:12 AM,False,5224,Accepted,
25997523,0568000,LOUISVILLE METRO POLICE DEPT,Accepted,JEFFERSON,,,HILL,ST,W,,MCCLOSKEY,,,,,38.228177466,-85.787378624,1.670,11/29/2019 12:00:00 AM,1537,3,3,0,0,CLEAR,DRY,True,ANGLE COLLISION - OTHER,ANGLE,STRAIGHT & LEVEL,DAYLIGHT,,,12/2/2019 10:06:41 AM,False,5273,Accepted,
25997563,0568000,LOUISVILLE METRO POLICE DEPT,Accepted,JEFFERSON,KY0146,,LA GRANGE,RD,,,SPRINGS STATION,,,,,38.292722593,-85.509593163,7.851,11/29/2019 12:00:00 AM,1930,2,2,0,0,CLEAR,DRY,False,ANGLE COLLISION - OTHER,ANGLE,STRAIGHT & LEVEL,DARK-HWY LIGHTED/ON,,,12/2/2019 10:09:35 AM,False,6931,Accepted,
25997372,0568000,LOUISVILLE METRO POLICE DEPT,Accepted,JEFFERSON,,,MARKET,ST,W,,36TH,,,,,38.261254254,-85.809777040,1.280,11/28/2019 12:00:00 AM,1323,2,2,0,0,CLEAR,DRY,True,ANGLE COLLISION - OTHER,ANGLE,STRAIGHT & LEVEL,DAYLIGHT,,,12/2/2019 9:57:12 AM,False,5129,Accepted,
25997374,0568000,LOUISVILLE METRO POLICE DEPT,Accepted,JEFFERSON,,,WHITNEY,AVE,W,KY1020,SOUTHERN,,,,,38.193962404,-85.766844320,0.875,11/28/2019 12:00:00 AM,1315,2,2,0,1,CLEAR,DRY,False,ANGLE COLLISION - OTHER,ANGLE,STRAIGHT & LEVEL,DAYLIGHT,,,12/2/2019 9:57:22 AM,False,7298,Accepted,
26002603,0568000,LOUISVILLE METRO POLICE DEPT,Accepted,JEFFERSON,,,1ST,ST,S,,MAGNOLIA,,,,,38.228621148,-85.756396067,1.911,11/28/2019 12:00:00 AM,1559,2,2,0,0,CLOUDY,DRY,False,ANGLE COLLISION - OTHER,ANGLE,STRAIGHT & LEVEL,DAYLIGHT,,,12/3/2019 7:29:47 AM,False,7619,Accepted,
26008628,0568000,LOUISVILLE METRO POLICE DEPT,Accepted,JEFFERSON,,,MANSLICK,RD,,,CRISTLAND,,,,,38.143872876,-85.792156139,0.660,11/28/2019 12:00:00 AM,0203,2,2,0,1,CLEAR,DRY,False,ANGLE COLLISION - OTHER,ANGLE,STRAIGHT & LEVEL,DARK-HWY LIGHTED/ON,,,12/4/2019 8:24:19 AM,False,7444,Accepted,
25997376,0568000,LOUISVILLE METRO POLICE DEPT,Accepted,JEFFERSON,KY0864,,FEGENBUSH,LN,,,VAUGHN MILL,,,,,38.144956437,-85.627692735,5.177,11/28/2019 12:00:00 AM,1556,2,2,0,0,CLOUDY,DRY,False,ANGLE COLLISION - OTHER,ANGLE,CURVE & LEVEL,DAYLIGHT,,,12/2/2019 9:57:33 AM,False,2959,Accepted,
25997427,0568000,LOUISVILLE METRO POLICE DEPT,Accepted,JEFFERSON,US0031E,,BAXTER,AVE,,,LEXINGTON,,,,,38.248503137,-85.730698016,16.298,11/28/2019 12:00:00 AM,2211,2,2,0,0,CLEAR,DRY,True,ANGLE COLLISION - OTHER,ANGLE,STRAIGHT & GRADE,DARK-HWY LIGHTED/ON,,,12/2/2019 9:59:59 AM,False,2816,Accepted,
25997381,0568000,LOUISVILLE METRO POLICE DEPT,Accepted,JEFFERSON,,,CHESTNUT,ST,E,KY0061,JACKSON,,,,,38.247575376,-85.745177142,0.425,11/28/2019 12:00:00 AM,1643,2,2,0,0,CLOUDY,DRY,True,COLLISION WITH PARKED VEHICLE,SIDESWIPE-SAME DIRECTION,STRAIGHT & LEVEL,DAYLIGHT,,,12/2/2019 9:57:52 AM,False,7463,Accepted,
25997391,0568000,LOUISVILLE METRO POLICE DEPT,Accepted,JEFFERSON,,,40TH,ST,S,,KENTUCKY,,,,,38.245394699,-85.818361415,1.068,11/28/2019 12:00:00 AM,0632,2,2,0,0,CLEAR,DRY,False,COLLISION WITH PARKED VEHICLE,REAR END,STRAIGHT & LEVEL,DARK-HWY LIGHTED/ON,,,12/2/2019 9:58:15 AM,False,7329,Accepted,