IncidentID,AgencyORI,AgencyName,IncidentStatusDesc,County,RdwyNumber,Street,RoadwayName,StreetSfx,StreetDir,IntersectionRdwy,IntersectionRdwyName,BetweenStRdwy1,BetweenStRdwyName1,BetweenStRdwy2,BetweenStRdwyName2,Latitude,Longitude,Milepoint,CollisionDate,CollisionTime,UnitsInvolved,MotorVehiclesInvolved,NumberKilled,NumberInjured,Weather,RdwyConditionCode,HitandRun,DirAnalysisCode,MannerofCollision,RdwyCharacter,LightCondition,RampFromRdwyId,RampToRdwyId,AcceptedDate,IsSecondaryCollision,OwnerBadge,IncidentStatus,
25997373,0568000,LOUISVILLE METRO POLICE DEPT,Accepted,JEFFERSON,,,WOODLAWN,AVE,W,,5TH,,,,,38.181987046,-85.769647880,0.589,11/28/2019 12:00:00 AM,1443,1,1,0,0,CLOUDY,DRY,False,COLLISION WITH FIXED OBJECT IN INTERSECTION - FIRST EVENT COLLISION 09 - 32,SINGLE VEHICLE,STRAIGHT & LEVEL,DAYLIGHT,,,12/2/2019 9:57:17 AM,False,7273,Accepted,
25997435,0568000,LOUISVILLE METRO POLICE DEPT,Accepted,JEFFERSON,US0150,,21ST,ST,N,US0031W,MAIN,,,,,38.259743010,-85.784655593,0.761,11/28/2019 12:00:00 AM,2317,2,2,0,0,CLEAR,DRY,False,COLLISION WITH FIXED OBJECT IN INTERSECTION - FIRST EVENT COLLISION 09 - 32,ANGLE,STRAIGHT & LEVEL,DARK-HWY NOT LIGHTED,,,12/2/2019 10:01:29 AM,False,5261,Accepted,
25997420,0568000,LOUISVILLE METRO POLICE DEPT,Accepted,JEFFERSON,,,MARKET,ST,W,,44TH,,,,,38.263794426,-85.820534828,1.895,11/28/2019 12:00:00 AM,2015,2,2,0,0,CLEAR,DRY,True,SIDESWIPE-SAME DIRECTION,SIDESWIPE-SAME DIRECTION,STRAIGHT & LEVEL,DARK-HWY LIGHTED/ON,,,12/2/2019 9:59:27 AM,False,5202,Accepted,
25997425,0568000,LOUISVILLE METRO POLICE DEPT,Accepted,JEFFERSON,KY0061,,PRESTON,HWY,,,MEADOW,,,,,38.177051184,-85.715279621,7.091,11/28/2019 12:00:00 AM,2040,2,2,0,0,CLEAR,DRY,False,SIDESWIPE-SAME DIRECTION,SIDESWIPE-SAME DIRECTION,STRAIGHT & LEVEL,DARK-HWY LIGHTED/ON,,,12/2/2019 9:59:50 AM,False,7383,Accepted,
25997389,0568000,LOUISVILLE METRO POLICE DEPT,Accepted,JEFFERSON,US0031W,,DIXIE,HWY,,,UPPER HUNTERS,,,,,38.168592269,-85.828548439,13.274,11/28/2019 12:00:00 AM,1318,2,2,0,0,CLEAR,DRY,False,SIDESWIPE-SAME DIRECTION,SIDESWIPE-SAME DIRECTION,STRAIGHT & LEVEL,DAYLIGHT,,,12/2/2019 9:58:11 AM,False,7177,Accepted,
25997432,0568000,LOUISVILLE METRO POLICE DEPT,Accepted,JEFFERSON,KY1447,,WESTPORT,RD,,,TOWNE CENTER,,,,,38.296180290,-85.553271484,6.386,11/28/2019 12:00:00 AM,2133,4,4,0,1,CLEAR,DRY,False,OTHER INTERSECTION COLLISIONS,REAR END,STRAIGHT & LEVEL,DARK-HWY LIGHTED/ON,,,12/2/2019 10:00:26 AM,False,5056,Accepted,
25997399,0568000,LOUISVILLE METRO POLICE DEPT,Accepted,JEFFERSON,I 0065,,,,,KY1747,FERN VALLEY,,,,,38.157426662,-85.716312880,0.484,11/28/2019 12:00:00 AM,1804,2,2,0,0,CLEAR,DRY,False,OTHER INTERSECTION COLLISIONS,REAR END,CURVE & LEVEL,DARK-HWY LIGHTED/ON,,,12/2/2019 9:58:32 AM,False,2324,Accepted,
26008720,0568000,LOUISVILLE METRO POLICE DEPT,Accepted,JEFFERSON,KY2052,,SHEPHERDSVILLE,RD,,KY1747,FERN VALLEY,,,,,38.156045637,-85.659762789,1.210,11/28/2019 12:00:00 AM,2237,2,2,0,0,CLOUDY,DRY,True,OTHER INTERSECTION COLLISIONS,REAR END,STRAIGHT & LEVEL,DARK-HWY LIGHTED/OFF,,,12/4/2019 8:33:56 AM,False,5169,Accepted,
25997426,0568000,LOUISVILLE METRO POLICE DEPT,Accepted,JEFFERSON,KY1447,,WESTPORT,RD,,,TOWNE CENTER,,,,,38.296311276,-85.553337264,6.395,11/28/2019 12:00:00 AM,2205,2,2,0,0,RAINING,WET,False,OTHER INTERSECTION COLLISIONS,REAR END,STRAIGHT & LEVEL,DARK-HWY LIGHTED/ON,,,12/2/2019 9:59:55 AM,False,7098,Accepted,
25997392,0568000,LOUISVILLE METRO POLICE DEPT,Accepted,JEFFERSON,KY1934,,GREENBELT,HWY,,,GLOBAL,,,,,38.139468030,-85.887568666,3.916,11/28/2019 12:00:00 AM,1549,2,2,0,1,CLOUDY,DRY,False,OTHER INTERSECTION COLLISIONS,REAR END,STRAIGHT & LEVEL,DAYLIGHT,,,12/2/2019 9:58:20 AM,False,7356,Accepted,
25997368,0568000,LOUISVILLE METRO POLICE DEPT,Accepted,JEFFERSON,KY1934,,CANE RUN,RD,,,CRUMS,,,,,38.195622504,-85.842347059,8.804,11/28/2019 12:00:00 AM,1210,2,2,0,0,CLEAR,DRY,False,OTHER INTERSECTION COLLISIONS,REAR END,STRAIGHT & LEVEL,DAYLIGHT,,,12/2/2019 9:56:53 AM,False,5208,Accepted,
26013826,0568000,LOUISVILLE METRO POLICE DEPT,Accepted,JEFFERSON,,,CRESCENT,AVE,,,,,,,,38.255431624,-85.686869697,0.054,11/28/2019 12:00:00 AM,0230,2,2,0,0,CLEAR,DRY,True,1 VEHICLE PARKED POSITION (NOT PARKING LOT/DRIVEWAY),BACKING,STRAIGHT & LEVEL,DARK-HWY LIGHTED/OFF,,,12/5/2019 8:13:37 AM,False,7028,Accepted,
25997433,0568000,LOUISVILLE METRO POLICE DEPT,Accepted,JEFFERSON,,2504,ELMHURST,AVE,,,,,,,,38.175409996,-85.837223022,0.217,11/28/2019 12:00:00 AM,1940,2,2,0,0,CLOUDY,DRY,True,1 VEHICLE PARKED POSITION (NOT PARKING LOT/DRIVEWAY),BACKING,STRAIGHT & LEVEL,DARK-HWY LIGHTED/ON,,,12/2/2019 10:00:51 AM,False,5170,Accepted,
25997438,0568000,LOUISVILLE METRO POLICE DEPT,Accepted,JEFFERSON,,515,CREEL,AVE,,,,,,,,38.212875940,-85.766838689,0.263,11/28/2019 12:00:00 AM,0030,2,2,0,0,CLEAR,DRY,True,1 VEHICLE PARKED POSITION (NOT PARKING LOT/DRIVEWAY),SIDESWIPE-SAME DIRECTION,CURVE & LEVEL,DARK-HWY LIGHTED/ON,,,12/2/2019 10:01:47 AM,False,5052,Accepted,
25997380,0568000,LOUISVILLE METRO POLICE DEPT,Accepted,JEFFERSON,,100B,GALT,AVE,N,,,,,,,38.254642081,-85.696766222,0.035,11/28/2019 12:00:00 AM,0907,2,2,0,0,CLEAR,DRY,False,1 VEHICLE PARKED POSITION (NOT PARKING LOT/DRIVEWAY),BACKING,STRAIGHT & LEVEL,DAYLIGHT,,,12/2/2019 9:57:47 AM,False,7281,Accepted,
25997487,0568000,LOUISVILLE METRO POLICE DEPT,Accepted,JEFFERSON,,6802,FENWAY,RD,,,,,,,,38.133847264,-85.876146147,0.291,11/28/2019 12:00:00 AM,1230,2,2,0,0,CLEAR,DRY,True,1 VEHICLE PARKED POSITION (NOT PARKING LOT/DRIVEWAY),,STRAIGHT & LEVEL,DAYLIGHT,,,12/2/2019 10:05:45 AM,False,7205,Accepted,
25997387,0568000,LOUISVILLE METRO POLICE DEPT,Accepted,JEFFERSON,,2412,THOMAS,AVE,,,,,,,,38.174558734,-85.837875943,0.247,11/28/2019 12:00:00 AM,1204,2,2,0,0,CLEAR,DRY,True,1 VEHICLE PARKED POSITION (NOT PARKING LOT/DRIVEWAY),BACKING,STRAIGHT & LEVEL,DAYLIGHT,,,12/2/2019 9:58:06 AM,False,7177,Accepted,
25997347,0568000,LOUISVILLE METRO POLICE DEPT,Accepted,JEFFERSON,KY1747,,FERN VALLEY,RD,,,,,,,,38.157270878,-85.714642721,0.962,11/28/2019 12:00:00 AM,0508,2,2,0,0,CLEAR,DRY,False,REAR END IN TRAFFIC LANES BOTH VEHICLES MOVING,REAR END,STRAIGHT & LEVEL,DARK-HWY LIGHTED/ON,,,12/2/2019 9:54:46 AM,False,5182,Accepted,
25997406,0568000,LOUISVILLE METRO POLICE DEPT,Accepted,JEFFERSON,KY1865,,TAYLOR,BLVD,,,,,,,,38.179601979,-85.783263383,5.030,11/28/2019 12:00:00 AM,1209,1,1,0,0,CLOUDY,DRY,False,OTHER COLLISIONS ON SHOULDER,SINGLE VEHICLE,STRAIGHT & LEVEL,DAYLIGHT,,,12/2/2019 9:58:46 AM,False,7667,Accepted,
25997366,0568000,LOUISVILLE METRO POLICE DEPT,Accepted,JEFFERSON,US0031E,,BARDSTOWN,RD,,,,,,,,38.212766025,-85.672489119,12.147,11/28/2019 12:00:00 AM,1147,2,2,0,0,CLOUDY,DRY,False,REAR END IN TRAFFIC LANES BOTH VEHICLES MOVING,REAR END,STRAIGHT & LEVEL,DAYLIGHT,,,12/2/2019 9:56:42 AM,False,7284,Accepted,
25997411,0568000,LOUISVILLE METRO POLICE DEPT,Accepted,JEFFERSON,US0031E,,BUECHEL,BYP,,,,KY2052,HIKES,KY2251,BARDSTOWN,38.198844078,-85.661260632,11.016,11/28/2019 12:00:00 AM,1238,2,2,0,0,CLOUDY,DRY,False,SIDESWIPE COLLISION - SAME DIRECTION,SIDESWIPE-SAME DIRECTION,STRAIGHT & LEVEL,DAYLIGHT,,,12/2/2019 9:58:55 AM,False,6100,Accepted,
25997378,0568000,LOUISVILLE METRO POLICE DEPT,Accepted,JEFFERSON,KY1065,,OUTER,LOOP,,,,I 0065,I65 N EXIT127 OFF RAMP TO KY1065,I 0065,I65 N EXIT127 ON RAMP FROM KY1065,38.136332295,-85.700702719,5.264,11/28/2019 12:00:00 AM,1632,2,2,0,0,CLOUDY,DRY,False,SIDESWIPE COLLISION - SAME DIRECTION,SIDESWIPE-SAME DIRECTION,STRAIGHT & LEVEL,DAYLIGHT,,,12/2/2019 9:57:42 AM,False,7397,Accepted,
25997417,0568000,LOUISVILLE METRO POLICE DEPT,Accepted,JEFFERSON,I 0065,,I65 S,,,,,,,,,38.153757474,-85.715839390,127.978,11/28/2019 12:00:00 AM,1900,2,2,0,0,CLEAR,DRY,True,SIDESWIPE COLLISION - SAME DIRECTION,SIDESWIPE-SAME DIRECTION,STRAIGHT & LEVEL,DARK-HWY LIGHTED/ON,,,12/2/2019 9:59:17 AM,False,7074,Accepted,
25997396,0568000,LOUISVILLE METRO POLICE DEPT,Accepted,JEFFERSON,,4903,COOPER CHAPEL,RD,,,,,,,,38.103564791,-85.665029570,0.411,11/28/2019 12:00:00 AM,1009,2,2,0,2,CLOUDY,DRY,False,HEAD-ON COLLISION,HEAD ON,STRAIGHT & LEVEL,DAYLIGHT,,,12/2/2019 9:58:25 AM,False,7442,Accepted,
26008591,0568000,LOUISVILLE METRO POLICE DEPT,Accepted,JEFFERSON,I 0065,,I65 S,,,,,,,,,38.221308753,-85.751459144,133.539,11/28/2019 12:00:00 AM,0643,2,2,0,0,OTHER,DRY,False,1 VEHICLE ENTERING/LEAVING ENTRANCE,ANGLE,STRAIGHT & LEVEL,DARK-HWY LIGHTED/ON,,,12/4/2019 8:17:03 AM,False,4903,Accepted,
25997430,0568000,LOUISVILLE METRO POLICE DEPT,Accepted,JEFFERSON,I 0264,,I264 E,,,,,,,,,38.260811683,-85.623136583,20.577,11/28/2019 12:00:00 AM,1951,2,2,0,0,CLEAR,DRY,False,1 VEHICLE ENTERING/LEAVING ENTRANCE,ANGLE,CURVE & HILLCREST,DARK-HWY LIGHTED/ON,,,12/2/2019 10:00:18 AM,False,5056,Accepted,
25997357,0568000,LOUISVILLE METRO POLICE DEPT,Accepted,JEFFERSON,,,MADISON,ST,W,,,,29TH,,30TH,38.254648197,-85.799272811,1.464,11/28/2019 12:00:00 AM,0807,2,2,0,1,CLEAR,DRY,True,1 VEHICLE ENTERING/LEAVING ENTRANCE,ANGLE,STRAIGHT & LEVEL,DAYLIGHT,,,12/2/2019 9:55:30 AM,False,7947,Accepted,
25997423,0568000,LOUISVILLE METRO POLICE DEPT,Accepted,JEFFERSON,KY1020,9708,NATIONAL,TPKE,,,,,,,,38.108634422,-85.744560835,2.345,11/28/2019 12:00:00 AM,2157,2,2,0,0,CLEAR,DRY,False,SIDESWIPE COLLISION - OPPOSITE DIRECTION,SIDESWIPE-OPPOSITE DIRECTION,STRAIGHT & LEVEL,DARK-HWY NOT LIGHTED,,,12/2/2019 9:59:37 AM,False,7149,Accepted,
25997370,0568000,LOUISVILLE METRO POLICE DEPT,Accepted,JEFFERSON,,13033,BESSELS,BLVD,,,,,,,,38.068375805,-85.895944972,0.117,11/28/2019 12:00:00 AM,1326,2,2,0,0,CLOUDY,DRY,False,VEHICLE BACKING NON INTERSECTION,BACKING,CURVE & LEVEL,DAYLIGHT,,,12/2/2019 9:57:03 AM,False,2936,Accepted,
25997360,0568000,LOUISVILLE METRO POLICE DEPT,Accepted,JEFFERSON,KY0841,,GENE SNYDER,FWY,,,,,,,,38.118037141,-85.739046564,8.126,11/28/2019 12:00:00 AM,0740,1,1,0,0,CLEAR,DRY,False,OTHER ROADWAY OR MID-BLOCK COLLISION,SINGLE VEHICLE,CURVE & LEVEL,DAYLIGHT,,,12/2/2019 9:55:54 AM,False,4903,Accepted,
25997424,0568000,LOUISVILLE METRO POLICE DEPT,Accepted,JEFFERSON,,7311,JEFFERSON,BLVD,,,,,,,,38.154273929,-85.672881429,0.453,11/28/2019 12:00:00 AM,1845,2,2,0,0,CLEAR,DRY,False,COLLISION IN PARKING LOT,SIDESWIPE-SAME DIRECTION,STRAIGHT & LEVEL,DARK (UNKNOWN ROADWAY LIGHTING),,,12/2/2019 9:59:45 AM,False,7472,Accepted,
25997354,0568000,LOUISVILLE METRO POLICE DEPT,Accepted,JEFFERSON,I 0264,,,,,,,,,,,38.188961107,-85.750556424,0.029,11/28/2019 12:00:00 AM,0503,1,1,0,1,CLEAR,DRY,False,OTHER RAMP RELATED COLLISIONS NOT LISTED ABOVE,SINGLE VEHICLE,CURVE & LEVEL,DARK-HWY LIGHTED/ON,I 0264,CRITTENDEN DR,12/2/2019 9:55:05 AM,False,5144,Accepted,
25997256,0568000,LOUISVILLE METRO POLICE DEPT,Accepted,JEFFERSON,I 0264,,,,,,,,,,,38.196986503,-85.705985465,0.132,11/27/2019 12:00:00 AM,1405,2,2,0,1,CLEAR,DRY,False,OTHER RAMP RELATED COLLISIONS NOT LISTED ABOVE,REAR END,STRAIGHT & LEVEL,DAYLIGHT,I 0264,KY0864,12/2/2019 9:45:14 AM,False,5019,Accepted,
25997257,0568000,LOUISVILLE METRO POLICE DEPT,Accepted,JEFFERSON,I 0265,,,,,,,,,,,38.309245857,-85.573140299,0.206,11/27/2019 12:00:00 AM,1616,2,2,0,0,CLEAR,DRY,False,OTHER RAMP RELATED COLLISIONS NOT LISTED ABOVE,REAR END,CURVE & GRADE,DAYLIGHT,I 0265,KY0022,12/2/2019 9:45:25 AM,False,7313,Accepted,
25980753,0568000,LOUISVILLE METRO POLICE DEPT,Accepted,JEFFERSON,I 0264,,,,,,,,,,,38.226642857,-85.638805325,0.277,11/27/2019 12:00:00 AM,0055,1,1,0,1,RAINING,WET,False,OTHER RAMP RELATED COLLISIONS NOT LISTED ABOVE,SINGLE VEHICLE,CURVE & LEVEL,DARK-HWY LIGHTED/ON,I 0264,KY1932,11/27/2019 8:36:29 AM,False,5247,Accepted,
25997259,0568000,LOUISVILLE METRO POLICE DEPT,Accepted,JEFFERSON,I 0265,,,,,,,,,,,38.269408010,-85.503048892,0.392,11/27/2019 12:00:00 AM,1049,2,2,0,0,CLEAR,DRY,False,OTHER RAMP RELATED COLLISIONS NOT LISTED ABOVE,SIDESWIPE-SAME DIRECTION,CURVE & GRADE,DAYLIGHT,I 0265,KY3084,12/2/2019 9:45:37 AM,False,7899,Accepted,
25997310,0568000,LOUISVILLE METRO POLICE DEPT,Accepted,JEFFERSON,I 0265,,,,,,,,,,,38.269486725,-85.503083106,0.386,11/27/2019 12:00:00 AM,1115,2,2,0,0,CLEAR,DRY,False,OTHER RAMP RELATED COLLISIONS NOT LISTED ABOVE,REAR END,STRAIGHT & LEVEL,DAYLIGHT,I 0265,KY3084,12/2/2019 9:50:39 AM,False,7018,Accepted,
25997208,0568000,LOUISVILLE METRO POLICE DEPT,Accepted,JEFFERSON,I 0265,,,,,,,,,,,38.298422914,-85.542195656,0.197,11/27/2019 12:00:00 AM,0759,1,1,0,0,CLEAR,WET,False,COLLISION WITH FIXED OBJECT NOT IN GORE ,SINGLE VEHICLE,CURVE & GRADE,DAYLIGHT,I 0265,CHAMBERLAIN LN,12/2/2019 9:39:13 AM,False,7313,Accepted,
25980756,0568000,LOUISVILLE METRO POLICE DEPT,Accepted,JEFFERSON,I 0065,,,,,,,,,,,38.233797584,-85.750797047,0.002,11/27/2019 12:00:00 AM,0023,1,1,0,0,RAINING,WET,False,OTHER RAMP RELATED COLLISIONS NOT LISTED ABOVE,SINGLE VEHICLE,STRAIGHT & LEVEL,DARK (UNKNOWN ROADWAY LIGHTING),I 0065,E SAINT CATHERINE ST,11/27/2019 8:36:47 AM,False,5050,Accepted,
25997261,0568000,LOUISVILLE METRO POLICE DEPT,Accepted,JEFFERSON,,,7TH,ST,S,,,,HILL,,BURNETT,38.226980467,-85.769262031,0.591,11/27/2019 12:00:00 AM,1428,2,1,0,1,CLEAR,DRY,True,COLLISION IN PARKING LOT,SINGLE VEHICLE,STRAIGHT & LEVEL,DAYLIGHT,,,12/2/2019 9:46:04 AM,False,5267,Accepted,
25997228,0568000,LOUISVILLE METRO POLICE DEPT,Accepted,JEFFERSON,,9201,SMYRNA,PKWY,,,,,,,,38.116065554,-85.643713192,1.411,11/27/2019 12:00:00 AM,1045,1,1,0,0,CLEAR,DRY,False,COLLISION IN PARKING LOT,SINGLE VEHICLE,STRAIGHT & LEVEL,DAYLIGHT,,,12/2/2019 9:41:31 AM,False,7486,Accepted,
25997321,0568000,LOUISVILLE METRO POLICE DEPT,Accepted,JEFFERSON,US0031W,,DIXIE,HWY,,,,,,,,38.123325292,-85.853911799,9.823,11/27/2019 12:00:00 AM,1345,2,2,0,0,CLEAR,DRY,False,COLLISION IN PARKING LOT,ANGLE,STRAIGHT & LEVEL,DAYLIGHT,,,12/2/2019 9:51:30 AM,False,7234,Accepted,
25997350,0568000,LOUISVILLE METRO POLICE DEPT,Accepted,JEFFERSON,I 0065,,I65 S,,,,,,,,,38.108876301,-85.701415808,124.735,11/27/2019 12:00:00 AM,1750,2,2,0,0,CLEAR,DRY,False,OTHER ROADWAY OR MID-BLOCK COLLISION,REAR END,STRAIGHT & LEVEL,DUSK,,,12/2/2019 9:54:53 AM,False,7474,Accepted,
25997345,0568000,LOUISVILLE METRO POLICE DEPT,Accepted,JEFFERSON,,,ASHBY,LN,,,,,RANCHO,,JANNA,38.105102254,-85.875513956,0.352,11/27/2019 12:00:00 AM,1827,2,2,0,0,CLEAR,DRY,False,OTHER ROADWAY OR MID-BLOCK COLLISION,REAR END,STRAIGHT & LEVEL,DARK-HWY LIGHTED/ON,,,12/2/2019 9:54:37 AM,False,7166,Accepted,
25997371,0568000,LOUISVILLE METRO POLICE DEPT,Accepted,JEFFERSON,I 0264,,I264 E,,,,,,,,,38.189978315,-85.751488679,10.881,11/27/2019 12:00:00 AM,0852,2,2,0,0,CLOUDY,DRY,False,OTHER ROADWAY OR MID-BLOCK COLLISION,REAR END,STRAIGHT & LEVEL,DAYLIGHT,,,12/2/2019 9:57:08 AM,True,4656,Accepted,
25997250,0568000,LOUISVILLE METRO POLICE DEPT,Accepted,JEFFERSON,US0031E,,BARDSTOWN,RD,,,,,CEDARLOOK,KY1065,BEULAH CHURCH,38.148906440,-85.586757464,5.480,11/27/2019 12:00:00 AM,1505,2,2,0,0,CLEAR,DRY,False,OTHER ROADWAY OR MID-BLOCK COLLISION,OPPOSING LEFT TURN,STRAIGHT & LEVEL,DAYLIGHT,,,12/2/2019 9:44:37 AM,False,6878,Accepted,
25997217,0568000,LOUISVILLE METRO POLICE DEPT,Accepted,JEFFERSON,I 0264,,I264 W,,,,,,,,,38.272419741,-85.808484083,0.364,11/27/2019 12:00:00 AM,0745,1,1,0,0,CLOUDY,WET,False,OTHER ROADWAY OR MID-BLOCK COLLISION,SINGLE VEHICLE,CURVE & LEVEL,DAWN,,,12/2/2019 9:40:15 AM,False,7628,Accepted,
25997356,0568000,LOUISVILLE METRO POLICE DEPT,Accepted,JEFFERSON,,229,41ST,ST,S,,,,,,,38.261653280,-85.817160795,1.812,11/27/2019 12:00:00 AM,1336,2,2,0,0,CLEAR,DRY,False,VEHICLE BACKING NON INTERSECTION,BACKING,STRAIGHT & LEVEL,DAYLIGHT,,,12/2/2019 9:55:19 AM,False,7469,Accepted,
25997322,0568000,LOUISVILLE METRO POLICE DEPT,Accepted,JEFFERSON,,,GOOSE CREEK,RD,,,,,,,,38.286182333,-85.577659793,1.339,11/27/2019 12:00:00 AM,2033,2,2,0,0,CLOUDY,DRY,False,VEHICLE BACKING NON INTERSECTION,BACKING,STRAIGHT & LEVEL,DARK-HWY LIGHTED/ON,,,12/2/2019 9:51:42 AM,False,5004,Accepted,
25980751,0568000,LOUISVILLE METRO POLICE DEPT,Accepted,JEFFERSON,I 0065,,I65 N,,,,,,,,,38.130924391,-85.703309444,126.270,11/27/2019 12:00:00 AM,0006,1,1,0,1,RAINING,WET,False,OTHER ROADWAY OR MID-BLOCK COLLISION,SINGLE VEHICLE,CURVE & LEVEL,DARK-HWY LIGHTED/ON,,,11/27/2019 8:36:14 AM,False,7243,Accepted,
26002643,0568000,LOUISVILLE METRO POLICE DEPT,Accepted,JEFFERSON,,,MURPHY,LN,,,,,,,,38.302066098,-85.532584523,0.002,11/27/2019 12:00:00 AM,1830,2,2,0,0,CLEAR,DRY,True,OTHER ROADWAY OR MID-BLOCK COLLISION,REAR TO REAR,STRAIGHT & LEVEL,DARK-HWY LIGHTED/ON,,,12/3/2019 7:35:52 AM,False,7615,Accepted,
25997288,0568000,LOUISVILLE METRO POLICE DEPT,Accepted,JEFFERSON,,,TUCKER STATION,RD,,,,,,,,38.187589125,-85.523864352,4.497,11/27/2019 12:00:00 AM,1249,2,2,0,1,CLOUDY,DRY,False,OTHER ROADWAY OR MID-BLOCK COLLISION,OPPOSING LEFT TURN,STRAIGHT & LEVEL,DAYLIGHT,,,12/2/2019 9:49:09 AM,False,4693,Accepted,
25997281,0568000,LOUISVILLE METRO POLICE DEPT,Accepted,JEFFERSON,,,SPRINGHURST,BLVD,,,,,HARTWICK VILLAGE,,MOORFIELD,38.305301023,-85.573125557,1.448,11/27/2019 12:00:00 AM,1304,2,2,0,0,CLEAR,DRY,False,OTHER ROADWAY OR MID-BLOCK COLLISION,REAR END,CURVE & LEVEL,DAYLIGHT,,,12/2/2019 9:48:26 AM,False,7751,Accepted,
25997239,0568000,LOUISVILLE METRO POLICE DEPT,Accepted,JEFFERSON,,7403,WATSON,LN,,,,,,,,38.062072212,-85.901909910,0.720,11/27/2019 12:00:00 AM,0825,2,2,0,1,CLEAR,DRY,False,OTHER ROADWAY OR MID-BLOCK COLLISION,OPPOSING LEFT TURN,STRAIGHT & LEVEL,DAYLIGHT,,,12/2/2019 9:43:22 AM,False,6326,Accepted,
25997363,0568000,LOUISVILLE METRO POLICE DEPT,Accepted,JEFFERSON,,,SCOTTSDALE,BLVD,,,,,,,,38.139192102,-85.773829914,0.002,11/27/2019 12:00:00 AM,1723,2,2,0,0,CLOUDY,DRY,False,OTHER ROADWAY OR MID-BLOCK COLLISION,REAR END,STRAIGHT & LEVEL,DUSK,,,12/2/2019 9:56:22 AM,False,7252,Accepted,
25997229,0568000,LOUISVILLE METRO POLICE DEPT,Accepted,JEFFERSON,KY0146,12450,LA GRANGE,RD,,,,,,,,38.291638816,-85.510524220,7.697,11/27/2019 12:00:00 AM,1120,2,2,0,0,CLEAR,DRY,False,OTHER ROADWAY OR MID-BLOCK COLLISION,REAR TO REAR,STRAIGHT & LEVEL,DAYLIGHT,,,12/2/2019 9:41:47 AM,False,2346,Accepted,
26035729,0568000,LOUISVILLE METRO POLICE DEPT,Accepted,JEFFERSON,KY1747,,FERN VALLEY,RD,,,,,,,,38.157401824,-85.695633304,2.017,11/27/2019 12:00:00 AM,1726,2,2,0,1,CLEAR,DRY,False,1 VEHICLE ENTERING/LEAVING ENTRANCE,ANGLE,STRAIGHT & LEVEL,DUSK,,,12/10/2019 8:48:54 AM,False,4693,Accepted,
25997243,0568000,LOUISVILLE METRO POLICE DEPT,Accepted,JEFFERSON,KY1747,,FERN VALLEY,RD,,,,,PARAMOUNT PARK,,ULRICH,38.157097602,-85.712304751,1.092,11/27/2019 12:00:00 AM,0656,2,2,0,1,CLEAR,DRY,False,1 VEHICLE ENTERING/LEAVING ENTRANCE,ANGLE,STRAIGHT & LEVEL,DAYLIGHT,,,12/2/2019 9:43:36 AM,False,2324,Accepted,
25997286,0568000,LOUISVILLE METRO POLICE DEPT,Accepted,JEFFERSON,US0031E,1101,BARDSTOWN,RD,,,,,,,,38.238350873,-85.720863205,15.415,11/27/2019 12:00:00 AM,1728,2,2,0,0,CLEAR,DRY,True,1 VEHICLE ENTERING/LEAVING ENTRANCE,ANGLE,STRAIGHT & LEVEL,DUSK,,,12/2/2019 9:48:50 AM,False,5020,Accepted,
25997291,0568000,LOUISVILLE METRO POLICE DEPT,Accepted,JEFFERSON,,,GRADE,LN,,,,,FERN GRADE,,GRADE LN CONN,38.161769811,-85.721915374,1.382,11/27/2019 12:00:00 AM,0946,2,2,0,0,CLEAR,DRY,False,1 VEHICLE ENTERING/LEAVING ENTRANCE,ANGLE,STRAIGHT & LEVEL,DAYLIGHT,,,12/2/2019 9:49:28 AM,False,7473,Accepted,
25997276,0568000,LOUISVILLE METRO POLICE DEPT,Accepted,JEFFERSON,I 0064,,I64 E,,,,,,,,,38.222636911,-85.516937894,18.363,11/27/2019 12:00:00 AM,0743,2,2,0,0,CLOUDY,WET,False,1 VEHICLE ENTERING/LEAVING ENTRANCE,ANGLE,STRAIGHT & LEVEL,DAWN,,,12/2/2019 9:48:00 AM,False,7751,Accepted,
25997272,0568000,LOUISVILLE METRO POLICE DEPT,Accepted,JEFFERSON,,,OXMOOR,LN,,,,,BULLITT,US0060,SHELBYVILLE,38.248037369,-85.613517910,0.091,11/27/2019 12:00:00 AM,1758,2,2,0,0,CLEAR,DRY,False,1 VEHICLE ENTERING/LEAVING ENTRANCE,ANGLE,STRAIGHT & LEVEL,DARK-HWY LIGHTED/ON,,,12/2/2019 9:47:05 AM,False,5109,Accepted,
25997255,0568000,LOUISVILLE METRO POLICE DEPT,Accepted,JEFFERSON,,,FLAT ROCK,RD,,,,,,,,38.250769319,-85.433936468,1.263,11/27/2019 12:00:00 AM,1548,2,2,0,0,CLEAR,DRY,False,1 VEHICLE ENTERING/LEAVING ENTRANCE,ANGLE,STRAIGHT & LEVEL,DAYLIGHT,,,12/2/2019 9:45:09 AM,False,2346,Accepted,
25997245,0568000,LOUISVILLE METRO POLICE DEPT,Accepted,JEFFERSON,KY1065,,BEULAH CHURCH,RD,,,,,,,,38.137643048,-85.613431683,10.009,11/27/2019 12:00:00 AM,1350,2,2,0,0,CLEAR,DRY,False,1 VEHICLE ENTERING/LEAVING ENTRANCE,ANGLE,STRAIGHT & LEVEL,DAYLIGHT,,,12/2/2019 9:43:50 AM,False,5270,Accepted,
25997359,0568000,LOUISVILLE METRO POLICE DEPT,Accepted,JEFFERSON,,,SEATONVILLE,RD,,,AMIGO,,,,,38.148838560,-85.575234001,0.288,11/27/2019 12:00:00 AM,1744,2,2,0,0,CLOUDY,DRY,False,HEAD-ON COLLISION,HEAD ON,STRAIGHT & LEVEL,DARK-HWY NOT LIGHTED,,,12/2/2019 9:55:49 AM,False,7755,Accepted,