IncidentID,AgencyORI,AgencyName,IncidentStatusDesc,County,RdwyNumber,Street,RoadwayName,StreetSfx,StreetDir,IntersectionRdwy,IntersectionRdwyName,BetweenStRdwy1,BetweenStRdwyName1,BetweenStRdwy2,BetweenStRdwyName2,Latitude,Longitude,Milepoint,CollisionDate,CollisionTime,UnitsInvolved,MotorVehiclesInvolved,NumberKilled,NumberInjured,Weather,RdwyConditionCode,HitandRun,DirAnalysisCode,MannerofCollision,RdwyCharacter,LightCondition,RampFromRdwyId,RampToRdwyId,AcceptedDate,IsSecondaryCollision,OwnerBadge,IncidentStatus,
25997293,0568000,LOUISVILLE METRO POLICE DEPT,Accepted,JEFFERSON,I 0264,,I264 E,,,,,I 0065,I65 W EXIT11 RAMP FROM  FREEDOM WAY N,I 0065,I65 W EXIT12 RAMP TO I65 S,38.189442010,-85.739634537,11.529,11/27/2019 12:00:00 AM,1226,2,2,0,0,CLEAR,DRY,False,SIDESWIPE COLLISION - SAME DIRECTION,SIDESWIPE-SAME DIRECTION,STRAIGHT & LEVEL,DAYLIGHT,,,12/2/2019 9:49:43 AM,False,7473,Accepted,
25997283,0568000,LOUISVILLE METRO POLICE DEPT,Accepted,JEFFERSON,KY0022,,BROWNSBORO,RD,,,,,NORTON HEALTHCARE,,CHAMBERLAIN,38.312085112,-85.568741410,4.366,11/27/2019 12:00:00 AM,1554,2,2,0,0,CLEAR,DRY,False,SIDESWIPE COLLISION - SAME DIRECTION,SIDESWIPE-SAME DIRECTION,STRAIGHT & LEVEL,DAYLIGHT,,,12/2/2019 9:48:36 AM,False,7751,Accepted,
25997260,0568000,LOUISVILLE METRO POLICE DEPT,Accepted,JEFFERSON,KY2052,,HIKES,LN,,,,,,,,38.198342599,-85.661055535,4.199,11/27/2019 12:00:00 AM,1720,2,2,0,0,CLEAR,DRY,False,SIDESWIPE COLLISION - SAME DIRECTION,SIDESWIPE-SAME DIRECTION,STRAIGHT & LEVEL,DAYLIGHT,,,12/2/2019 9:45:50 AM,False,7864,Accepted,
26008737,0568000,LOUISVILLE METRO POLICE DEPT,Accepted,JEFFERSON,I 0265,,I265 S,,,,,,,,,38.311399128,-85.575963799,34.297,11/27/2019 12:00:00 AM,1056,2,2,0,0,CLEAR,DRY,False,SIDESWIPE COLLISION - SAME DIRECTION,SIDESWIPE-SAME DIRECTION,STRAIGHT & GRADE,DAYLIGHT,,,12/4/2019 8:35:55 AM,False,8278,Accepted,
25997414,0568000,LOUISVILLE METRO POLICE DEPT,Accepted,JEFFERSON,US0031E,,BARDSTOWN,RD,,,,,GOLDSMITH,I 0264,I264 E EXIT16 OFF RAMP TO US31E S,38.209039112,-85.669706001,11.843,11/27/2019 12:00:00 AM,1526,2,2,0,0,CLOUDY,DRY,False,REAR END IN TRAFFIC LANES BOTH VEHICLES MOVING,REAR END,STRAIGHT & LEVEL,DAYLIGHT,,,12/2/2019 9:59:10 AM,False,6100,Accepted,
26105044,0568000,LOUISVILLE METRO POLICE DEPT,Accepted,JEFFERSON,KY0061,,PRESTON,HWY,,,,,OAKLAWN,,CHATEAU,38.148749494,-85.692405428,4.726,11/27/2019 12:00:00 AM,0650,2,2,0,0,RAINING,WET,False,SIDESWIPE COLLISION - SAME DIRECTION,SIDESWIPE-SAME DIRECTION,STRAIGHT & LEVEL,DUSK,,,12/27/2019 7:53:51 AM,False,2583,Accepted,
25997355,0568000,LOUISVILLE METRO POLICE DEPT,Accepted,JEFFERSON,,,MUHAMMAD ALI,BLVD,W,,,,,,,38.250882764,-85.754304729,0.085,11/27/2019 12:00:00 AM,2147,2,2,0,0,CLEAR,DRY,False,SIDESWIPE COLLISION - SAME DIRECTION,SIDESWIPE-SAME DIRECTION,STRAIGHT & LEVEL,DARK-HWY LIGHTED/ON,,,12/2/2019 9:55:10 AM,False,5025,Accepted,
25997306,0568000,LOUISVILLE METRO POLICE DEPT,Accepted,JEFFERSON,KY1932,,BRECKENRIDGE,LN,,,,,,,,38.219258071,-85.629537536,2.783,11/27/2019 12:00:00 AM,1834,2,2,0,0,CLEAR,DRY,False,SIDESWIPE COLLISION - SAME DIRECTION,SIDESWIPE-SAME DIRECTION,STRAIGHT & LEVEL,DARK-HWY LIGHTED/ON,,,12/2/2019 9:50:17 AM,False,7864,Accepted,
25997230,0568000,LOUISVILLE METRO POLICE DEPT,Accepted,JEFFERSON,,,1ST,ST,S,,,,,,,38.245665762,-85.753392844,0.719,11/27/2019 12:00:00 AM,1212,2,2,0,0,CLEAR,DRY,False,SIDESWIPE COLLISION - SAME DIRECTION,SIDESWIPE-SAME DIRECTION,STRAIGHT & LEVEL,DAYLIGHT,,,12/2/2019 9:41:59 AM,False,7220,Accepted,
25997231,0568000,LOUISVILLE METRO POLICE DEPT,Accepted,JEFFERSON,US0031E,220,MAIN,ST,W,,,,,,,38.256321476,-85.753641250,17.944,11/27/2019 12:00:00 AM,1058,2,2,0,0,CLEAR,DRY,True,SIDESWIPE COLLISION - OPPOSITE DIRECTION,SIDESWIPE-OPPOSITE DIRECTION,STRAIGHT & LEVEL,DAYLIGHT,,,12/2/2019 9:42:06 AM,False,5295,Accepted,
25997339,0568000,LOUISVILLE METRO POLICE DEPT,Accepted,JEFFERSON,KY1934,,CANE RUN,RD,,,,KY2049,CRUMS,,HARTLAGE,38.199329686,-85.837357396,9.187,11/27/2019 12:00:00 AM,2032,2,2,0,0,CLEAR,DRY,False,REAR END IN TRAFFIC LANES BOTH VEHICLES MOVING,REAR END,STRAIGHT & LEVEL,DARK-HWY LIGHTED/ON,,,12/2/2019 9:54:07 AM,False,5140,Accepted,
25997316,0568000,LOUISVILLE METRO POLICE DEPT,Accepted,JEFFERSON,I 0265,,I265 E,,,,,I 0265,I265 E EXIT23 ON RAMP FROM KY155,I 0064,I64 N EXIT25A RAMP TO I64 E,38.218588325,-85.505892661,25.193,11/27/2019 12:00:00 AM,1730,3,3,0,0,CLEAR,DRY,False,REAR END IN TRAFFIC LANES BOTH VEHICLES MOVING,REAR END,STRAIGHT & LEVEL,DARK-HWY NOT LIGHTED,,,12/2/2019 9:50:54 AM,False,7018,Accepted,
25997271,0568000,LOUISVILLE METRO POLICE DEPT,Accepted,JEFFERSON,I 0264,,I264 W,,,,,,,,,38.210873566,-85.672080502,15.622,11/27/2019 12:00:00 AM,1706,2,2,0,0,CLEAR,DRY,False,REAR END IN TRAFFIC LANES BOTH VEHICLES MOVING,REAR END,STRAIGHT & GRADE,DAYLIGHT,,,12/2/2019 9:47:00 AM,False,7284,Accepted,
25997287,0568000,LOUISVILLE METRO POLICE DEPT,Accepted,JEFFERSON,US0031E,,BARDSTOWN,RD,,,,,WINGFIELD,,BRENTLINGER,38.134409562,-85.579733100,4.393,11/27/2019 12:00:00 AM,1730,3,3,0,1,CLEAR,DRY,False,REAR END IN TRAFFIC LANES BOTH VEHICLES MOVING,REAR END,STRAIGHT & LEVEL,DUSK,,,12/2/2019 9:48:56 AM,False,6878,Accepted,
25997323,0568000,LOUISVILLE METRO POLICE DEPT,Accepted,JEFFERSON,KY1934,,GREENBELT,HWY,,,,,,,,38.126670336,-85.892662059,2.973,11/27/2019 12:00:00 AM,2100,2,2,0,1,CLEAR,DRY,False,REAR END IN TRAFFIC LANES BOTH VEHICLES MOVING,REAR END,STRAIGHT & LEVEL,DARK-HWY LIGHTED/ON,,,12/2/2019 9:51:57 AM,False,7295,Accepted,
25997290,0568000,LOUISVILLE METRO POLICE DEPT,Accepted,JEFFERSON,US0031E,,BARDSTOWN,RD,,,,,,,,38.134172277,-85.579614139,4.371,11/27/2019 12:00:00 AM,1442,3,3,0,1,CLEAR,DRY,False,REAR END IN TRAFFIC LANES BOTH VEHICLES MOVING,REAR END,STRAIGHT & LEVEL,DAYLIGHT,,,12/2/2019 9:49:20 AM,False,4693,Accepted,
25997313,0568000,LOUISVILLE METRO POLICE DEPT,Accepted,JEFFERSON,I 0265,,I265 S,,,,,I 0265,I265 S EXIT27 ON RAMP FROM US60,I 0064,I265 S EXIT25B RAMP TO I64 W,38.237339022,-85.504709023,26.453,11/27/2019 12:00:00 AM,1635,2,2,0,0,CLEAR,DRY,True,REAR END IN TRAFFIC LANES BOTH VEHICLES MOVING,REAR END,STRAIGHT & LEVEL,DAYLIGHT,,,12/2/2019 9:50:48 AM,False,7018,Accepted,
26002608,0568000,LOUISVILLE METRO POLICE DEPT,Accepted,JEFFERSON,I 0264,,I264 W,,,,,,,,,38.190355652,-85.757312476,10.660,11/27/2019 12:00:00 AM,1812,3,3,0,3,CLEAR,WET,False,REAR END IN TRAFFIC LANES BOTH VEHICLES MOVING,REAR END,STRAIGHT & LEVEL,DARK-HWY LIGHTED/ON,,,12/3/2019 7:30:31 AM,False,7251,Accepted,
25997462,0568000,LOUISVILLE METRO POLICE DEPT,Accepted,JEFFERSON,KY1747,,HURSTBOURNE,PKWY,S,,,,BUNSEN,KY6159,BLUEGRASS PKWY ACCESS,38.219895091,-85.582036989,11.595,11/27/2019 12:00:00 AM,1820,2,2,0,0,CLEAR,DRY,False,REAR END IN TRAFFIC LANES BOTH VEHICLES MOVING,REAR END,STRAIGHT & LEVEL,DARK-HWY LIGHTED/ON,,,12/2/2019 10:03:48 AM,False,2429,Accepted,
25997612,0568000,LOUISVILLE METRO POLICE DEPT,Accepted,JEFFERSON,I 0264,,I264 E,,,,,,,,,38.190111415,-85.757428659,10.558,11/27/2019 12:00:00 AM,0826,2,2,0,0,CLOUDY,DRY,False,REAR END IN TRAFFIC LANES BOTH VEHICLES MOVING,REAR END,STRAIGHT & GRADE,DAYLIGHT,,,12/2/2019 10:13:02 AM,False,7772,Accepted,
25997367,0568000,LOUISVILLE METRO POLICE DEPT,Accepted,JEFFERSON,,,HUDSON,LN,,,,,ROMAN,,STOUT,38.170575513,-85.595688912,0.539,11/27/2019 12:00:00 AM,1840,2,2,0,0,CLEAR,DRY,False,REAR END IN TRAFFIC LANES BOTH VEHICLES MOVING,REAR END,CURVE & HILLCREST,DARK-HWY NOT LIGHTED,,,12/2/2019 9:56:47 AM,False,6878,Accepted,
25997361,0568000,LOUISVILLE METRO POLICE DEPT,Accepted,JEFFERSON,I 0065,,I65 N,,,,,,,,,38.177848626,-85.719357320,129.714,11/27/2019 12:00:00 AM,1307,2,2,0,0,CLEAR,DRY,False,REAR END IN TRAFFIC LANES BOTH VEHICLES MOVING,REAR END,STRAIGHT & LEVEL,DAYLIGHT,,,12/2/2019 9:56:07 AM,False,4903,Accepted,
25997258,0568000,LOUISVILLE METRO POLICE DEPT,Accepted,JEFFERSON,,,NELSON MILLER,PKWY,,,,,,,,38.269131010,-85.506873518,1.053,11/27/2019 12:00:00 AM,0841,2,2,0,0,CLEAR,DRY,False,REAR END IN TRAFFIC LANES BOTH VEHICLES MOVING,REAR END,STRAIGHT & LEVEL,DAYLIGHT,,,12/2/2019 9:45:31 AM,False,7899,Accepted,
25997318,0568000,LOUISVILLE METRO POLICE DEPT,Accepted,JEFFERSON,KY1747,,HURSTBOURNE,PKWY,S,,,,WHITTINGTON,KY1747,KY1747 CROSSOVER,38.242332691,-85.577047692,13.215,11/27/2019 12:00:00 AM,1840,2,2,0,0,CLEAR,DRY,True,REAR END IN TRAFFIC LANES BOTH VEHICLES MOVING,REAR END,STRAIGHT & LEVEL,DARK-HWY NOT LIGHTED,,,12/2/2019 9:51:00 AM,False,7018,Accepted,
25997241,0568000,LOUISVILLE METRO POLICE DEPT,Accepted,JEFFERSON,US0031W,9070,DIXIE,HWY,,,,,,,,38.124631314,-85.852935651,10.029,11/27/2019 12:00:00 AM,1306,2,2,0,1,CLEAR,DRY,False,REAR END IN TRAFFIC LANES BOTH VEHICLES MOVING,REAR END,STRAIGHT & LEVEL,DAYLIGHT,,,12/2/2019 9:43:30 AM,False,6326,Accepted,
25980789,0568000,LOUISVILLE METRO POLICE DEPT,Accepted,JEFFERSON,I 0065,,I65 S,,,,,,,,,38.209672854,-85.753003196,132.729,11/27/2019 12:00:00 AM,0613,2,2,0,0,RAINING,WET,False,REAR END IN TRAFFIC LANES BOTH VEHICLES MOVING,REAR END,STRAIGHT & LEVEL,DARK-HWY LIGHTED/ON,,,11/27/2019 8:44:04 AM,True,4903,Accepted,
25997252,0568000,LOUISVILLE METRO POLICE DEPT,Accepted,JEFFERSON,KY1447,,WESTPORT,RD,,,,,,,,38.296708949,-85.551313239,6.500,11/27/2019 12:00:00 AM,1525,2,2,0,0,CLEAR,DRY,False,REAR END IN TRAFFIC LANES BOTH VEHICLES MOVING,REAR END,STRAIGHT & LEVEL,DAYLIGHT,,,12/2/2019 9:44:48 AM,False,7615,Accepted,
26030533,0568000,LOUISVILLE METRO POLICE DEPT,Accepted,JEFFERSON,KY1065,,OUTER,LOOP,,,,,,,,38.136266054,-85.697517612,5.446,11/27/2019 12:00:00 AM,0700,2,2,0,0,CLEAR,WET,False,REAR END IN TRAFFIC LANES BOTH VEHICLES MOVING,REAR END,STRAIGHT & LEVEL,DAYLIGHT,,,12/9/2019 9:21:00 AM,False,7573,Accepted,
26019701,0568000,LOUISVILLE METRO POLICE DEPT,Accepted,JEFFERSON,,6710,CURRINGTON,CIR,,,,,,,,38.127961056,-85.878757358,0.080,11/27/2019 12:00:00 AM,2359,2,2,0,0,CLEAR,DRY,True,1 VEHICLE PARKED POSITION (NOT PARKING LOT/DRIVEWAY),REAR TO REAR,CURVE & LEVEL,DARK (UNKNOWN ROADWAY LIGHTING),,,12/6/2019 8:46:31 AM,False,7144,Accepted,
25997898,0568000,LOUISVILLE METRO POLICE DEPT,Accepted,JEFFERSON,,444,26TH,ST,N,,,,,,,38.267698302,-85.791931732,0.494,11/27/2019 12:00:00 AM,0830,2,2,0,0,CLEAR,DRY,False,1 VEHICLE PARKED POSITION (NOT PARKING LOT/DRIVEWAY),HEAD ON,STRAIGHT & LEVEL,DAYLIGHT,,,12/2/2019 10:32:11 AM,False,5268,Accepted,
25997340,0568000,LOUISVILLE METRO POLICE DEPT,Accepted,JEFFERSON,,169,BELLAIRE,AVE,N,,,,,,,38.256284672,-85.709100725,0.192,11/27/2019 12:00:00 AM,2221,2,2,0,0,CLOUDY,DRY,True,1 VEHICLE PARKED POSITION (NOT PARKING LOT/DRIVEWAY),BACKING,STRAIGHT & LEVEL,DARK-HWY LIGHTED/ON,,,12/2/2019 9:54:13 AM,False,7304,Accepted,
25980752,0568000,LOUISVILLE METRO POLICE DEPT,Accepted,JEFFERSON,,5100B,1ST,ST,S,,,,,,,38.172382187,-85.763746771,4.239,11/27/2019 12:00:00 AM,0100,2,2,0,0,RAINING,WET,True,1 VEHICLE PARKED POSITION (NOT PARKING LOT/DRIVEWAY),BACKING,STRAIGHT & LEVEL,DARK-HWY LIGHTED/ON,,,11/27/2019 8:36:22 AM,False,7963,Accepted,
26002187,0560400,SHIVELY POLICE DEPARTMENT,Accepted,JEFFERSON,US0031W,4720,DIXIE,HWY,,,,,,,,38.174386016,-85.823384078,13.835,11/27/2019 12:00:00 AM,0155,1,1,0,0,CLEAR,WET,False,COLLISION WITH FIXED OBJECT NON - INTERSECTION - FIRST EVENT COLLISION 09 - 32 EXCLUDING 16,SINGLE VEHICLE,STRAIGHT & LEVEL,DARK-HWY LIGHTED/ON,,,12/3/2019 4:24:37 AM,False,7114,Accepted,
25997224,0568000,LOUISVILLE METRO POLICE DEPT,Accepted,JEFFERSON,,,YORK,ST,,,CRYSTAL,,,,,38.244657934,-85.762977519,0.070,11/27/2019 12:00:00 AM,0833,2,2,0,0,CLEAR,DRY,False,OTHER INTERSECTION COLLISIONS,REAR END,STRAIGHT & LEVEL,DAYLIGHT,,,12/2/2019 9:41:02 AM,False,7495,Accepted,
25997280,0568000,LOUISVILLE METRO POLICE DEPT,Accepted,JEFFERSON,KY1447,,WESTPORT,RD,,,TOWNE CENTER,,,,,38.296337278,-85.553231929,6.397,11/27/2019 12:00:00 AM,1155,2,2,0,0,CLEAR,DRY,False,OTHER INTERSECTION COLLISIONS,REAR END,STRAIGHT & LEVEL,DAYLIGHT,,,12/2/2019 9:48:20 AM,False,7751,Accepted,
25997305,0568000,LOUISVILLE METRO POLICE DEPT,Accepted,JEFFERSON,,,FLOYD,ST,S,,CHESTNUT,,,,,38.248026734,-85.749267582,0.532,11/27/2019 12:00:00 AM,1305,2,2,0,0,CLOUDY,DRY,False,OTHER INTERSECTION COLLISIONS,REAR END,STRAIGHT & LEVEL,DAYLIGHT,,,12/2/2019 9:50:13 AM,False,5265,Accepted,
25997249,0568000,LOUISVILLE METRO POLICE DEPT,Accepted,JEFFERSON,US0060,,FRANKFORT,AVE,,,KENNEDY,,,,,38.254708803,-85.688789248,1.712,11/27/2019 12:00:00 AM,1335,2,2,0,0,CLEAR,DRY,False,OTHER INTERSECTION COLLISIONS,REAR END,STRAIGHT & LEVEL,DAYLIGHT,,,12/2/2019 9:44:17 AM,False,7128,Accepted,
25997336,0568000,LOUISVILLE METRO POLICE DEPT,Accepted,JEFFERSON,,,HIKES,LN,,KY1932,BRECKENRIDGE,,,,,38.217915510,-85.629182662,2.993,11/27/2019 12:00:00 AM,1903,2,2,0,0,CLEAR,DRY,False,OTHER INTERSECTION COLLISIONS,REAR END,STRAIGHT & LEVEL,DARK-HWY NOT LIGHTED,,,12/2/2019 9:53:50 AM,False,5233,Accepted,
25997266,0568000,LOUISVILLE METRO POLICE DEPT,Accepted,JEFFERSON,US0150,,DR W J HODGE,ST,,US0031W,MARKET,,,,,38.258348035,-85.784905623,0.841,11/27/2019 12:00:00 AM,0735,2,2,0,0,CLOUDY,DRY,False,OTHER INTERSECTION COLLISIONS,REAR END,STRAIGHT & LEVEL,DAYLIGHT,,,12/2/2019 9:46:37 AM,False,5271,Accepted,
26008570,0568000,LOUISVILLE METRO POLICE DEPT,Accepted,JEFFERSON,I 0065,,I65 S,,,I 0065,I65 S EXIT132 ON RAMP FROM  CRITTENDEN DR,,,,,38.205629508,-85.743252083,132.077,11/27/2019 12:00:00 AM,0555,2,2,0,1,CLOUDY,WET,False,OTHER INTERSECTION COLLISIONS,REAR END,CURVE & LEVEL,DARK-HWY LIGHTED/ON,,,12/4/2019 8:13:59 AM,False,7720,Accepted,
25997404,0568000,LOUISVILLE METRO POLICE DEPT,Accepted,JEFFERSON,KY1865,,TAYLOR,BLVD,,,CAMDEN,,,,,38.192542769,-85.783227964,5.932,11/27/2019 12:00:00 AM,1245,2,2,0,0,CLEAR,DRY,False,OTHER INTERSECTION COLLISIONS,REAR END,STRAIGHT & LEVEL,DAYLIGHT,,,12/2/2019 9:58:38 AM,False,7286,Accepted,
25997216,0568000,LOUISVILLE METRO POLICE DEPT,Accepted,JEFFERSON,KY0155,,TAYLORSVILLE,RD,,,BROWNS,,,,,38.219901553,-85.625652211,13.315,11/27/2019 12:00:00 AM,0841,2,2,0,0,CLEAR,DRY,True,OTHER INTERSECTION COLLISIONS,REAR END,STRAIGHT & LEVEL,DAYLIGHT,,,12/2/2019 9:40:09 AM,False,2429,Accepted,
25997210,0568000,LOUISVILLE METRO POLICE DEPT,Accepted,JEFFERSON,KY1747,,HURSTBOURNE,PKWY,S,,AMBROSSE,,,,,38.193033366,-85.604722782,9.188,11/27/2019 12:00:00 AM,0849,2,2,0,0,CLEAR,WET,False,OTHER INTERSECTION COLLISIONS,REAR END,STRAIGHT & LEVEL,DAYLIGHT,,,12/2/2019 9:39:31 AM,False,7307,Accepted,
25997269,0568000,LOUISVILLE METRO POLICE DEPT,Accepted,JEFFERSON,KY1020,,3RD,ST,S,US0060A,EASTERN,,,,,38.214047438,-85.762247473,9.887,11/27/2019 12:00:00 AM,1629,2,2,0,0,CLEAR,DRY,False,OTHER INTERSECTION COLLISIONS,REAR END,STRAIGHT & LEVEL,DAYLIGHT,,,12/2/2019 9:46:53 AM,False,5289,Accepted,
25997308,0568000,LOUISVILLE METRO POLICE DEPT,Accepted,JEFFERSON,US0031W,,DIXIE,HWY,,,ASHBY,,,,,38.103093513,-85.869560669,8.266,11/27/2019 12:00:00 AM,1754,2,2,0,0,CLEAR,DRY,False,OTHER INTERSECTION COLLISIONS,REAR END,STRAIGHT & LEVEL,DARK-HWY LIGHTED/ON,,,12/2/2019 9:50:32 AM,False,7427,Accepted,
26040252,0568000,LOUISVILLE METRO POLICE DEPT,Accepted,JEFFERSON,,,JACOB,ST,E,,BROOK,,,,,38.244145627,-85.752092736,0.669,11/27/2019 12:00:00 AM,2118,2,1,1,0,CLEAR,DRY,False,OTHER INTERSECTION COLLISIONS,SINGLE VEHICLE,STRAIGHT & GRADE,DARK-HWY LIGHTED/ON,,,12/11/2019 8:15:06 AM,False,2142,Accepted,
26008562,0568000,LOUISVILLE METRO POLICE DEPT,Accepted,JEFFERSON,,,HIKES,LN,,,GREENWICH,,,,,38.208409894,-85.645368961,1.895,11/27/2019 12:00:00 AM,2333,2,2,0,0,CLEAR,DRY,False,SIDESWIPE-SAME DIRECTION,SIDESWIPE-SAME DIRECTION,STRAIGHT & LEVEL,DARK-HWY LIGHTED/ON,,,12/4/2019 8:13:12 AM,False,7200,Accepted,
25980771,0568000,LOUISVILLE METRO POLICE DEPT,Accepted,JEFFERSON,KY1747,,FERN VALLEY,RD,,,GRADE,,,,,38.157225117,-85.731794528,0.008,11/27/2019 12:00:00 AM,0003,2,2,0,0,RAINING,WET,True,SIDESWIPE-SAME DIRECTION,SIDESWIPE-SAME DIRECTION,STRAIGHT & LEVEL,DARK-HWY LIGHTED/ON,,,11/27/2019 8:37:57 AM,False,6360,Accepted,
25997277,0568000,LOUISVILLE METRO POLICE DEPT,Accepted,JEFFERSON,KY0022,,BROWNSBORO,RD,,,SIMCOE,,,,,38.307903634,-85.574276820,3.971,11/27/2019 12:00:00 AM,0954,2,2,0,0,CLEAR,DRY,False,SIDESWIPE-SAME DIRECTION,SIDESWIPE-SAME DIRECTION,STRAIGHT & LEVEL,DAYLIGHT,,,12/2/2019 9:48:09 AM,False,7751,Accepted,
26105035,0568000,LOUISVILLE METRO POLICE DEPT,Accepted,JEFFERSON,US0031W,,DIXIE,HWY,,,BETHANY,,,,,38.096077095,-85.873553814,7.753,11/27/2019 12:00:00 AM,1814,2,2,0,1,CLEAR,DRY,False,OTHER INTERSECTION COLLISIONS,REAR END,STRAIGHT & LEVEL,DUSK,,,12/27/2019 7:52:37 AM,False,5100,Accepted,
25997369,0568000,LOUISVILLE METRO POLICE DEPT,Accepted,JEFFERSON,KY0155,,TAYLORSVILLE,RD,,,DEIBEL,,,,,38.220504631,-85.638099547,14.000,11/27/2019 12:00:00 AM,0705,2,2,0,0,CLOUDY,WET,True,SIDESWIPE-SAME DIRECTION,SIDESWIPE-SAME DIRECTION,STRAIGHT & LEVEL,DARK-HWY LIGHTED/ON,,,12/2/2019 9:56:59 AM,False,4656,Accepted,
25997324,0568000,LOUISVILLE METRO POLICE DEPT,Accepted,JEFFERSON,KY1747,,HURSTBOURNE,PKWY,N,,SPRINGHURST,,,,,38.303921818,-85.575941421,18.267,11/27/2019 12:00:00 AM,1530,2,2,0,0,CLOUDY,DRY,True,SIDESWIPE-SAME DIRECTION,SIDESWIPE-SAME DIRECTION,STRAIGHT & LEVEL,DAYLIGHT,,,12/2/2019 9:52:07 AM,False,5004,Accepted,
25997282,0568000,LOUISVILLE METRO POLICE DEPT,Accepted,JEFFERSON,,,LIME KILN,LN,,,LIME RIDGE,,,,,38.289958208,-85.630323788,0.453,11/27/2019 12:00:00 AM,1423,2,2,0,0,CLEAR,DRY,False,SIDESWIPE-SAME DIRECTION,SIDESWIPE-SAME DIRECTION,STRAIGHT & HILLCREST,DAYLIGHT,,,12/2/2019 9:48:31 AM,False,7751,Accepted,
25997338,0568000,LOUISVILLE METRO POLICE DEPT,Accepted,JEFFERSON,,,OAK,ST,E,KY0864,LOGAN,,,,,38.233297316,-85.739930924,0.848,11/27/2019 12:00:00 AM,2232,2,2,0,0,CLEAR,DRY,True,SIDESWIPE-SAME DIRECTION,SIDESWIPE-SAME DIRECTION,STRAIGHT & LEVEL,DARK-HWY LIGHTED/ON,,,12/2/2019 9:54:02 AM,False,5022,Accepted,
25997296,0568000,LOUISVILLE METRO POLICE DEPT,Accepted,JEFFERSON,,,WINKLER,AVE,,,COLORADO,,,,,38.213800165,-85.772897082,0.246,11/27/2019 12:00:00 AM,1449,2,2,0,0,CLEAR,DRY,False,VEHICLE BACKING IN INTERSECTION,BACKING,STRAIGHT & LEVEL,DAYLIGHT,,,12/2/2019 9:49:50 AM,False,6308,Accepted,
25997218,0568000,LOUISVILLE METRO POLICE DEPT,Accepted,JEFFERSON,,,INDIAN,TRL,E,,ILEX,,,,,38.175023773,-85.681071346,1.529,11/27/2019 12:00:00 AM,0753,2,2,0,3,CLOUDY,WET,False,OPPOSING LEFT TURN,OPPOSING LEFT TURN,STRAIGHT & LEVEL,DAYLIGHT,,,12/2/2019 9:40:21 AM,False,7879,Accepted,
25997253,0568000,LOUISVILLE METRO POLICE DEPT,Accepted,JEFFERSON,US0031E,,BARDSTOWN,RD,,,DREAMS END,,,,,38.175674064,-85.616602050,8.025,11/27/2019 12:00:00 AM,1511,2,2,0,0,CLEAR,DRY,False,REAR END - ONE VEHICLE TURNING LEFT,REAR END,STRAIGHT & GRADE,DAYLIGHT,,,12/2/2019 9:44:55 AM,False,7307,Accepted,
26019895,0568000,LOUISVILLE METRO POLICE DEPT,Accepted,JEFFERSON,,,MERIDIAN,AVE,,KY2241,WILLIS,,,,,38.252096517,-85.652892698,0.047,11/27/2019 12:00:00 AM,1309,2,2,0,0,CLEAR,DRY,False,ANGLE COLLISION - OTHER,ANGLE,STRAIGHT & LEVEL,DAYLIGHT,,,12/6/2019 9:04:04 AM,False,7403,Accepted,
25997248,0568000,LOUISVILLE METRO POLICE DEPT,Accepted,JEFFERSON,,,BROADWAY,,W,,29TH,,,,,38.249616508,-85.799934998,0.639,11/27/2019 12:00:00 AM,1511,2,1,0,1,CLEAR,DRY,False,COLLISION WITH PEDESTRIAN IN INTERSECTION,SINGLE VEHICLE,STRAIGHT & LEVEL,DAYLIGHT,,,12/2/2019 9:44:08 AM,False,7463,Accepted,
25997264,0568000,LOUISVILLE METRO POLICE DEPT,Accepted,JEFFERSON,,,MUHAMMAD ALI,BLVD,W,,28TH,,,,,38.255536953,-85.797220008,2.455,11/27/2019 12:00:00 AM,1311,2,1,0,0,CLEAR,DRY,False,COLLISION WITH PEDESTRIAN IN INTERSECTION,SINGLE VEHICLE,STRAIGHT & LEVEL,DAYLIGHT,,,12/2/2019 9:46:12 AM,False,7947,Accepted,
25997332,0568000,LOUISVILLE METRO POLICE DEPT,Accepted,JEFFERSON,,,IROQUOIS,PKWY,,KY1931,MANSLICK,,,,,38.163175330,-85.797716489,,11/27/2019 12:00:00 AM,1841,2,1,0,1,CLEAR,DRY,False,COLLISION WITH BICYCLE IN INTERSECTION,SINGLE VEHICLE,STRAIGHT & GRADE,DARK-HWY LIGHTED/ON,,,12/2/2019 9:53:25 AM,False,7365,Accepted,
25980779,0568000,LOUISVILLE METRO POLICE DEPT,Accepted,JEFFERSON,,,JEFFERSON,ST,E,,SHELBY,,,,,38.251790888,-85.738368996,0.290,11/27/2019 12:00:00 AM,0634,2,2,0,1,RAINING,WET,False,ANGLE COLLISION - OTHER,ANGLE,STRAIGHT & LEVEL,DARK-HWY LIGHTED/ON,,,11/27/2019 8:38:45 AM,False,5135,Accepted,