IncidentID,AgencyORI,AgencyName,IncidentStatusDesc,County,RdwyNumber,Street,RoadwayName,StreetSfx,StreetDir,IntersectionRdwy,IntersectionRdwyName,BetweenStRdwy1,BetweenStRdwyName1,BetweenStRdwy2,BetweenStRdwyName2,Latitude,Longitude,Milepoint,CollisionDate,CollisionTime,UnitsInvolved,MotorVehiclesInvolved,NumberKilled,NumberInjured,Weather,RdwyConditionCode,HitandRun,DirAnalysisCode,MannerofCollision,RdwyCharacter,LightCondition,RampFromRdwyId,RampToRdwyId,AcceptedDate,IsSecondaryCollision,OwnerBadge,IncidentStatus,
25997341,0568000,LOUISVILLE METRO POLICE DEPT,Accepted,JEFFERSON,,,UPPER HUNTERS,TRCE,,,WELLSWORTH,,,,,38.167606680,-85.836831707,0.470,11/27/2019 12:00:00 AM,2100,2,2,0,0,CLEAR,DRY,True,ANGLE COLLISION - OTHER,ANGLE,STRAIGHT & LEVEL,DARK-HWY LIGHTED/OFF,,,12/2/2019 9:54:19 AM,False,5224,Accepted,
25997304,0568000,LOUISVILLE METRO POLICE DEPT,Accepted,JEFFERSON,,,BROOK,ST,S,,CHESTNUT,,,,,38.248280671,-85.751843788,3.040,11/27/2019 12:00:00 AM,0730,2,2,0,0,CLOUDY,DRY,False,ANGLE COLLISION - OTHER,ANGLE,STRAIGHT & LEVEL,DAYLIGHT,,,12/2/2019 9:50:07 AM,False,5265,Accepted,
25997278,0568000,LOUISVILLE METRO POLICE DEPT,Accepted,JEFFERSON,KY0022,,BROWNSBORO,RD,,,SIMCOE,,,,,38.307947356,-85.574182608,3.977,11/27/2019 12:00:00 AM,1033,2,2,0,0,CLEAR,DRY,False,ANGLE COLLISION - OTHER,ANGLE,STRAIGHT & LEVEL,DAYLIGHT,,,12/2/2019 9:48:16 AM,False,7751,Accepted,
25997235,0568000,LOUISVILLE METRO POLICE DEPT,Accepted,JEFFERSON,KY1747,,HURSTBOURNE,PKWY,S,,SIX MILE,,,,,38.198569511,-85.602990225,9.583,11/27/2019 12:00:00 AM,0816,4,4,0,1,CLOUDY,WET,False,ANGLE COLLISION - OTHER,ANGLE,STRAIGHT & LEVEL,DAYLIGHT,,,12/2/2019 9:42:35 AM,False,5119,Accepted,
25997244,0568000,LOUISVILLE METRO POLICE DEPT,Accepted,JEFFERSON,KY1065,,OUTER,LOOP,,I 0065,I65 N EXIT127 OFF RAMP TO KY1065,,,,,38.136662134,-85.702311968,5.175,11/27/2019 12:00:00 AM,1009,2,2,0,0,CLEAR,DRY,False,ANGLE COLLISION - OTHER,ANGLE,STRAIGHT & LEVEL,DAYLIGHT,,,12/2/2019 9:43:43 AM,False,2324,Accepted,
25997267,0568000,LOUISVILLE METRO POLICE DEPT,Accepted,JEFFERSON,,,MARKET,ST,W,US0031W,22ND,,,,,38.258447964,-85.786608102,0.006,11/27/2019 12:00:00 AM,1432,2,2,0,0,CLEAR,DRY,False,ANGLE COLLISION - OTHER,ANGLE,STRAIGHT & LEVEL,DAYLIGHT,,,12/2/2019 9:46:44 AM,False,5271,Accepted,
25997319,0568000,LOUISVILLE METRO POLICE DEPT,Accepted,JEFFERSON,,,7TH,ST,S,,SHIPP,,,,,38.226223547,-85.769297936,0.615,11/27/2019 12:00:00 AM,0930,2,2,0,0,CLEAR,DRY,False,ANGLE COLLISION - OTHER,ANGLE,STRAIGHT & LEVEL,DAYLIGHT,,,12/2/2019 9:51:09 AM,False,7360,Accepted,
25997561,0568000,LOUISVILLE METRO POLICE DEPT,Accepted,JEFFERSON,,,LIBERTY,ST,E,US0031E,BAXTER,,,,,38.249773500,-85.731728619,1.140,11/27/2019 12:00:00 AM,1310,2,2,0,0,CLEAR,DRY,False,ANGLE COLLISION - OTHER,ANGLE,STRAIGHT & LEVEL,DAYLIGHT,,,12/2/2019 10:09:15 AM,False,7058,Accepted,
25997301,0568000,LOUISVILLE METRO POLICE DEPT,Accepted,JEFFERSON,KY1703,,NEWBURG,RD,,,GOLDSMITH,,,,,38.200086253,-85.684906668,1.995,11/27/2019 12:00:00 AM,0656,2,2,0,0,RAINING,WET,False,ANGLE COLLISION - OTHER,ANGLE,STRAIGHT & LEVEL,DAWN,,,12/2/2019 9:50:00 AM,False,7250,Accepted,
25980741,0568000,LOUISVILLE METRO POLICE DEPT,Accepted,JEFFERSON,US0031W,,22ND,ST,S,,DATE,,,,,38.243069275,-85.789330427,19.127,11/26/2019 12:00:00 AM,2000,2,2,0,0,RAINING,WET,False,ANGLE COLLISION - OTHER,ANGLE,STRAIGHT & LEVEL,DARK-HWY LIGHTED/ON,,,11/27/2019 8:35:24 AM,False,5054,Accepted,
25980656,0568000,LOUISVILLE METRO POLICE DEPT,Accepted,JEFFERSON,,,JEFFERSON,ST,W,,16TH,,,,,38.256059767,-85.776890247,1.359,11/26/2019 12:00:00 AM,1520,2,2,0,0,CLOUDY,DRY,False,ANGLE COLLISION - OTHER,ANGLE,STRAIGHT & LEVEL,DAYLIGHT,,,11/27/2019 8:26:04 AM,False,7361,Accepted,
25980704,0568000,LOUISVILLE METRO POLICE DEPT,Accepted,JEFFERSON,KY2251,,BARDSTOWN,RD,,,HIKES,,,,,38.199041435,-85.660057069,1.043,11/26/2019 12:00:00 AM,1014,2,2,0,0,CLEAR,DRY,True,ANGLE COLLISION - OTHER,ANGLE,STRAIGHT & LEVEL,DAYLIGHT,,,11/27/2019 8:32:49 AM,False,7482,Accepted,
25980673,0568000,LOUISVILLE METRO POLICE DEPT,Accepted,JEFFERSON,,,INDIAN,TRL,E,,PETERSBURG,,,,,38.184181792,-85.666130381,2.566,11/26/2019 12:00:00 AM,0717,2,2,0,0,CLEAR,DRY,False,ANGLE COLLISION - OTHER,ANGLE,STRAIGHT & LEVEL,DAYLIGHT,,,11/27/2019 8:28:09 AM,False,7319,Accepted,
25980688,0568000,LOUISVILLE METRO POLICE DEPT,Accepted,JEFFERSON,US0031E,,BARDSTOWN,RD,,,TYLER,,,,,38.217806777,-85.677417282,12.593,11/26/2019 12:00:00 AM,1604,2,2,0,0,CLOUDY,DRY,False,ANGLE COLLISION - OTHER,ANGLE,STRAIGHT & LEVEL,DAYLIGHT,,,11/27/2019 8:29:04 AM,False,7306,Accepted,
25980662,0568000,LOUISVILLE METRO POLICE DEPT,Accepted,JEFFERSON,,,KENWOOD,DR,W,KY1865,NEW CUT,,,,,38.161619847,-85.779169332,,11/26/2019 12:00:00 AM,1619,2,2,0,0,CLOUDY,DRY,False,ANGLE COLLISION - OTHER,ANGLE,STRAIGHT & LEVEL,DAYLIGHT,,,11/27/2019 8:26:50 AM,False,5279,Accepted,
25980644,0568000,LOUISVILLE METRO POLICE DEPT,Accepted,JEFFERSON,US0150,,BROADWAY,,E,,BROOK,,,,,38.245581444,-85.751747657,2.728,11/26/2019 12:00:00 AM,0830,2,2,0,0,CLEAR,DRY,False,ANGLE COLLISION - OTHER,ANGLE,STRAIGHT & GRADE,DAYLIGHT,,,11/27/2019 8:24:58 AM,False,2661,Accepted,
25997330,0568000,LOUISVILLE METRO POLICE DEPT,Accepted,JEFFERSON,KY1447,,WESTPORT,RD,,,TOWNE CENTER,,,,,38.296290560,-85.553349919,6.386,11/26/2019 12:00:00 AM,1126,2,2,0,0,CLOUDY,DRY,False,ANGLE COLLISION - OTHER,ANGLE,STRAIGHT & LEVEL,DAYLIGHT,,,12/2/2019 9:53:13 AM,False,7858,Accepted,
25980684,0568000,LOUISVILLE METRO POLICE DEPT,Accepted,JEFFERSON,,,DUTCHMANS,LN,,KY2048,CANNONS,,,,,38.225979234,-85.650640081,,11/26/2019 12:00:00 AM,0755,2,2,0,0,CLEAR,DRY,False,ANGLE COLLISION - ONE VEHICLE TURNING RIGHT,ANGLE,STRAIGHT & LEVEL,DAYLIGHT,,,11/27/2019 8:28:52 AM,False,7306,Accepted,
25980692,0568000,LOUISVILLE METRO POLICE DEPT,Accepted,JEFFERSON,US0031W,,DIXIE,HWY,,,MARYMAN,,,,,38.132773638,-85.846213983,10.731,11/26/2019 12:00:00 AM,0843,4,4,0,2,CLEAR,DRY,False,ANGLE COLLISION - OTHER,ANGLE,STRAIGHT & LEVEL,DAYLIGHT,,,11/27/2019 8:29:47 AM,False,6326,Accepted,
25980659,0568000,LOUISVILLE METRO POLICE DEPT,Accepted,JEFFERSON,,,SPRING,ST,N,US0042,MELLWOOD,,,,,38.255450945,-85.722154816,0.190,11/26/2019 12:00:00 AM,1540,2,2,0,0,CLOUDY,DRY,True,ANGLE COLLISION - OTHER,ANGLE,STRAIGHT & LEVEL,DAYLIGHT,,,11/27/2019 8:26:20 AM,False,2855,Accepted,
25980679,0568000,LOUISVILLE METRO POLICE DEPT,Accepted,JEFFERSON,,926,CECIL,AVE,,,GARLAND,,,,,38.245922517,-85.820952044,0.976,11/26/2019 12:00:00 AM,1500,2,2,0,0,CLOUDY,DRY,True,COLLISION WITH PARKED VEHICLE,SIDESWIPE-SAME DIRECTION,STRAIGHT & LEVEL,DAYLIGHT,,,11/27/2019 8:28:32 AM,False,5272,Accepted,
25980697,0568000,LOUISVILLE METRO POLICE DEPT,Accepted,JEFFERSON,,,BARRET,AVE,,US0150,BROADWAY,,,,,38.244260221,-85.733991264,0.318,11/26/2019 12:00:00 AM,1529,2,2,0,0,CLOUDY,DRY,False,ANGLE COLLISION - ONE VEHICLE TURNING LEFT,ANGLE,STRAIGHT & LEVEL,DAYLIGHT,,,11/27/2019 8:30:37 AM,False,5006,Accepted,
25980759,0568000,LOUISVILLE METRO POLICE DEPT,Accepted,JEFFERSON,US0031E,,BARDSTOWN,RD,,,EMRICH,,,,,38.167950277,-85.603608518,7.139,11/26/2019 12:00:00 AM,2155,2,2,0,0,RAINING,WET,False,ANGLE COLLISION - ONE VEHICLE TURNING LEFT,ANGLE,STRAIGHT & LEVEL,DARK-HWY LIGHTED/ON,,,11/27/2019 8:37:06 AM,False,5011,Accepted,
26013870,0568000,LOUISVILLE METRO POLICE DEPT,Accepted,JEFFERSON,US0150,,BROADWAY,,E,KY0061,JACKSON,,,,,38.245139054,-85.745643655,3.072,11/26/2019 12:00:00 AM,1805,2,2,0,0,CLOUDY,WET,False,ANGLE COLLISION - OTHER,ANGLE,STRAIGHT & GRADE,DARK-HWY LIGHTED/ON,,,12/5/2019 8:18:08 AM,False,2661,Accepted,
26077864,0568000,LOUISVILLE METRO POLICE DEPT,Accepted,JEFFERSON,KY1747,,HURSTBOURNE,PKWY,N,KY1747,KY1747 CROSSOVER,,,,,38.286304813,-85.571374988,16.932,11/26/2019 12:00:00 AM,1853,2,2,0,0,RAINING,WET,False,ANGLE COLLISION - OTHER,ANGLE,STRAIGHT & LEVEL,DARK-HWY NOT LIGHTED,,,12/19/2019 8:26:41 AM,False,5128,Accepted,
25980658,0568000,LOUISVILLE METRO POLICE DEPT,Accepted,JEFFERSON,KY1142,,PALATKA,RD,,KY1931,MANSLICK,,,,,38.155360841,-85.801926944,0.003,11/26/2019 12:00:00 AM,1516,2,2,0,0,CLOUDY,DRY,False,REAR END - ONE VEHICLE TURNING LEFT,REAR END,STRAIGHT & LEVEL,DAYLIGHT,,,11/27/2019 8:26:12 AM,False,5293,Accepted,
25980731,0568000,LOUISVILLE METRO POLICE DEPT,Accepted,JEFFERSON,US0031E,,BARDSTOWN,RD,,KY1065,BEULAH CHURCH,,,,,38.149929527,-85.587245223,5.560,11/26/2019 12:00:00 AM,2151,2,2,0,0,RAINING,WET,False,OPPOSITE DIRECTION - BOTH VEHICLES GOING STRAIGHT AHEAD,SIDESWIPE-OPPOSITE DIRECTION,STRAIGHT & GRADE,DARK-HWY LIGHTED/ON,,,11/27/2019 8:34:40 AM,False,6977,Accepted,
25980664,0568000,LOUISVILLE METRO POLICE DEPT,Accepted,JEFFERSON,US0031E,,BARDSTOWN,RD,,,FERNDALE,,,,,38.155456385,-85.589943449,5.955,11/26/2019 12:00:00 AM,1104,2,2,0,0,CLOUDY,DRY,False,OPPOSING LEFT TURN,OPPOSING LEFT TURN,STRAIGHT & LEVEL,DAYLIGHT,,,11/27/2019 8:27:07 AM,False,4693,Accepted,
25980738,0568000,LOUISVILLE METRO POLICE DEPT,Accepted,JEFFERSON,KY1065,,OUTER,LOOP,,,GRADE,,,,,38.130017209,-85.737080032,3.197,11/26/2019 12:00:00 AM,2115,2,2,0,4,RAINING,WET,False,OPPOSING LEFT TURN,OPPOSING LEFT TURN,STRAIGHT & GRADE,DARK-HWY LIGHTED/ON,,,11/27/2019 8:35:07 AM,False,6360,Accepted,
25980773,0568000,LOUISVILLE METRO POLICE DEPT,Accepted,JEFFERSON,KY2052,,SHEPHERDSVILLE,RD,,KY1703,NEWBURG,,,,,38.178824581,-85.659517239,2.781,11/26/2019 12:00:00 AM,2044,2,2,0,0,RAINING,WET,False,OPPOSING LEFT TURN,OPPOSING LEFT TURN,STRAIGHT & LEVEL,DARK-HWY LIGHTED/ON,,,11/27/2019 8:38:03 AM,False,5165,Accepted,
25980744,0568000,LOUISVILLE METRO POLICE DEPT,Accepted,JEFFERSON,KY1747,,FERN VALLEY,RD,,,INDUSTRIAL,,,,,38.156998990,-85.708091590,1.324,11/26/2019 12:00:00 AM,2042,2,2,0,0,RAINING,WET,True,SIDESWIPE-SAME DIRECTION,SIDESWIPE-SAME DIRECTION,STRAIGHT & LEVEL,DARK-HWY LIGHTED/OFF,,,11/27/2019 8:35:49 AM,False,7423,Accepted,
25980778,0568000,LOUISVILLE METRO POLICE DEPT,Accepted,JEFFERSON,KY1934,,CANE RUN,RD,,,SHANKS,,,,,38.195536228,-85.842450720,8.796,11/26/2019 12:00:00 AM,2101,2,2,0,0,RAINING,WET,False,SIDESWIPE-SAME DIRECTION,SIDESWIPE-SAME DIRECTION,STRAIGHT & LEVEL,DARK-HWY LIGHTED/ON,,,11/27/2019 8:38:36 AM,False,5220,Accepted,
25980637,0568000,LOUISVILLE METRO POLICE DEPT,Accepted,JEFFERSON,,,WITHERSPOON,ST,E,,FLOYD,,,,,38.257729359,-85.747520595,0.205,11/26/2019 12:00:00 AM,1343,2,2,0,0,CLOUDY,DRY,False,SIDESWIPE-SAME DIRECTION,SIDESWIPE-SAME DIRECTION,STRAIGHT & LEVEL,DAYLIGHT,,,11/27/2019 8:24:11 AM,False,6907,Accepted,
25980639,0568000,LOUISVILLE METRO POLICE DEPT,Accepted,JEFFERSON,KY0864,,SHELBY,ST,S,,JACOB,,,,,38.242787987,-85.739867355,15.355,11/26/2019 12:00:00 AM,1201,2,2,0,0,CLOUDY,DRY,False,SIDESWIPE-SAME DIRECTION,SIDESWIPE-SAME DIRECTION,STRAIGHT & LEVEL,DAYLIGHT,,,11/27/2019 8:24:19 AM,False,7391,Accepted,
25980655,0568000,LOUISVILLE METRO POLICE DEPT,Accepted,JEFFERSON,US0031W,,DIXIE,HWY,,,PAGES,,,,,38.130101317,-85.847845829,10.495,11/26/2019 12:00:00 AM,1037,2,2,0,0,CLEAR,DRY,False,SIDESWIPE-SAME DIRECTION,SIDESWIPE-SAME DIRECTION,STRAIGHT & LEVEL,DAYLIGHT,,,11/27/2019 8:25:57 AM,False,7144,Accepted,
25980690,0568000,LOUISVILLE METRO POLICE DEPT,Accepted,JEFFERSON,,,WATTERSON,TRL,S,,GLASER,,,,,38.144363962,-85.615155247,2.822,11/26/2019 12:00:00 AM,1750,2,2,0,0,CLEAR,DRY,False,SIDESWIPE-SAME DIRECTION,SIDESWIPE-SAME DIRECTION,STRAIGHT & LEVEL,DUSK,,,11/27/2019 8:29:18 AM,False,7289,Accepted,
26254831,0568000,LOUISVILLE METRO POLICE DEPT,Accepted,JEFFERSON,,,JEFFERSON,ST,W,,JEFFERSON,,,,,38.253508194,-85.753855233,0.084,11/26/2019 12:00:00 AM,1735,2,2,0,0,RAINING,WET,False,OTHER INTERSECTION COLLISIONS,REAR END,STRAIGHT & LEVEL,DARK-HWY LIGHTED/ON,,,1/28/2020 8:13:46 AM,False,7038,Accepted,
26035682,0568000,LOUISVILLE METRO POLICE DEPT,Accepted,JEFFERSON,KY0061,,JACKSON,ST,S,,LAMPTON,,,,,38.241990732,-85.746152709,12.065,11/26/2019 12:00:00 AM,1720,2,1,0,1,RAINING,WET,False,OTHER INTERSECTION COLLISIONS,SINGLE VEHICLE,STRAIGHT & LEVEL,DUSK,,,12/10/2019 8:42:44 AM,False,7391,Accepted,
25980791,0568000,LOUISVILLE METRO POLICE DEPT,Accepted,JEFFERSON,US0060A,,WINKLER,AVE,,,4TH,,,,,38.210333476,-85.764687199,3.070,11/26/2019 12:00:00 AM,0515,2,2,0,0,CLEAR,DRY,False,OTHER INTERSECTION COLLISIONS,REAR END,STRAIGHT & LEVEL,DAWN,,,11/27/2019 8:44:18 AM,False,7291,Accepted,
25980674,0568000,LOUISVILLE METRO POLICE DEPT,Accepted,JEFFERSON,,,2ND,ST,S,,CENTRAL STATION,,,,,38.204409309,-85.763242974,2.400,11/26/2019 12:00:00 AM,1410,2,2,0,0,CLOUDY,DRY,True,OTHER INTERSECTION COLLISIONS,REAR END,STRAIGHT & LEVEL,DAYLIGHT,,,11/27/2019 8:28:16 AM,False,5204,Accepted,
25980629,0568000,LOUISVILLE METRO POLICE DEPT,Accepted,JEFFERSON,US0060,,SHELBYVILLE,RD,,,HOLLEY,,,,,38.248317038,-85.600072425,6.585,11/26/2019 12:00:00 AM,0733,2,2,0,0,CLEAR,DRY,False,OTHER INTERSECTION COLLISIONS,REAR END,STRAIGHT & LEVEL,DAWN,,,11/27/2019 8:22:54 AM,False,5180,Accepted,
25980705,0568000,LOUISVILLE METRO POLICE DEPT,Accepted,JEFFERSON,,,LOWE,RD,,KY0155,TAYLORSVILLE,,,,,38.219089993,-85.606892678,0.006,11/26/2019 12:00:00 AM,1411,2,2,0,0,CLOUDY,DRY,False,OTHER INTERSECTION COLLISIONS,REAR END,STRAIGHT & LEVEL,DAYLIGHT,,,11/27/2019 8:32:56 AM,False,7482,Accepted,
26030747,0568000,LOUISVILLE METRO POLICE DEPT,Accepted,JEFFERSON,KY0061,,PRESTON,HWY,,I 0065,I264 W EXIT12 OFF RAMP TO,,,,,38.191581035,-85.727613192,8.297,11/26/2019 12:00:00 AM,0834,2,2,0,0,CLEAR,DRY,True,OTHER INTERSECTION COLLISIONS,REAR END,STRAIGHT & LEVEL,DAYLIGHT,,,12/9/2019 9:39:40 AM,False,7938,Accepted,
25980621,0568000,LOUISVILLE METRO POLICE DEPT,Accepted,JEFFERSON,KY1065,,OUTER,LOOP,,,APPLE VALLEY,,,,,38.137441288,-85.621153496,9.652,11/26/2019 12:00:00 AM,0803,2,2,0,0,CLEAR,DRY,True,OTHER INTERSECTION COLLISIONS,REAR END,STRAIGHT & LEVEL,DAYLIGHT,,,11/27/2019 8:22:06 AM,False,2017,Accepted,
25980694,0568000,LOUISVILLE METRO POLICE DEPT,Accepted,JEFFERSON,,,3RD,ST,S,,WELLINGTON,,,,,38.183907188,-85.765797306,1.155,11/26/2019 12:00:00 AM,1737,2,2,0,0,RAINING,WET,False,OTHER INTERSECTION COLLISIONS,REAR END,STRAIGHT & LEVEL,DARK-HWY LIGHTED/ON,,,11/27/2019 8:30:07 AM,False,7301,Accepted,
25980686,0568000,LOUISVILLE METRO POLICE DEPT,Accepted,JEFFERSON,KY2048,,CANNONS,LN,,,DUTCHMANS,,,,,38.225978787,-85.650639609,0.485,11/26/2019 12:00:00 AM,0907,2,2,0,0,CLEAR,DRY,False,OTHER INTERSECTION COLLISIONS,REAR END,STRAIGHT & LEVEL,DAYLIGHT,,,11/27/2019 8:28:59 AM,False,7306,Accepted,
25980777,0568000,LOUISVILLE METRO POLICE DEPT,Accepted,JEFFERSON,KY2052,,SHEPHERDSVILLE,RD,,KY1703,NEWBURG,,,,,38.178837673,-85.659500556,2.781,11/26/2019 12:00:00 AM,2211,2,2,0,0,RAINING,WET,False,OTHER INTERSECTION COLLISIONS,REAR END,STRAIGHT & LEVEL,DARK-HWY NOT LIGHTED,,,11/27/2019 8:38:29 AM,False,2234,Accepted,
25980633,0568000,LOUISVILLE METRO POLICE DEPT,Accepted,JEFFERSON,KY0864,,POPLAR LEVEL,RD,,,FINCASTLE,,,,,38.207738126,-85.715242404,12.275,11/26/2019 12:00:00 AM,1030,2,2,0,0,CLOUDY,DRY,False,OTHER INTERSECTION COLLISIONS,REAR END,STRAIGHT & LEVEL,DAYLIGHT,,,11/27/2019 8:23:40 AM,False,6148,Accepted,
25980649,0568000,LOUISVILLE METRO POLICE DEPT,Accepted,JEFFERSON,,9600,LAMBORNE,BLVD,,,,,,,,38.113660970,-85.813688484,0.196,11/26/2019 12:00:00 AM,1443,2,1,0,1,CLOUDY,DRY,False,COLLISION WITH PEDESTRIAN NON - INTERSECTION,SINGLE VEHICLE,STRAIGHT & LEVEL,DAYLIGHT,,,11/27/2019 8:25:25 AM,False,7496,Accepted,
25980647,0568000,LOUISVILLE METRO POLICE DEPT,Accepted,JEFFERSON,I 0064,,I64 W,,,,,,,,,38.275031179,-85.789583245,2.054,11/26/2019 12:00:00 AM,1430,1,1,0,0,CLOUDY,DRY,False,COLLISION WITH FIXED OBJECT NON - INTERSECTION - FIRST EVENT COLLISION 09 - 32 EXCLUDING 16,SINGLE VEHICLE,CURVE & HILLCREST,DAYLIGHT,,,11/27/2019 8:25:18 AM,False,7988,Accepted,
25980691,0568000,LOUISVILLE METRO POLICE DEPT,Accepted,JEFFERSON,KY1230,,CANE RUN,RD,,,,,,,,38.165855959,-85.892727602,6.054,11/26/2019 12:00:00 AM,0709,1,1,0,0,CLEAR,DRY,False,COLLISION WITH FIXED OBJECT NON - INTERSECTION - FIRST EVENT COLLISION 09 - 32 EXCLUDING 16,SINGLE VEHICLE,CURVE & LEVEL,DAYLIGHT,,,11/27/2019 8:29:35 AM,False,6326,Accepted,
25980736,0568000,LOUISVILLE METRO POLICE DEPT,Accepted,JEFFERSON,,,PARK,RD,S,,,,OLD SOUTH PARK,,MINOR,38.116276076,-85.710000390,1.941,11/26/2019 12:00:00 AM,2030,1,1,0,1,RAINING,WET,False,COLLISION WITH FIXED OBJECT NON - INTERSECTION - FIRST EVENT COLLISION 09 - 32 EXCLUDING 16,SINGLE VEHICLE,STRAIGHT & LEVEL,DARK-HWY NOT LIGHTED,,,11/27/2019 8:35:00 AM,False,6360,Accepted,
25980689,0568000,LOUISVILLE METRO POLICE DEPT,Accepted,JEFFERSON,,319,CARDINAL,BLVD,W,,,,,,,38.220534476,-85.761250178,0.177,11/26/2019 12:00:00 AM,1023,2,2,0,0,CLEAR,DRY,False,1 VEHICLE PARKED POSITION (NOT PARKING LOT/DRIVEWAY),SIDESWIPE-SAME DIRECTION,STRAIGHT & LEVEL,DAYLIGHT,,,11/27/2019 8:29:12 AM,False,7407,Accepted,
26035843,0568000,LOUISVILLE METRO POLICE DEPT,Accepted,JEFFERSON,KY3082,3133,BANK,ST,,,,,,,,38.272629032,-85.800191303,0.539,11/26/2019 12:00:00 AM,1200,2,2,0,0,CLOUDY,DRY,False,1 VEHICLE PARKED POSITION (NOT PARKING LOT/DRIVEWAY),REAR END,STRAIGHT & LEVEL,DAYLIGHT,,,12/10/2019 9:03:36 AM,False,7405,Accepted,
25975406,0568000,LOUISVILLE METRO POLICE DEPT,Accepted,JEFFERSON,KY1703,1260,BAXTER,AVE,,,,,GODDARD,,BEECHWOOD,38.234357275,-85.719554217,5.205,11/26/2019 12:00:00 AM,0210,3,3,0,0,CLEAR,DRY,False,1 VEHICLE PARKED POSITION (NOT PARKING LOT/DRIVEWAY),REAR END,STRAIGHT & LEVEL,DARK-HWY LIGHTED/ON,,,11/26/2019 8:46:20 AM,True,5188,Accepted,
26013815,0568000,LOUISVILLE METRO POLICE DEPT,Accepted,JEFFERSON,US0042,,MAIN,ST,E,,,,,,,38.254076217,-85.724144462,0.446,11/26/2019 12:00:00 AM,1430,1,1,0,1,CLEAR,DRY,False,COLLISION WITH FIXED OBJECT NON - INTERSECTION - FIRST EVENT COLLISION 09 - 32 EXCLUDING 16,SINGLE VEHICLE,CURVE & LEVEL,DAYLIGHT,,,12/5/2019 8:12:28 AM,False,7907,Accepted,
26008567,0568000,LOUISVILLE METRO POLICE DEPT,Accepted,JEFFERSON,I 0265,,I265 W,,,,,I 0265,I265 W EXIT14 ON RAMP FROM  COOPER CHAPEL RD,I 0265,I265 W EXIT12 OFF RAMP TO KY61,38.116265866,-85.657071008,12.790,11/26/2019 12:00:00 AM,0818,2,2,0,0,CLOUDY,DRY,False,REAR END IN TRAFFIC LANES BOTH VEHICLES MOVING,REAR END,CURVE & GRADE,DAYLIGHT,,,12/4/2019 8:13:33 AM,False,7720,Accepted,
25980699,0568000,LOUISVILLE METRO POLICE DEPT,Accepted,JEFFERSON,US0031E,,BARDSTOWN,RD,,,,,,,,38.223830294,-85.688872026,13.365,11/26/2019 12:00:00 AM,1730,2,2,0,0,RAINING,WET,False,REAR END IN TRAFFIC LANES BOTH VEHICLES MOVING,REAR END,STRAIGHT & LEVEL,DARK-HWY LIGHTED/ON,,,11/27/2019 8:30:55 AM,False,5112,Accepted,
25980696,0568000,LOUISVILLE METRO POLICE DEPT,Accepted,JEFFERSON,KY1865,,NEW CUT,RD,,,,,GHEENS,,INVERNESS,38.164244514,-85.779857598,3.957,11/26/2019 12:00:00 AM,1838,2,2,0,0,RAINING,WET,False,REAR END IN TRAFFIC LANES BOTH VEHICLES MOVING,REAR END,STRAIGHT & LEVEL,DARK (UNKNOWN ROADWAY LIGHTING),,,11/27/2019 8:30:30 AM,False,5279,Accepted,
25980708,0568000,LOUISVILLE METRO POLICE DEPT,Accepted,JEFFERSON,,,VALLEY STATION,RD,,,,,,,,38.106859149,-85.840831908,0.048,11/26/2019 12:00:00 AM,1558,2,2,0,0,CLOUDY,WET,False,REAR END IN TRAFFIC LANES BOTH VEHICLES MOVING,REAR END,STRAIGHT & LEVEL,DAYLIGHT,,,11/27/2019 8:33:16 AM,False,7234,Accepted,
25980665,0568000,LOUISVILLE METRO POLICE DEPT,Accepted,JEFFERSON,KY1065,,OUTER,LOOP,,,,,,,,38.137782274,-85.672033609,6.861,11/26/2019 12:00:00 AM,1251,2,2,0,0,CLOUDY,DRY,False,REAR END IN TRAFFIC LANES BOTH VEHICLES MOVING,REAR END,STRAIGHT & LEVEL,DAYLIGHT,,,11/27/2019 8:27:14 AM,False,4693,Accepted,
26008568,0568000,LOUISVILLE METRO POLICE DEPT,Accepted,JEFFERSON,I 0265,,I265 W,,,,,,,,,38.112187507,-85.690025292,10.904,11/26/2019 12:00:00 AM,0706,2,2,0,0,CLOUDY,DRY,False,REAR END IN TRAFFIC LANES BOTH VEHICLES MOVING,REAR END,CURVE & LEVEL,DAYLIGHT,,,12/4/2019 8:13:52 AM,False,7720,Accepted,
25997320,0568000,LOUISVILLE METRO POLICE DEPT,Accepted,JEFFERSON,US0031E,6517,BARDSTOWN,RD,,,,,,,,38.151744634,-85.588149322,5.690,11/26/2019 12:00:00 AM,1918,2,2,0,1,RAINING,WET,False,REAR END IN TRAFFIC LANES BOTH VEHICLES MOVING,REAR END,STRAIGHT & LEVEL,DARK-HWY LIGHTED/ON,,,12/2/2019 9:51:20 AM,False,7829,Accepted,
25980761,0568000,LOUISVILLE METRO POLICE DEPT,Accepted,JEFFERSON,KY0907,,SOUTHSIDE,DR,,,,,WOODMORE,,WOODMORE,38.149693207,-85.770177739,6.692,11/26/2019 12:00:00 AM,1813,2,2,0,0,RAINING,WET,False,REAR END IN TRAFFIC LANES BOTH VEHICLES MOVING,REAR END,STRAIGHT & LEVEL,DARK-HWY LIGHTED/ON,,,11/27/2019 8:37:23 AM,False,7992,Accepted,
25980710,0568000,LOUISVILLE METRO POLICE DEPT,Accepted,JEFFERSON,I 0064,,I64 E,,,,,,,,,38.241949020,-85.689572480,8.787,11/26/2019 12:00:00 AM,1749,2,2,0,0,CLOUDY,WET,False,REAR END IN TRAFFIC LANES BOTH VEHICLES MOVING,REAR END,STRAIGHT & LEVEL,DARK-HWY NOT LIGHTED,,,11/27/2019 8:33:36 AM,False,7960,Accepted,