IncidentID,AgencyORI,AgencyName,IncidentStatusDesc,County,RdwyNumber,Street,RoadwayName,StreetSfx,StreetDir,IntersectionRdwy,IntersectionRdwyName,BetweenStRdwy1,BetweenStRdwyName1,BetweenStRdwy2,BetweenStRdwyName2,Latitude,Longitude,Milepoint,CollisionDate,CollisionTime,UnitsInvolved,MotorVehiclesInvolved,NumberKilled,NumberInjured,Weather,RdwyConditionCode,HitandRun,DirAnalysisCode,MannerofCollision,RdwyCharacter,LightCondition,RampFromRdwyId,RampToRdwyId,AcceptedDate,IsSecondaryCollision,OwnerBadge,IncidentStatus,
25980669,0568000,LOUISVILLE METRO POLICE DEPT,Accepted,JEFFERSON,KY1065,,OUTER,LOOP,,,,,,,,38.131678210,-85.726062889,3.746,11/26/2019 12:00:00 AM,1641,2,2,0,0,CLOUDY,DRY,False,REAR END IN TRAFFIC LANES BOTH VEHICLES MOVING,REAR END,STRAIGHT & LEVEL,DAYLIGHT,,,11/27/2019 8:27:41 AM,False,4693,Accepted,
25980670,0568000,LOUISVILLE METRO POLICE DEPT,Accepted,JEFFERSON,US0031E,,BARDSTOWN,RD,,,,,,,,38.154123404,-85.589280653,5.860,11/26/2019 12:00:00 AM,1712,2,2,0,0,CLOUDY,DRY,False,REAR END IN TRAFFIC LANES BOTH VEHICLES MOVING,REAR END,STRAIGHT & LEVEL,DAYLIGHT,,,11/27/2019 8:27:49 AM,False,7698,Accepted,
25980695,0568000,LOUISVILLE METRO POLICE DEPT,Accepted,JEFFERSON,I 0064,,I64 E,,,,,,,,,38.223251286,-85.524752606,17.942,11/26/2019 12:00:00 AM,1722,2,2,0,0,CLOUDY,DRY,False,REAR END IN TRAFFIC LANES BOTH VEHICLES MOVING,REAR END,STRAIGHT & GRADE,DARK-HWY LIGHTED/ON,,,11/27/2019 8:30:23 AM,False,7944,Accepted,
25980726,0568000,LOUISVILLE METRO POLICE DEPT,Accepted,JEFFERSON,US0031W,,DIXIE,HWY,,,,,LOWER HUNTERS,,WELBY,38.156192101,-85.834446417,12.444,11/26/2019 12:00:00 AM,1846,2,2,0,0,RAINING,WET,False,REAR END IN TRAFFIC LANES BOTH VEHICLES MOVING,REAR END,STRAIGHT & LEVEL,DARK-HWY NOT LIGHTED,,,11/27/2019 8:33:57 AM,False,7980,Accepted,
25980727,0568000,LOUISVILLE METRO POLICE DEPT,Accepted,JEFFERSON,I 0065,,,,,,,,,,,38.190565154,-85.721335242,0.458,11/26/2019 12:00:00 AM,0834,3,3,0,0,CLEAR,DRY,False,REAR END IN TRAFFIC LANES BOTH VEHICLES MOVING,REAR END,STRAIGHT & LEVEL,DAYLIGHT,,,11/27/2019 8:34:06 AM,False,5173,Accepted,
25980667,0568000,LOUISVILLE METRO POLICE DEPT,Accepted,JEFFERSON,KY0061,,PRESTON,HWY,,,,,,,,38.136645169,-85.685744825,3.831,11/26/2019 12:00:00 AM,1405,2,2,0,0,CLOUDY,DRY,False,REAR END IN TRAFFIC LANES BOTH VEHICLES MOVING,REAR END,STRAIGHT & LEVEL,DAYLIGHT,,,11/27/2019 8:27:25 AM,False,4693,Accepted,
25997246,0568000,LOUISVILLE METRO POLICE DEPT,Accepted,JEFFERSON,I 0064,,I64 E,,,,,,,,,38.245923346,-85.698717583,8.199,11/26/2019 12:00:00 AM,1518,2,2,0,0,CLOUDY,WET,False,SIDESWIPE COLLISION - SAME DIRECTION,SIDESWIPE-SAME DIRECTION,STRAIGHT & LEVEL,DAYLIGHT,,,12/2/2019 9:43:56 AM,False,2142,Accepted,
25997247,0568000,LOUISVILLE METRO POLICE DEPT,Accepted,JEFFERSON,I 0264,,I264 W,,,,,,,,,38.200459681,-85.698119008,13.999,11/26/2019 12:00:00 AM,1708,2,2,0,0,RAINING,WET,True,SIDESWIPE COLLISION - SAME DIRECTION,SIDESWIPE-SAME DIRECTION,STRAIGHT & LEVEL,DARK-HWY LIGHTED/ON,,,12/2/2019 9:44:02 AM,False,2142,Accepted,
25980769,0568000,LOUISVILLE METRO POLICE DEPT,Accepted,JEFFERSON,US0031E,,BARDSTOWN,RD,,,,,ALTA,,BONNYCASTLE,38.231002585,-85.705372596,14.414,11/26/2019 12:00:00 AM,2106,3,3,0,1,RAINING,WET,False,SIDESWIPE COLLISION - SAME DIRECTION,SIDESWIPE-SAME DIRECTION,CURVE & LEVEL,DARK-HWY LIGHTED/ON,,,11/27/2019 8:37:48 AM,False,7180,Accepted,
25980619,0568000,LOUISVILLE METRO POLICE DEPT,Accepted,JEFFERSON,I 0264,,I264 E,,,,,,,,,38.228933961,-85.634941425,18.000,11/26/2019 12:00:00 AM,0803,2,2,0,0,CLEAR,DRY,True,SIDESWIPE COLLISION - SAME DIRECTION,SIDESWIPE-SAME DIRECTION,STRAIGHT & LEVEL,DAYLIGHT,,,11/27/2019 8:21:47 AM,False,4656,Accepted,
25997489,0568000,LOUISVILLE METRO POLICE DEPT,Accepted,JEFFERSON,US0031W,,DIXIE,HWY,,,,,,,,38.168565168,-85.828566703,13.269,11/26/2019 12:00:00 AM,1603,3,3,0,0,CLEAR,DRY,False,REAR END IN TRAFFIC LANES BOTH VEHICLES MOVING,REAR END,STRAIGHT & LEVEL,DAYLIGHT,,,12/2/2019 10:05:56 AM,False,5250,Accepted,
26008736,0568000,LOUISVILLE METRO POLICE DEPT,Accepted,JEFFERSON,I 0065,,I65 N,,,,,,,,,38.161382967,-85.720321540,128.568,11/26/2019 12:00:00 AM,1320,2,2,0,0,CLOUDY,DRY,False,SIDESWIPE COLLISION - SAME DIRECTION,SIDESWIPE-SAME DIRECTION,CURVE & LEVEL,DAYLIGHT,,,12/4/2019 8:35:46 AM,False,8278,Accepted,
25980698,0568000,LOUISVILLE METRO POLICE DEPT,Accepted,JEFFERSON,KY1703,,BAXTER,AVE,,,,,,,,38.228881945,-85.715203314,4.759,11/26/2019 12:00:00 AM,1609,2,2,0,0,CLOUDY,DRY,True,SIDESWIPE COLLISION - SAME DIRECTION,SIDESWIPE-SAME DIRECTION,STRAIGHT & LEVEL,DAYLIGHT,,,11/27/2019 8:30:45 AM,False,5112,Accepted,
25997467,0568000,LOUISVILLE METRO POLICE DEPT,Accepted,JEFFERSON,US0031W,,DIXIE,HWY,,,,,ORELL,,FLOWERVALE,38.082690465,-85.881371117,6.738,11/26/2019 12:00:00 AM,1804,3,3,0,0,RAINING,WET,True,SIDESWIPE COLLISION - SAME DIRECTION,SIDESWIPE-SAME DIRECTION,STRAIGHT & LEVEL,DARK-HWY LIGHTED/ON,,,12/2/2019 10:04:01 AM,False,7144,Accepted,
25980765,0568000,LOUISVILLE METRO POLICE DEPT,Accepted,JEFFERSON,KY1020,,SOUTHSIDE,DR,,,,,,,,38.172146362,-85.764706311,7.025,11/26/2019 12:00:00 AM,1908,2,2,0,1,RAINING,WET,False,SIDESWIPE COLLISION - SAME DIRECTION,SIDESWIPE-SAME DIRECTION,STRAIGHT & LEVEL,DARK-HWY LIGHTED/ON,,,11/27/2019 8:37:38 AM,False,5252,Accepted,
25980729,0568000,LOUISVILLE METRO POLICE DEPT,Accepted,JEFFERSON,KY1932,,BRECKENRIDGE,LN,,,,KY1932,KY1932 TURN LANE,,COUNTRY ACRES,38.182203362,-85.626522303,0.072,11/26/2019 12:00:00 AM,1910,2,2,0,0,RAINING,WET,False,SIDESWIPE COLLISION - SAME DIRECTION,SIDESWIPE-SAME DIRECTION,STRAIGHT & LEVEL,DARK-HWY LIGHTED/ON,,,11/27/2019 8:34:23 AM,False,6668,Accepted,
26030637,0568000,LOUISVILLE METRO POLICE DEPT,Accepted,JEFFERSON,I 0264,,I264 W,,,,,I 0264,I264 W EXIT14 OFF RAMP TO KY864,I 0264,I264 W EXIT15 ON RAMP FROM KY1703,38.198844093,-85.702753785,13.723,11/26/2019 12:00:00 AM,1618,2,2,0,0,CLEAR,DRY,False,SIDESWIPE COLLISION - SAME DIRECTION,SIDESWIPE-SAME DIRECTION,STRAIGHT & HILLCREST,DAYLIGHT,,,12/9/2019 9:27:50 AM,False,7938,Accepted,
25997765,0568000,LOUISVILLE METRO POLICE DEPT,Accepted,JEFFERSON,I 0265,,I265 W,,,,,I 0265,I265 W EXIT12 OFF RAMP TO KY61,I 0265,I265 W EXIT12 ON RAMP FROM KY61 N,38.110333475,-85.678719236,11.537,11/26/2019 12:00:00 AM,1847,2,2,0,0,RAINING,WET,False,SIDESWIPE COLLISION - SAME DIRECTION,SIDESWIPE-SAME DIRECTION,CURVE & LEVEL,DARK-HWY NOT LIGHTED,,,12/2/2019 10:18:24 AM,False,7851,Accepted,
25997222,0568000,LOUISVILLE METRO POLICE DEPT,Accepted,JEFFERSON,,,OLD OUTER,LOOP,,,,,,,,38.138505835,-85.686614365,0.812,11/26/2019 12:00:00 AM,1748,2,2,0,0,RAINING,WET,False,1 VEHICLE ENTERING/LEAVING ENTRANCE,ANGLE,STRAIGHT & LEVEL,DARK-HWY LIGHTED/ON,,,12/2/2019 9:40:49 AM,False,7495,Accepted,
25975452,0568000,LOUISVILLE METRO POLICE DEPT,Accepted,JEFFERSON,,,15TH,ST,N,,,,,,,38.258823608,-85.774804486,0.014,11/26/2019 12:00:00 AM,0755,2,2,0,0,CLEAR,DRY,False,1 VEHICLE ENTERING/LEAVING ENTRANCE,ANGLE,STRAIGHT & LEVEL,DAYLIGHT,,,11/26/2019 8:50:47 AM,False,7988,Accepted,
25980653,0568000,LOUISVILLE METRO POLICE DEPT,Accepted,JEFFERSON,KY1020,,NATIONAL,TPKE,,,,,GERBER,KY0907,KY907 TURN LANE,38.152040240,-85.764891657,5.628,11/26/2019 12:00:00 AM,1502,2,2,0,0,CLOUDY,DRY,False,1 VEHICLE ENTERING/LEAVING ENTRANCE,ANGLE,STRAIGHT & LEVEL,DAYLIGHT,,,11/27/2019 8:25:48 AM,False,5279,Accepted,
25997453,0568000,LOUISVILLE METRO POLICE DEPT,Accepted,JEFFERSON,KY1931,,GREENWOOD,RD,,,,,,,,38.143534334,-85.840690650,3.084,11/26/2019 12:00:00 AM,1300,2,2,0,0,CLEAR,DRY,False,1 VEHICLE ENTERING/LEAVING ENTRANCE,ANGLE,STRAIGHT & LEVEL,DAYLIGHT,,,12/2/2019 10:03:36 AM,False,7524,Accepted,
25997468,0568000,LOUISVILLE METRO POLICE DEPT,Accepted,JEFFERSON,US0031E,2284,BARDSTOWN,RD,,,,,,,,38.224151376,-85.691462141,13.506,11/26/2019 12:00:00 AM,1819,2,2,0,0,RAINING,WET,True,1 VEHICLE ENTERING/LEAVING ENTRANCE,ANGLE,STRAIGHT & LEVEL,DARK-HWY LIGHTED/ON,,,12/2/2019 10:04:06 AM,True,5112,Accepted,
25997475,0568000,LOUISVILLE METRO POLICE DEPT,Accepted,JEFFERSON,KY1020,,2ND,ST,S,,,US0150,BROADWAY,,CHESTNUT,38.246116944,-85.755014704,12.116,11/26/2019 12:00:00 AM,1202,2,2,0,0,CLEAR,DRY,False,1 VEHICLE ENTERING/LEAVING ENTRANCE,ANGLE,STRAIGHT & LEVEL,DAYLIGHT,,,12/2/2019 10:04:47 AM,False,5173,Accepted,
25980742,0568000,LOUISVILLE METRO POLICE DEPT,Accepted,JEFFERSON,I 0065,,I65 S,,,,,I 0065,I65 S EXIT132 ON RAMP FROM  CRITTENDEN DR,I 0065,I65 S EXIT131B OFF RAMP,38.198343180,-85.734002113,131.356,11/26/2019 12:00:00 AM,1941,1,1,0,0,RAINING,WET,False,OTHER ROADWAY OR MID-BLOCK COLLISION,SINGLE VEHICLE,CURVE & LEVEL,DARK-HWY LIGHTED/ON,,,11/27/2019 8:35:33 AM,False,7851,Accepted,
25980734,0568000,LOUISVILLE METRO POLICE DEPT,Accepted,JEFFERSON,,217,CHESTNUT,ST,E,,,,,,,38.248502273,-85.751656325,0.047,11/26/2019 12:00:00 AM,2023,1,1,0,0,RAINING,WET,False,OTHER ROADWAY OR MID-BLOCK COLLISION,SINGLE VEHICLE,CURVE & GRADE,DARK-HWY LIGHTED/ON,,,11/27/2019 8:34:52 AM,False,5254,Accepted,
25980660,0568000,LOUISVILLE METRO POLICE DEPT,Accepted,JEFFERSON,KY1932,,BRECKENRIDGE,LN,,,,,HIKES,,CHURCHILL PARK,38.216963778,-85.627612305,2.596,11/26/2019 12:00:00 AM,1555,3,3,0,2,CLEAR,DRY,False,OTHER ROADWAY OR MID-BLOCK COLLISION,OPPOSING LEFT TURN,CURVE & LEVEL,DAYLIGHT,,,11/27/2019 8:26:29 AM,False,7497,Accepted,
25980693,0568000,LOUISVILLE METRO POLICE DEPT,Accepted,JEFFERSON,KY1932,,BRECKENRIDGE,LN,,,,,COUNTRY ACRES,KY1932,KY1932 TURN LANE,38.182116047,-85.626515394,0.066,11/26/2019 12:00:00 AM,1203,2,2,0,1,CLOUDY,DRY,False,OTHER ROADWAY OR MID-BLOCK COLLISION,OPPOSING LEFT TURN,STRAIGHT & LEVEL,DAYLIGHT,,,11/27/2019 8:29:58 AM,False,7294,Accepted,
25980668,0568000,LOUISVILLE METRO POLICE DEPT,Accepted,JEFFERSON,,,MILE OF SUNSHINE,DR,,,,,,,,38.150546841,-85.661875189,0.112,11/26/2019 12:00:00 AM,1601,2,2,0,0,CLOUDY,DRY,False,VEHICLE BACKING NON INTERSECTION,BACKING,STRAIGHT & LEVEL,DAYLIGHT,,,11/27/2019 8:27:32 AM,False,4693,Accepted,
26336854,0568000,LOUISVILLE METRO POLICE DEPT,Accepted,JEFFERSON,I 0065,,I65 N,,,,,I 0065,I65 EXIT12 RAMP TO I65 N,I 0065,I65 N EXIT132 ON RAMP FROM  CRITTENDEN DR,38.198289107,-85.733742759,131.359,11/26/2019 12:00:00 AM,2307,2,2,0,0,RAINING,WET,False,1 VEHICLE ENTERING/LEAVING ENTRANCE,ANGLE,CURVE & LEVEL,DARK-HWY LIGHTED/ON,,,2/12/2020 8:23:11 AM,False,7851,Accepted,
25980671,0568000,LOUISVILLE METRO POLICE DEPT,Accepted,JEFFERSON,KY1703,,NEWBURG,RD,,,,,,,,38.200776573,-85.686030928,2.101,11/26/2019 12:00:00 AM,0745,2,2,0,0,CLEAR,DRY,False,OTHER ROADWAY OR MID-BLOCK COLLISION,REAR END,STRAIGHT & GRADE,DAYLIGHT,,,11/27/2019 8:28:00 AM,False,7722,Accepted,
25980730,0568000,LOUISVILLE METRO POLICE DEPT,Accepted,JEFFERSON,KY1065,,OUTER,LOOP,,,,,,,,38.137917981,-85.671615976,6.883,11/26/2019 12:00:00 AM,2000,2,2,0,0,RAINING,WET,False,OTHER ROADWAY OR MID-BLOCK COLLISION,OPPOSING LEFT TURN,STRAIGHT & LEVEL,DARK (UNKNOWN ROADWAY LIGHTING),,,11/27/2019 8:34:32 AM,False,5248,Accepted,
25997337,0568000,LOUISVILLE METRO POLICE DEPT,Accepted,JEFFERSON,US0060,3400,FRANKFORT,AVE,,,,,,,,38.254162859,-85.668182468,2.848,11/26/2019 12:00:00 AM,2121,2,2,0,0,RAINING,WET,False,OTHER ROADWAY OR MID-BLOCK COLLISION,REAR END,STRAIGHT & LEVEL,DARK-HWY LIGHTED/ON,,,12/2/2019 9:53:56 AM,False,2738,Accepted,
25980707,0568000,LOUISVILLE METRO POLICE DEPT,Accepted,JEFFERSON,I 0265,,,,,,,,,,,38.125979737,-85.614509674,0.278,11/26/2019 12:00:00 AM,1804,2,2,0,0,RAINING,WET,False,OTHER RAMP RELATED COLLISIONS NOT LISTED ABOVE,REAR END,STRAIGHT & LEVEL,DARK-HWY LIGHTED/ON,I 0265,KY0864,11/27/2019 8:33:09 AM,False,7278,Accepted,
26008735,0568000,LOUISVILLE METRO POLICE DEPT,Accepted,JEFFERSON,I 0264,,,,,,,,,,,38.189476465,-85.783236247,0.019,11/26/2019 12:00:00 AM,1141,1,1,0,1,CLOUDY,DRY,False,COLLISION WITH FIXED OBJECT NOT IN GORE ,SINGLE VEHICLE,CURVE & GRADE,DAYLIGHT,I 0264,KY1865,12/4/2019 8:35:36 AM,False,8278,Accepted,
25975403,0568000,LOUISVILLE METRO POLICE DEPT,Accepted,JEFFERSON,I 0065,,,,,,,,,,,38.190099323,-85.728020471,0.205,11/26/2019 12:00:00 AM,0014,2,2,0,0,CLEAR,DRY,True,OTHER RAMP RELATED COLLISIONS NOT LISTED ABOVE,REAR END,STRAIGHT & HILLCREST,DARK-HWY LIGHTED/ON,I 0065,I 0065,11/26/2019 8:46:05 AM,False,5196,Accepted,
25980645,0568000,LOUISVILLE METRO POLICE DEPT,Accepted,JEFFERSON,I 0264,,,,,,,,,,,38.194480328,-85.707457631,0.310,11/26/2019 12:00:00 AM,0920,2,2,0,0,CLEAR,DRY,False,OTHER RAMP RELATED COLLISIONS NOT LISTED ABOVE,REAR END,CURVE & GRADE,DAYLIGHT,I 0264,KY0864,11/27/2019 8:25:08 AM,False,5153,Accepted,
25975286,0568000,LOUISVILLE METRO POLICE DEPT,Accepted,JEFFERSON,I 0264,,,,,,,,,,,38.193606492,-85.711279132,0.267,11/25/2019 12:00:00 AM,1609,2,2,0,0,CLEAR,DRY,False,OTHER RAMP RELATED COLLISIONS NOT LISTED ABOVE,SIDESWIPE-SAME DIRECTION,STRAIGHT & HILLCREST,DAYLIGHT,KY0864,I 0264,11/26/2019 8:29:05 AM,False,6148,Accepted,
27592396,0568000,LOUISVILLE METRO POLICE DEPT,Accepted,JEFFERSON,I 0264,,,,,,,,,,,38.189770987,-85.783391353,0.231,11/25/2019 12:00:00 AM,0808,2,2,0,0,CLEAR,DRY,False,OTHER RAMP RELATED COLLISIONS NOT LISTED ABOVE,REAR END,CURVE & GRADE,DAYLIGHT,I 0264,KY1865,12/22/2020 8:11:58 AM,False,4903,Accepted,
25980623,0568000,LOUISVILLE METRO POLICE DEPT,Accepted,JEFFERSON,I 0264,,,,,,,,,,,38.246932441,-85.620781080,0.273,11/25/2019 12:00:00 AM,1608,2,2,0,0,CLEAR,DRY,False,OTHER RAMP RELATED COLLISIONS NOT LISTED ABOVE,REAR END,CURVE & LEVEL,DARK-HWY LIGHTED/ON,US0060,I 0264,11/27/2019 8:22:23 AM,False,5180,Accepted,
25980634,0568000,LOUISVILLE METRO POLICE DEPT,Accepted,JEFFERSON,US0031E,6900,BARDSTOWN,RD,,,,,,,,38.144753795,-85.584852908,5.213,11/25/2019 12:00:00 AM,1400,2,2,0,0,CLEAR,DRY,True,COLLISION IN PARKING LOT,BACKING,STRAIGHT & LEVEL,DAYLIGHT,,,11/27/2019 8:23:56 AM,False,2017,Accepted,
25975265,0568000,LOUISVILLE METRO POLICE DEPT,Accepted,JEFFERSON,,432,JEFFERSON,ST,E,,,,,,,38.252354851,-85.744380851,0.618,11/25/2019 12:00:00 AM,1100,2,2,0,0,CLEAR,DRY,True,COLLISION IN PARKING LOT,SIDESWIPE-OPPOSITE DIRECTION,STRAIGHT & LEVEL,DAYLIGHT,,,11/26/2019 8:26:30 AM,False,2855,Accepted,
25975290,0568000,LOUISVILLE METRO POLICE DEPT,Accepted,JEFFERSON,US0031W,,DIXIE,HWY,,,,,,,,38.143857335,-85.839177277,11.720,11/25/2019 12:00:00 AM,1324,2,2,0,0,CLEAR,DRY,False,COLLISION IN PARKING LOT,BACKING,STRAIGHT & LEVEL,DAYLIGHT,,,11/26/2019 8:30:11 AM,False,7234,Accepted,
25975367,0568000,LOUISVILLE METRO POLICE DEPT,Accepted,JEFFERSON,US0060,,SHELBYVILLE,RD,,,,,,,,38.245078675,-85.559358155,8.833,11/25/2019 12:00:00 AM,1835,2,2,0,0,CLEAR,DRY,False,OTHER ROADWAY OR MID-BLOCK COLLISION,REAR END,STRAIGHT & LEVEL,DARK-HWY LIGHTED/ON,,,11/26/2019 8:40:15 AM,False,7802,Accepted,
25975332,0568000,LOUISVILLE METRO POLICE DEPT,Accepted,JEFFERSON,,1409,LARCHMONT,AVE,,,,,,,,38.206391072,-85.777922738,0.070,11/25/2019 12:00:00 AM,1533,1,1,0,0,CLEAR,DRY,True,OTHER ROADWAY OR MID-BLOCK COLLISION,SINGLE VEHICLE,STRAIGHT & LEVEL,DAYLIGHT,,,11/26/2019 8:35:37 AM,False,5213,Accepted,
25975260,0568000,LOUISVILLE METRO POLICE DEPT,Accepted,JEFFERSON,KY0061,,PRESTON,HWY,,,,,OLD FERN VALLEY,KY1747,FERN VALLEY,38.156417734,-85.696643069,5.324,11/25/2019 12:00:00 AM,0841,2,2,0,0,CLEAR,DRY,False,OTHER ROADWAY OR MID-BLOCK COLLISION,REAR END,STRAIGHT & LEVEL,DAYLIGHT,,,11/26/2019 8:25:36 AM,False,2017,Accepted,
25975277,0568000,LOUISVILLE METRO POLICE DEPT,Accepted,JEFFERSON,,,MITCHELL HILL,RD,,,,,HOLSCLAW HILL,,KEYS FERRY,38.093417178,-85.764205023,0.926,11/25/2019 12:00:00 AM,1432,1,1,0,0,CLEAR,DRY,False,OTHER ROADWAY OR MID-BLOCK COLLISION,SINGLE VEHICLE,CURVE & LEVEL,DAYLIGHT,,,11/26/2019 8:27:39 AM,False,7202,Accepted,
25975344,0568000,LOUISVILLE METRO POLICE DEPT,Accepted,JEFFERSON,KY0146,,NEW LA GRANGE,RD,,,,,SUNDANCE,,ARTERBURN,38.255307126,-85.609920717,0.585,11/25/2019 12:00:00 AM,1742,2,2,0,0,CLEAR,DRY,False,OTHER ROADWAY OR MID-BLOCK COLLISION,REAR END,STRAIGHT & LEVEL,DARK-HWY NOT LIGHTED,,,11/26/2019 8:37:18 AM,False,7358,Accepted,
25975346,0568000,LOUISVILLE METRO POLICE DEPT,Accepted,JEFFERSON,KY1934,,CANE RUN,RD,,,,,RICHMONT,,SHANKS,38.196473614,-85.841242009,8.889,11/25/2019 12:00:00 AM,1223,4,4,0,3,CLEAR,DRY,False,OTHER ROADWAY OR MID-BLOCK COLLISION,REAR END,STRAIGHT & LEVEL,DAYLIGHT,,,11/26/2019 8:37:36 AM,False,7381,Accepted,
25975288,0568000,LOUISVILLE METRO POLICE DEPT,Accepted,JEFFERSON,KY1932,,BRECKENRIDGE,LN,,,,,BRONNER,,BRONNER,38.185676537,-85.626139555,0.310,11/25/2019 12:00:00 AM,1656,2,2,0,1,CLEAR,DRY,False,OTHER ROADWAY OR MID-BLOCK COLLISION,OPPOSING LEFT TURN,STRAIGHT & LEVEL,DAYLIGHT,,,11/26/2019 8:29:23 AM,False,7497,Accepted,
25975297,0568000,LOUISVILLE METRO POLICE DEPT,Accepted,JEFFERSON,US0060A,,LEXINGTON,RD,,,,,,,,38.245142313,-85.692611082,8.504,11/25/2019 12:00:00 AM,1721,2,2,0,0,CLEAR,DRY,False,OTHER ROADWAY OR MID-BLOCK COLLISION,REAR END,STRAIGHT & HILLCREST,DUSK,,,11/26/2019 8:31:20 AM,False,7028,Accepted,
25975356,0568000,LOUISVILLE METRO POLICE DEPT,Accepted,JEFFERSON,,2122,LANCASHIRE,AVE,,,,,,,,38.215812255,-85.676152444,0.374,11/25/2019 12:00:00 AM,1506,2,2,0,0,CLEAR,DRY,False,1 VEHICLE ENTERING/LEAVING ENTRANCE,ANGLE,STRAIGHT & LEVEL,DAYLIGHT,,,11/26/2019 8:38:42 AM,False,7306,Accepted,
25975366,0568000,LOUISVILLE METRO POLICE DEPT,Accepted,JEFFERSON,,,AIKEN,RD,,,,,,,,38.267905826,-85.474610095,3.283,11/25/2019 12:00:00 AM,0825,2,2,0,0,CLEAR,DRY,False,1 VEHICLE ENTERING/LEAVING ENTRANCE,ANGLE,STRAIGHT & GRADE,DAYLIGHT,,,11/26/2019 8:39:47 AM,False,7802,Accepted,
25969824,0568000,LOUISVILLE METRO POLICE DEPT,Accepted,JEFFERSON,,,MUD,LN,,,,,,,,38.088241231,-85.670034405,0.431,11/25/2019 12:00:00 AM,0800,2,2,0,0,CLEAR,DRY,False,1 VEHICLE ENTERING/LEAVING ENTRANCE,ANGLE,STRAIGHT & LEVEL,DAYLIGHT,,,11/25/2019 9:56:53 AM,False,7955,Accepted,
25975278,0568000,LOUISVILLE METRO POLICE DEPT,Accepted,JEFFERSON,US0031W,,DIXIE,HWY,,,,KY1931,ST ANDREWS CHURCH,,SEIBEL,38.141853280,-85.840307613,11.554,11/25/2019 12:00:00 AM,1520,2,2,0,0,CLEAR,DRY,False,1 VEHICLE ENTERING/LEAVING ENTRANCE,ANGLE,STRAIGHT & LEVEL,DAYLIGHT,,,11/26/2019 8:27:45 AM,False,7073,Accepted,
25975289,0568000,LOUISVILLE METRO POLICE DEPT,Accepted,JEFFERSON,US0031W,,DIXIE,HWY,,,,,,,,38.161807348,-85.831939100,12.856,11/25/2019 12:00:00 AM,1050,2,2,0,0,CLEAR,DRY,False,SIDESWIPE COLLISION - SAME DIRECTION,SIDESWIPE-SAME DIRECTION,STRAIGHT & LEVEL,DAYLIGHT,,,11/26/2019 8:29:38 AM,False,7234,Accepted,
25975274,0568000,LOUISVILLE METRO POLICE DEPT,Accepted,JEFFERSON,KY1450,,BLUE LICK,RD,,,,,FREEDOM,,PARK,38.115967520,-85.689516877,2.148,11/25/2019 12:00:00 AM,1406,2,2,0,0,CLEAR,DRY,False,SIDESWIPE COLLISION - SAME DIRECTION,SIDESWIPE-SAME DIRECTION,STRAIGHT & LEVEL,DAYLIGHT,,,11/26/2019 8:27:21 AM,False,2017,Accepted,
25975401,0568000,LOUISVILLE METRO POLICE DEPT,Accepted,JEFFERSON,I 0265,,I265 W,,,,,I 0265,I265 W EXIT12 OFF RAMP TO KY61,I 0265,I265 W EXIT12 ON RAMP FROM KY61 N,38.110333475,-85.678719236,11.537,11/25/2019 12:00:00 AM,1847,2,2,0,0,CLOUDY,DRY,False,SIDESWIPE COLLISION - SAME DIRECTION,SIDESWIPE-SAME DIRECTION,CURVE & LEVEL,DUSK,,,11/26/2019 8:45:08 AM,False,7851,Accepted,
25975409,0568000,LOUISVILLE METRO POLICE DEPT,Accepted,JEFFERSON,I 0071,,I71 S,,,,,,,,,38.293721005,-85.657111711,4.443,11/25/2019 12:00:00 AM,1950,2,2,0,0,CLEAR,DRY,False,SIDESWIPE COLLISION - SAME DIRECTION,SIDESWIPE-SAME DIRECTION,CURVE & GRADE,DARK-HWY NOT LIGHTED,,,11/26/2019 8:46:33 AM,False,2395,Accepted,
25975390,0568000,LOUISVILLE METRO POLICE DEPT,Accepted,JEFFERSON,I 0265,,I265 W,,,,,,,,,38.110995768,-85.685350002,11.171,11/25/2019 12:00:00 AM,1749,2,2,0,0,CLEAR,DRY,False,SIDESWIPE COLLISION - SAME DIRECTION,SIDESWIPE-SAME DIRECTION,STRAIGHT & LEVEL,DARK-HWY NOT LIGHTED,,,11/26/2019 8:42:26 AM,False,4693,Accepted,
25975309,0568000,LOUISVILLE METRO POLICE DEPT,Accepted,JEFFERSON,,,HARLAN,AVE,,KY1020,3RD,,,,,38.201579908,-85.764454563,0.004,11/25/2019 12:00:00 AM,1507,2,2,0,0,CLEAR,DRY,False,HEAD-ON COLLISION,HEAD ON,STRAIGHT & LEVEL,DAYLIGHT,,,11/26/2019 8:34:22 AM,False,5204,Accepted,
25975336,0568000,LOUISVILLE METRO POLICE DEPT,Accepted,JEFFERSON,,,MITCHELL HILL,RD,,,,,HOLSCLAW HILL,,TOM WALLACE,38.087973254,-85.767968560,1.376,11/25/2019 12:00:00 AM,1806,2,2,0,0,CLEAR,DRY,True,HEAD-ON COLLISION,HEAD ON,CURVE & LEVEL,DARK-HWY LIGHTED/OFF,,,11/26/2019 8:36:07 AM,False,7202,Accepted,