IncidentID,AgencyORI,AgencyName,IncidentStatusDesc,County,RdwyNumber,Street,RoadwayName,StreetSfx,StreetDir,IntersectionRdwy,IntersectionRdwyName,BetweenStRdwy1,BetweenStRdwyName1,BetweenStRdwy2,BetweenStRdwyName2,Latitude,Longitude,Milepoint,CollisionDate,CollisionTime,UnitsInvolved,MotorVehiclesInvolved,NumberKilled,NumberInjured,Weather,RdwyConditionCode,HitandRun,DirAnalysisCode,MannerofCollision,RdwyCharacter,LightCondition,RampFromRdwyId,RampToRdwyId,AcceptedDate,IsSecondaryCollision,OwnerBadge,IncidentStatus,
25980622,0568000,LOUISVILLE METRO POLICE DEPT,Accepted,JEFFERSON,,,SPRINGHURST,BLVD,,,,KY1747,HURSTBOURNE,,HARTWICK VILLAGE,38.304497571,-85.575190213,1.576,11/25/2019 12:00:00 AM,1650,2,2,0,0,CLEAR,DRY,False,SIDESWIPE COLLISION - SAME DIRECTION,SIDESWIPE-SAME DIRECTION,STRAIGHT & LEVEL,DUSK,,,11/27/2019 8:22:14 AM,False,6929,Accepted,
25975292,0568000,LOUISVILLE METRO POLICE DEPT,Accepted,JEFFERSON,I 0065,,I65 S,,,,,,,,,38.249002322,-85.752195740,135.484,11/25/2019 12:00:00 AM,1510,2,2,0,0,CLEAR,DRY,False,REAR END IN TRAFFIC LANES BOTH VEHICLES MOVING,REAR END,STRAIGHT & LEVEL,DAYLIGHT,,,11/26/2019 8:30:44 AM,False,6907,Accepted,
25975283,0568000,LOUISVILLE METRO POLICE DEPT,Accepted,JEFFERSON,,1536,WILSON,AVE,,,,,,,,38.226303369,-85.807541204,2.015,11/25/2019 12:00:00 AM,1540,2,2,0,1,CLEAR,DRY,False,REAR END IN TRAFFIC LANES BOTH VEHICLES MOVING,REAR END,STRAIGHT & LEVEL,DAYLIGHT,,,11/26/2019 8:28:47 AM,False,2569,Accepted,
25975301,0568000,LOUISVILLE METRO POLICE DEPT,Accepted,JEFFERSON,,,KENWOOD,DR,W,,,,LAUGHLIN,,W KENWOOD DR FRONTAGE,38.161441157,-85.774636324,0.248,11/25/2019 12:00:00 AM,1512,2,2,0,0,CLEAR,DRY,False,REAR END IN TRAFFIC LANES BOTH VEHICLES MOVING,REAR END,STRAIGHT & LEVEL,DAYLIGHT,,,11/26/2019 8:33:12 AM,False,7202,Accepted,
25975334,0568000,LOUISVILLE METRO POLICE DEPT,Accepted,JEFFERSON,KY1447,10500,WESTPORT,RD,,,,,,,,38.294155002,-85.558491027,6.078,11/25/2019 12:00:00 AM,1642,2,2,0,0,CLEAR,DRY,False,REAR END IN TRAFFIC LANES BOTH VEHICLES MOVING,REAR END,STRAIGHT & LEVEL,DARK-HWY NOT LIGHTED,,,11/26/2019 8:35:56 AM,False,7358,Accepted,
25975357,0568000,LOUISVILLE METRO POLICE DEPT,Accepted,JEFFERSON,I 0264,,I264 W,,,,,,,,,38.202045232,-85.689006173,14.507,11/25/2019 12:00:00 AM,1519,3,3,0,0,CLEAR,DRY,False,REAR END IN TRAFFIC LANES BOTH VEHICLES MOVING,REAR END,STRAIGHT & LEVEL,DAYLIGHT,,,11/26/2019 8:38:50 AM,False,7306,Accepted,
25975385,0568000,LOUISVILLE METRO POLICE DEPT,Accepted,JEFFERSON,I 0265,,I265 W,,,,,,,,,38.163445929,-85.522655613,21.128,11/25/2019 12:00:00 AM,1550,2,2,0,0,CLEAR,DRY,False,REAR END IN TRAFFIC LANES BOTH VEHICLES MOVING,REAR END,STRAIGHT & LEVEL,DAYLIGHT,,,11/26/2019 8:42:06 AM,False,4693,Accepted,
25975321,0568000,LOUISVILLE METRO POLICE DEPT,Accepted,JEFFERSON,,5202,COLUMBIA,AVE,,,,,,,,38.150994714,-85.851970823,0.030,11/25/2019 12:00:00 AM,0731,1,1,0,0,CLEAR,DRY,False,OTHER COLLISIONS ON SHOULDER,SINGLE VEHICLE,STRAIGHT & LEVEL,DAYLIGHT,,,11/26/2019 8:34:35 AM,False,6326,Accepted,
25980728,0568000,LOUISVILLE METRO POLICE DEPT,Accepted,JEFFERSON,I 0264,,I264 E,,,,,I 0264,I264 E EXIT20 TRANSIT,I 0264,I264 E EXIT21 OFF RAMP TO KY1447,38.257696012,-85.622371948,20.357,11/25/2019 12:00:00 AM,1622,2,2,0,0,CLEAR,DRY,True,SIDESWIPE COLLISION - SAME DIRECTION,SIDESWIPE-SAME DIRECTION,STRAIGHT & LEVEL,DAYLIGHT,,,11/27/2019 8:34:15 AM,False,6929,Accepted,
26008734,0568000,LOUISVILLE METRO POLICE DEPT,Accepted,JEFFERSON,I 0264,,I264 E,,,,,,,,,38.279818130,-85.636077141,22.092,11/25/2019 12:00:00 AM,1542,3,3,0,0,CLEAR,DRY,False,SIDESWIPE COLLISION - SAME DIRECTION,SIDESWIPE-SAME DIRECTION,STRAIGHT & GRADE,DAYLIGHT,,,12/4/2019 8:35:26 AM,False,8278,Accepted,
26080047,0560600,WEST BUECHEL POLICE DEPT.,Accepted,JEFFERSON,,,REYNOLDS,LN,,,,,ETHEL,US0031E,BUECHEL,38.192271367,-85.656752608,0.353,11/25/2019 12:00:00 AM,2000,2,2,0,0,CLEAR,DRY,True,SIDESWIPE COLLISION - OPPOSITE DIRECTION,SIDESWIPE-OPPOSITE DIRECTION,CURVE & LEVEL,DARK-HWY NOT LIGHTED,,,12/19/2019 3:42:06 PM,False,1292,Accepted,
25980745,0568000,LOUISVILLE METRO POLICE DEPT,Accepted,JEFFERSON,I 0264,,I264 W,,,,,,,,,38.189711786,-85.779161250,9.470,11/25/2019 12:00:00 AM,1731,2,2,0,0,CLEAR,DRY,True,REAR END IN TRAFFIC LANES BOTH VEHICLES MOVING,REAR END,STRAIGHT & LEVEL,DUSK,,,11/27/2019 8:35:58 AM,False,7243,Accepted,
25975296,0568000,LOUISVILLE METRO POLICE DEPT,Accepted,JEFFERSON,US0031E,,BARDSTOWN,RD,,,,,,,,38.164184990,-85.597885713,6.727,11/25/2019 12:00:00 AM,1729,2,2,0,0,CLEAR,DRY,False,REAR END IN TRAFFIC LANES BOTH VEHICLES MOVING,REAR END,STRAIGHT & LEVEL,DUSK,,,11/26/2019 8:31:07 AM,False,7255,Accepted,
25975272,0568000,LOUISVILLE METRO POLICE DEPT,Accepted,JEFFERSON,I 0065,,I65 S,,,,,I 0065,I65 S EXIT135 ON RAMP FROM  E OAK ST,I 0065,I65 S EXIT134 ON RAMP FROM  MAGNOLIA AVE,38.230959269,-85.751065694,134.211,11/25/2019 12:00:00 AM,0913,2,2,0,0,CLEAR,DRY,False,REAR END IN TRAFFIC LANES BOTH VEHICLES MOVING,REAR END,STRAIGHT & LEVEL,DAYLIGHT,,,11/26/2019 8:27:12 AM,False,2000,Accepted,
25975337,0568000,LOUISVILLE METRO POLICE DEPT,Accepted,JEFFERSON,KY1703,,NEWBURG,RD,,,,,TREVILIAN,,BELLARMINE,38.215781769,-85.704768854,3.657,11/25/2019 12:00:00 AM,1503,2,2,0,0,CLEAR,DRY,False,REAR END IN TRAFFIC LANES BOTH VEHICLES MOVING,REAR END,STRAIGHT & LEVEL,DAYLIGHT,,,11/26/2019 8:36:19 AM,False,7960,Accepted,
25975370,0568000,LOUISVILLE METRO POLICE DEPT,Accepted,JEFFERSON,US0031E,,BARDSTOWN,RD,,,,,,,,38.143872965,-85.584252753,5.092,11/25/2019 12:00:00 AM,1508,2,2,0,0,CLEAR,DRY,False,REAR END IN TRAFFIC LANES BOTH VEHICLES MOVING,REAR END,STRAIGHT & LEVEL,DAYLIGHT,,,11/26/2019 8:41:03 AM,False,4693,Accepted,
25975447,0568000,LOUISVILLE METRO POLICE DEPT,Accepted,JEFFERSON,I 0264,,I264 W,,,,,,,,,38.221668558,-85.650831058,17.000,11/25/2019 12:00:00 AM,1701,3,3,0,1,CLEAR,DRY,False,REAR END IN TRAFFIC LANES BOTH VEHICLES MOVING,REAR END,STRAIGHT & LEVEL,DAYLIGHT,,,11/26/2019 8:50:06 AM,False,2217,Accepted,
25975397,0568000,LOUISVILLE METRO POLICE DEPT,Accepted,JEFFERSON,I 0265,,I265 W,,,,,,,,,38.111473785,-85.687159321,11.067,11/25/2019 12:00:00 AM,1820,4,4,0,1,CLOUDY,DRY,False,REAR END IN TRAFFIC LANES BOTH VEHICLES MOVING,REAR END,CURVE & LEVEL,DARK-HWY LIGHTED/ON,,,11/26/2019 8:44:00 AM,False,7311,Accepted,
25975371,0568000,LOUISVILLE METRO POLICE DEPT,Accepted,JEFFERSON,US0031E,,BARDSTOWN,RD,,,,,,,,38.152999819,-85.588735624,5.779,11/25/2019 12:00:00 AM,1651,2,2,0,0,CLEAR,DRY,False,REAR END IN TRAFFIC LANES BOTH VEHICLES MOVING,REAR END,STRAIGHT & LEVEL,DAYLIGHT,,,11/26/2019 8:41:28 AM,False,4693,Accepted,
25997326,0568000,LOUISVILLE METRO POLICE DEPT,Accepted,JEFFERSON,KY1694,,BROWNSBORO,RD,,,,,,,,38.330863626,-85.561207706,1.052,11/25/2019 12:00:00 AM,0900,2,2,0,0,CLEAR,DRY,False,REAR END IN TRAFFIC LANES BOTH VEHICLES MOVING,REAR END,STRAIGHT & LEVEL,DAYLIGHT,,,12/2/2019 9:52:36 AM,False,7858,Accepted,
25980758,0568000,LOUISVILLE METRO POLICE DEPT,Accepted,JEFFERSON,KY0864,1238,GOSS,AVE,,,,,,,,38.224685579,-85.731079173,13.778,11/25/2019 12:00:00 AM,1941,2,2,0,0,CLEAR,DRY,False,REAR END IN TRAFFIC LANES BOTH VEHICLES MOVING,REAR END,STRAIGHT & LEVEL,DARK (UNKNOWN ROADWAY LIGHTING),,,11/27/2019 8:36:58 AM,False,5050,Accepted,
26454304,0568000,LOUISVILLE METRO POLICE DEPT,Accepted,JEFFERSON,,400,LIBERTY,ST,W,,,KY1020,3RD,,4TH,38.253087065,-85.757062342,0.603,11/25/2019 12:00:00 AM,1113,2,2,0,0,CLEAR,DRY,False,1 VEHICLE PARKED POSITION (NOT PARKING LOT/DRIVEWAY),BACKING,STRAIGHT & LEVEL,DAYLIGHT,,,3/3/2020 8:28:41 AM,False,7694,Accepted,
25975287,0568000,LOUISVILLE METRO POLICE DEPT,Accepted,JEFFERSON,,6918,BARTLETT,RD,,,,,,,,38.195518564,-85.626604262,0.016,11/25/2019 12:00:00 AM,1547,2,2,0,0,CLEAR,DRY,False,1 VEHICLE PARKED POSITION (NOT PARKING LOT/DRIVEWAY),BACKING,STRAIGHT & LEVEL,DAYLIGHT,,,11/26/2019 8:29:16 AM,False,7739,Accepted,
25980790,0568000,LOUISVILLE METRO POLICE DEPT,Accepted,JEFFERSON,KY0061,,PRESTON,HWY,,,,,OKOLONA,,LAMBERT,38.135850533,-85.685339959,3.767,11/25/2019 12:00:00 AM,1206,1,1,0,0,CLOUDY,DRY,False,COLLISION WITH FIXED OBJECT NON - INTERSECTION - FIRST EVENT COLLISION 09 - 32 EXCLUDING 16,SINGLE VEHICLE,STRAIGHT & LEVEL,DAYLIGHT,,,11/27/2019 8:44:10 AM,False,2041,Accepted,
25980682,0568000,LOUISVILLE METRO POLICE DEPT,Accepted,JEFFERSON,,1300B,OAKWOOD,AVE,,,,,,,,38.177219908,-85.782339587,0.248,11/25/2019 12:00:00 AM,1435,2,2,0,0,CLEAR,DRY,False,COLLISION WITH FIXED OBJECT NON - INTERSECTION - FIRST EVENT COLLISION 09 - 32 EXCLUDING 16,SIDESWIPE-SAME DIRECTION,STRAIGHT & LEVEL,DAYLIGHT,,,11/27/2019 8:28:46 AM,False,5258,Accepted,
25969802,0568000,LOUISVILLE METRO POLICE DEPT,Accepted,JEFFERSON,,2000,INDUSTRIAL,BLVD,,,,,,,,38.152811282,-85.707311703,0.713,11/25/2019 12:00:00 AM,0322,1,1,0,0,CLEAR,DRY,False,COLLISION WITH FIXED OBJECT NON - INTERSECTION - FIRST EVENT COLLISION 09 - 32 EXCLUDING 16,SINGLE VEHICLE,CURVE & LEVEL,DARK-HWY LIGHTED/ON,,,11/25/2019 9:54:15 AM,False,7016,Accepted,
25975329,0568000,LOUISVILLE METRO POLICE DEPT,Accepted,JEFFERSON,US0031W,,DIXIE,HWY,,,LEWISTON,,,,,38.171232749,-85.826455442,13.517,11/25/2019 12:00:00 AM,1307,2,2,0,0,CLEAR,DRY,False,OTHER INTERSECTION COLLISIONS,REAR END,STRAIGHT & LEVEL,DAYLIGHT,,,11/26/2019 8:34:55 AM,False,6326,Accepted,
25975361,0568000,LOUISVILLE METRO POLICE DEPT,Accepted,JEFFERSON,,,DUMESNIL,ST,,,16TH,,,,,38.235854895,-85.781255352,2.065,11/25/2019 12:00:00 AM,1200,3,3,0,0,CLEAR,DRY,False,OTHER INTERSECTION COLLISIONS,REAR END,STRAIGHT & LEVEL,DAYLIGHT,,,11/26/2019 8:39:27 AM,False,7346,Accepted,
25975285,0568000,LOUISVILLE METRO POLICE DEPT,Accepted,JEFFERSON,KY0146,,LA GRANGE,RD,,,SPRINGS STATION,,,,,38.292665906,-85.509641430,7.854,11/25/2019 12:00:00 AM,1615,2,2,0,0,CLEAR,DRY,False,OTHER INTERSECTION COLLISIONS,REAR END,STRAIGHT & LEVEL,DAYLIGHT,,,11/26/2019 8:28:57 AM,False,6953,Accepted,
25975358,0568000,LOUISVILLE METRO POLICE DEPT,Accepted,JEFFERSON,KY2048,,CANNONS,LN,,,KLEMPNER,,,,,38.225436480,-85.651847006,0.406,11/25/2019 12:00:00 AM,1752,2,2,0,0,CLEAR,DRY,False,OTHER INTERSECTION COLLISIONS,REAR END,STRAIGHT & LEVEL,DARK-HWY LIGHTED/ON,,,11/26/2019 8:39:07 AM,False,7306,Accepted,
25975341,0568000,LOUISVILLE METRO POLICE DEPT,Accepted,JEFFERSON,,,CRITTENDEN,DR,,US0060A,EASTERN,,,,,38.211845708,-85.751322272,0.365,11/25/2019 12:00:00 AM,1437,2,2,0,0,CLEAR,DRY,True,OTHER INTERSECTION COLLISIONS,REAR END,CURVE & LEVEL,DAYLIGHT,,,11/26/2019 8:37:01 AM,False,7407,Accepted,
25975368,0568000,LOUISVILLE METRO POLICE DEPT,Accepted,JEFFERSON,,,28TH,ST,S,,VIRGINIA,,,,,38.238107048,-85.800295865,1.596,11/25/2019 12:00:00 AM,1845,2,2,0,0,CLEAR,DRY,False,OTHER INTERSECTION COLLISIONS,REAR END,STRAIGHT & LEVEL,DARK-HWY NOT LIGHTED,,,11/26/2019 8:40:33 AM,False,5273,Accepted,
25975392,0568000,LOUISVILLE METRO POLICE DEPT,Accepted,JEFFERSON,KY1065,,OUTER,LOOP,,,CAROL,,,,,38.138472149,-85.684323296,6.147,11/25/2019 12:00:00 AM,1929,2,2,0,0,CLEAR,DRY,False,OTHER INTERSECTION COLLISIONS,REAR END,STRAIGHT & LEVEL,DARK-HWY LIGHTED/ON,,,11/26/2019 8:42:38 AM,False,5214,Accepted,
25975298,0568000,LOUISVILLE METRO POLICE DEPT,Accepted,JEFFERSON,KY0061,,PRESTON,HWY,,,GRADE,,,,,38.180327039,-85.718704868,7.374,11/25/2019 12:00:00 AM,1723,3,3,0,0,CLEAR,DRY,True,OTHER INTERSECTION COLLISIONS,REAR END,STRAIGHT & LEVEL,DUSK,,,11/26/2019 8:31:42 AM,False,7451,Accepted,
25975423,0568000,LOUISVILLE METRO POLICE DEPT,Accepted,JEFFERSON,,,4TH,ST,S,,BRECKINRIDGE,,,,,38.241893171,-85.759111514,1.026,11/25/2019 12:00:00 AM,2049,1,1,0,0,CLEAR,DRY,False,OTHER INTERSECTION COLLISIONS,SINGLE VEHICLE,STRAIGHT & LEVEL,DARK-HWY LIGHTED/ON,,,11/26/2019 8:48:03 AM,False,5186,Accepted,
25980630,0568000,LOUISVILLE METRO POLICE DEPT,Accepted,JEFFERSON,,,FEGENBUSH,LN,,US0031E,BARDSTOWN,,,,,38.186742029,-85.638135122,0.004,11/25/2019 12:00:00 AM,1341,2,2,0,0,CLEAR,DRY,False,OTHER INTERSECTION COLLISIONS,REAR END,STRAIGHT & LEVEL,DAYLIGHT,,,11/27/2019 8:23:02 AM,False,7294,Accepted,
25997333,0568000,LOUISVILLE METRO POLICE DEPT,Accepted,JEFFERSON,US0060,,FRANKFORT,AVE,,KY2048,CANNONS,,,,,38.254090432,-85.670229643,2.725,11/25/2019 12:00:00 AM,1928,1,1,0,0,CLOUDY,DRY,True,OTHER INTERSECTION COLLISIONS,SINGLE VEHICLE,STRAIGHT & LEVEL,DARK-HWY LIGHTED/ON,,,12/2/2019 9:53:32 AM,False,2738,Accepted,
25997564,0568000,LOUISVILLE METRO POLICE DEPT,Accepted,JEFFERSON,,,DUMESNIL,ST,,,DIXIE,,,,,38.236378305,-85.787195414,1.740,11/25/2019 12:00:00 AM,1521,2,2,0,0,CLEAR,DRY,True,SIDESWIPE-SAME DIRECTION,SIDESWIPE-SAME DIRECTION,STRAIGHT & LEVEL,DAYLIGHT,,,12/2/2019 10:09:42 AM,False,5179,Accepted,
25975258,0568000,LOUISVILLE METRO POLICE DEPT,Accepted,JEFFERSON,KY1631,,CRITTENDEN,DR,,I 0264,I264 W EXIT11 ON RAMP FROM  CRITTENDEN DR,,,,,38.191368267,-85.750852496,0.239,11/25/2019 12:00:00 AM,0901,2,2,0,0,CLEAR,DRY,False,SIDESWIPE-SAME DIRECTION,SIDESWIPE-SAME DIRECTION,STRAIGHT & LEVEL,DAYLIGHT,,,11/26/2019 8:25:07 AM,False,7872,Accepted,
25975343,0568000,LOUISVILLE METRO POLICE DEPT,Accepted,JEFFERSON,,,ORMSBY,AVE,E,KY0061,JACKSON,,,,,38.230810173,-85.748079561,0.426,11/25/2019 12:00:00 AM,1606,2,2,0,0,CLEAR,DRY,True,SIDESWIPE-SAME DIRECTION,SIDESWIPE-SAME DIRECTION,STRAIGHT & LEVEL,DAYLIGHT,,,11/26/2019 8:37:09 AM,False,7407,Accepted,
25975300,0568000,LOUISVILLE METRO POLICE DEPT,Accepted,JEFFERSON,,,BARRET,AVE,,,WINTER,,,,,38.235752541,-85.727645883,1.008,11/25/2019 12:00:00 AM,1730,2,2,0,0,CLEAR,DRY,False,SIDESWIPE-SAME DIRECTION,SIDESWIPE-SAME DIRECTION,STRAIGHT & LEVEL,DUSK,,,11/26/2019 8:32:41 AM,False,5243,Accepted,
25975266,0568000,LOUISVILLE METRO POLICE DEPT,Accepted,JEFFERSON,,,CHESTNUT,ST,W,,27TH,,,,,38.253145010,-85.795936913,0.272,11/25/2019 12:00:00 AM,1057,2,2,0,0,CLEAR,DRY,False,SIDESWIPE-SAME DIRECTION,SIDESWIPE-SAME DIRECTION,STRAIGHT & LEVEL,DAYLIGHT,,,11/26/2019 8:26:37 AM,False,7361,Accepted,
25975273,0568000,LOUISVILLE METRO POLICE DEPT,Accepted,JEFFERSON,KY0061,,PRESTON,ST,S,US0060A,EASTERN,,,,,38.214583022,-85.743122719,10.127,11/25/2019 12:00:00 AM,1307,2,2,0,1,CLEAR,DRY,False,SIDESWIPE-SAME DIRECTION,SIDESWIPE-SAME DIRECTION,STRAIGHT & LEVEL,DAYLIGHT,,,11/26/2019 8:27:16 AM,False,7391,Accepted,
25980703,0568000,LOUISVILLE METRO POLICE DEPT,Accepted,JEFFERSON,,,HIKES,LN,,KY2251,BARDSTOWN,,,,,38.199047250,-85.660003027,0.863,11/25/2019 12:00:00 AM,1153,2,2,0,0,CLEAR,DRY,True,SIDESWIPE-SAME DIRECTION,SIDESWIPE-SAME DIRECTION,STRAIGHT & LEVEL,DAYLIGHT,,,11/27/2019 8:31:57 AM,False,7482,Accepted,
25969806,0568000,LOUISVILLE METRO POLICE DEPT,Accepted,JEFFERSON,US0031E,,BARDSTOWN,RD,,KY1932,BRECKENRIDGE,,,,,38.181221472,-85.626689860,8.703,11/25/2019 12:00:00 AM,0630,2,2,0,0,CLEAR,DRY,False,SIDESWIPE-SAME DIRECTION,SIDESWIPE-SAME DIRECTION,STRAIGHT & LEVEL,DARK-HWY LIGHTED/ON,,,11/25/2019 9:54:42 AM,False,5207,Accepted,
25975330,0568000,LOUISVILLE METRO POLICE DEPT,Accepted,JEFFERSON,,,STONESTREET,RD,,,BLEVINS GAP,,,,,38.092355425,-85.823406889,3.005,11/25/2019 12:00:00 AM,0951,2,2,0,1,CLEAR,DRY,False,VEHICLE BACKING IN INTERSECTION,BACKING,STRAIGHT & LEVEL,DAYLIGHT,,,11/26/2019 8:35:14 AM,False,6326,Accepted,
25980620,0568000,LOUISVILLE METRO POLICE DEPT,Accepted,JEFFERSON,,,MANNING,RD,,KY0061,PRESTON,,,,,38.198328326,-85.732034103,,11/25/2019 12:00:00 AM,1705,2,2,0,0,CLEAR,DRY,False,VEHICLE BACKING IN INTERSECTION,BACKING,STRAIGHT & LEVEL,DAYLIGHT,,,11/27/2019 8:21:59 AM,False,7938,Accepted,
25980632,0568000,LOUISVILLE METRO POLICE DEPT,Accepted,JEFFERSON,KY1934,,CANE RUN,RD,,KY1727,TERRY,,,,,38.178102348,-85.861891465,7.185,11/25/2019 12:00:00 AM,1852,2,2,0,1,CLEAR,DRY,False,OPPOSING LEFT TURN,OPPOSING LEFT TURN,STRAIGHT & LEVEL,DARK-HWY NOT LIGHTED,,,11/27/2019 8:23:22 AM,False,6318,Accepted,
25975068,0561000,JEFFERSONTOWN POLICE DEPT,Accepted,JEFFERSON,KY1819,,BILLTOWN,RD,,,FAIRGROUND,,,,,38.173251674,-85.572941944,7.666,11/25/2019 12:00:00 AM,1146,2,2,0,2,CLEAR,DRY,False,OPPOSING LEFT TURN,OPPOSING LEFT TURN,STRAIGHT & LEVEL,DAYLIGHT,,,11/26/2019 7:43:28 AM,False,8260,Accepted,
25975275,0568000,LOUISVILLE METRO POLICE DEPT,Accepted,JEFFERSON,KY1020,,3RD,ST,S,,CENTRAL STATION,,,,,38.203547619,-85.764155009,9.376,11/25/2019 12:00:00 AM,1333,2,2,0,0,CLEAR,DRY,False,OPPOSING LEFT TURN,OPPOSING LEFT TURN,STRAIGHT & LEVEL,DAYLIGHT,,,11/26/2019 8:27:27 AM,False,7872,Accepted,
25975262,0568000,LOUISVILLE METRO POLICE DEPT,Accepted,JEFFERSON,,,4TH,ST,S,,MONTANA,,,,,38.211678052,-85.764413003,3.130,11/25/2019 12:00:00 AM,1030,2,2,0,0,CLEAR,DRY,True,OPPOSING LEFT TURN,OPPOSING LEFT TURN,STRAIGHT & LEVEL,DAYLIGHT,,,11/26/2019 8:25:55 AM,False,7872,Accepted,
25980627,0568000,LOUISVILLE METRO POLICE DEPT,Accepted,JEFFERSON,,,BROADWAY,,W,,26TH,,,,,38.249515324,-85.794888949,0.358,11/25/2019 12:00:00 AM,1836,2,2,0,1,CLEAR,DRY,False,OPPOSING LEFT TURN,OPPOSING LEFT TURN,STRAIGHT & LEVEL,DARK-HWY LIGHTED/ON,,,11/27/2019 8:22:44 AM,False,7361,Accepted,
25975339,0568000,LOUISVILLE METRO POLICE DEPT,Accepted,JEFFERSON,KY0155,,TAYLORSVILLE,RD,,US0031E,BARDSTOWN,,,,,38.223011635,-85.684707206,16.540,11/25/2019 12:00:00 AM,1536,2,2,0,0,CLEAR,DRY,False,OPPOSING LEFT TURN,OPPOSING LEFT TURN,CURVE & LEVEL,DAYLIGHT,,,11/26/2019 8:36:31 AM,False,7960,Accepted,
25975395,0568000,LOUISVILLE METRO POLICE DEPT,Accepted,JEFFERSON,,,GOLDSMITH,LN,,,BELMONT,,,,,38.205709173,-85.673092533,0.784,11/25/2019 12:00:00 AM,2154,2,2,0,0,CLEAR,DRY,True,COLLISION WITH PARKED VEHICLE,OPPOSING LEFT TURN,CURVE & LEVEL,DARK (UNKNOWN ROADWAY LIGHTING),,,11/26/2019 8:43:14 AM,False,5203,Accepted,
25975352,0568000,LOUISVILLE METRO POLICE DEPT,Accepted,JEFFERSON,,,SMYRNA,PKWY,,,APPLEGATE,,,,,38.131626731,-85.642472816,0.437,11/25/2019 12:00:00 AM,1755,2,2,0,0,CLEAR,DRY,False,ANGLE COLLISION - ONE VEHICLE TURNING LEFT,ANGLE,STRAIGHT & LEVEL,DARK-HWY NOT LIGHTED,,,11/26/2019 8:38:15 AM,False,7484,Accepted,
25975282,0568000,LOUISVILLE METRO POLICE DEPT,Accepted,JEFFERSON,,,ALTA,AVE,,US0031E,BARDSTOWN,,,,,38.231145287,-85.706016853,,11/25/2019 12:00:00 AM,1543,2,2,0,0,CLEAR,DRY,False,COLLISION WITH PARKED VEHICLE,SIDESWIPE-SAME DIRECTION,STRAIGHT & LEVEL,DAYLIGHT,,,11/26/2019 8:28:38 AM,False,7570,Accepted,
25980702,0568000,LOUISVILLE METRO POLICE DEPT,Accepted,JEFFERSON,KY1932,,BRECKENRIDGE,LN,,,HIKES,,,,,38.218175621,-85.628623759,2.692,11/25/2019 12:00:00 AM,0726,2,2,0,0,CLEAR,DRY,True,ANGLE COLLISION - OTHER,ANGLE,STRAIGHT & LEVEL,DAYLIGHT,,,11/27/2019 8:31:29 AM,False,7482,Accepted,
25980709,0568000,LOUISVILLE METRO POLICE DEPT,Accepted,JEFFERSON,,,3RD,ST,S,,KINGSTON,,,,,38.173056207,-85.767721985,1.779,11/25/2019 12:00:00 AM,1359,2,2,0,0,CLEAR,DRY,False,ANGLE COLLISION - OTHER,ANGLE,STRAIGHT & LEVEL,DAYLIGHT,,,11/27/2019 8:33:27 AM,False,2745,Accepted,
25975294,0568000,LOUISVILLE METRO POLICE DEPT,Accepted,JEFFERSON,,,BROADWAY,,W,,26TH,,,,,38.249369424,-85.794888992,0.358,11/25/2019 12:00:00 AM,1621,2,2,0,0,CLEAR,DRY,True,ANGLE COLLISION - OTHER,ANGLE,STRAIGHT & LEVEL,DAYLIGHT,,,11/26/2019 8:31:00 AM,False,7361,Accepted,
25975279,0568000,LOUISVILLE METRO POLICE DEPT,Accepted,JEFFERSON,,,SPRING,ST,N,US0042,MELLWOOD,,,,,38.255540269,-85.722297752,0.190,11/25/2019 12:00:00 AM,0940,2,2,0,0,CLEAR,DRY,False,ANGLE COLLISION - OTHER,ANGLE,STRAIGHT & LEVEL,DAYLIGHT,,,11/26/2019 8:27:50 AM,False,6907,Accepted,
25975396,0568000,LOUISVILLE METRO POLICE DEPT,Accepted,JEFFERSON,,,40TH,ST,S,KY2056,BELLS,,,,,38.222945710,-85.822661733,1.688,11/25/2019 12:00:00 AM,1932,2,2,0,0,CLEAR,DRY,False,ANGLE COLLISION - OTHER,ANGLE,STRAIGHT & LEVEL,DARK-HWY LIGHTED/ON,,,11/26/2019 8:43:42 AM,False,7181,Accepted,
25975369,0568000,LOUISVILLE METRO POLICE DEPT,Accepted,JEFFERSON,KY2052,,SHEPHERDSVILLE,RD,,,YE OLD POST,,,,,38.151823636,-85.659741569,0.911,11/25/2019 12:00:00 AM,1340,2,2,0,0,CLEAR,DRY,False,ANGLE COLLISION - OTHER,ANGLE,STRAIGHT & LEVEL,DAYLIGHT,,,11/26/2019 8:40:53 AM,False,4693,Accepted,
25975305,0568000,LOUISVILLE METRO POLICE DEPT,Accepted,JEFFERSON,,,BROOK,ST,S,,HILL BEND,,,,,38.225520913,-85.755242818,1.453,11/25/2019 12:00:00 AM,0722,1,1,0,1,CLEAR,DRY,False,COLLISION WITH FIXED OBJECT IN INTERSECTION - FIRST EVENT COLLISION 09 - 32,SINGLE VEHICLE,STRAIGHT & LEVEL,DAYLIGHT,,,11/26/2019 8:33:58 AM,False,7441,Accepted,
25975448,0568000,LOUISVILLE METRO POLICE DEPT,Accepted,JEFFERSON,,,OXMOOR,LN,,,BULLITT,,,,,38.246889183,-85.613520880,0.170,11/25/2019 12:00:00 AM,1908,2,2,0,2,CLEAR,DRY,False,ANGLE COLLISION - OTHER,ANGLE,CURVE & LEVEL,DARK-HWY LIGHTED/ON,,,11/26/2019 8:50:16 AM,False,7055,Accepted,