IncidentID,AgencyORI,AgencyName,IncidentStatusDesc,County,RdwyNumber,Street,RoadwayName,StreetSfx,StreetDir,IntersectionRdwy,IntersectionRdwyName,BetweenStRdwy1,BetweenStRdwyName1,BetweenStRdwy2,BetweenStRdwyName2,Latitude,Longitude,Milepoint,CollisionDate,CollisionTime,UnitsInvolved,MotorVehiclesInvolved,NumberKilled,NumberInjured,Weather,RdwyConditionCode,HitandRun,DirAnalysisCode,MannerofCollision,RdwyCharacter,LightCondition,RampFromRdwyId,RampToRdwyId,AcceptedDate,IsSecondaryCollision,OwnerBadge,IncidentStatus,
25997325,0568000,LOUISVILLE METRO POLICE DEPT,Accepted,JEFFERSON,,,SPRINGDALE,RD,,,PARK PLAZA,,,,,38.307452803,-85.579989786,0.209,11/25/2019 12:00:00 AM,0758,2,2,0,0,CLEAR,DRY,False,ANGLE COLLISION - OTHER,ANGLE,STRAIGHT & LEVEL,DAYLIGHT,,,12/2/2019 9:52:19 AM,False,7858,Accepted,
25975268,0568000,LOUISVILLE METRO POLICE DEPT,Accepted,JEFFERSON,US0031E,,BARDSTOWN,RD,,,HAWTHORNE,,,,,38.216968704,-85.676342631,12.510,11/25/2019 12:00:00 AM,0901,2,2,0,0,CLEAR,DRY,False,ANGLE COLLISION - OTHER,ANGLE,STRAIGHT & LEVEL,DAYLIGHT,,,11/26/2019 8:26:47 AM,False,7306,Accepted,
25975340,0568000,LOUISVILLE METRO POLICE DEPT,Accepted,JEFFERSON,,,STEVENS,AVE,,,NORRIS,,,,,38.229281603,-85.710331784,0.240,11/25/2019 12:00:00 AM,1757,2,2,0,0,CLEAR,DRY,False,ANGLE COLLISION - OTHER,ANGLE,CURVE & HILLCREST,DARK-HWY LIGHTED/ON,,,11/26/2019 8:36:41 AM,False,7960,Accepted,
25975331,0568000,LOUISVILLE METRO POLICE DEPT,Accepted,JEFFERSON,,,7TH,ST,S,,SHIPP,,,,,38.226262080,-85.769297946,0.613,11/25/2019 12:00:00 AM,1403,2,2,0,0,CLEAR,DRY,False,ANGLE COLLISION - OTHER,ANGLE,STRAIGHT & LEVEL,DAYLIGHT,,,11/26/2019 8:35:23 AM,False,5213,Accepted,
25969768,0568000,LOUISVILLE METRO POLICE DEPT,Accepted,JEFFERSON,,,JEFFERSON,ST,W,,1ST,,,,,38.253464397,-85.753440614,0.076,11/24/2019 12:00:00 AM,1330,2,2,0,0,CLEAR,DRY,False,ANGLE COLLISION - OTHER,ANGLE,STRAIGHT & LEVEL,DAYLIGHT,,,11/25/2019 9:48:58 AM,False,5265,Accepted,
25969661,0568000,LOUISVILLE METRO POLICE DEPT,Accepted,JEFFERSON,,,SOUTHSIDE,DR,,,TENNY,,,,,38.176686449,-85.764813840,0.006,11/24/2019 12:00:00 AM,0910,2,2,0,0,CLEAR,DRY,False,ANGLE COLLISION - OTHER,ANGLE,STRAIGHT & HILLCREST,DAYLIGHT,,,11/25/2019 9:39:09 AM,False,5249,Accepted,
25969718,0568000,LOUISVILLE METRO POLICE DEPT,Accepted,JEFFERSON,,,FERN CREEK,RD,,,MOSSY OAKS,,,,,38.159191647,-85.584585386,1.200,11/24/2019 12:00:00 AM,0952,2,2,0,1,CLEAR,DRY,False,ANGLE COLLISION - OTHER,ANGLE,STRAIGHT & LEVEL,DAYLIGHT,,,11/25/2019 9:45:50 AM,False,5262,Accepted,
25969799,0568000,LOUISVILLE METRO POLICE DEPT,Accepted,JEFFERSON,KY1931,,MANSLICK,RD,,,CRUMS,,,,,38.189224916,-85.801292726,7.928,11/24/2019 12:00:00 AM,2114,2,2,0,3,CLEAR,DRY,False,ANGLE COLLISION - OTHER,ANGLE,STRAIGHT & LEVEL,DARK-HWY LIGHTED/ON,,,11/25/2019 9:53:53 AM,False,5230,Accepted,
25969762,0568000,LOUISVILLE METRO POLICE DEPT,Accepted,JEFFERSON,,,SOUTHERN,AVE,,,HEMLOCK,,,,,38.231969148,-85.803658761,0.098,11/24/2019 12:00:00 AM,1312,2,2,0,0,CLEAR,DRY,True,ANGLE COLLISION - OTHER,ANGLE,STRAIGHT & LEVEL,DAYLIGHT,,,11/25/2019 9:48:27 AM,False,7363,Accepted,
25969804,0568000,LOUISVILLE METRO POLICE DEPT,Accepted,JEFFERSON,,,UPPER HUNTERS,TRCE,,,WELLSWORTH,,,,,38.167612504,-85.836810432,0.471,11/24/2019 12:00:00 AM,2024,2,2,0,1,CLEAR,DRY,False,ANGLE COLLISION - OTHER,ANGLE,STRAIGHT & LEVEL,DARK-HWY LIGHTED/ON,,,11/25/2019 9:54:33 AM,False,5170,Accepted,
25969822,0568000,LOUISVILLE METRO POLICE DEPT,Accepted,JEFFERSON,US0031E,,MAIN,ST,E,US0042,STORY,,,,,38.254002772,-85.732649102,16.739,11/24/2019 12:00:00 AM,2038,2,2,0,1,CLEAR,DRY,False,ANGLE COLLISION - OTHER,ANGLE,STRAIGHT & LEVEL,DARK-HWY NOT LIGHTED,,,11/25/2019 9:56:44 AM,False,5148,Accepted,
25969680,0568000,LOUISVILLE METRO POLICE DEPT,Accepted,JEFFERSON,,,6TH,ST,S,,M,,,,,38.208895902,-85.768288130,2.547,11/24/2019 12:00:00 AM,1211,2,2,0,0,CLEAR,DRY,False,ANGLE COLLISION - OTHER,ANGLE,STRAIGHT & LEVEL,DAYLIGHT,,,11/25/2019 9:41:43 AM,False,7251,Accepted,
25969714,0568000,LOUISVILLE METRO POLICE DEPT,Accepted,JEFFERSON,KY0864,,POPLAR LEVEL,RD,,,NAOMI,,,,,38.165300678,-85.680367561,8.717,11/24/2019 12:00:00 AM,1529,3,3,0,0,CLEAR,DRY,False,ANGLE COLLISION - OTHER,ANGLE,STRAIGHT & LEVEL,DAYLIGHT,,,11/25/2019 9:45:14 AM,False,5019,Accepted,
25969682,0568000,LOUISVILLE METRO POLICE DEPT,Accepted,JEFFERSON,US0031E,,BAXTER,AVE,,,PAYNE,,,,,38.246331992,-85.729015399,16.128,11/24/2019 12:00:00 AM,0939,2,2,0,0,CLEAR,DRY,False,ANGLE COLLISION - OTHER,ANGLE,STRAIGHT & GRADE,DAYLIGHT,,,11/25/2019 9:41:53 AM,False,2228,Accepted,
25969708,0568000,LOUISVILLE METRO POLICE DEPT,Accepted,JEFFERSON,,,WATTERSON,TRL,S,,GLASER,,,,,38.144365767,-85.615156333,2.822,11/24/2019 12:00:00 AM,1217,3,3,0,1,CLEAR,DRY,False,ANGLE COLLISION - OTHER,ANGLE,STRAIGHT & LEVEL,DAYLIGHT,,,11/25/2019 9:44:26 AM,False,5270,Accepted,
25969784,0568000,LOUISVILLE METRO POLICE DEPT,Accepted,JEFFERSON,US0031W,,22ND,ST,S,,KENTUCKY,,,,,38.242137553,-85.789539444,19.060,11/24/2019 12:00:00 AM,1620,2,1,0,1,CLEAR,DRY,False,COLLISION WITH BICYCLE IN INTERSECTION,SINGLE VEHICLE,STRAIGHT & LEVEL,DAYLIGHT,,,11/25/2019 9:50:40 AM,False,5151,Accepted,
25997334,0568000,LOUISVILLE METRO POLICE DEPT,Accepted,JEFFERSON,,,HILL,ST,E,,PRESTON,,,,,38.225995695,-85.750937328,0.194,11/24/2019 12:00:00 AM,0146,1,1,0,1,CLEAR,DRY,False,COLLISION WITH FIXED OBJECT IN INTERSECTION - FIRST EVENT COLLISION 09 - 32,SINGLE VEHICLE,STRAIGHT & LEVEL,DARK-HWY LIGHTED/ON,,,12/2/2019 9:53:39 AM,False,5123,Accepted,
25997352,0568000,LOUISVILLE METRO POLICE DEPT,Accepted,JEFFERSON,,,ROSEMONT,BLVD,,,HIKES,,,,,38.205744306,-85.649073845,0.009,11/24/2019 12:00:00 AM,2100,1,1,0,0,CLOUDY,DRY,False,COLLISION WITH FIXED OBJECT IN INTERSECTION - FIRST EVENT COLLISION 09 - 32,SINGLE VEHICLE,STRAIGHT & LEVEL,DARK-HWY LIGHTED/ON,,,12/2/2019 9:54:58 AM,False,7200,Accepted,
26008684,0568000,LOUISVILLE METRO POLICE DEPT,Accepted,JEFFERSON,US0060A,,EASTERN,PKWY,,,BARRET,,,,,38.226713812,-85.719807331,6.143,11/24/2019 12:00:00 AM,0208,1,1,0,0,CLOUDY,WET,True,COLLISION WITH FIXED OBJECT IN INTERSECTION - FIRST EVENT COLLISION 09 - 32,SINGLE VEHICLE,CURVE & LEVEL,DARK-HWY LIGHTED/ON,,,12/4/2019 8:30:28 AM,False,7376,Accepted,
25969704,0568000,LOUISVILLE METRO POLICE DEPT,Accepted,JEFFERSON,US0031W,,DIXIE,HWY,,US0031W,US31W RAMP FROM KY1934,,,,,38.090945724,-85.876737929,7.352,11/24/2019 12:00:00 AM,1145,2,2,0,0,CLEAR,DRY,False,ANGLE COLLISION - OTHER,ANGLE,STRAIGHT & LEVEL,DAYLIGHT,,,11/25/2019 9:43:49 AM,False,7336,Accepted,
25969670,0568000,LOUISVILLE METRO POLICE DEPT,Accepted,JEFFERSON,,,NORTON HEALTHCARE,BLVD,,KY0022,BROWNSBORO,,,,,38.311054916,-85.570291403,0.009,11/24/2019 12:00:00 AM,1113,2,2,0,0,CLEAR,DRY,True,ANGLE COLLISION - ONE VEHICLE TURNING RIGHT,ANGLE,STRAIGHT & LEVEL,DAYLIGHT,,,11/25/2019 9:40:35 AM,False,7313,Accepted,
25969785,0568000,LOUISVILLE METRO POLICE DEPT,Accepted,JEFFERSON,US0150,,BROADWAY,,W,,ROY WILKINS,,,,,38.246961266,-85.766791180,1.922,11/24/2019 12:00:00 AM,2115,2,2,0,0,CLEAR,DRY,True,ANGLE COLLISION - ONE VEHICLE TURNING RIGHT,ANGLE,STRAIGHT & LEVEL,DARK-HWY LIGHTED/ON,,,11/25/2019 9:50:49 AM,False,7360,Accepted,
25969800,0568000,LOUISVILLE METRO POLICE DEPT,Accepted,JEFFERSON,KY2052,,SHEPHERDSVILLE,RD,,,INDIAN,,,,,38.185823130,-85.659685460,3.265,11/24/2019 12:00:00 AM,2147,3,3,0,0,CLEAR,DRY,True,OPPOSING LEFT TURN,OPPOSING LEFT TURN,STRAIGHT & LEVEL,DARK-HWY NOT LIGHTED,,,11/25/2019 9:54:00 AM,False,5233,Accepted,
25969794,0568000,LOUISVILLE METRO POLICE DEPT,Accepted,JEFFERSON,,,HALE,AVE,,US0031W,22ND,,,,,38.238389023,-85.790102717,0.647,11/24/2019 12:00:00 AM,1830,2,2,0,0,CLEAR,DRY,True,OPPOSITE DIRECTION - BOTH VEHICLES GOING STRAIGHT AHEAD,SIDESWIPE-OPPOSITE DIRECTION,STRAIGHT & LEVEL,DUSK,,,11/25/2019 9:52:48 AM,False,7175,Accepted,
25969738,0568000,LOUISVILLE METRO POLICE DEPT,Accepted,JEFFERSON,KY3082,,BANK,ST,,,27TH,,,,,38.270106103,-85.793105865,0.962,11/24/2019 12:00:00 AM,1521,2,2,0,0,CLEAR,DRY,False,SIDESWIPE-SAME DIRECTION,SIDESWIPE-SAME DIRECTION,STRAIGHT & LEVEL,DAYLIGHT,,,11/25/2019 9:47:01 AM,False,7463,Accepted,
25969721,0568000,LOUISVILLE METRO POLICE DEPT,Accepted,JEFFERSON,,,HILL,ST,W,,15TH,,,,,38.227965063,-85.780142034,1.272,11/24/2019 12:00:00 AM,1715,2,2,0,0,CLEAR,DRY,True,SIDESWIPE-SAME DIRECTION,SIDESWIPE-SAME DIRECTION,STRAIGHT & LEVEL,DAWN,,,11/25/2019 9:46:23 AM,False,5257,Accepted,
25969667,0568000,LOUISVILLE METRO POLICE DEPT,Accepted,JEFFERSON,US0031E,,BARDSTOWN,RD,,,HEATHER,,,,,38.205581536,-85.666754003,11.563,11/24/2019 12:00:00 AM,1033,2,2,0,0,CLEAR,DRY,False,SIDESWIPE-SAME DIRECTION,SIDESWIPE-SAME DIRECTION,STRAIGHT & LEVEL,DAYLIGHT,,,11/25/2019 9:40:14 AM,False,7864,Accepted,
25997377,0568000,LOUISVILLE METRO POLICE DEPT,Accepted,JEFFERSON,KY1747,,FERN VALLEY,RD,,,JEFFERSON,,,,,38.156932229,-85.671340777,3.351,11/24/2019 12:00:00 AM,1815,2,2,0,0,CLEAR,DRY,True,SIDESWIPE-SAME DIRECTION,SIDESWIPE-SAME DIRECTION,STRAIGHT & LEVEL,DARK-HWY LIGHTED/ON,,,12/2/2019 9:57:38 AM,False,7397,Accepted,
25969746,0568000,LOUISVILLE METRO POLICE DEPT,Accepted,JEFFERSON,KY1934,,CANE RUN,RD,,KY1727,TERRY,,,,,38.178178198,-85.861866770,7.189,11/24/2019 12:00:00 AM,1000,2,2,0,0,CLEAR,DRY,False,REAR END - ONE VEHICLE TURNING RIGHT,REAR END,STRAIGHT & LEVEL,DAYLIGHT,,,11/25/2019 9:47:24 AM,False,5266,Accepted,
25969716,0568000,LOUISVILLE METRO POLICE DEPT,Accepted,JEFFERSON,,,19TH,ST,S,,ESQUIRE,,,,,38.249978360,-85.783002140,0.653,11/24/2019 12:00:00 AM,1709,2,1,0,1,CLEAR,DRY,True,OTHER INTERSECTION COLLISIONS,SINGLE VEHICLE,STRAIGHT & LEVEL,DAYLIGHT,,,11/25/2019 9:45:28 AM,False,7947,Accepted,
25997440,0568000,LOUISVILLE METRO POLICE DEPT,Accepted,JEFFERSON,,,STONESTREET,RD,,,POND STATION,,,,,38.103291570,-85.828820822,2.126,11/24/2019 12:00:00 AM,0159,1,1,0,0,CLEAR,DRY,True,OTHER INTERSECTION COLLISIONS,SINGLE VEHICLE,STRAIGHT & LEVEL,DARK-HWY LIGHTED/ON,,,12/2/2019 10:02:29 AM,False,2457,Accepted,
26051296,0568000,LOUISVILLE METRO POLICE DEPT,Accepted,JEFFERSON,US0031E,,MARKET,ST,E,,1ST,,,,,38.254562883,-85.751739829,17.660,11/24/2019 12:00:00 AM,2101,2,2,0,0,CLEAR,DRY,False,SIDESWIPE-SAME DIRECTION,SIDESWIPE-SAME DIRECTION,STRAIGHT & LEVEL,DARK-HWY NOT LIGHTED,,,12/13/2019 8:35:27 AM,False,5148,Accepted,
25969707,0568000,LOUISVILLE METRO POLICE DEPT,Accepted,JEFFERSON,,,TRIO,AVE,,KY0061,PRESTON,,,,,38.129867908,-85.682070412,0.116,11/24/2019 12:00:00 AM,1502,2,2,0,0,CLEAR,DRY,False,OTHER INTERSECTION COLLISIONS,REAR END,STRAIGHT & LEVEL,DAYLIGHT,,,11/25/2019 9:44:12 AM,False,7397,Accepted,
25969672,0568000,LOUISVILLE METRO POLICE DEPT,Accepted,JEFFERSON,,,WATTERSON,TRL,,,NACHAND,,,,,38.181380044,-85.616189186,0.513,11/24/2019 12:00:00 AM,1130,3,3,0,0,CLEAR,DRY,False,OTHER INTERSECTION COLLISIONS,REAR END,STRAIGHT & LEVEL,DAYLIGHT,,,11/25/2019 9:40:47 AM,False,7307,Accepted,
25969791,0568000,LOUISVILLE METRO POLICE DEPT,Accepted,JEFFERSON,US0031E,,BARDSTOWN,RD,,,DEL MARIA,,,,,38.170164756,-85.607001963,7.378,11/24/2019 12:00:00 AM,2014,2,2,0,0,CLEAR,DRY,False,OTHER INTERSECTION COLLISIONS,REAR END,STRAIGHT & LEVEL,DARK-HWY LIGHTED/ON,,,11/25/2019 9:52:04 AM,False,5191,Accepted,
25969748,0568000,LOUISVILLE METRO POLICE DEPT,Accepted,JEFFERSON,,,MANNER DALE,DR,,,ENRIDGE,,,,,38.202293816,-85.621128206,0.071,11/24/2019 12:00:00 AM,1757,2,2,0,1,CLEAR,DRY,False,OTHER INTERSECTION COLLISIONS,REAR END,STRAIGHT & LEVEL,DARK-HWY LIGHTED/ON,,,11/25/2019 9:47:43 AM,False,7303,Accepted,
25969753,0568000,LOUISVILLE METRO POLICE DEPT,Accepted,JEFFERSON,KY0155,,TAYLORSVILLE,RD,,,LOWE,,,,,38.218934178,-85.606848196,12.303,11/24/2019 12:00:00 AM,1822,2,2,0,0,CLEAR,DRY,False,OTHER INTERSECTION COLLISIONS,REAR END,STRAIGHT & LEVEL,DARK (UNKNOWN ROADWAY LIGHTING),,,11/25/2019 9:48:10 AM,False,7366,Accepted,
25969780,0568000,LOUISVILLE METRO POLICE DEPT,Accepted,JEFFERSON,,,23RD,ST,S,,GARLAND,,,,,38.244277405,-85.791516000,0.676,11/24/2019 12:00:00 AM,1058,3,3,0,2,CLEAR,DRY,True,OTHER INTERSECTION COLLISIONS,REAR END,STRAIGHT & LEVEL,DAYLIGHT,,,11/25/2019 9:50:17 AM,False,5151,Accepted,
25969786,0568000,LOUISVILLE METRO POLICE DEPT,Accepted,JEFFERSON,KY0061,,PRESTON,HWY,,,,,,,,38.168082380,-85.705836903,6.278,11/24/2019 12:00:00 AM,2005,2,1,1,0,CLEAR,DRY,False,COLLISION WITH PEDESTRIAN NON - INTERSECTION,SINGLE VEHICLE,STRAIGHT & LEVEL,DARK-HWY NOT LIGHTED,,,11/25/2019 9:51:00 AM,False,6886,Accepted,
25969578,0568000,LOUISVILLE METRO POLICE DEPT,Accepted,JEFFERSON,I 0264,,I264 W,,,,,,,,,38.286259899,-85.644164598,22.716,11/24/2019 12:00:00 AM,0001,1,1,0,1,CLEAR,WET,False,COLLISION WITH FIXED OBJECT NON - INTERSECTION - FIRST EVENT COLLISION 09 - 32 EXCLUDING 16,SINGLE VEHICLE,CURVE & GRADE,DARK-HWY LIGHTED/ON,,,11/25/2019 9:31:50 AM,False,5102,Accepted,
25969715,0568000,LOUISVILLE METRO POLICE DEPT,Accepted,JEFFERSON,,,24TH,ST,S,,,,CEDAR,,GREEN,38.256274080,-85.791253440,0.286,11/24/2019 12:00:00 AM,1311,2,2,0,0,CLEAR,DRY,True,1 VEHICLE PARKED POSITION (NOT PARKING LOT/DRIVEWAY),SIDESWIPE-SAME DIRECTION,STRAIGHT & LEVEL,DAYLIGHT,,,11/25/2019 9:45:21 AM,False,7947,Accepted,
26030682,0568000,LOUISVILLE METRO POLICE DEPT,Accepted,JEFFERSON,,3024,WYANDOTTE,AVE,,,,,,,,38.224813229,-85.800499898,0.027,11/24/2019 12:00:00 AM,1543,2,2,0,0,CLEAR,DRY,False,1 VEHICLE ENTERING OR LEAVING PARKED POSITION (NOT PARKING LOT),ANGLE,STRAIGHT & LEVEL,DAYLIGHT,,,12/9/2019 9:33:11 AM,False,5002,Accepted,
25969783,0568000,LOUISVILLE METRO POLICE DEPT,Accepted,JEFFERSON,,1645,OAK,ST,W,,,,,,,38.237191978,-85.783301805,1.532,11/24/2019 12:00:00 AM,1813,3,3,0,1,CLEAR,DRY,False,1 VEHICLE PARKED POSITION (NOT PARKING LOT/DRIVEWAY),REAR END,STRAIGHT & LEVEL,DARK-HWY LIGHTED/ON,,,11/25/2019 9:50:27 AM,False,5151,Accepted,
26030379,0568000,LOUISVILLE METRO POLICE DEPT,Accepted,JEFFERSON,,,GLENMARY,AVE,,,,KY2860,GRINSTEAD,,RANSDELL,38.242702493,-85.707537480,0.021,11/24/2019 12:00:00 AM,0245,3,3,0,0,CLOUDY,DRY,False,1 VEHICLE PARKED POSITION (NOT PARKING LOT/DRIVEWAY),SIDESWIPE-SAME DIRECTION,STRAIGHT & LEVEL,DARK-HWY LIGHTED/ON,,,12/9/2019 9:13:48 AM,False,2953,Accepted,
25969742,0568000,LOUISVILLE METRO POLICE DEPT,Accepted,JEFFERSON,KY1819,,BILLTOWN,RD,,,,,SEATONVILLE,KY6328,KENDRICK,38.139549700,-85.539346560,4.590,11/24/2019 12:00:00 AM,1500,1,1,0,1,CLEAR,DRY,False,RAN OFF ROADWAY (1 VEHICLE WITH/EARTH EMBANKMENT/DITCH),SINGLE VEHICLE,CURVE & LEVEL,DAYLIGHT,,,11/25/2019 9:47:10 AM,False,6878,Accepted,
25969705,0568000,LOUISVILLE METRO POLICE DEPT,Accepted,JEFFERSON,US0031W,9080,DIXIE,HWY,,,,,,,,38.123538508,-85.853796791,9.940,11/24/2019 12:00:00 AM,1350,2,2,0,0,CLEAR,DRY,False,REAR END IN TRAFFIC LANES BOTH VEHICLES MOVING,REAR END,STRAIGHT & LEVEL,DAYLIGHT,,,11/25/2019 9:43:56 AM,False,7336,Accepted,
25969789,0568000,LOUISVILLE METRO POLICE DEPT,Accepted,JEFFERSON,KY0907,7515,3RD ST,RD,,,,,,,,38.139128842,-85.783575866,5.722,11/24/2019 12:00:00 AM,0237,2,2,0,0,CLOUDY,DRY,False,REAR END IN TRAFFIC LANES BOTH VEHICLES MOVING,REAR END,STRAIGHT & LEVEL,DARK-HWY LIGHTED/ON,,,11/25/2019 9:51:54 AM,False,7444,Accepted,
25969729,0568000,LOUISVILLE METRO POLICE DEPT,Accepted,JEFFERSON,I 0071,,I71 N,,,,,,,,,38.318022359,-85.572099918,9.675,11/24/2019 12:00:00 AM,1031,2,2,0,0,CLEAR,DRY,False,REAR END IN TRAFFIC LANES BOTH VEHICLES MOVING,REAR END,STRAIGHT & LEVEL,DAYLIGHT,,,11/25/2019 9:46:41 AM,False,7751,Accepted,
25969798,0568000,LOUISVILLE METRO POLICE DEPT,Accepted,JEFFERSON,,,GILMORE,LN,,,,,,,,38.179857646,-85.703797043,0.610,11/24/2019 12:00:00 AM,2120,2,2,0,0,CLEAR,DRY,False,SIDESWIPE COLLISION - OPPOSITE DIRECTION,SIDESWIPE-OPPOSITE DIRECTION,STRAIGHT & LEVEL,DARK-HWY LIGHTED/OFF,,,11/25/2019 9:53:25 AM,False,5286,Accepted,
25997221,0568000,LOUISVILLE METRO POLICE DEPT,Accepted,JEFFERSON,,,7TH,ST,S,,,,,,,38.229712668,-85.767254199,0.886,11/24/2019 12:00:00 AM,1627,2,2,0,0,CLEAR,DRY,True,SIDESWIPE COLLISION - SAME DIRECTION,SIDESWIPE-SAME DIRECTION,STRAIGHT & LEVEL,DAYLIGHT,,,12/2/2019 9:40:37 AM,False,7495,Accepted,
25969730,0568000,LOUISVILLE METRO POLICE DEPT,Accepted,JEFFERSON,KY1447,,WESTPORT,RD,,,,,FREYS HILL,,ASSEMBLY,38.293238869,-85.560262408,5.962,11/24/2019 12:00:00 AM,1216,2,2,0,0,CLEAR,DRY,False,SIDESWIPE COLLISION - SAME DIRECTION,SIDESWIPE-SAME DIRECTION,STRAIGHT & LEVEL,DAYLIGHT,,,11/25/2019 9:46:45 AM,False,7751,Accepted,
25969723,0568000,LOUISVILLE METRO POLICE DEPT,Accepted,JEFFERSON,KY1865,4034,TAYLOR,BLVD,,,,,BICKNELL,,CARRICO,38.184115577,-85.783906217,5.355,11/24/2019 12:00:00 AM,0805,1,1,0,0,CLEAR,WET,False,OTHER COLLISIONS ON SHOULDER,SINGLE VEHICLE,STRAIGHT & LEVEL,DAYLIGHT,,,11/25/2019 9:46:30 AM,False,5245,Accepted,
26002615,0568000,LOUISVILLE METRO POLICE DEPT,Accepted,JEFFERSON,KY0061,,PRESTON,HWY,,I 0065,I65 N EXIT130 ON RAMP FROM KY61,,,,,38.178873491,-85.717194304,7.253,11/24/2019 12:00:00 AM,1749,2,2,0,2,CLEAR,DRY,False,HEAD-ON COLLISION,HEAD ON,STRAIGHT & LEVEL,DUSK,,,12/3/2019 7:32:07 AM,False,2308,Accepted,
25969709,0568000,LOUISVILLE METRO POLICE DEPT,Accepted,JEFFERSON,I 0065,,,,,,,,,,,38.179231960,-85.719381873,0.176,11/24/2019 12:00:00 AM,1434,3,3,0,0,CLEAR,DRY,False,REAR END IN TRAFFIC LANES BOTH VEHICLES MOVING,REAR END,STRAIGHT & LEVEL,DAYLIGHT,KY0061,I 0065,11/25/2019 9:44:31 AM,False,2796,Accepted,
25969684,0568000,LOUISVILLE METRO POLICE DEPT,Accepted,JEFFERSON,KY2860,,GRINSTEAD,DR,,,,US0031E,BARDSTOWN,,CHEROKEE,38.238482553,-85.720879497,0.007,11/24/2019 12:00:00 AM,1309,2,2,0,0,CLEAR,DRY,False,REAR END IN TRAFFIC LANES BOTH VEHICLES MOVING,REAR END,STRAIGHT & GRADE,DAYLIGHT,,,11/25/2019 9:42:15 AM,False,2228,Accepted,
25997574,0568000,LOUISVILLE METRO POLICE DEPT,Accepted,JEFFERSON,,,CENTRAL,AVE,,,,,,,,38.202955907,-85.750714396,0.002,11/24/2019 12:00:00 AM,0407,2,2,0,1,RAINING,WET,False,REAR END IN TRAFFIC LANES BOTH VEHICLES MOVING,REAR END,STRAIGHT & LEVEL,DARK-HWY LIGHTED/ON,,,12/2/2019 10:10:48 AM,False,5163,Accepted,
25969770,0568000,LOUISVILLE METRO POLICE DEPT,Accepted,JEFFERSON,,,7TH,ST,S,KY2054,ALGONQUIN,,,,,38.220059702,-85.777375992,,11/24/2019 12:00:00 AM,1408,2,2,0,4,CLEAR,DRY,False,HEAD-ON COLLISION,HEAD ON,STRAIGHT & LEVEL,DAYLIGHT,,,11/25/2019 9:49:19 AM,False,5282,Accepted,
25969620,0568000,LOUISVILLE METRO POLICE DEPT,Accepted,JEFFERSON,US0031E,,MARKET,ST,E,,BROOK,,,,,38.254513014,-85.750137931,17.568,11/24/2019 12:00:00 AM,0002,2,2,0,2,CLEAR,DRY,False,HEAD-ON COLLISION,HEAD ON,STRAIGHT & LEVEL,DARK-HWY LIGHTED/ON,,,11/25/2019 9:34:02 AM,False,5195,Accepted,
26008646,0568000,LOUISVILLE METRO POLICE DEPT,Accepted,JEFFERSON,US0031W,,DIXIE,HWY,,,,,ABBOTTS BEACH,,KATHERINE STATION,38.011912334,-85.928273134,1.081,11/24/2019 12:00:00 AM,1812,2,2,0,5,CLOUDY,WET,False,HEAD-ON COLLISION,HEAD ON,STRAIGHT & LEVEL,DARK-HWY LIGHTED/OFF,,,12/4/2019 8:25:46 AM,False,7634,Accepted,
25969633,0568000,LOUISVILLE METRO POLICE DEPT,Accepted,JEFFERSON,,,34TH,ST,S,,SOUTHERN,,,,,38.232409416,-85.812231190,2.071,11/24/2019 12:00:00 AM,0130,3,3,0,2,CLEAR,WET,False,HEAD-ON COLLISION,HEAD ON,STRAIGHT & LEVEL,DARK-HWY LIGHTED/ON,,,11/25/2019 9:35:30 AM,False,5181,Accepted,
25969769,0568000,LOUISVILLE METRO POLICE DEPT,Accepted,JEFFERSON,,,BROOK,ST,S,,,,,,,38.252954944,-85.750455080,3.398,11/24/2019 12:00:00 AM,1153,2,2,0,0,CLOUDY,DRY,False,SIDESWIPE COLLISION - SAME DIRECTION,SIDESWIPE-SAME DIRECTION,STRAIGHT & LEVEL,DAYLIGHT,,,11/25/2019 9:49:13 AM,False,5265,Accepted,
25969793,0568000,LOUISVILLE METRO POLICE DEPT,Accepted,JEFFERSON,,,MARKET,ST,W,,,,,,,38.260914805,-85.806823047,1.118,11/24/2019 12:00:00 AM,2005,2,2,0,0,CLEAR,DRY,True,SIDESWIPE COLLISION - SAME DIRECTION,SIDESWIPE-SAME DIRECTION,STRAIGHT & LEVEL,DARK-HWY LIGHTED/ON,,,11/25/2019 9:52:38 AM,False,5216,Accepted,
25969744,0568000,LOUISVILLE METRO POLICE DEPT,Accepted,JEFFERSON,I 0065,,I65 N,,,,,,,,,38.166014058,-85.720658559,128.889,11/24/2019 12:00:00 AM,1423,2,2,0,1,CLOUDY,DRY,True,SIDESWIPE COLLISION - SAME DIRECTION,SIDESWIPE-SAME DIRECTION,STRAIGHT & LEVEL,DAYLIGHT,,,11/25/2019 9:47:13 AM,False,6100,Accepted,
25969757,0568000,LOUISVILLE METRO POLICE DEPT,Accepted,JEFFERSON,KY1020,4805,SOUTHSIDE,DR,,,,,,,,38.176131801,-85.764731149,7.319,11/24/2019 12:00:00 AM,1059,2,2,0,0,CLEAR,DRY,False,1 VEHICLE ENTERING/LEAVING ENTRANCE,ANGLE,STRAIGHT & LEVEL,DAYLIGHT,,,11/25/2019 9:48:15 AM,False,7468,Accepted,