IncidentID,AgencyORI,AgencyName,IncidentStatusDesc,County,RdwyNumber,Street,RoadwayName,StreetSfx,StreetDir,IntersectionRdwy,IntersectionRdwyName,BetweenStRdwy1,BetweenStRdwyName1,BetweenStRdwy2,BetweenStRdwyName2,Latitude,Longitude,Milepoint,CollisionDate,CollisionTime,UnitsInvolved,MotorVehiclesInvolved,NumberKilled,NumberInjured,Weather,RdwyConditionCode,HitandRun,DirAnalysisCode,MannerofCollision,RdwyCharacter,LightCondition,RampFromRdwyId,RampToRdwyId,AcceptedDate,IsSecondaryCollision,OwnerBadge,IncidentStatus,
25969717,0568000,LOUISVILLE METRO POLICE DEPT,Accepted,JEFFERSON,KY1865,5749,NEW CUT,RD,,,,,,,,38.134325290,-85.772848524,1.867,11/24/2019 12:00:00 AM,1615,2,2,0,0,CLEAR,DRY,False,1 VEHICLE ENTERING/LEAVING ENTRANCE,ANGLE,STRAIGHT & LEVEL,DAYLIGHT,,,11/25/2019 9:45:39 AM,False,7252,Accepted,
25969825,0568000,LOUISVILLE METRO POLICE DEPT,Accepted,JEFFERSON,US0150,,22ND,ST,N,,,,,,,38.268059566,-85.782704084,0.147,11/24/2019 12:00:00 AM,0840,2,2,0,0,CLEAR,DRY,False,1 VEHICLE ENTERING/LEAVING ENTRANCE,ANGLE,STRAIGHT & LEVEL,DAYLIGHT,,,11/25/2019 9:57:49 AM,False,7988,Accepted,
25969747,0568000,LOUISVILLE METRO POLICE DEPT,Accepted,JEFFERSON,KY1932,,BRECKENRIDGE,LN,,,,,,,,38.227436948,-85.635932569,3.447,11/24/2019 12:00:00 AM,1239,2,2,0,1,CLEAR,DRY,False,OTHER ROADWAY OR MID-BLOCK COLLISION,REAR END,STRAIGHT & GRADE,DAYLIGHT,,,11/25/2019 9:47:33 AM,False,6813,Accepted,
25969796,0568000,LOUISVILLE METRO POLICE DEPT,Accepted,JEFFERSON,,8113,SHEPHERDSVILLE,RD,,,,,,,,38.133461737,-85.659267934,0.397,11/24/2019 12:00:00 AM,2150,1,1,0,0,CLEAR,DRY,False,OTHER ROADWAY OR MID-BLOCK COLLISION,SINGLE VEHICLE,STRAIGHT & LEVEL,DARK-HWY LIGHTED/OFF,,,11/25/2019 9:53:06 AM,False,5115,Accepted,
25969673,0568000,LOUISVILLE METRO POLICE DEPT,Accepted,JEFFERSON,KY0864,,FEGENBUSH,LN,,,,,ARTHUR GOINS,,WATTERSON,38.139669228,-85.617318695,4.472,11/24/2019 12:00:00 AM,1147,2,2,0,0,CLEAR,DRY,False,OTHER ROADWAY OR MID-BLOCK COLLISION,REAR END,STRAIGHT & LEVEL,DAYLIGHT,,,11/25/2019 9:40:52 AM,False,2959,Accepted,
25965649,0561000,JEFFERSONTOWN POLICE DEPT,Accepted,JEFFERSON,KY0155,,TAYLORSVILLE,RD,,,,,,,,38.189074877,-85.555139318,8.644,11/24/2019 12:00:00 AM,1127,2,2,0,0,CLEAR,DRY,False,OTHER ROADWAY OR MID-BLOCK COLLISION,REAR END,STRAIGHT & HILLCREST,DAYLIGHT,,,11/24/2019 2:30:43 PM,False,8260,Accepted,
25969713,0568000,LOUISVILLE METRO POLICE DEPT,Accepted,JEFFERSON,US0060,14101,SHELBYVILLE,RD,,,,,,,,38.238765560,-85.487624876,12.934,11/24/2019 12:00:00 AM,1250,2,2,0,0,CLEAR,DRY,False,VEHICLE BACKING NON INTERSECTION,BACKING,STRAIGHT & LEVEL,DAYLIGHT,,,11/25/2019 9:45:04 AM,False,2346,Accepted,
25997364,0568000,LOUISVILLE METRO POLICE DEPT,Accepted,JEFFERSON,KY1065,,OUTER,LOOP,,,,,LAUREL RIDGE,,JUDGE,38.137717386,-85.671373752,6.897,11/24/2019 12:00:00 AM,1750,2,2,0,0,CLOUDY,DRY,False,OTHER ROADWAY OR MID-BLOCK COLLISION,REAR END,STRAIGHT & LEVEL,DARK-HWY NOT LIGHTED,,,12/2/2019 9:56:28 AM,False,2583,Accepted,
25965332,0566900,LOUISVILLE AIRPORT POLICE,Accepted,JEFFERSON,,,MARTHA MOLONEY,DR,,,,,,,,38.187915957,-85.750260947,0.026,11/24/2019 12:00:00 AM,0728,1,1,0,0,CLEAR,DRY,False,OTHER ROADWAY OR MID-BLOCK COLLISION,SINGLE VEHICLE,CURVE & LEVEL,DAWN,,,11/24/2019 10:37:26 AM,False,5875,Accepted,
25997358,0568000,LOUISVILLE METRO POLICE DEPT,Accepted,JEFFERSON,,9003,MICHAEL EDWARD,DR,,,,,,,,38.171193102,-85.575884806,0.175,11/24/2019 12:00:00 AM,1648,2,2,0,0,CLEAR,DRY,True,COLLISION IN PARKING LOT,SIDESWIPE-SAME DIRECTION,STRAIGHT & LEVEL,DAYLIGHT,,,12/2/2019 9:55:42 AM,False,7755,Accepted,
25969686,0568000,LOUISVILLE METRO POLICE DEPT,Accepted,JEFFERSON,KY1065,4801,OUTER,LOOP,,,,,,,,38.138009469,-85.671166337,6.907,11/24/2019 12:00:00 AM,1407,2,2,0,1,CLEAR,DRY,False,COLLISION IN PARKING LOT,HEAD ON,STRAIGHT & LEVEL,DAYLIGHT,,,11/25/2019 9:42:26 AM,False,5026,Accepted,
25969676,0568000,LOUISVILLE METRO POLICE DEPT,Accepted,JEFFERSON,KY1727,7509,TERRY,RD,,,,,,,,38.142989893,-85.871531358,1.292,11/24/2019 12:00:00 AM,1148,2,2,0,0,CLEAR,DRY,True,COLLISION IN PARKING LOT,SIDESWIPE-SAME DIRECTION,STRAIGHT & LEVEL,DAYLIGHT,,,11/25/2019 9:41:26 AM,False,7841,Accepted,
25969801,0568000,LOUISVILLE METRO POLICE DEPT,Accepted,JEFFERSON,US0031E,970,BAXTER,AVE,,,,,,,,38.240317766,-85.724322267,15.657,11/24/2019 12:00:00 AM,0336,2,2,0,0,CLOUDY,DRY,True,COLLISION IN PARKING LOT,ANGLE,STRAIGHT & LEVEL,DARK-HWY LIGHTED/ON,,,11/25/2019 9:54:06 AM,False,7376,Accepted,
25969645,0568000,LOUISVILLE METRO POLICE DEPT,Accepted,JEFFERSON,I 0264,,,,,,,,,,,38.211559682,-85.672012696,0.037,11/23/2019 12:00:00 AM,2239,1,1,0,0,RAINING,WET,False,COLLISION WITH FIXED OBJECT NOT IN GORE ,SINGLE VEHICLE,CURVE & LEVEL,DARK-HWY LIGHTED/ON,US31E S,I 0264,11/25/2019 9:37:13 AM,False,7101,Accepted,
25969433,0568000,LOUISVILLE METRO POLICE DEPT,Accepted,JEFFERSON,I 0264,,,,,,,,,,,38.190466311,-85.755204186,0.383,11/23/2019 12:00:00 AM,1157,1,1,0,1,CLOUDY,WET,False,COLLISION WITH FIXED OBJECT NOT IN GORE ,SINGLE VEHICLE,CURVE & HILLCREST,DAYLIGHT,CRITTENDEN DR,I 0264,11/25/2019 9:20:39 AM,False,7840,Accepted,
25975271,0568000,LOUISVILLE METRO POLICE DEPT,Accepted,JEFFERSON,I 0064,,,,,,,,,,,38.237309384,-85.622258931,0.435,11/23/2019 12:00:00 AM,1850,1,1,0,0,RAINING,WET,False,COLLISION WITH FIXED OBJECT IN GORE,SINGLE VEHICLE,STRAIGHT & LEVEL,DARK-HWY LIGHTED/ON,I 0064,I 0264,11/26/2019 8:27:07 AM,False,7633,Accepted,
25969528,0568000,LOUISVILLE METRO POLICE DEPT,Accepted,JEFFERSON,I 0264,,,,,,,,,,,38.194449268,-85.707415977,0.313,11/23/2019 12:00:00 AM,1412,2,2,0,0,RAINING,WET,False,OTHER RAMP RELATED COLLISIONS NOT LISTED ABOVE,REAR END,CURVE & HILLCREST,DAYLIGHT,I 0264,KY0864,11/25/2019 9:29:11 AM,False,6100,Accepted,
25969529,0568000,LOUISVILLE METRO POLICE DEPT,Accepted,JEFFERSON,I 0065,,,,,,,,,,,38.189756758,-85.725166474,0.240,11/23/2019 12:00:00 AM,1500,2,2,0,0,RAINING,WET,False,OTHER RAMP RELATED COLLISIONS NOT LISTED ABOVE,REAR END,CURVE & LEVEL,DAYLIGHT,I 0065,I 0264,11/25/2019 9:29:23 AM,False,6100,Accepted,
25969533,0568000,LOUISVILLE METRO POLICE DEPT,Accepted,JEFFERSON,I 0064,,,,,,,,,,,38.259009849,-85.754206872,0.204,11/23/2019 12:00:00 AM,1850,2,2,0,0,RAINING,WET,False,OTHER RAMP RELATED COLLISIONS NOT LISTED ABOVE,SIDESWIPE-SAME DIRECTION,CURVE & GRADE,DARK-HWY LIGHTED/ON,I 0064,N  3RD ST,11/25/2019 9:29:49 AM,False,7862,Accepted,
25969502,0568000,LOUISVILLE METRO POLICE DEPT,Accepted,JEFFERSON,I 0265,,,,,,,,,,,38.116843265,-85.643671890,0.290,11/23/2019 12:00:00 AM,1830,2,2,0,0,RAINING,WET,True,OTHER RAMP RELATED COLLISIONS NOT LISTED ABOVE,REAR END,STRAIGHT & LEVEL,DARK-HWY LIGHTED/ON,I 0265,COOPER CHAPEL RD,11/25/2019 9:27:15 AM,False,7486,Accepted,
25969402,0568000,LOUISVILLE METRO POLICE DEPT,Accepted,JEFFERSON,I 0064,,I64 W,,,,,,,,,38.220211554,-85.442770655,22.306,11/23/2019 12:00:00 AM,0700,1,1,0,0,CLEAR,DRY,False,OTHER ROADWAY OR MID-BLOCK COLLISION,SINGLE VEHICLE,STRAIGHT & LEVEL,DAYLIGHT,,,11/25/2019 9:17:25 AM,False,2013,Accepted,
25997234,0568000,LOUISVILLE METRO POLICE DEPT,Accepted,JEFFERSON,KY2251,,BARDSTOWN,RD,,,,,,,,38.195046961,-85.652639267,0.569,11/23/2019 12:00:00 AM,1630,2,2,0,0,CLOUDY,WET,False,OTHER ROADWAY OR MID-BLOCK COLLISION,REAR END,STRAIGHT & LEVEL,DUSK,,,12/2/2019 9:42:24 AM,False,5119,Accepted,
25969434,0568000,LOUISVILLE METRO POLICE DEPT,Accepted,JEFFERSON,KY1447,,WESTPORT,RD,,,,,,,,38.287777148,-85.571907138,5.241,11/23/2019 12:00:00 AM,1309,2,2,0,0,RAINING,WET,False,OTHER ROADWAY OR MID-BLOCK COLLISION,REAR END,STRAIGHT & LEVEL,DAYLIGHT,,,11/25/2019 9:20:49 AM,False,2346,Accepted,
25969675,0568000,LOUISVILLE METRO POLICE DEPT,Accepted,JEFFERSON,KY1065,,OUTER,LOOP,,,,,CAROL,KY0061,PRESTON,38.138496991,-85.686182671,6.081,11/23/2019 12:00:00 AM,1750,2,2,0,0,RAINING,WET,False,OTHER ROADWAY OR MID-BLOCK COLLISION,REAR END,STRAIGHT & LEVEL,DARK-HWY LIGHTED/ON,,,11/25/2019 9:41:10 AM,False,2583,Accepted,
25969659,0568000,LOUISVILLE METRO POLICE DEPT,Accepted,JEFFERSON,KY1447,,WESTPORT,RD,,,,,INDIAN LAKE,I 0265,I265 S EXIT33 ON RAMP FROM KY1447,38.296473983,-85.552163589,6.450,11/23/2019 12:00:00 AM,1253,2,2,0,0,RAINING,WATER (STANDING OR MOVING),False,OTHER ROADWAY OR MID-BLOCK COLLISION,REAR END,STRAIGHT & LEVEL,DAYLIGHT,,,11/25/2019 9:38:49 AM,False,7751,Accepted,
25969657,0568000,LOUISVILLE METRO POLICE DEPT,Accepted,JEFFERSON,KY1447,,WESTPORT,RD,,,,,TOWNE CENTER,I 0265,I265 S EXIT33 OFF RAMP TO KY1447,38.296466743,-85.552620999,6.426,11/23/2019 12:00:00 AM,1100,2,2,0,0,CLOUDY,WET,False,OTHER ROADWAY OR MID-BLOCK COLLISION,REAR END,CURVE & LEVEL,DAYLIGHT,,,11/25/2019 9:38:33 AM,False,7751,Accepted,
25969478,0568000,LOUISVILLE METRO POLICE DEPT,Accepted,JEFFERSON,,,CENTRAL,AVE,,,,,9TH,US0060A,TAYLOR,38.206129451,-85.775795110,1.002,11/23/2019 12:00:00 AM,1633,2,2,0,0,CLOUDY,WET,False,OTHER ROADWAY OR MID-BLOCK COLLISION,REAR END,STRAIGHT & LEVEL,DAYLIGHT,,,11/25/2019 9:25:39 AM,False,5267,Accepted,
25969646,0568000,LOUISVILLE METRO POLICE DEPT,Accepted,JEFFERSON,US0031W,10300,DIXIE,HWY,,,,,,,,38.105586906,-85.868053120,8.475,11/23/2019 12:00:00 AM,1400,2,2,0,0,RAINING,WET,False,OTHER ROADWAY OR MID-BLOCK COLLISION,REAR END,STRAIGHT & LEVEL,DAYLIGHT,,,11/25/2019 9:37:17 AM,False,7336,Accepted,
25980635,0568000,LOUISVILLE METRO POLICE DEPT,Accepted,JEFFERSON,I 0065,,I65 N,,,,,I 0065,I65 N EXIT133 OFF RAMP TO  WARNOCK ST,I 0065,I65 N EXIT133 ON RAMP FROM  WARNOCK ST,38.213879716,-85.752481969,133.025,11/23/2019 12:00:00 AM,1520,1,1,0,0,RAINING,WET,True,OTHER ROADWAY OR MID-BLOCK COLLISION,SINGLE VEHICLE,STRAIGHT & LEVEL,DAYLIGHT,,,11/27/2019 8:24:03 AM,False,7058,Accepted,
25969524,0568000,LOUISVILLE METRO POLICE DEPT,Accepted,JEFFERSON,I 0064,,I64 S TRANSIT,,,,,,,,,38.260801205,-85.737010979,0.658,11/23/2019 12:00:00 AM,0946,2,2,0,0,RAINING,WET,False,1 VEHICLE ENTERING/LEAVING ENTRANCE,ANGLE,CURVE & GRADE,DAYLIGHT,,,11/25/2019 9:28:55 AM,False,2854,Accepted,
25969460,0568000,LOUISVILLE METRO POLICE DEPT,Accepted,JEFFERSON,,,NORTON HEALTHCARE,BLVD,,,,,,,,38.312642158,-85.572566351,0.181,11/23/2019 12:00:00 AM,1438,2,2,0,0,RAINING,WET,False,1 VEHICLE ENTERING/LEAVING ENTRANCE,ANGLE,STRAIGHT & LEVEL,DAYLIGHT,,,11/25/2019 9:23:38 AM,False,2346,Accepted,
25969500,0568000,LOUISVILLE METRO POLICE DEPT,Accepted,JEFFERSON,,,ANTLE,DR,,,,,,,,38.087487474,-85.668009300,0.138,11/23/2019 12:00:00 AM,1753,2,2,0,0,CLOUDY,WET,False,1 VEHICLE ENTERING/LEAVING ENTRANCE,ANGLE,STRAIGHT & LEVEL,DARK-HWY LIGHTED/ON,,,11/25/2019 9:27:11 AM,False,7442,Accepted,
25969515,0568000,LOUISVILLE METRO POLICE DEPT,Accepted,JEFFERSON,KY1865,,TAYLOR,BLVD,,,,,,,,38.180548783,-85.783364270,5.095,11/23/2019 12:00:00 AM,1350,2,2,0,0,RAINING,WET,False,1 VEHICLE ENTERING/LEAVING ENTRANCE,ANGLE,STRAIGHT & LEVEL,DAYLIGHT,,,11/25/2019 9:27:54 AM,False,5287,Accepted,
25969508,0568000,LOUISVILLE METRO POLICE DEPT,Accepted,JEFFERSON,I 0064,,I64 E,,,,,,,,,38.222659319,-85.506318255,18.932,11/23/2019 12:00:00 AM,1824,2,2,0,0,RAINING,WET,False,SIDESWIPE COLLISION - OPPOSITE DIRECTION,SIDESWIPE-OPPOSITE DIRECTION,STRAIGHT & GRADE,DUSK,,,11/25/2019 9:27:32 AM,False,6532,Accepted,
25969493,0568000,LOUISVILLE METRO POLICE DEPT,Accepted,JEFFERSON,KY1703,,NEWBURG,RD,,,,,GARDINER,,LARKMOOR,38.198593398,-85.683124573,1.858,11/23/2019 12:00:00 AM,1809,2,2,0,0,RAINING,WET,False,1 VEHICLE ENTERING/LEAVING ENTRANCE,ANGLE,STRAIGHT & LEVEL,DARK-HWY LIGHTED/ON,,,11/25/2019 9:26:56 AM,False,5269,Accepted,
25969474,0568000,LOUISVILLE METRO POLICE DEPT,Accepted,JEFFERSON,KY0061,,PRESTON,HWY,,,,,MCCAWLEY,,CANAL,38.145655398,-85.690731058,4.494,11/23/2019 12:00:00 AM,1608,2,2,0,0,CLOUDY,WET,False,1 VEHICLE ENTERING/LEAVING ENTRANCE,ANGLE,STRAIGHT & LEVEL,DAYLIGHT,,,11/25/2019 9:25:12 AM,False,7397,Accepted,
25969414,0568000,LOUISVILLE METRO POLICE DEPT,Accepted,JEFFERSON,US0031W,300,MARKET,ST,W,,,,,,,38.255192483,-85.756439809,21.877,11/23/2019 12:00:00 AM,1014,2,2,0,0,RAINING,WET,False,1 VEHICLE ENTERING/LEAVING ENTRANCE,ANGLE,STRAIGHT & LEVEL,DAYLIGHT,,,11/25/2019 9:19:00 AM,False,7463,Accepted,
25969389,0568000,LOUISVILLE METRO POLICE DEPT,Accepted,JEFFERSON,KY1934,4340,CANE RUN,RD,,,,,,,,38.199118966,-85.838081522,9.142,11/23/2019 12:00:00 AM,0433,2,2,0,1,CLEAR,DRY,False,1 VEHICLE ENTERING/LEAVING ENTRANCE,ANGLE,STRAIGHT & LEVEL,DARK-HWY LIGHTED/ON,,,11/25/2019 9:16:33 AM,False,5140,Accepted,
25997307,0568000,LOUISVILLE METRO POLICE DEPT,Accepted,JEFFERSON,KY1865,,TAYLOR,BLVD,,,,,,,,38.183156488,-85.783810726,5.289,11/23/2019 12:00:00 AM,1614,2,2,0,0,RAINING,WET,False,1 VEHICLE ENTERING/LEAVING ENTRANCE,ANGLE,STRAIGHT & LEVEL,DAYLIGHT,,,12/2/2019 9:50:24 AM,False,5287,Accepted,
25969481,0568000,LOUISVILLE METRO POLICE DEPT,Accepted,JEFFERSON,,,BROADWAY,,W,,,,40TH,,41ST,38.250246900,-85.818543451,1.652,11/23/2019 12:00:00 AM,1010,2,2,0,0,CLOUDY,WET,False,1 VEHICLE ENTERING/LEAVING ENTRANCE,ANGLE,STRAIGHT & LEVEL,DAYLIGHT,,,11/25/2019 9:26:03 AM,False,7328,Accepted,
25969605,0568000,LOUISVILLE METRO POLICE DEPT,Accepted,JEFFERSON,KY1747,,HURSTBOURNE,PKWY,,,,US0031E,BARDSTOWN,,HAMES,38.166984140,-85.606454105,7.332,11/23/2019 12:00:00 AM,2002,2,2,0,0,RAINING,WET,False,1 VEHICLE ENTERING/LEAVING ENTRANCE,ANGLE,STRAIGHT & LEVEL,DARK (UNKNOWN ROADWAY LIGHTING),,,11/25/2019 9:33:08 AM,False,7828,Accepted,
25969711,0568000,LOUISVILLE METRO POLICE DEPT,Accepted,JEFFERSON,US0042,,STORY,AVE,,,,,SPRING,I 0064,I64 E EXIT7 OFF RAMP TO  STORY AVE,38.257809322,-85.723836857,0.525,11/23/2019 12:00:00 AM,1618,2,2,0,0,RAINING,WET,False,SIDESWIPE COLLISION - SAME DIRECTION,SIDESWIPE-SAME DIRECTION,STRAIGHT & LEVEL,DAYLIGHT,,,11/25/2019 9:44:48 AM,False,7058,Accepted,
25969710,0568000,LOUISVILLE METRO POLICE DEPT,Accepted,JEFFERSON,US0042,,STORY,AVE,,,,,FRANKFORT,I 0064,I64 W EXIT7 ON RAMP FROM  STORY AVE,38.258675694,-85.721718759,0.690,11/23/2019 12:00:00 AM,1325,2,2,0,0,RAINING,WET,False,SIDESWIPE COLLISION - SAME DIRECTION,SIDESWIPE-SAME DIRECTION,STRAIGHT & LEVEL,DAYLIGHT,,,11/25/2019 9:44:44 AM,False,7058,Accepted,
25997285,0568000,LOUISVILLE METRO POLICE DEPT,Accepted,JEFFERSON,KY1020,,2ND,ST,S,,,,ST CATHERINE,,KENTUCKY,38.237893864,-85.756424865,11.556,11/23/2019 12:00:00 AM,1715,2,2,0,0,CLEAR,DRY,False,SIDESWIPE COLLISION - SAME DIRECTION,SIDESWIPE-SAME DIRECTION,STRAIGHT & LEVEL,DAYLIGHT,,,12/2/2019 9:48:43 AM,False,7619,Accepted,
25969418,0568000,LOUISVILLE METRO POLICE DEPT,Accepted,JEFFERSON,KY0061,,PRESTON,HWY,,,,KY2053,MT WASHINGTON,KY6304,OLD PRESTON,38.095398249,-85.669803777,0.822,11/23/2019 12:00:00 AM,0948,2,2,0,0,RAINING,WET,False,SIDESWIPE COLLISION - SAME DIRECTION,SIDESWIPE-SAME DIRECTION,STRAIGHT & LEVEL,DAYLIGHT,,,11/25/2019 9:19:13 AM,False,7989,Accepted,
25969632,0568000,LOUISVILLE METRO POLICE DEPT,Accepted,JEFFERSON,I 0065,,I65 S,,,,,,,,,38.163380903,-85.720886030,128.704,11/23/2019 12:00:00 AM,2124,2,2,0,0,RAINING,WET,False,REAR END IN TRAFFIC LANES BOTH VEHICLES MOVING,REAR END,STRAIGHT & LEVEL,DARK-HWY LIGHTED/ON,,,11/25/2019 9:35:20 AM,False,5286,Accepted,
25969650,0568000,LOUISVILLE METRO POLICE DEPT,Accepted,JEFFERSON,KY0155,,TAYLORSVILLE,RD,,,,,,,,38.188736768,-85.509271586,6.078,11/23/2019 12:00:00 AM,1757,2,2,0,0,RAINING,WET,False,REAR END IN TRAFFIC LANES BOTH VEHICLES MOVING,REAR END,STRAIGHT & LEVEL,DARK-HWY NOT LIGHTED,,,11/25/2019 9:37:36 AM,False,7755,Accepted,
25969409,0568000,LOUISVILLE METRO POLICE DEPT,Accepted,JEFFERSON,KY2860,,GRINSTEAD,DR,,,,,RAY,,GLENMARY,38.243128110,-85.708107369,0.814,11/23/2019 12:00:00 AM,0923,2,2,0,0,RAINING,WET,False,REAR END IN TRAFFIC LANES BOTH VEHICLES MOVING,REAR END,CURVE & GRADE,DAYLIGHT,,,11/25/2019 9:18:17 AM,False,7900,Accepted,
25969427,0568000,LOUISVILLE METRO POLICE DEPT,Accepted,JEFFERSON,I 0264,,I264 E,,,,,,,,,38.190116969,-85.757150793,10.573,11/23/2019 12:00:00 AM,1158,2,2,0,0,RAINING,WET,False,REAR END IN TRAFFIC LANES BOTH VEHICLES MOVING,REAR END,STRAIGHT & LEVEL,DAYLIGHT,,,11/25/2019 9:20:06 AM,False,5183,Accepted,
25969483,0568000,LOUISVILLE METRO POLICE DEPT,Accepted,JEFFERSON,KY1931,7015,GREENWOOD,RD,,,,,RUTLEDGE,,WESTBROOK,38.145029751,-85.882156002,0.814,11/23/2019 12:00:00 AM,1318,2,2,0,0,RAINING,WET,False,REAR END IN TRAFFIC LANES BOTH VEHICLES MOVING,REAR END,STRAIGHT & LEVEL,DAWN,,,11/25/2019 9:26:10 AM,False,5266,Accepted,
25969466,0568000,LOUISVILLE METRO POLICE DEPT,Accepted,JEFFERSON,KY0061,,PRESTON,HWY,,,,,PINECROFT,,LAMBERT,38.135264742,-85.684985878,3.724,11/23/2019 12:00:00 AM,1404,2,2,0,0,RAINING,WET,False,REAR END IN TRAFFIC LANES BOTH VEHICLES MOVING,REAR END,STRAIGHT & LEVEL,DAYLIGHT,,,11/25/2019 9:24:18 AM,False,5040,Accepted,
25969559,0568000,LOUISVILLE METRO POLICE DEPT,Accepted,JEFFERSON,I 0071,,I71 S,,,,,,,,,38.315018301,-85.581812514,9.092,11/23/2019 12:00:00 AM,2204,1,1,0,0,CLEAR,WET,False,OTHER COLLISIONS ON SHOULDER,SINGLE VEHICLE,CURVE & LEVEL,DARK-HWY LIGHTED/ON,,,11/25/2019 9:30:38 AM,False,5102,Accepted,
25969540,0568000,LOUISVILLE METRO POLICE DEPT,Accepted,JEFFERSON,,5005,MARYMAN,RD,,,,,,,,38.133806472,-85.851038537,0.274,11/23/2019 12:00:00 AM,2031,1,1,0,0,RAINING,WET,True,OTHER COLLISIONS ON SHOULDER,SINGLE VEHICLE,STRAIGHT & LEVEL,DARK-HWY LIGHTED/OFF,,,11/25/2019 9:29:54 AM,False,7264,Accepted,
25969432,0568000,LOUISVILLE METRO POLICE DEPT,Accepted,JEFFERSON,US0031W,,DIXIE,HWY,,,,,MANOR ISLE,,STONEGATE MANOR,38.079652994,-85.883109569,6.506,11/23/2019 12:00:00 AM,1145,2,2,0,0,RAINING,WET,False,OTHER COLLISIONS ON SHOULDER,ANGLE,STRAIGHT & LEVEL,DAYLIGHT,,,11/25/2019 9:20:32 AM,False,6141,Accepted,
25969479,0568000,LOUISVILLE METRO POLICE DEPT,Accepted,JEFFERSON,,,4TH,ST,S,,,,CENTRAL,,HEYWOOD,38.205322906,-85.765548573,3.575,11/23/2019 12:00:00 AM,1657,2,2,0,0,CLOUDY,WET,False,SIDESWIPE COLLISION - SAME DIRECTION,SIDESWIPE-SAME DIRECTION,STRAIGHT & LEVEL,DUSK,,,11/25/2019 9:25:46 AM,False,5267,Accepted,
25969487,0568000,LOUISVILLE METRO POLICE DEPT,Accepted,JEFFERSON,I 0064,,I64 E,,,,,,,,,38.276817478,-85.820249784,0.334,11/23/2019 12:00:00 AM,1634,3,3,0,1,RAINING,WET,False,SIDESWIPE COLLISION - SAME DIRECTION,SIDESWIPE-SAME DIRECTION,CURVE & LEVEL,DARK-HWY LIGHTED/ON,,,11/25/2019 9:26:30 AM,False,5257,Accepted,
25969470,0568000,LOUISVILLE METRO POLICE DEPT,Accepted,JEFFERSON,I 0065,,I65 N EXIT130 TRANSIT,,,,,I 0065,I65 N EXIT131A OFF RAMP,I 0065,I65 N EXIT131A RAMP TO I264 E,38.182410033,-85.721789148,0.436,11/23/2019 12:00:00 AM,1421,2,2,0,0,RAINING,WET,False,SIDESWIPE COLLISION - SAME DIRECTION,SIDESWIPE-SAME DIRECTION,STRAIGHT & LEVEL,DAYLIGHT,,,11/25/2019 9:25:00 AM,False,7473,Accepted,
25969437,0568000,LOUISVILLE METRO POLICE DEPT,Accepted,JEFFERSON,,1389,DIXIE,HWY,,,,,,,,38.232317960,-85.788896054,1.207,11/23/2019 12:00:00 AM,1148,3,3,0,0,RAINING,WET,True,REAR END IN TRAFFIC LANES BOTH VEHICLES MOVING,REAR END,STRAIGHT & LEVEL,DAYLIGHT,,,11/25/2019 9:21:49 AM,False,5257,Accepted,
25969462,0568000,LOUISVILLE METRO POLICE DEPT,Accepted,JEFFERSON,KY1065,4200,OUTER,LOOP,,,,,,,,38.138337018,-85.683848278,6.136,11/23/2019 12:00:00 AM,1435,2,2,0,0,RAINING,WET,False,REAR END IN TRAFFIC LANES BOTH VEHICLES MOVING,REAR END,STRAIGHT & LEVEL,DAYLIGHT,,,11/25/2019 9:23:51 AM,False,7799,Accepted,
25980776,0568000,LOUISVILLE METRO POLICE DEPT,Accepted,JEFFERSON,US0031E,,BARDSTOWN,RD,,,,,,,,38.130425436,-85.577355915,4.087,11/23/2019 12:00:00 AM,1300,2,2,0,0,CLEAR,WET,False,REAR END IN TRAFFIC LANES BOTH VEHICLES MOVING,REAR END,STRAIGHT & LEVEL,DAYLIGHT,,,11/27/2019 8:38:22 AM,False,7573,Accepted,
25994530,0560600,WEST BUECHEL POLICE DEPT.,Accepted,JEFFERSON,KY2052,4021,SHEPHERDSVILLE,RD,,,,,,,,38.193649264,-85.660970714,3.813,11/23/2019 12:00:00 AM,1425,2,2,0,0,RAINING,WET,False,REAR END IN TRAFFIC LANES BOTH VEHICLES MOVING,REAR END,STRAIGHT & HILLCREST,DAYLIGHT,,,12/1/2019 8:53:42 PM,False,1290,Accepted,
25980774,0568000,LOUISVILLE METRO POLICE DEPT,Accepted,JEFFERSON,,,OLD BARDSTOWN,RD,,,,,,,,38.129989821,-85.577555919,0.035,11/23/2019 12:00:00 AM,1245,2,2,0,0,RAINING,WET,False,REAR END IN TRAFFIC LANES BOTH VEHICLES MOVING,REAR END,STRAIGHT & LEVEL,DAYLIGHT,,,11/27/2019 8:38:10 AM,False,7573,Accepted,
25969647,0568000,LOUISVILLE METRO POLICE DEPT,Accepted,JEFFERSON,US0031W,,DIXIE,HWY,,,,,DIXIE GARDEN,,BETHANY,38.098786546,-85.872172409,7.993,11/23/2019 12:00:00 AM,1820,1,1,0,0,RAINING,WET,False,RAN OFF ROADWAY (1 VEHICLE WITH/EARTH EMBANKMENT/DITCH),SINGLE VEHICLE,STRAIGHT & LEVEL,DARK (UNKNOWN ROADWAY LIGHTING),,,11/25/2019 9:37:24 AM,False,7336,Accepted,