IncidentID,AgencyORI,AgencyName,IncidentStatusDesc,County,RdwyNumber,Street,RoadwayName,StreetSfx,StreetDir,IntersectionRdwy,IntersectionRdwyName,BetweenStRdwy1,BetweenStRdwyName1,BetweenStRdwy2,BetweenStRdwyName2,Latitude,Longitude,Milepoint,CollisionDate,CollisionTime,UnitsInvolved,MotorVehiclesInvolved,NumberKilled,NumberInjured,Weather,RdwyConditionCode,HitandRun,DirAnalysisCode,MannerofCollision,RdwyCharacter,LightCondition,RampFromRdwyId,RampToRdwyId,AcceptedDate,IsSecondaryCollision,OwnerBadge,IncidentStatus,
25975291,0568000,LOUISVILLE METRO POLICE DEPT,Accepted,JEFFERSON,,6809,CRESTON,DR,,,,,,,,38.143167213,-85.880449605,0.267,11/23/2019 12:00:00 AM,2300,2,2,0,0,CLEAR,DRY,False,1 VEHICLE PARKED POSITION (NOT PARKING LOT/DRIVEWAY),BACKING,STRAIGHT & LEVEL,DARK (UNKNOWN ROADWAY LIGHTING),,,11/26/2019 8:30:35 AM,False,2311,Accepted,
25969475,0568000,LOUISVILLE METRO POLICE DEPT,Accepted,JEFFERSON,,1447,9TH,ST,S,,,,,,,38.241100457,-85.767859468,0.402,11/23/2019 12:00:00 AM,0400,2,2,0,0,CLOUDY,WET,True,1 VEHICLE PARKED POSITION (NOT PARKING LOT/DRIVEWAY),ANGLE,STRAIGHT & LEVEL,DARK (UNKNOWN ROADWAY LIGHTING),,,11/25/2019 9:25:25 AM,False,5282,Accepted,
25969623,0568000,LOUISVILLE METRO POLICE DEPT,Accepted,JEFFERSON,,803,DENMARK,ST,,,,,,,,38.195846384,-85.773029990,0.214,11/23/2019 12:00:00 AM,2120,2,2,0,0,RAINING,WET,True,1 VEHICLE PARKED POSITION (NOT PARKING LOT/DRIVEWAY),SIDESWIPE-SAME DIRECTION,STRAIGHT & LEVEL,DARK-HWY NOT LIGHTED,,,11/25/2019 9:34:26 AM,False,7426,Accepted,
25969339,0568000,LOUISVILLE METRO POLICE DEPT,Accepted,JEFFERSON,,325,MAC BRAE,RD,,,,,,,,38.158687207,-85.757596743,0.145,11/23/2019 12:00:00 AM,0030,2,2,0,0,CLEAR,DRY,False,1 VEHICLE PARKED POSITION (NOT PARKING LOT/DRIVEWAY),SIDESWIPE-SAME DIRECTION,STRAIGHT & LEVEL,DARK-HWY LIGHTED/ON,,,11/25/2019 9:14:17 AM,False,7444,Accepted,
25969396,0568000,LOUISVILLE METRO POLICE DEPT,Accepted,JEFFERSON,,919,MADISON,ST,E,,,,,,,38.247756896,-85.736646615,0.089,11/23/2019 12:00:00 AM,0627,2,2,0,0,CLEAR,DRY,False,1 VEHICLE PARKED POSITION (NOT PARKING LOT/DRIVEWAY),SIDESWIPE-SAME DIRECTION,STRAIGHT & LEVEL,DARK-HWY LIGHTED/ON,,,11/25/2019 9:16:38 AM,False,5172,Accepted,
25969521,0568000,LOUISVILLE METRO POLICE DEPT,Accepted,JEFFERSON,,,LOWE,RD,,,,,,,,38.224730435,-85.611107365,0.460,11/23/2019 12:00:00 AM,1741,1,1,0,0,RAINING,WET,True,COLLISION WITH FIXED OBJECT NON - INTERSECTION - FIRST EVENT COLLISION 09 - 32 EXCLUDING 16,SINGLE VEHICLE,STRAIGHT & LEVEL,DAYLIGHT,,,11/25/2019 9:28:46 AM,False,7864,Accepted,
25969480,0568000,LOUISVILLE METRO POLICE DEPT,Accepted,JEFFERSON,,2303,ALICE KAY,DR,,,,,,,,38.166805608,-85.800706770,0.138,11/23/2019 12:00:00 AM,0756,1,1,0,0,RAINING,WET,False,COLLISION WITH FIXED OBJECT NON - INTERSECTION - FIRST EVENT COLLISION 09 - 32 EXCLUDING 16,SINGLE VEHICLE,STRAIGHT & LEVEL,DAWN,,,11/25/2019 9:25:58 AM,False,7356,Accepted,
25969568,0568000,LOUISVILLE METRO POLICE DEPT,Accepted,JEFFERSON,,,AIKEN,RD,,,,,OAKHURST,,LANDMARK,38.267841145,-85.486064853,2.461,11/23/2019 12:00:00 AM,0950,1,1,0,0,RAINING,WET,False,COLLISION WITH FIXED OBJECT NON - INTERSECTION - FIRST EVENT COLLISION 09 - 32 EXCLUDING 16,SINGLE VEHICLE,STRAIGHT & LEVEL,DARK-HWY NOT LIGHTED,,,11/25/2019 9:31:27 AM,False,2013,Accepted,
25969491,0568000,LOUISVILLE METRO POLICE DEPT,Accepted,JEFFERSON,US0031E,,BARDSTOWN,RD,,,,,,,,38.217725473,-85.677403170,12.587,11/23/2019 12:00:00 AM,1223,1,1,0,1,RAINING,WET,False,COLLISION WITH FIXED OBJECT NON - INTERSECTION - FIRST EVENT COLLISION 09 - 32 EXCLUDING 16,SINGLE VEHICLE,STRAIGHT & LEVEL,DAYLIGHT,,,11/25/2019 9:26:50 AM,False,6813,Accepted,
25975263,0568000,LOUISVILLE METRO POLICE DEPT,Accepted,JEFFERSON,,,ARTHUR,ST,,,WARNOCK,,,,,38.214382790,-85.752900075,,11/23/2019 12:00:00 AM,1950,2,2,0,0,CLOUDY,WET,False,OTHER INTERSECTION COLLISIONS,REAR TO REAR,STRAIGHT & LEVEL,DARK-HWY LIGHTED/ON,,,11/26/2019 8:26:05 AM,False,7545,Accepted,
25969349,0568000,LOUISVILLE METRO POLICE DEPT,Accepted,JEFFERSON,US0060,,SHELBYVILLE,RD,,,,,SPRING,,WATERSTONE,38.235761648,-85.460544935,14.461,11/23/2019 12:00:00 AM,0500,1,1,0,0,CLEAR,DRY,False,COLLISION WITH ANIMAL NON INTERSECTION,SINGLE VEHICLE,STRAIGHT & LEVEL,DARK-HWY NOT LIGHTED,,,11/25/2019 9:15:08 AM,False,2013,Accepted,
25969517,0568000,LOUISVILLE METRO POLICE DEPT,Accepted,JEFFERSON,KY1747,,HURSTBOURNE,PKWY,,,HAMES,,,,,38.166803524,-85.606617065,7.313,11/23/2019 12:00:00 AM,1853,2,2,0,0,RAINING,WET,False,OTHER INTERSECTION COLLISIONS,REAR END,STRAIGHT & LEVEL,DARK-HWY LIGHTED/ON,,,11/25/2019 9:28:24 AM,False,7307,Accepted,
25969653,0568000,LOUISVILLE METRO POLICE DEPT,Accepted,JEFFERSON,,,SOUTHERN,PKWY,,,BLUEGRASS,,,,,38.178905087,-85.771285463,0.261,11/23/2019 12:00:00 AM,1857,2,2,0,0,RAINING,WET,True,OTHER INTERSECTION COLLISIONS,REAR END,STRAIGHT & LEVEL,DARK-HWY LIGHTED/ON,,,11/25/2019 9:37:47 AM,False,7468,Accepted,
25969654,0568000,LOUISVILLE METRO POLICE DEPT,Accepted,JEFFERSON,US0031E,,BARDSTOWN,RD,,,GRINSTEAD,,,,,38.238486602,-85.720924165,15.417,11/23/2019 12:00:00 AM,1825,2,2,0,0,RAINING,WET,False,OTHER INTERSECTION COLLISIONS,REAR END,STRAIGHT & LEVEL,DARK-HWY LIGHTED/ON,,,11/25/2019 9:37:56 AM,False,5020,Accepted,
25969377,0568000,LOUISVILLE METRO POLICE DEPT,Accepted,JEFFERSON,KY1865,,NEW CUT,RD,,KY1065,OUTER,,,,,38.126390654,-85.776121059,1.264,11/23/2019 12:00:00 AM,0435,2,2,0,0,CLEAR,DRY,False,OTHER INTERSECTION COLLISIONS,REAR END,STRAIGHT & LEVEL,DARK-HWY NOT LIGHTED,,,11/25/2019 9:16:15 AM,False,7149,Accepted,
25969469,0568000,LOUISVILLE METRO POLICE DEPT,Accepted,JEFFERSON,,,JEANINE,DR,,,NAOMI,,,,,38.164665243,-85.687949683,0.486,11/23/2019 12:00:00 AM,1421,2,2,0,0,RAINING,WET,True,OTHER INTERSECTION COLLISIONS,REAR END,STRAIGHT & LEVEL,DAYLIGHT,,,11/25/2019 9:24:46 AM,False,7473,Accepted,
25969486,0568000,LOUISVILLE METRO POLICE DEPT,Accepted,JEFFERSON,KY1931,,GREENWOOD,RD,,,NANCY,,,,,38.143976744,-85.850741406,2.530,11/23/2019 12:00:00 AM,1743,2,2,0,0,RAINING,WET,False,OTHER INTERSECTION COLLISIONS,REAR TO REAR,STRAIGHT & LEVEL,DARK (UNKNOWN ROADWAY LIGHTING),,,11/25/2019 9:26:21 AM,False,5266,Accepted,
25969555,0568000,LOUISVILLE METRO POLICE DEPT,Accepted,JEFFERSON,US0031E,,BARDSTOWN,RD,,I 0265,I265 E EXIT17 OFF RAMP TO US31E,,,,,38.139646533,-85.582160712,4.773,11/23/2019 12:00:00 AM,2116,2,2,0,0,RAINING,WET,True,OTHER INTERSECTION COLLISIONS,REAR END,STRAIGHT & LEVEL,DARK-HWY LIGHTED/ON,,,11/25/2019 9:30:13 AM,False,7106,Accepted,
25969436,0568000,LOUISVILLE METRO POLICE DEPT,Accepted,JEFFERSON,,,PRESTON CROSSING,BLVD,,,COOPER CHAPEL,,,,,38.103927913,-85.670277104,0.009,11/23/2019 12:00:00 AM,1410,2,2,0,0,RAINING,WET,False,OTHER INTERSECTION COLLISIONS,REAR END,STRAIGHT & LEVEL,DAYLIGHT,,,11/25/2019 9:21:33 AM,False,7989,Accepted,
25969631,0568000,LOUISVILLE METRO POLICE DEPT,Accepted,JEFFERSON,,,SOUTHSIDE,DR,,,KENWOOD,,,,,38.179227947,-85.764805003,0.177,11/23/2019 12:00:00 AM,2233,1,1,0,0,RAINING,WET,True,OTHER INTERSECTION COLLISIONS,SINGLE VEHICLE,CURVE & LEVEL,DARK-HWY LIGHTED/ON,,,11/25/2019 9:35:15 AM,False,5139,Accepted,
25969648,0568000,LOUISVILLE METRO POLICE DEPT,Accepted,JEFFERSON,KY1934,,CANE RUN,RD,,KY2049,CRUMS,,,,,38.199186589,-85.837499858,9.194,11/23/2019 12:00:00 AM,2153,2,2,0,0,RAINING,WET,True,OTHER INTERSECTION COLLISIONS,REAR END,STRAIGHT & LEVEL,DARK-HWY LIGHTED/ON,,,11/25/2019 9:37:30 AM,False,5140,Accepted,
25969455,0568000,LOUISVILLE METRO POLICE DEPT,Accepted,JEFFERSON,KY1447,,WESTPORT,RD,,I 0265,I265 S EXIT33 ON RAMP FROM KY1447,,,,,38.296787893,-85.551015594,6.518,11/23/2019 12:00:00 AM,1430,2,2,0,0,RAINING,WET,False,OTHER INTERSECTION COLLISIONS,REAR END,STRAIGHT & LEVEL,DAYLIGHT,,,11/25/2019 9:23:27 AM,False,2030,Accepted,
25969463,0568000,LOUISVILLE METRO POLICE DEPT,Accepted,JEFFERSON,KY0913,,BLANKENBAKER,PKWY,,KY0913C,BLANKENBAKER ACCESS,,,,,38.196206847,-85.548166612,0.611,11/23/2019 12:00:00 AM,1423,2,2,0,1,RAINING,WET,False,OTHER INTERSECTION COLLISIONS,REAR END,STRAIGHT & GRADE,DAYLIGHT,,,11/25/2019 9:23:55 AM,False,5262,Accepted,
25969429,0568000,LOUISVILLE METRO POLICE DEPT,Accepted,JEFFERSON,US0031E,,BARDSTOWN,RD,,,BROOKRIDGE VILLAGE,,,,,38.145005793,-85.584873710,5.203,11/23/2019 12:00:00 AM,1046,2,2,0,0,CLOUDY,WET,False,OTHER INTERSECTION COLLISIONS,REAR END,STRAIGHT & LEVEL,DAYLIGHT,,,11/25/2019 9:20:14 AM,False,7755,Accepted,
25969435,0568000,LOUISVILLE METRO POLICE DEPT,Accepted,JEFFERSON,KY1447,,WESTPORT,RD,,,INDIAN LAKE,,,,,38.296092351,-85.553506030,6.396,11/23/2019 12:00:00 AM,1344,2,2,0,0,RAINING,WET,False,OTHER INTERSECTION COLLISIONS,REAR END,STRAIGHT & GRADE,DAYLIGHT,,,11/25/2019 9:20:57 AM,False,2346,Accepted,
25969457,0568000,LOUISVILLE METRO POLICE DEPT,Accepted,JEFFERSON,KY0022,,BROWNSBORO,RD,,,SUMMIT PLAZA,,,,,38.307023456,-85.575281373,3.870,11/23/2019 12:00:00 AM,1430,2,2,0,0,RAINING,WET,False,OTHER INTERSECTION COLLISIONS,REAR END,STRAIGHT & LEVEL,DAYLIGHT,,,11/25/2019 9:23:34 AM,False,7631,Accepted,
25969467,0568000,LOUISVILLE METRO POLICE DEPT,Accepted,JEFFERSON,,,WATTERSON,TRL,,,STONY BROOK,,,,,38.183746036,-85.595979635,1.663,11/23/2019 12:00:00 AM,1546,2,2,0,0,CLOUDY,WET,False,OTHER INTERSECTION COLLISIONS,REAR END,STRAIGHT & LEVEL,DAYLIGHT,,,11/25/2019 9:24:24 AM,False,7303,Accepted,
25969490,0568000,LOUISVILLE METRO POLICE DEPT,Accepted,JEFFERSON,US0031E,,BARDSTOWN,RD,,,CREWS,,,,,38.180555915,-85.625784208,8.719,11/23/2019 12:00:00 AM,1808,2,2,0,0,RAINING,WET,False,OTHER INTERSECTION COLLISIONS,REAR END,STRAIGHT & LEVEL,DARK-HWY LIGHTED/ON,,,11/25/2019 9:26:45 AM,False,7307,Accepted,
25969468,0568000,LOUISVILLE METRO POLICE DEPT,Accepted,JEFFERSON,US0031W,,DIXIE,HWY,,,PAGES,,,,,38.130151649,-85.847866426,10.498,11/23/2019 12:00:00 AM,1435,2,2,0,0,CLEAR,WET,False,OTHER INTERSECTION COLLISIONS,REAR END,STRAIGHT & LEVEL,DAYLIGHT,,,11/25/2019 9:24:34 AM,False,7485,Accepted,
25969526,0568000,LOUISVILLE METRO POLICE DEPT,Accepted,JEFFERSON,US0031,,CLARK MEMORIAL,BRG,,US0031E,MAIN,,,,,38.256269779,-85.753309161,,11/23/2019 12:00:00 AM,1510,2,2,0,0,RAINING,WET,False,OTHER INTERSECTION COLLISIONS,REAR END,STRAIGHT & GRADE,DAYLIGHT,,,11/25/2019 9:29:04 AM,False,2854,Accepted,
26002613,0568000,LOUISVILLE METRO POLICE DEPT,Accepted,JEFFERSON,US0060A,,BERRY,BLVD,,,POWELL,,,,,38.196513648,-85.790161191,1.063,11/23/2019 12:00:00 AM,1700,2,2,0,0,RAINING,WET,True,OTHER INTERSECTION COLLISIONS,REAR END,STRAIGHT & LEVEL,DARK-HWY LIGHTED/ON,,,12/3/2019 7:31:50 AM,False,7094,Accepted,
25969348,0568000,LOUISVILLE METRO POLICE DEPT,Accepted,JEFFERSON,US0150,,BROADWAY,,W,KY1020,3RD,,,,,38.245957188,-85.756693133,2.474,11/23/2019 12:00:00 AM,0420,2,2,0,0,CLOUDY,DRY,False,OTHER INTERSECTION COLLISIONS,REAR END,STRAIGHT & LEVEL,DARK-HWY LIGHTED/ON,,,11/25/2019 9:14:59 AM,False,5008,Accepted,
25998130,0568000,LOUISVILLE METRO POLICE DEPT,Accepted,JEFFERSON,KY1932,,BRECKENRIDGE,LN,,,HIKES,,,,,38.218159929,-85.628586443,2.694,11/23/2019 12:00:00 AM,1629,2,1,0,0,CLOUDY,WET,True,OTHER INTERSECTION COLLISIONS,REAR END,STRAIGHT & LEVEL,DUSK,,,12/2/2019 10:58:16 AM,False,2429,Accepted,
25997214,0568000,LOUISVILLE METRO POLICE DEPT,Accepted,JEFFERSON,,,SIX MILE,LN,,,NORA,,,,,38.200381453,-85.615575715,2.151,11/23/2019 12:00:00 AM,1826,2,2,0,0,RAINING,WET,False,REAR END - ONE VEHICLE TURNING LEFT,REAR END,STRAIGHT & LEVEL,DARK-HWY LIGHTED/OFF,,,12/2/2019 9:40:00 AM,False,2429,Accepted,
25969651,0568000,LOUISVILLE METRO POLICE DEPT,Accepted,JEFFERSON,,,SOUTHERN,PKWY,,,WOODLAWN,,,,,38.181822520,-85.768439658,,11/23/2019 12:00:00 AM,1321,2,2,0,0,RAINING,WET,True,REAR END - ONE VEHICLE TURNING LEFT,REAR END,CURVE & LEVEL,DAYLIGHT,,,11/25/2019 9:37:42 AM,False,7468,Accepted,
25969642,0568000,LOUISVILLE METRO POLICE DEPT,Accepted,JEFFERSON,KY1065,,OUTER,LOOP,,KY0061,PRESTON,,,,,38.138297210,-85.687290403,6.019,11/23/2019 12:00:00 AM,2048,2,2,0,0,RAINING,WET,False,SIDESWIPE-SAME DIRECTION,SIDESWIPE-SAME DIRECTION,STRAIGHT & LEVEL,DARK-HWY NOT LIGHTED,,,11/25/2019 9:36:58 AM,False,5182,Accepted,
25969551,0568000,LOUISVILLE METRO POLICE DEPT,Accepted,JEFFERSON,US0042,,BROWNSBORO,RD,,,MELLWOOD,,,,,38.260178179,-85.716663306,1.033,11/23/2019 12:00:00 AM,2030,2,2,0,0,CLOUDY,WET,True,SIDESWIPE-SAME DIRECTION,SIDESWIPE-SAME DIRECTION,STRAIGHT & HILLCREST,DARK-HWY LIGHTED/ON,,,11/25/2019 9:29:58 AM,False,2229,Accepted,
25969557,0568000,LOUISVILLE METRO POLICE DEPT,Accepted,JEFFERSON,US0031W,,MARKET,ST,W,,6TH,,,,,38.255597403,-85.760069716,21.654,11/23/2019 12:00:00 AM,1949,2,2,0,0,CLOUDY,WET,False,SIDESWIPE-SAME DIRECTION,SIDESWIPE-SAME DIRECTION,STRAIGHT & LEVEL,DARK-HWY LIGHTED/ON,,,11/25/2019 9:30:26 AM,False,5047,Accepted,
25997335,0568000,LOUISVILLE METRO POLICE DEPT,Accepted,JEFFERSON,I 0065,,I65 N,,,I 0065,I65 N EXIT132 ON RAMP FROM  CRITTENDEN DR,,,,,38.210227364,-85.752965300,132.768,11/23/2019 12:00:00 AM,2056,2,2,0,0,RAINING,WET,True,VEHICLE BACKING IN INTERSECTION,BACKING,,DARK-HWY NOT LIGHTED,,,12/2/2019 9:53:45 AM,False,5123,Accepted,
25969581,0568000,LOUISVILLE METRO POLICE DEPT,Accepted,JEFFERSON,,,CHAMBERLAIN,LN,,,VON ALLMEN,,,,,38.314290513,-85.568177553,4.171,11/23/2019 12:00:00 AM,2003,2,2,0,0,CLOUDY,WET,False,OPPOSING LEFT TURN,OPPOSING LEFT TURN,STRAIGHT & LEVEL,DARK-HWY LIGHTED/ON,,,11/25/2019 9:32:09 AM,False,7098,Accepted,
25997273,0568000,LOUISVILLE METRO POLICE DEPT,Accepted,JEFFERSON,,,VALLEY STATION,RD,,KY0907,VALLEY STATION,,,,,38.107233894,-85.841318150,0.011,11/23/2019 12:00:00 AM,1759,2,2,0,0,RAINING,WET,False,OPPOSITE DIRECTION - BOTH VEHICLES GOING STRAIGHT AHEAD,SIDESWIPE-OPPOSITE DIRECTION,STRAIGHT & LEVEL,DARK-HWY NOT LIGHTED,,,12/2/2019 9:47:16 AM,False,7485,Accepted,
25969609,0568000,LOUISVILLE METRO POLICE DEPT,Accepted,JEFFERSON,US0060A,,GRINSTEAD,DR,,US0060A,CHEROKEE,,,,,38.243368421,-85.705266026,7.758,11/23/2019 12:00:00 AM,2242,2,2,0,0,CLOUDY,WET,True,OPPOSITE DIRECTION - BOTH VEHICLES GOING STRAIGHT AHEAD,SIDESWIPE-OPPOSITE DIRECTION,STRAIGHT & LEVEL,DARK-HWY LIGHTED/ON,,,11/25/2019 9:33:32 AM,False,5274,Accepted,
25969658,0568000,LOUISVILLE METRO POLICE DEPT,Accepted,JEFFERSON,KY1447,,WESTPORT,RD,,,SHINING WILLOW DR CONN,,,,,38.290242309,-85.566595337,5.560,11/23/2019 12:00:00 AM,1346,2,2,0,0,RAINING,WATER (STANDING OR MOVING),False,OPPOSING LEFT TURN,OPPOSING LEFT TURN,STRAIGHT & LEVEL,DAYLIGHT,,,11/25/2019 9:38:40 AM,False,7751,Accepted,
25997346,0568000,LOUISVILLE METRO POLICE DEPT,Accepted,JEFFERSON,KY1020,,3RD,ST,S,,BRECKINRIDGE,,,,,38.241762498,-85.757464965,11.795,11/23/2019 12:00:00 AM,2301,2,2,0,2,CLEAR,WET,False,ANGLE COLLISION - OTHER,ANGLE,STRAIGHT & GRADE,DARK (UNKNOWN ROADWAY LIGHTING),,,12/2/2019 9:54:41 AM,False,5166,Accepted,
25969398,0568000,LOUISVILLE METRO POLICE DEPT,Accepted,JEFFERSON,,,24TH,ST,S,,MUHAMMAD ALI,,,,,38.254833474,-85.791514637,0.379,11/23/2019 12:00:00 AM,0635,3,3,0,0,CLEAR,DRY,False,COLLISION WITH PARKED VEHICLE,HEAD ON,STRAIGHT & LEVEL,DARK-HWY LIGHTED/OFF,,,11/25/2019 9:16:44 AM,False,5148,Accepted,
25969518,0568000,LOUISVILLE METRO POLICE DEPT,Accepted,JEFFERSON,KY2251,,BARDSTOWN,RD,,,SIX MILE,,,,,38.195025333,-85.652596484,0.566,11/23/2019 12:00:00 AM,1548,2,2,0,0,CLOUDY,WET,False,ANGLE COLLISION - ONE VEHICLE TURNING LEFT,ANGLE,STRAIGHT & LEVEL,DAYLIGHT,,,11/25/2019 9:28:40 AM,False,7864,Accepted,
25969512,0568000,LOUISVILLE METRO POLICE DEPT,Accepted,JEFFERSON,,,7TH,ST,S,,SHIPP,,,,,38.226228288,-85.769175669,0.610,11/23/2019 12:00:00 AM,1733,2,2,0,1,RAINING,WET,False,COLLISION WITH BICYCLE IN INTERSECTION,ANGLE,STRAIGHT & LEVEL,DARK-HWY LIGHTED/ON,,,11/25/2019 9:27:37 AM,False,7495,Accepted,
25969408,0568000,LOUISVILLE METRO POLICE DEPT,Accepted,JEFFERSON,KY1865,,NEW CUT,RD,,,KENWOOD,,,,,38.161651906,-85.779195804,3.772,11/23/2019 12:00:00 AM,0835,2,2,0,0,RAINING,WET,False,ANGLE COLLISION - OTHER,ANGLE,STRAIGHT & LEVEL,DAYLIGHT,,,11/25/2019 9:18:10 AM,False,5263,Accepted,
25969341,0568000,LOUISVILLE METRO POLICE DEPT,Accepted,JEFFERSON,,,COOPER CHAPEL,RD,,KY0061,PRESTON,,,,,38.103541537,-85.672432445,0.004,11/23/2019 12:00:00 AM,0300,2,2,0,0,CLEAR,DRY,False,ANGLE COLLISION - OTHER,ANGLE,STRAIGHT & LEVEL,DARK-HWY NOT LIGHTED,,,11/25/2019 9:14:21 AM,False,5198,Accepted,
25969514,0568000,LOUISVILLE METRO POLICE DEPT,Accepted,JEFFERSON,KY0907,,SOUTHSIDE,DR,,,ALVINA,,,,,38.151045350,-85.766757429,6.913,11/23/2019 12:00:00 AM,1616,2,2,0,1,RAINING,WET,False,ANGLE COLLISION - OTHER,ANGLE,CURVE & LEVEL,DAYLIGHT,,,11/25/2019 9:27:44 AM,False,5263,Accepted,
25969660,0568000,LOUISVILLE METRO POLICE DEPT,Accepted,JEFFERSON,,,KENTUCKY,ST,W,,23RD,,,,,38.242377307,-85.791835625,1.775,11/23/2019 12:00:00 AM,1331,2,2,0,1,CLOUDY,WET,True,ANGLE COLLISION - OTHER,ANGLE,STRAIGHT & LEVEL,DAYLIGHT,,,11/25/2019 9:39:02 AM,False,7363,Accepted,
25969749,0568000,LOUISVILLE METRO POLICE DEPT,Accepted,JEFFERSON,US0031W,,DIXIE,HWY,,,KERRICK,,,,,38.154873687,-85.836264365,12.231,11/23/2019 12:00:00 AM,2058,2,2,0,0,CLOUDY,WET,False,ANGLE COLLISION - OTHER,ANGLE,STRAIGHT & LEVEL,DARK-HWY LIGHTED/ON,,,11/25/2019 9:47:56 AM,False,5170,Accepted,
25969674,0568000,LOUISVILLE METRO POLICE DEPT,Accepted,JEFFERSON,KY1065,,OUTER,LOOP,,,BRIARCLIFF,,,,,38.136152235,-85.697106981,5.463,11/23/2019 12:00:00 AM,1155,2,2,0,0,RAINING,WET,False,ANGLE COLLISION - OTHER,ANGLE,STRAIGHT & LEVEL,DAYLIGHT,,,11/25/2019 9:40:57 AM,False,2583,Accepted,
25969669,0568000,LOUISVILLE METRO POLICE DEPT,Accepted,JEFFERSON,KY0061,,JACKSON,ST,S,,PRESTON,,,,,38.227976496,-85.750225590,10.982,11/23/2019 12:00:00 AM,1450,2,2,0,0,RAINING,WET,False,ANGLE COLLISION - OTHER,ANGLE,STRAIGHT & LEVEL,DAYLIGHT,,,11/25/2019 9:40:26 AM,False,5284,Accepted,
25969644,0568000,LOUISVILLE METRO POLICE DEPT,Accepted,JEFFERSON,KY0061,,PRESTON,HWY,,,PINECROFT,,,,,38.134428853,-85.684540680,3.664,11/23/2019 12:00:00 AM,2220,3,3,0,0,RAINING,WET,True,ANGLE COLLISION - OTHER,ANGLE,STRAIGHT & LEVEL,DARK-HWY LIGHTED/ON,,,11/25/2019 9:37:05 AM,False,5182,Accepted,
25969552,0568000,LOUISVILLE METRO POLICE DEPT,Accepted,JEFFERSON,KY0864,,POPLAR LEVEL,RD,,I 0264,I264 W EXIT14 ON RAMP FROM KY864 S,,,,,38.196289165,-85.707743084,11.392,11/23/2019 12:00:00 AM,1914,2,2,0,0,RAINING,WET,True,ANGLE COLLISION - OTHER,ANGLE,STRAIGHT & LEVEL,DARK-HWY LIGHTED/ON,,,11/25/2019 9:30:03 AM,False,7359,Accepted,
25969608,0568000,LOUISVILLE METRO POLICE DEPT,Accepted,JEFFERSON,,,TREVILIAN,WAY,,,DUNDEE,,,,,38.218585775,-85.691133910,1.056,11/23/2019 12:00:00 AM,2023,2,2,0,0,RAINING,WET,False,ANGLE COLLISION - OTHER,ANGLE,STRAIGHT & LEVEL,DARK (UNKNOWN ROADWAY LIGHTING),,,11/25/2019 9:33:24 AM,False,5274,Accepted,
25969411,0568000,LOUISVILLE METRO POLICE DEPT,Accepted,JEFFERSON,US0031E,,BARDSTOWN,RD,,,HAWTHORNE,,,,,38.216969942,-85.676297350,12.508,11/22/2019 12:00:00 AM,1630,2,2,0,2,CLOUDY,DRY,False,ANGLE COLLISION - OTHER,ANGLE,STRAIGHT & LEVEL,DAYLIGHT,,,11/25/2019 9:18:35 AM,False,6813,Accepted,
25969689,0568000,LOUISVILLE METRO POLICE DEPT,Accepted,JEFFERSON,,,INDIAN,TRL,E,,PETERSBURG,,,,,38.184190752,-85.666138054,2.566,11/22/2019 12:00:00 AM,1608,2,2,0,0,CLEAR,DRY,False,ANGLE COLLISION - OTHER,ANGLE,STRAIGHT & LEVEL,DAYLIGHT,,,11/25/2019 9:42:57 AM,False,5292,Accepted,
25969038,0568000,LOUISVILLE METRO POLICE DEPT,Accepted,JEFFERSON,,,GILMORE,LN,,,GILMORE INDUSTRIAL,,,,,38.181704687,-85.700024697,0.847,11/22/2019 12:00:00 AM,0800,2,2,0,0,RAINING,WET,False,ANGLE COLLISION - OTHER,ANGLE,STRAIGHT & GRADE,DAYLIGHT,,,11/25/2019 8:58:23 AM,False,5130,Accepted,
25969269,0568000,LOUISVILLE METRO POLICE DEPT,Accepted,JEFFERSON,,,RED OAK,LN,,,ROBINWOOD,,,,,38.172514089,-85.667803471,0.255,11/22/2019 12:00:00 AM,0852,2,2,0,0,RAINING,WET,False,ANGLE COLLISION - OTHER,ANGLE,STRAIGHT & LEVEL,DAYLIGHT,,,11/25/2019 9:08:53 AM,False,5269,Accepted,
25969270,0568000,LOUISVILLE METRO POLICE DEPT,Accepted,JEFFERSON,KY2054,,ALGONQUIN,PKWY,,,LINDBERGH,,,,,38.215753460,-85.774221466,2.859,11/22/2019 12:00:00 AM,1529,2,2,0,0,CLEAR,DRY,False,ANGLE COLLISION - OTHER,ANGLE,STRAIGHT & LEVEL,DAYLIGHT,,,11/25/2019 9:09:01 AM,False,5232,Accepted,
25969428,0568000,LOUISVILLE METRO POLICE DEPT,Accepted,JEFFERSON,KY1819,,BILLTOWN,RD,,,MARY DELL,,,,,38.167622859,-85.570281736,7.249,11/22/2019 12:00:00 AM,1747,2,2,0,0,CLOUDY,DRY,True,ANGLE COLLISION - OTHER,ANGLE,STRAIGHT & LEVEL,DARK-HWY NOT LIGHTED,,,11/25/2019 9:20:10 AM,False,7755,Accepted,