IncidentID,AgencyORI,AgencyName,IncidentStatusDesc,County,RdwyNumber,Street,RoadwayName,StreetSfx,StreetDir,IntersectionRdwy,IntersectionRdwyName,BetweenStRdwy1,BetweenStRdwyName1,BetweenStRdwy2,BetweenStRdwyName2,Latitude,Longitude,Milepoint,CollisionDate,CollisionTime,UnitsInvolved,MotorVehiclesInvolved,NumberKilled,NumberInjured,Weather,RdwyConditionCode,HitandRun,DirAnalysisCode,MannerofCollision,RdwyCharacter,LightCondition,RampFromRdwyId,RampToRdwyId,AcceptedDate,IsSecondaryCollision,OwnerBadge,IncidentStatus,
25969430,0568000,LOUISVILLE METRO POLICE DEPT,Accepted,JEFFERSON,,,DUMESNIL,ST,,US0031W,22ND,,,,,38.236516587,-85.790413934,1.646,11/22/2019 12:00:00 AM,0757,2,2,0,0,CLEAR,WET,False,ANGLE COLLISION - OTHER,ANGLE,STRAIGHT & LEVEL,DAYLIGHT,,,11/25/2019 9:20:24 AM,False,7363,Accepted,
25969054,0568000,LOUISVILLE METRO POLICE DEPT,Accepted,JEFFERSON,US0060,,FRANKFORT,AVE,,,HITE,,,,,38.254498797,-85.694128249,1.414,11/22/2019 12:00:00 AM,1140,2,2,0,0,CLOUDY,WET,True,ANGLE COLLISION - OTHER,ANGLE,STRAIGHT & LEVEL,DAYLIGHT,,,11/25/2019 9:00:35 AM,False,2413,Accepted,
25969040,0568000,LOUISVILLE METRO POLICE DEPT,Accepted,JEFFERSON,,,MCKINLEY,AVE,,KY0864,POPLAR LEVEL,,,,,38.214001426,-85.723058801,0.003,11/22/2019 12:00:00 AM,0733,2,2,0,1,RAINING,WET,False,ANGLE COLLISION - OTHER,ANGLE,STRAIGHT & LEVEL,DAYLIGHT,,,11/25/2019 8:59:16 AM,False,2796,Accepted,
25969243,0568000,LOUISVILLE METRO POLICE DEPT,Accepted,JEFFERSON,US0031W,,22ND,ST,S,,HILL,,,,,38.228889365,-85.792830781,18.159,11/22/2019 12:00:00 AM,1243,2,2,0,2,CLOUDY,DRY,False,ANGLE COLLISION - OTHER,ANGLE,STRAIGHT & LEVEL,DAYLIGHT,,,11/25/2019 9:08:03 AM,False,5282,Accepted,
25969365,0568000,LOUISVILLE METRO POLICE DEPT,Accepted,JEFFERSON,,,BROADWAY,,W,,26TH,,,,,38.249448534,-85.794880375,0.363,11/22/2019 12:00:00 AM,1717,2,2,0,0,CLOUDY,DRY,True,ANGLE COLLISION - OTHER,ANGLE,STRAIGHT & LEVEL,DUSK,,,11/25/2019 9:16:07 AM,False,7463,Accepted,
25969277,0568000,LOUISVILLE METRO POLICE DEPT,Accepted,JEFFERSON,,,KEMMONS,DR,,,BISHOP,,,,,38.203673273,-85.680778412,0.081,11/22/2019 12:00:00 AM,0705,1,1,0,0,RAINING,WET,True,COLLISION WITH FIXED OBJECT IN INTERSECTION - FIRST EVENT COLLISION 09 - 32,SINGLE VEHICLE,STRAIGHT & HILLCREST,DARK-HWY LIGHTED/OFF,,,11/25/2019 9:10:59 AM,False,5292,Accepted,
25969476,0568000,LOUISVILLE METRO POLICE DEPT,Accepted,JEFFERSON,,,HITE,AVE,N,US0042,BROWNSBORO,,,,,38.258781481,-85.697822885,0.373,11/22/2019 12:00:00 AM,2200,1,1,0,0,CLOUDY,WET,False,COLLISION WITH FIXED OBJECT IN INTERSECTION - FIRST EVENT COLLISION 09 - 32,SINGLE VEHICLE,STRAIGHT & HILLCREST,DARK (UNKNOWN ROADWAY LIGHTING),,,11/25/2019 9:25:30 AM,False,7128,Accepted,
25969701,0568000,LOUISVILLE METRO POLICE DEPT,Accepted,JEFFERSON,,,GOLDSMITH,LN,,,BROOKLAWN CAMPUS,,,,,38.206066606,-85.673273812,0.770,11/22/2019 12:00:00 AM,1736,1,1,0,0,CLEAR,DRY,True,COLLISION WITH FIXED OBJECT IN INTERSECTION - FIRST EVENT COLLISION 09 - 32,SINGLE VEHICLE,STRAIGHT & LEVEL,DARK-HWY LIGHTED/ON,,,11/25/2019 9:43:39 AM,False,5292,Accepted,
25958728,0568000,LOUISVILLE METRO POLICE DEPT,Accepted,JEFFERSON,KY1934,,CANE RUN,RD,,,TERRY,,,,,38.178178641,-85.861900839,7.182,11/22/2019 12:00:00 AM,0113,2,2,0,0,RAINING,WET,False,ANGLE COLLISION - ONE VEHICLE TURNING LEFT,ANGLE,STRAIGHT & GRADE,DARK-HWY NOT LIGHTED,,,11/22/2019 9:21:26 AM,False,5276,Accepted,
25969687,0568000,LOUISVILLE METRO POLICE DEPT,Accepted,JEFFERSON,,,GOLDSMITH,LN,,,BROOKLAWN CAMPUS,,,,,38.206068018,-85.673286309,0.770,11/22/2019 12:00:00 AM,1424,2,2,0,1,CLEAR,DRY,False,ANGLE COLLISION - ONE VEHICLE TURNING LEFT,ANGLE,STRAIGHT & LEVEL,DAYLIGHT,,,11/25/2019 9:42:49 AM,False,5292,Accepted,
25958838,0568000,LOUISVILLE METRO POLICE DEPT,Accepted,JEFFERSON,,,HEIGHTS,DR,,,LOFT,,,,,38.132258149,-85.595524708,0.561,11/22/2019 12:00:00 AM,0800,2,2,0,0,RAINING,WET,False,COLLISION WITH PARKED VEHICLE,BACKING,STRAIGHT & LEVEL,DAYLIGHT,,,11/22/2019 9:52:23 AM,False,6878,Accepted,
25958740,0568000,LOUISVILLE METRO POLICE DEPT,Accepted,JEFFERSON,,,BARRET,AVE,,,MORTON,,,,,38.239003422,-85.730218542,0.745,11/22/2019 12:00:00 AM,0310,2,2,0,1,RAINING,WET,False,COLLISION WITH PARKED VEHICLE,REAR END,STRAIGHT & LEVEL,DARK-HWY LIGHTED/ON,,,11/22/2019 9:24:29 AM,False,5188,Accepted,
25969356,0568000,LOUISVILLE METRO POLICE DEPT,Accepted,JEFFERSON,KY1931,,MANSLICK,RD,,KY1142,PALATKA,,,,,38.155409315,-85.801948955,5.487,11/22/2019 12:00:00 AM,2201,2,2,0,1,CLEAR,DRY,False,ANGLE COLLISION - ONE VEHICLE TURNING RIGHT,ANGLE,STRAIGHT & LEVEL,DARK-HWY LIGHTED/ON,,,11/25/2019 9:15:44 AM,False,5170,Accepted,
25958775,0568000,LOUISVILLE METRO POLICE DEPT,Accepted,JEFFERSON,KY1065,,OUTER,LOOP,,,SMYRNA,,,,,38.137977938,-85.641750740,8.507,11/22/2019 12:00:00 AM,0700,2,2,0,0,RAINING,WET,False,OPPOSITE DIRECTION - BOTH VEHICLES GOING STRAIGHT AHEAD,SIDESWIPE-OPPOSITE DIRECTION,STRAIGHT & LEVEL,DAYLIGHT,,,11/22/2019 9:31:53 AM,False,7989,Accepted,
25969351,0568000,LOUISVILLE METRO POLICE DEPT,Accepted,JEFFERSON,,,LOWER HUNTERS,TRCE,,,TRIPLETT,,,,,38.163923522,-85.863699652,1.725,11/22/2019 12:00:00 AM,1831,2,2,0,0,CLEAR,DRY,True,OPPOSITE DIRECTION - BOTH VEHICLES GOING STRAIGHT AHEAD,SIDESWIPE-OPPOSITE DIRECTION,CURVE & LEVEL,DARK-HWY LIGHTED/OFF,,,11/25/2019 9:15:26 AM,False,5170,Accepted,
25968974,0568000,LOUISVILLE METRO POLICE DEPT,Accepted,JEFFERSON,KY1747,,HURSTBOURNE,PKWY,N,,SPRINGDALE,,,,,38.305094086,-85.577419725,18.413,11/22/2019 12:00:00 AM,0900,2,2,0,0,RAINING,WET,False,REAR END - ONE VEHICLE TURNING RIGHT,REAR END,STRAIGHT & LEVEL,DAYLIGHT,,,11/25/2019 8:53:23 AM,False,7631,Accepted,
25969496,0568000,LOUISVILLE METRO POLICE DEPT,Accepted,JEFFERSON,US0060,,FRANKFORT,AVE,,,HILLCREST,,,,,38.254574158,-85.684281681,1.978,11/22/2019 12:00:00 AM,0801,2,2,0,0,RAINING,WET,False,SIDESWIPE-SAME DIRECTION,SIDESWIPE-SAME DIRECTION,STRAIGHT & LEVEL,DAYLIGHT,,,11/25/2019 9:27:06 AM,False,7403,Accepted,
25969807,0568000,LOUISVILLE METRO POLICE DEPT,Accepted,JEFFERSON,US0031E,,BARDSTOWN,RD,,,BRENTLINGER,,,,,38.135098996,-85.580070149,4.444,11/22/2019 12:00:00 AM,1455,2,2,0,0,CLEAR,DRY,False,SIDESWIPE-SAME DIRECTION,SIDESWIPE-SAME DIRECTION,STRAIGHT & LEVEL,DAYLIGHT,,,11/25/2019 9:54:46 AM,False,6926,Accepted,
25969282,0568000,LOUISVILLE METRO POLICE DEPT,Accepted,JEFFERSON,,,26TH,ST,S,,MAPLE,,,,,38.247820878,-85.795091272,0.890,11/22/2019 12:00:00 AM,1744,2,2,0,1,CLEAR,DRY,False,SIDESWIPE-SAME DIRECTION,SIDESWIPE-SAME DIRECTION,STRAIGHT & LEVEL,DARK-HWY LIGHTED/ON,,,11/25/2019 9:11:25 AM,False,5257,Accepted,
25969285,0568000,LOUISVILLE METRO POLICE DEPT,Accepted,JEFFERSON,,,FLOYD,ST,S,,CHESTNUT,,,,,38.248006894,-85.749247456,0.533,11/22/2019 12:00:00 AM,1511,2,2,0,0,CLOUDY,DRY,True,OTHER INTERSECTION COLLISIONS,REAR END,STRAIGHT & LEVEL,DAYLIGHT,,,11/25/2019 9:11:39 AM,False,5265,Accepted,
25969283,0568000,LOUISVILLE METRO POLICE DEPT,Accepted,JEFFERSON,I 0065,,I65 S,,,I 0065,I65 S EXIT133 ON RAMP FROM  E WARNOCK ST,,,,,38.215708123,-85.752225055,133.148,11/22/2019 12:00:00 AM,1043,2,2,0,0,CLOUDY,DRY,False,OTHER INTERSECTION COLLISIONS,REAR END,STRAIGHT & LEVEL,DAYLIGHT,,,11/25/2019 9:11:30 AM,False,5265,Accepted,
25958744,0568000,LOUISVILLE METRO POLICE DEPT,Accepted,JEFFERSON,KY1865,,NEW CUT,RD,,,BROWN AUSTIN,,,,,38.122973556,-85.776773174,1.023,11/22/2019 12:00:00 AM,0633,2,2,0,0,RAINING,WET,False,OTHER INTERSECTION COLLISIONS,REAR END,STRAIGHT & LEVEL,DARK-HWY LIGHTED/ON,,,11/22/2019 9:24:51 AM,False,5209,Accepted,
25958736,0568000,LOUISVILLE METRO POLICE DEPT,Accepted,JEFFERSON,KY0061,,PRESTON,HWY,,I 0065,I65 N EXIT130 ON RAMP FROM KY61,,,,,38.179147643,-85.717437242,7.274,11/22/2019 12:00:00 AM,0229,2,2,0,0,RAINING,WET,False,OTHER INTERSECTION COLLISIONS,REAR END,STRAIGHT & LEVEL,DARK-HWY LIGHTED/ON,,,11/22/2019 9:23:25 AM,False,5165,Accepted,
25969049,0568000,LOUISVILLE METRO POLICE DEPT,Accepted,JEFFERSON,KY2052,,SHEPHERDSVILLE,RD,,,MILE OF SUNSHINE,,,,,38.150418996,-85.659840563,0.814,11/22/2019 12:00:00 AM,0900,2,2,0,0,RAINING,WET,True,OTHER INTERSECTION COLLISIONS,REAR END,STRAIGHT & LEVEL,DAYLIGHT,,,11/25/2019 9:00:21 AM,False,7486,Accepted,
25969042,0568000,LOUISVILLE METRO POLICE DEPT,Accepted,JEFFERSON,KY1065,,OUTER,LOOP,,KY0061,PRESTON,,,,,38.138339189,-85.687012782,6.073,11/22/2019 12:00:00 AM,1320,2,2,0,0,CLOUDY,DRY,False,OTHER INTERSECTION COLLISIONS,REAR END,STRAIGHT & LEVEL,DAYLIGHT,,,11/25/2019 8:59:39 AM,False,7397,Accepted,
25969174,0568000,LOUISVILLE METRO POLICE DEPT,Accepted,JEFFERSON,KY1142,,PALATKA,RD,,,MANSLICK,,,,,38.152888947,-85.791106721,0.633,11/22/2019 12:00:00 AM,1545,2,2,0,0,CLOUDY,DRY,False,OTHER INTERSECTION COLLISIONS,REAR END,STRAIGHT & LEVEL,DAYLIGHT,,,11/25/2019 9:06:25 AM,False,5259,Accepted,
25969274,0568000,LOUISVILLE METRO POLICE DEPT,Accepted,JEFFERSON,US0031E,,BARDSTOWN,RD,,,BASHFORD MANOR,,,,,38.202880869,-85.664571112,11.343,11/22/2019 12:00:00 AM,1444,2,2,0,1,CLOUDY,DRY,False,OTHER INTERSECTION COLLISIONS,REAR END,STRAIGHT & LEVEL,DAYLIGHT,,,11/25/2019 9:10:25 AM,False,5119,Accepted,
25968992,0568000,LOUISVILLE METRO POLICE DEPT,Accepted,JEFFERSON,,,SILVERWOOD,LN,,,STONESTREET,,,,,38.107296857,-85.834867388,0.005,11/22/2019 12:00:00 AM,0723,2,2,0,0,RAINING,WET,False,OTHER INTERSECTION COLLISIONS,REAR END,STRAIGHT & LEVEL,DAYLIGHT,,,11/25/2019 8:55:29 AM,False,6326,Accepted,
25969041,0568000,LOUISVILLE METRO POLICE DEPT,Accepted,JEFFERSON,KY1065,,OUTER,LOOP,,,LONE OAK,,,,,38.137855507,-85.689434296,5.903,11/22/2019 12:00:00 AM,1035,3,3,0,0,RAINING,WET,False,OTHER INTERSECTION COLLISIONS,REAR END,STRAIGHT & LEVEL,DAYLIGHT,,,11/25/2019 8:59:31 AM,False,7397,Accepted,
25969239,0568000,LOUISVILLE METRO POLICE DEPT,Accepted,JEFFERSON,,,DIXIE,HWY,,,OAK,,,,,38.237410664,-85.786743555,0.835,11/22/2019 12:00:00 AM,0756,2,2,0,0,RAINING,WET,False,OTHER INTERSECTION COLLISIONS,REAR END,STRAIGHT & LEVEL,DAYLIGHT,,,11/25/2019 9:07:53 AM,False,7329,Accepted,
25969255,0568000,LOUISVILLE METRO POLICE DEPT,Accepted,JEFFERSON,,,INDIAN,TRL,E,KY0864,POPLAR LEVEL,,,,,38.171435899,-85.685332412,1.179,11/22/2019 12:00:00 AM,1755,2,2,0,0,CLOUDY,DRY,False,OTHER INTERSECTION COLLISIONS,REAR END,STRAIGHT & LEVEL,DARK (UNKNOWN ROADWAY LIGHTING),,,11/25/2019 9:08:22 AM,False,7473,Accepted,
25969361,0568000,LOUISVILLE METRO POLICE DEPT,Accepted,JEFFERSON,I 0264,,I264 E,,,I 0264,I264 E EXIT21 OFF RAMP TO KY1447,,,,,38.260336208,-85.623099686,20.543,11/22/2019 12:00:00 AM,2356,1,1,0,3,CLEAR,DRY,False,OTHER INTERSECTION COLLISIONS,SINGLE VEHICLE,CURVE & LEVEL,DARK-HWY LIGHTED/ON,,,11/25/2019 9:15:53 AM,False,5102,Accepted,
25969614,0568000,LOUISVILLE METRO POLICE DEPT,Accepted,JEFFERSON,,,7TH,ST,S,,MYRTLE,,,,,38.230977909,-85.766857535,0.929,11/22/2019 12:00:00 AM,2112,1,1,0,2,CLOUDY,DRY,False,OTHER INTERSECTION COLLISIONS,SINGLE VEHICLE,CURVE & LEVEL,DARK (UNKNOWN ROADWAY LIGHTING),,,11/25/2019 9:33:55 AM,False,5111,Accepted,
25969279,0568000,LOUISVILLE METRO POLICE DEPT,Accepted,JEFFERSON,,,BISHOP,LN,,,PINEWOOD,,,,,38.188270048,-85.693964830,0.399,11/22/2019 12:00:00 AM,0901,2,2,0,0,CLEAR,WET,False,OTHER INTERSECTION COLLISIONS,REAR TO REAR,STRAIGHT & LEVEL,DAYLIGHT,,,11/25/2019 9:11:16 AM,False,5292,Accepted,
25969288,0568000,LOUISVILLE METRO POLICE DEPT,Accepted,JEFFERSON,KY0061,,JACKSON,ST,S,,JEFFERSON,,,,,38.252490440,-85.744325181,12.796,11/22/2019 12:00:00 AM,1719,2,2,0,0,CLEAR,DRY,False,OTHER INTERSECTION COLLISIONS,REAR END,STRAIGHT & LEVEL,DAYLIGHT,,,11/25/2019 9:11:52 AM,False,5265,Accepted,
25969297,0568000,LOUISVILLE METRO POLICE DEPT,Accepted,JEFFERSON,US0031E,,BARDSTOWN,RD,,,NEWBRIDGE,,,,,38.156983124,-85.590652947,6.051,11/22/2019 12:00:00 AM,1517,2,2,0,0,CLEAR,DRY,False,OTHER INTERSECTION COLLISIONS,REAR END,STRAIGHT & LEVEL,DAYLIGHT,,,11/25/2019 9:12:17 AM,False,5262,Accepted,
25969030,0568000,LOUISVILLE METRO POLICE DEPT,Accepted,JEFFERSON,I 0071,,I71 S,,,I 0071,I71 TURN AROUND6,,,,,38.298402324,-85.622776204,6.528,11/22/2019 12:00:00 AM,0732,2,2,0,0,RAINING,WET,True,OTHER INTERSECTION COLLISIONS,REAR END,STRAIGHT & LEVEL,DARK-HWY LIGHTED/OFF,,,11/25/2019 8:57:46 AM,False,7720,Accepted,
25969461,0568000,LOUISVILLE METRO POLICE DEPT,Accepted,JEFFERSON,US0031W,,DIXIE,HWY,,,WINGFIELD,,,,,38.219019474,-85.794240424,17.338,11/22/2019 12:00:00 AM,1730,2,2,0,0,CLEAR,DRY,False,OTHER INTERSECTION COLLISIONS,REAR END,STRAIGHT & LEVEL,DAYLIGHT,,,11/25/2019 9:23:47 AM,False,5002,Accepted,
25968996,0568000,LOUISVILLE METRO POLICE DEPT,Accepted,JEFFERSON,,,UPPER HUNTERS,TRCE,,,WEBER,,,,,38.166881632,-85.841048094,0.711,11/22/2019 12:00:00 AM,0728,2,2,0,0,RAINING,WET,False,OTHER INTERSECTION COLLISIONS,REAR END,STRAIGHT & LEVEL,DAYLIGHT,,,11/25/2019 8:55:42 AM,False,6326,Accepted,
25958743,0568000,LOUISVILLE METRO POLICE DEPT,Accepted,JEFFERSON,KY1865,,NEW CUT,RD,,,KENWOOD,,,,,38.162539675,-85.779468591,3.839,11/22/2019 12:00:00 AM,0616,2,2,0,0,RAINING,WET,False,OTHER INTERSECTION COLLISIONS,REAR END,STRAIGHT & LEVEL,DARK-HWY LIGHTED/OFF,,,11/22/2019 9:24:41 AM,False,7436,Accepted,
25958757,0568000,LOUISVILLE METRO POLICE DEPT,Accepted,JEFFERSON,,,GRINSTEAD,DR,,I 0064,I64 W EXIT8 ON RAMP FROM  GRINSTEAD DR,,,,,38.247321581,-85.700526258,0.136,11/22/2019 12:00:00 AM,0735,2,2,0,0,RAINING,WET,False,OTHER INTERSECTION COLLISIONS,REAR END,STRAIGHT & LEVEL,DAYLIGHT,,,11/22/2019 9:30:53 AM,False,7900,Accepted,
25958758,0568000,LOUISVILLE METRO POLICE DEPT,Accepted,JEFFERSON,KY1934,,CANE RUN,RD,,KY2049,CRUMS,,,,,38.199287479,-85.837323417,9.184,11/22/2019 12:00:00 AM,0740,2,2,0,0,RAINING,WET,False,OTHER INTERSECTION COLLISIONS,REAR END,STRAIGHT & LEVEL,DAYLIGHT,,,11/22/2019 9:31:01 AM,False,7973,Accepted,
25975417,0568000,LOUISVILLE METRO POLICE DEPT,Accepted,JEFFERSON,US0031E,,BARDSTOWN,RD,,,ST GABRIEL,,,,,38.166640068,-85.601580863,6.953,11/22/2019 12:00:00 AM,0651,2,2,0,0,RAINING,WET,False,OTHER INTERSECTION COLLISIONS,REAR END,STRAIGHT & LEVEL,DAWN,,,11/26/2019 8:46:45 AM,False,5011,Accepted,
25975418,0568000,LOUISVILLE METRO POLICE DEPT,Accepted,JEFFERSON,US0031E,,BARDSTOWN,RD,,,ST GABRIEL,,,,,38.166575680,-85.601483311,6.958,11/22/2019 12:00:00 AM,0723,2,2,0,0,RAINING,WET,False,OTHER INTERSECTION COLLISIONS,REAR END,STRAIGHT & LEVEL,DAWN,,,11/26/2019 8:46:54 AM,False,5011,Accepted,
25969410,0568000,LOUISVILLE METRO POLICE DEPT,Accepted,JEFFERSON,I 0265,,I265 E,,,,,I 0265,I265 E EXIT23 ON RAMP FROM KY155,I 0064,I64 N EXIT25A RAMP TO I64 E,38.211279919,-85.506508125,24.687,11/22/2019 12:00:00 AM,2027,1,1,0,0,CLOUDY,DRY,False,COLLISION WITH ANIMAL NON INTERSECTION,SINGLE VEHICLE,STRAIGHT & GRADE,DARK-HWY NOT LIGHTED,,,11/25/2019 9:18:29 AM,False,7851,Accepted,
25969248,0568000,LOUISVILLE METRO POLICE DEPT,Accepted,JEFFERSON,,523,5TH,ST,S,,,,,,,38.250295399,-85.759318518,3.356,11/22/2019 12:00:00 AM,1800,2,1,0,1,CLEAR,DRY,False,COLLISION WITH PEDESTRIAN NON - INTERSECTION,SINGLE VEHICLE,STRAIGHT & LEVEL,DARK-HWY LIGHTED/ON,,,11/25/2019 9:08:10 AM,False,7220,Accepted,
25968998,0568000,LOUISVILLE METRO POLICE DEPT,Accepted,JEFFERSON,,9904,STONESTREET,RD,,,,,,,,38.111442294,-85.836326791,1.309,11/22/2019 12:00:00 AM,1017,1,1,0,1,CLOUDY,WET,False,COLLISION WITH FIXED OBJECT NON - INTERSECTION - FIRST EVENT COLLISION 09 - 32 EXCLUDING 16,SINGLE VEHICLE,STRAIGHT & LEVEL,DAYLIGHT,,,11/25/2019 8:55:54 AM,False,6326,Accepted,
25969119,0568000,LOUISVILLE METRO POLICE DEPT,Accepted,JEFFERSON,,,CASPIAN,DR,,,,,LAGOONA,,AILANTHUS,38.169901581,-85.675573978,0.072,11/22/2019 12:00:00 AM,1115,2,2,0,0,CLOUDY,DRY,True,1 VEHICLE PARKED POSITION (NOT PARKING LOT/DRIVEWAY),ANGLE,STRAIGHT & LEVEL,DAYLIGHT,,,11/25/2019 9:05:10 AM,False,5270,Accepted,
25968392,0566900,LOUISVILLE AIRPORT POLICE,Accepted,JEFFERSON,,600,TERMINAL,DR,,,,,,,,38.186618232,-85.741901221,0.301,11/22/2019 12:00:00 AM,0715,2,2,0,0,RAINING,WET,False,1 VEHICLE PARKED POSITION (NOT PARKING LOT/DRIVEWAY),SIDESWIPE-SAME DIRECTION,STRAIGHT & LEVEL,DAWN,,,11/25/2019 7:34:28 AM,False,5870,Accepted,
25969001,0568000,LOUISVILLE METRO POLICE DEPT,Accepted,JEFFERSON,,,BISHOP,ST,,,,,HULL,,PAYNE,38.247650601,-85.729220182,0.001,11/22/2019 12:00:00 AM,0757,2,2,0,0,RAINING,WET,False,1 VEHICLE PARKED POSITION (NOT PARKING LOT/DRIVEWAY),HEAD ON,STRAIGHT & GRADE,DAWN,,,11/25/2019 8:56:20 AM,False,2228,Accepted,
25980755,0568000,LOUISVILLE METRO POLICE DEPT,Accepted,JEFFERSON,,1341,MCHENRY,ST,,,,,,,,38.227658666,-85.739680133,0.121,11/22/2019 12:00:00 AM,0342,2,2,0,0,RAINING,WET,False,1 VEHICLE PARKED POSITION (NOT PARKING LOT/DRIVEWAY),SIDESWIPE-OPPOSITE DIRECTION,STRAIGHT & LEVEL,DARK (UNKNOWN ROADWAY LIGHTING),,,11/27/2019 8:36:38 AM,False,5050,Accepted,
25977021,0568000,LOUISVILLE METRO POLICE DEPT,Accepted,JEFFERSON,US0060A,,LEXINGTON,RD,,,,,ALTA VISTA,,ALTAGATE,38.245700342,-85.687206820,8.809,11/22/2019 12:00:00 AM,1908,2,1,0,0,CLOUDY,DRY,False,REAR END IN TRAFFIC LANES BOTH VEHICLES MOVING,REAR END,STRAIGHT & LEVEL,DARK-HWY LIGHTED/ON,,,11/26/2019 1:52:11 PM,False,2229,Accepted,
25969298,0568000,LOUISVILLE METRO POLICE DEPT,Accepted,JEFFERSON,US0060A,,LEXINGTON,RD,,,,,,,,38.245656056,-85.687295457,8.803,11/22/2019 12:00:00 AM,1908,2,2,0,0,CLOUDY,DRY,False,REAR END IN TRAFFIC LANES BOTH VEHICLES MOVING,REAR END,STRAIGHT & LEVEL,DARK-HWY LIGHTED/ON,,,11/25/2019 9:12:27 AM,False,2229,Accepted,
25969291,0568000,LOUISVILLE METRO POLICE DEPT,Accepted,JEFFERSON,US0150,,BROADWAY,,E,,,,HANCOCK,,CLAY,38.244881459,-85.742180730,3.268,11/22/2019 12:00:00 AM,1100,2,2,0,0,CLOUDY,WET,False,REAR END IN TRAFFIC LANES BOTH VEHICLES MOVING,REAR END,STRAIGHT & LEVEL,DAYLIGHT,,,11/25/2019 9:12:04 AM,False,7266,Accepted,
25969276,0568000,LOUISVILLE METRO POLICE DEPT,Accepted,JEFFERSON,KY1932,,BRECKENRIDGE,LN,,,,,,,,38.200575438,-85.623451373,1.352,11/22/2019 12:00:00 AM,1807,2,2,0,0,CLOUDY,DRY,False,REAR END IN TRAFFIC LANES BOTH VEHICLES MOVING,REAR END,STRAIGHT & LEVEL,DARK-HWY LIGHTED/ON,,,11/25/2019 9:10:45 AM,False,5119,Accepted,
25997232,0568000,LOUISVILLE METRO POLICE DEPT,Accepted,JEFFERSON,I 0064,,I64 E,,,,,,,,,38.235736457,-85.648286609,11.093,11/22/2019 12:00:00 AM,1826,2,2,0,0,CLOUDY,DRY,False,REAR END IN TRAFFIC LANES BOTH VEHICLES MOVING,REAR END,STRAIGHT & LEVEL,DARK-HWY LIGHTED/ON,,,12/2/2019 9:42:14 AM,False,5119,Accepted,
25969412,0568000,LOUISVILLE METRO POLICE DEPT,Accepted,JEFFERSON,US0031E,,BARDSTOWN,RD,,,,,,,,38.216886938,-85.676308989,12.504,11/22/2019 12:00:00 AM,1650,2,2,0,0,CLEAR,DRY,False,REAR END IN TRAFFIC LANES BOTH VEHICLES MOVING,REAR END,STRAIGHT & LEVEL,DAYLIGHT,,,11/25/2019 9:18:43 AM,False,6813,Accepted,
25969472,0568000,LOUISVILLE METRO POLICE DEPT,Accepted,JEFFERSON,KY0061,,PRESTON,HWY,,,,,GLEN ROSE,I 0265,I265 W EXIT12 ON RAMP FROM KY61 S,38.113383123,-85.675798491,2.091,11/22/2019 12:00:00 AM,1736,2,2,0,0,CLOUDY,DRY,False,REAR END IN TRAFFIC LANES BOTH VEHICLES MOVING,REAR END,STRAIGHT & GRADE,DARK-HWY LIGHTED/ON,,,11/25/2019 9:25:07 AM,False,7397,Accepted,
25969405,0568000,LOUISVILLE METRO POLICE DEPT,Accepted,JEFFERSON,KY1065,,OUTER,LOOP,,,,,LAUREL RIDGE,,JUDGE,38.137968884,-85.672267735,6.848,11/22/2019 12:00:00 AM,1800,3,3,0,0,CLOUDY,DRY,False,REAR END IN TRAFFIC LANES BOTH VEHICLES MOVING,REAR END,STRAIGHT & LEVEL,DUSK,,,11/25/2019 9:17:43 AM,False,2547,Accepted,
25969004,0568000,LOUISVILLE METRO POLICE DEPT,Accepted,JEFFERSON,I 0065,,I65 S,,,,,,,,,38.242568472,-85.752808733,135.038,11/22/2019 12:00:00 AM,0953,4,4,0,1,CLOUDY,WET,False,REAR END IN TRAFFIC LANES BOTH VEHICLES MOVING,REAR END,STRAIGHT & LEVEL,DAYLIGHT,,,11/25/2019 8:56:28 AM,False,4903,Accepted,
26045826,0568000,LOUISVILLE METRO POLICE DEPT,Accepted,JEFFERSON,,323,32ND,ST,N,,,,,,,38.265979391,-85.804051446,0.263,11/22/2019 12:00:00 AM,1730,2,2,0,0,CLEAR,DRY,False,1 VEHICLE PARKED POSITION (NOT PARKING LOT/DRIVEWAY),SIDESWIPE-OPPOSITE DIRECTION,STRAIGHT & LEVEL,DARK-HWY LIGHTED/OFF,,,12/12/2019 9:17:06 AM,False,7487,Accepted,
25969745,0568000,LOUISVILLE METRO POLICE DEPT,Accepted,JEFFERSON,I 0071,,I71 S,,,,,,,,,38.290539257,-85.648042014,5.002,11/22/2019 12:00:00 AM,0545,2,2,0,0,RAINING,WET,False,SIDESWIPE COLLISION - SAME DIRECTION,SIDESWIPE-SAME DIRECTION,STRAIGHT & LEVEL,DARK-HWY LIGHTED/ON,,,11/25/2019 9:47:19 AM,False,4656,Accepted,
25969228,0568000,LOUISVILLE METRO POLICE DEPT,Accepted,JEFFERSON,I 0071,,I71 S,,,,,,,,,38.264884101,-85.713258966,0.672,11/22/2019 12:00:00 AM,1346,2,2,0,0,CLOUDY,DRY,False,SIDESWIPE COLLISION - SAME DIRECTION,SIDESWIPE-SAME DIRECTION,CURVE & LEVEL,DAYLIGHT,,,11/25/2019 9:07:29 AM,False,8278,Accepted,