IncidentID,AgencyORI,AgencyName,IncidentStatusDesc,County,RdwyNumber,Street,RoadwayName,StreetSfx,StreetDir,IntersectionRdwy,IntersectionRdwyName,BetweenStRdwy1,BetweenStRdwyName1,BetweenStRdwy2,BetweenStRdwyName2,Latitude,Longitude,Milepoint,CollisionDate,CollisionTime,UnitsInvolved,MotorVehiclesInvolved,NumberKilled,NumberInjured,Weather,RdwyConditionCode,HitandRun,DirAnalysisCode,MannerofCollision,RdwyCharacter,LightCondition,RampFromRdwyId,RampToRdwyId,AcceptedDate,IsSecondaryCollision,OwnerBadge,IncidentStatus,
25969404,0568000,LOUISVILLE METRO POLICE DEPT,Accepted,JEFFERSON,KY1065,,OUTER,LOOP,,,,,LAUREL RIDGE,,JUDGE,38.137963370,-85.672380935,6.842,11/22/2019 12:00:00 AM,1750,2,2,0,0,CLOUDY,DRY,False,SIDESWIPE COLLISION - SAME DIRECTION,SIDESWIPE-SAME DIRECTION,STRAIGHT & LEVEL,DUSK,,,11/25/2019 9:17:32 AM,False,2547,Accepted,
25969304,0568000,LOUISVILLE METRO POLICE DEPT,Accepted,JEFFERSON,I 0265,,I265 E,,,,,I 0265,I265 E EXIT23 ON RAMP FROM KY155,I 0064,I64 N EXIT25A RAMP TO I64 E,38.193250893,-85.508533637,23.438,11/22/2019 12:00:00 AM,2120,1,1,0,0,CLOUDY,DRY,False,OTHER COLLISIONS ON SHOULDER,SINGLE VEHICLE,STRAIGHT & GRADE,DARK-HWY NOT LIGHTED,,,11/25/2019 9:13:33 AM,False,2013,Accepted,
25975400,0568000,LOUISVILLE METRO POLICE DEPT,Accepted,JEFFERSON,KY0841,,GENE SNYDER,FWY,,,,KY0841,KY841 RAMP TO KY1865,KY0841,KY841 RAMP FROM KY1865,38.119742961,-85.772785210,6.294,11/22/2019 12:00:00 AM,1900,3,3,0,0,CLOUDY,DRY,False,REAR END IN TRAFFIC LANES BOTH VEHICLES MOVING,REAR END,STRAIGHT & LEVEL,DARK-HWY NOT LIGHTED,,,11/26/2019 8:44:39 AM,False,7851,Accepted,
25968984,0568000,LOUISVILLE METRO POLICE DEPT,Accepted,JEFFERSON,KY1020,,3RD,ST,S,,,,IOWA,,M,38.208547944,-85.763278169,9.749,11/22/2019 12:00:00 AM,0952,2,2,0,0,CLOUDY,WET,False,REAR END IN TRAFFIC LANES BOTH VEHICLES MOVING,REAR END,STRAIGHT & LEVEL,DAYLIGHT,,,11/25/2019 8:54:01 AM,False,2499,Accepted,
25969258,0568000,LOUISVILLE METRO POLICE DEPT,Accepted,JEFFERSON,I 0265,,I265 E,,,,,,,,,38.213104783,-85.506429029,24.813,11/22/2019 12:00:00 AM,0912,2,2,0,0,RAINING,WATER (STANDING OR MOVING),False,REAR END IN TRAFFIC LANES BOTH VEHICLES MOVING,REAR END,STRAIGHT & LEVEL,DAYLIGHT,,,11/25/2019 9:08:28 AM,False,7751,Accepted,
25969275,0568000,LOUISVILLE METRO POLICE DEPT,Accepted,JEFFERSON,,,KLONWAY,DR,,,,,,,,38.207229536,-85.630774189,0.281,11/22/2019 12:00:00 AM,1607,2,2,0,0,CLOUDY,DRY,False,REAR END IN TRAFFIC LANES BOTH VEHICLES MOVING,REAR END,STRAIGHT & LEVEL,DAYLIGHT,,,11/25/2019 9:10:31 AM,False,5119,Accepted,
25969039,0568000,LOUISVILLE METRO POLICE DEPT,Accepted,JEFFERSON,I 0065,,I65 N,,,,,,,,,38.186453201,-85.725179210,130.388,11/22/2019 12:00:00 AM,0840,2,2,0,0,RAINING,WET,False,SIDESWIPE COLLISION - SAME DIRECTION,SIDESWIPE-SAME DIRECTION,STRAIGHT & GRADE,DAYLIGHT,,,11/25/2019 8:58:40 AM,False,5130,Accepted,
25968970,0568000,LOUISVILLE METRO POLICE DEPT,Accepted,JEFFERSON,,6501,FEGENBUSH,LN,,,,,,,,38.168817507,-85.640162198,1.276,11/22/2019 12:00:00 AM,0853,2,2,0,0,RAINING,WET,False,HEAD-ON COLLISION,HEAD ON,CURVE & HILLCREST,DAYLIGHT,,,11/25/2019 8:53:15 AM,False,7799,Accepted,
25969406,0568000,LOUISVILLE METRO POLICE DEPT,Accepted,JEFFERSON,,,CENTRAL,AVE,,,,,,,,38.205043786,-85.765082512,0.415,11/22/2019 12:00:00 AM,1510,2,2,0,0,CLEAR,DRY,False,1 VEHICLE ENTERING/LEAVING ENTRANCE,ANGLE,STRAIGHT & LEVEL,DAYLIGHT,,,11/25/2019 9:17:56 AM,False,5232,Accepted,
25969153,0568000,LOUISVILLE METRO POLICE DEPT,Accepted,JEFFERSON,KY1065,,OUTER,LOOP,,,,,NOLTEMEYER WYNDE,,LAMBERT,38.138156768,-85.677771654,6.549,11/22/2019 12:00:00 AM,1413,2,2,0,0,CLOUDY,DRY,False,1 VEHICLE ENTERING/LEAVING ENTRANCE,ANGLE,STRAIGHT & LEVEL,DAYLIGHT,,,11/25/2019 9:05:52 AM,False,2547,Accepted,
25969122,0568000,LOUISVILLE METRO POLICE DEPT,Accepted,JEFFERSON,,,CRUMS,LN,S,,,,,,,38.194575511,-85.840880897,0.687,11/22/2019 12:00:00 AM,1439,2,2,0,0,CLOUDY,DRY,False,1 VEHICLE ENTERING/LEAVING ENTRANCE,ANGLE,STRAIGHT & LEVEL,DAYLIGHT,,,11/25/2019 9:05:15 AM,False,7973,Accepted,
25969251,0568000,LOUISVILLE METRO POLICE DEPT,Accepted,JEFFERSON,,4320,BISHOP,LN,,,,,,,,38.198108648,-85.686331670,1.280,11/22/2019 12:00:00 AM,0702,2,2,0,0,RAINING,WET,False,1 VEHICLE ENTERING/LEAVING ENTRANCE,ANGLE,STRAIGHT & LEVEL,DAYLIGHT,,,11/25/2019 9:08:16 AM,False,7473,Accepted,
25969300,0568000,LOUISVILLE METRO POLICE DEPT,Accepted,JEFFERSON,US0031W,,DIXIE,HWY,,,,,,,,38.140079306,-85.841590814,11.380,11/22/2019 12:00:00 AM,1322,2,2,0,0,CLOUDY,DRY,False,1 VEHICLE ENTERING/LEAVING ENTRANCE,ANGLE,STRAIGHT & LEVEL,DAYLIGHT,,,11/25/2019 9:12:36 AM,False,7234,Accepted,
25969007,0568000,LOUISVILLE METRO POLICE DEPT,Accepted,JEFFERSON,KY1747,,FERN VALLEY,RD,,,,,PARAMOUNT PARK,,ULRICH,38.157042415,-85.711071906,1.160,11/22/2019 12:00:00 AM,1049,2,2,0,0,CLOUDY,DRY,False,1 VEHICLE ENTERING/LEAVING ENTRANCE,ANGLE,STRAIGHT & LEVEL,DAYLIGHT,,,11/25/2019 8:56:39 AM,False,2324,Accepted,
25969664,0568000,LOUISVILLE METRO POLICE DEPT,Accepted,JEFFERSON,KY1065,,OUTER,LOOP,,,,,,,,38.125930001,-85.768351150,1.446,11/22/2019 12:00:00 AM,1632,2,2,0,1,CLOUDY,DRY,False,OTHER ROADWAY OR MID-BLOCK COLLISION,REAR END,STRAIGHT & LEVEL,DUSK,,,11/25/2019 9:39:47 AM,False,7252,Accepted,
25969337,0568000,LOUISVILLE METRO POLICE DEPT,Accepted,JEFFERSON,KY1934,4209,CANE RUN,RD,,,,,,,,38.201482232,-85.834637281,9.397,11/22/2019 12:00:00 AM,2224,2,2,0,0,CLEAR,DRY,False,OTHER ROADWAY OR MID-BLOCK COLLISION,REAR END,STRAIGHT & LEVEL,DARK-HWY LIGHTED/ON,,,11/25/2019 9:14:02 AM,False,7437,Accepted,
25969235,0568000,LOUISVILLE METRO POLICE DEPT,Accepted,JEFFERSON,I 0264,,I264 W,,,,,,,,,38.194943154,-85.708810641,13.297,11/22/2019 12:00:00 AM,1701,2,2,0,0,CLEAR,DRY,False,OTHER ROADWAY OR MID-BLOCK COLLISION,REAR END,STRAIGHT & LEVEL,DUSK,,,11/25/2019 9:07:37 AM,False,8278,Accepted,
25969178,0568000,LOUISVILLE METRO POLICE DEPT,Accepted,JEFFERSON,KY1934,,GREENBELT,HWY,,,,,,,,38.093206318,-85.879312124,0.234,11/22/2019 12:00:00 AM,1706,1,1,0,0,CLEAR,DRY,False,OTHER ROADWAY OR MID-BLOCK COLLISION,SINGLE VEHICLE,CURVE & LEVEL,DUSK,,,11/25/2019 9:06:39 AM,False,7841,Accepted,
25969035,0568000,LOUISVILLE METRO POLICE DEPT,Accepted,JEFFERSON,US0031E,,BARDSTOWN,RD,,,,,CEDAR CREEK,,BRENTLINGER,38.134145606,-85.579603810,4.373,11/22/2019 12:00:00 AM,1145,2,2,0,1,CLOUDY,WET,False,OTHER ROADWAY OR MID-BLOCK COLLISION,OPPOSING LEFT TURN,STRAIGHT & LEVEL,DAYLIGHT,,,11/25/2019 8:57:52 AM,False,6878,Accepted,
25969302,0568000,LOUISVILLE METRO POLICE DEPT,Accepted,JEFFERSON,,,1ST,ST,S,,,,,,,38.252197277,-85.752289821,0.270,11/22/2019 12:00:00 AM,1010,2,2,0,0,CLEAR,DRY,False,VEHICLE BACKING NON INTERSECTION,BACKING,STRAIGHT & LEVEL,DARK-HWY LIGHTED/ON,,,11/25/2019 9:13:23 AM,False,7852,Accepted,
25969266,0568000,LOUISVILLE METRO POLICE DEPT,Accepted,JEFFERSON,KY0022,,BROWNSBORO,RD,,,,,WARRINGTON,,CROSSGATE,38.281821134,-85.631690873,0.197,11/22/2019 12:00:00 AM,1436,3,3,0,0,CLOUDY,DRY,False,OTHER ROADWAY OR MID-BLOCK COLLISION,REAR END,STRAIGHT & LEVEL,DAYLIGHT,,,11/25/2019 9:08:48 AM,False,7751,Accepted,
25969399,0568000,LOUISVILLE METRO POLICE DEPT,Accepted,JEFFERSON,I 0065,,,,,,,,,,,38.177747289,-85.720459890,0.022,11/22/2019 12:00:00 AM,2259,2,2,0,0,CLEAR,DRY,False,OTHER RAMP RELATED COLLISIONS NOT LISTED ABOVE,REAR END,STRAIGHT & LEVEL,DARK-HWY LIGHTED/OFF,GRADE LN,I 0065,11/25/2019 9:16:53 AM,False,5286,Accepted,
25969156,0568000,LOUISVILLE METRO POLICE DEPT,Accepted,JEFFERSON,I 0065,,,,,,,,,,,38.236247158,-85.750750756,0.175,11/22/2019 12:00:00 AM,1450,2,2,0,0,CLEAR,DRY,True,OTHER RAMP RELATED COLLISIONS NOT LISTED ABOVE,SIDESWIPE-SAME DIRECTION,STRAIGHT & LEVEL,DAYLIGHT,I 0065,E SAINT CATHERINE ST,11/25/2019 9:06:01 AM,False,7048,Accepted,
25969803,0568000,LOUISVILLE METRO POLICE DEPT,Accepted,JEFFERSON,I 0071,,,,,,,,,,,38.275677910,-85.697101381,,11/22/2019 12:00:00 AM,2311,1,1,0,0,CLEAR,DRY,True,COLLISION WITH FIXED OBJECT NOT IN GORE ,SINGLE VEHICLE,STRAIGHT & HILLCREST,DARK-HWY LIGHTED/ON,I 0071,ZORN AVE,11/25/2019 9:54:22 AM,False,7304,Accepted,
25958735,0568000,LOUISVILLE METRO POLICE DEPT,Accepted,JEFFERSON,,8100,AIR COMMERCE,DR,,,,,,,,38.134116716,-85.718904893,0.048,11/22/2019 12:00:00 AM,0348,2,2,0,0,RAINING,WET,True,COLLISION IN PARKING LOT,BACKING,STRAIGHT & LEVEL,OTHER,,,11/22/2019 9:23:06 AM,False,7423,Accepted,
25961702,0560300,ST. MATTHEWS POLICE DEPARTMENT,Accepted,JEFFERSON,US0060,5067,SHELBYVILLE,RD,,,,,,,,38.250268523,-85.622250427,5.376,11/21/2019 12:00:00 AM,2140,2,2,0,0,CLEAR,WET,False,COLLISION IN PARKING LOT,SIDESWIPE-OPPOSITE DIRECTION,STRAIGHT & LEVEL,OTHER,,,11/22/2019 11:44:59 PM,False,9172,Accepted,
25969271,0568000,LOUISVILLE METRO POLICE DEPT,Accepted,JEFFERSON,,1850,BLUEGRASS,AVE,,,,,CHURCHMAN,KY1931,MANSLICK,38.178986908,-85.794797454,0.217,11/21/2019 12:00:00 AM,1418,2,2,0,0,CLEAR,DRY,True,COLLISION IN PARKING LOT,,STRAIGHT & LEVEL,DAYLIGHT,,,11/25/2019 9:09:10 AM,False,5245,Accepted,
25969115,0568000,LOUISVILLE METRO POLICE DEPT,Accepted,JEFFERSON,I 0264,,,,,,,,,,,38.246551342,-85.620104822,0.440,11/21/2019 12:00:00 AM,1516,2,2,0,1,RAINING,WET,False,OTHER RAMP RELATED COLLISIONS NOT LISTED ABOVE,REAR END,STRAIGHT & LEVEL,DAYLIGHT,I 0264,US0060,11/25/2019 9:04:28 AM,False,7858,Accepted,
26008747,0568000,LOUISVILLE METRO POLICE DEPT,Accepted,JEFFERSON,I 0264,,I264W,,,,,,,,,38.196579984,-85.706616807,0.156,11/21/2019 12:00:00 AM,0425,2,2,0,0,CLEAR,DRY,False,OTHER RAMP RELATED COLLISIONS NOT LISTED ABOVE,REAR END,STRAIGHT & LEVEL,DARK-HWY LIGHTED/ON,I 0264,KY0864,12/4/2019 8:38:01 AM,False,7972,Accepted,
26013886,0568000,LOUISVILLE METRO POLICE DEPT,Accepted,JEFFERSON,KY0155,,TAYLORSVILLE,RD,,,,,WILLOWVIEW,,CHENOWETH RUN,38.188384893,-85.552500994,8.492,11/21/2019 12:00:00 AM,1405,3,3,0,0,CLOUDY,DRY,False,OTHER ROADWAY OR MID-BLOCK COLLISION,REAR END,STRAIGHT & GRADE,DAYLIGHT,,,12/5/2019 8:20:29 AM,False,6494,Accepted,
25958668,0568000,LOUISVILLE METRO POLICE DEPT,Accepted,JEFFERSON,,,BROWNS,LN,,,,,RICHLAND,,EDMONIA,38.220041050,-85.625388678,2.990,11/21/2019 12:00:00 AM,1817,2,2,0,0,CLEAR,WET,False,OTHER ROADWAY OR MID-BLOCK COLLISION,REAR END,STRAIGHT & LEVEL,DARK-HWY LIGHTED/ON,,,11/22/2019 9:14:11 AM,False,7497,Accepted,
25958626,0568000,LOUISVILLE METRO POLICE DEPT,Accepted,JEFFERSON,,4700 BLK,SOUTHERN,PKWY,,,,,,,,38.180595680,-85.770178000,0.127,11/21/2019 12:00:00 AM,1601,2,2,0,0,CLEAR,DRY,False,OTHER ROADWAY OR MID-BLOCK COLLISION,REAR END,CURVE & LEVEL,DARK-HWY NOT LIGHTED,,,11/22/2019 9:11:55 AM,False,5204,Accepted,
25958571,0568000,LOUISVILLE METRO POLICE DEPT,Accepted,JEFFERSON,US0031W,6840,DIXIE,HWY,,,,,,,,38.150670933,-85.837046637,12.107,11/21/2019 12:00:00 AM,1038,2,2,0,0,RAINING,WET,False,OTHER ROADWAY OR MID-BLOCK COLLISION,OPPOSING LEFT TURN,STRAIGHT & LEVEL,DAYLIGHT,,,11/22/2019 9:00:43 AM,False,6326,Accepted,
25997589,0568000,LOUISVILLE METRO POLICE DEPT,Accepted,JEFFERSON,,,41ST,ST,S,,,,VIRGINIA,,FORDSON,38.238478320,-85.821014164,0.382,11/21/2019 12:00:00 AM,0828,2,2,0,0,CLOUDY,DRY,True,SIDESWIPE COLLISION - OPPOSITE DIRECTION,SIDESWIPE-OPPOSITE DIRECTION,STRAIGHT & LEVEL,DAYLIGHT,,,12/2/2019 10:11:59 AM,False,7876,Accepted,
26013844,0568000,LOUISVILLE METRO POLICE DEPT,Accepted,JEFFERSON,,,STRAWBERRY,LN,,,,,,,,38.159587756,-85.762658705,0.145,11/21/2019 12:00:00 AM,1535,2,2,0,1,CLOUDY,DRY,False,1 VEHICLE ENTERING/LEAVING ENTRANCE,ANGLE,STRAIGHT & LEVEL,DAYLIGHT,,,12/5/2019 8:14:54 AM,False,7331,Accepted,
25958623,0568000,LOUISVILLE METRO POLICE DEPT,Accepted,JEFFERSON,,,HAZELWOOD,AVE,,,,,,,,38.171062314,-85.796294360,0.088,11/21/2019 12:00:00 AM,1640,3,3,0,1,RAINING,WET,False,1 VEHICLE ENTERING/LEAVING ENTRANCE,ANGLE,STRAIGHT & LEVEL,DAYLIGHT,,,11/22/2019 9:11:16 AM,False,5258,Accepted,
25958698,0568000,LOUISVILLE METRO POLICE DEPT,Accepted,JEFFERSON,US0031E,,BARDSTOWN,RD,,,,,,,,38.210891659,-85.670854178,12.056,11/21/2019 12:00:00 AM,1716,2,2,0,0,RAINING,WET,False,1 VEHICLE ENTERING/LEAVING ENTRANCE,ANGLE,STRAIGHT & LEVEL,DARK-HWY LIGHTED/ON,,,11/22/2019 9:16:43 AM,False,7935,Accepted,
25958705,0568000,LOUISVILLE METRO POLICE DEPT,Accepted,JEFFERSON,,800B,PHILLIPS,LN,,,,,,,,38.193115273,-85.740156387,0.702,11/21/2019 12:00:00 AM,0759,2,2,0,0,CLOUDY,DRY,False,1 VEHICLE ENTERING/LEAVING ENTRANCE,ANGLE,STRAIGHT & LEVEL,DAYLIGHT,,,11/22/2019 9:18:05 AM,False,7398,Accepted,
25958645,0568000,LOUISVILLE METRO POLICE DEPT,Accepted,JEFFERSON,,,CRUMS,LN,,,,US0031W,DIXIE,KY1931,MANSLICK,38.189572428,-85.804481663,0.257,11/21/2019 12:00:00 AM,1605,2,2,0,0,CLOUDY,WET,False,1 VEHICLE ENTERING/LEAVING ENTRANCE,ANGLE,STRAIGHT & LEVEL,DAYLIGHT,,,11/22/2019 9:12:20 AM,False,7422,Accepted,
25958613,0568000,LOUISVILLE METRO POLICE DEPT,Accepted,JEFFERSON,US0060,,FRANKFORT,AVE,,,,,KEATS,,JANE,38.253369912,-85.702967068,0.951,11/21/2019 12:00:00 AM,1536,2,2,0,0,CLOUDY,WET,False,1 VEHICLE ENTERING/LEAVING ENTRANCE,ANGLE,STRAIGHT & LEVEL,DUSK,,,11/22/2019 9:10:28 AM,False,7129,Accepted,
25958681,0568000,LOUISVILLE METRO POLICE DEPT,Accepted,JEFFERSON,KY2052,,SHEPHERDSVILLE,RD,,,WHISPERING HILLS,,,,,38.148612216,-85.659919095,0.689,11/21/2019 12:00:00 AM,1623,3,3,0,1,RAINING,WET,False,HEAD-ON COLLISION,HEAD ON,STRAIGHT & GRADE,DAYLIGHT,,,11/22/2019 9:16:17 AM,False,5005,Accepted,
25958670,0568000,LOUISVILLE METRO POLICE DEPT,Accepted,JEFFERSON,,4603,LOWE,RD,,,,,,,,38.224616242,-85.610941816,0.452,11/21/2019 12:00:00 AM,1127,2,2,0,1,CLOUDY,WET,False,HEAD-ON COLLISION,HEAD ON,CURVE & LEVEL,DAYLIGHT,,,11/22/2019 9:14:50 AM,False,7448,Accepted,
25969733,0568000,LOUISVILLE METRO POLICE DEPT,Accepted,JEFFERSON,I 0071,,I71 S,,,,,,,,,38.290539257,-85.648042014,5.002,11/21/2019 12:00:00 AM,0735,2,2,0,1,CLOUDY,DRY,False,SIDESWIPE COLLISION - SAME DIRECTION,SIDESWIPE-SAME DIRECTION,STRAIGHT & LEVEL,DARK-HWY LIGHTED/ON,,,11/25/2019 9:46:51 AM,False,4656,Accepted,
26030473,0568000,LOUISVILLE METRO POLICE DEPT,Accepted,JEFFERSON,I 0064,,I64 W,,,,,,,,,38.258938685,-85.748872095,4.722,11/21/2019 12:00:00 AM,1749,2,2,0,0,CLEAR,DRY,False,SIDESWIPE COLLISION - SAME DIRECTION,SIDESWIPE-SAME DIRECTION,STRAIGHT & LEVEL,DAYLIGHT,,,12/9/2019 9:18:47 AM,False,5148,Accepted,
25997527,0568000,LOUISVILLE METRO POLICE DEPT,Accepted,JEFFERSON,KY1747,,FERN VALLEY,RD,,,,,,,,38.157836463,-85.720343022,0.643,11/21/2019 12:00:00 AM,0615,2,2,0,0,CLEAR,DRY,False,SIDESWIPE COLLISION - SAME DIRECTION,SIDESWIPE-SAME DIRECTION,STRAIGHT & GRADE,DAWN,,,12/2/2019 10:06:54 AM,False,7449,Accepted,
25969766,0568000,LOUISVILLE METRO POLICE DEPT,Accepted,JEFFERSON,I 0071,,I71 S,,,,,,,,,38.292555608,-85.638948080,5.542,11/21/2019 12:00:00 AM,1703,2,2,0,0,CLOUDY,WET,False,REAR END IN TRAFFIC LANES BOTH VEHICLES MOVING,REAR END,CURVE & LEVEL,DAYLIGHT,,,11/25/2019 9:48:40 AM,False,7944,Accepted,
25958702,0568000,LOUISVILLE METRO POLICE DEPT,Accepted,JEFFERSON,I 0265,,I265 N,,,,,I 0064,I64 W EXIT19B RAMP TO I265 N,I 0265,I265 N EXIT27 OFF RAMP TO US60,38.233511936,-85.504420660,26.227,11/21/2019 12:00:00 AM,0111,2,2,1,1,CLOUDY,DRY,False,OTHER COLLISIONS ON SHOULDER,ANGLE,STRAIGHT & LEVEL,DARK-HWY NOT LIGHTED,,,11/22/2019 9:16:54 AM,False,7851,Accepted,
25958611,0568000,LOUISVILLE METRO POLICE DEPT,Accepted,JEFFERSON,US0031E,,BARDSTOWN,RD,,,,,SHERWOOD,US0060A,EASTERN,38.231988255,-85.709310541,14.625,11/21/2019 12:00:00 AM,1119,2,2,0,0,CLEAR,WET,False,SIDESWIPE COLLISION - SAME DIRECTION,SIDESWIPE-SAME DIRECTION,STRAIGHT & LEVEL,DAYLIGHT,,,11/22/2019 9:10:13 AM,False,7129,Accepted,
25958543,0568000,LOUISVILLE METRO POLICE DEPT,Accepted,JEFFERSON,US0031E,,BARDSTOWN,RD,,,,,LONGEST,,BEECHWOOD,38.235984140,-85.716548911,15.129,11/21/2019 12:00:00 AM,1020,2,2,0,0,CLEAR,DRY,True,SIDESWIPE COLLISION - OPPOSITE DIRECTION,SIDESWIPE-OPPOSITE DIRECTION,STRAIGHT & LEVEL,DAYLIGHT,,,11/22/2019 8:56:34 AM,False,5243,Accepted,
25958667,0568000,LOUISVILLE METRO POLICE DEPT,Accepted,JEFFERSON,,,ROBBS,LN,,,,,GAYEWAY,,SHEPHERDSVILLE,38.135102821,-85.661684888,0.277,11/21/2019 12:00:00 AM,1245,2,2,0,1,CLOUDY,WET,False,SIDESWIPE COLLISION - OPPOSITE DIRECTION,SIDESWIPE-OPPOSITE DIRECTION,CURVE & LEVEL,DAYLIGHT,,,11/22/2019 9:13:56 AM,False,7484,Accepted,
25980631,0568000,LOUISVILLE METRO POLICE DEPT,Accepted,JEFFERSON,,,UPPER HUNTERS,TRCE,,,,,,,,38.158080287,-85.847540480,1.434,11/21/2019 12:00:00 AM,1500,3,3,0,0,RAINING,WET,False,SIDESWIPE COLLISION - OPPOSITE DIRECTION,SIDESWIPE-OPPOSITE DIRECTION,STRAIGHT & LEVEL,DAYLIGHT,,,11/27/2019 8:23:14 AM,False,7524,Accepted,
26168849,0568000,LOUISVILLE METRO POLICE DEPT,Accepted,JEFFERSON,I 0264,,I264 E,,,,,,,,,38.190088896,-85.757898030,10.532,11/21/2019 12:00:00 AM,1712,2,2,0,0,RAINING,WET,True,REAR END IN TRAFFIC LANES BOTH VEHICLES MOVING,REAR END,STRAIGHT & LEVEL,DUSK,,,1/10/2020 8:31:00 AM,False,7839,Accepted,
25958533,0568000,LOUISVILLE METRO POLICE DEPT,Accepted,JEFFERSON,,,PARK,BLVD,,,,KY1631,CRITTENDEN,,PRIVATE,38.192234878,-85.752279266,0.075,11/21/2019 12:00:00 AM,0853,2,2,0,0,CLOUDY,DRY,False,REAR END IN TRAFFIC LANES BOTH VEHICLES MOVING,REAR END,STRAIGHT & LEVEL,DAYLIGHT,,,11/22/2019 8:54:30 AM,False,7872,Accepted,
25958609,0568000,LOUISVILLE METRO POLICE DEPT,Accepted,JEFFERSON,KY1934,,CANE RUN,RD,,,,,PATRICIA,,DONALD,38.191134807,-85.848311378,8.361,11/21/2019 12:00:00 AM,1600,2,2,0,0,RAINING,WET,False,REAR END IN TRAFFIC LANES BOTH VEHICLES MOVING,REAR END,STRAIGHT & LEVEL,DAYLIGHT,,,11/22/2019 9:09:27 AM,False,7458,Accepted,
25958600,0568000,LOUISVILLE METRO POLICE DEPT,Accepted,JEFFERSON,I 0264,,I264 E,,,,,I 0264,I264 E EXIT17 ON RAMP FROM KY155,I 0264,I264 E EXIT18 OFF RAMP TO KY1932,38.224710932,-85.643629607,17.444,11/21/2019 12:00:00 AM,1632,2,2,0,0,RAINING,WET,False,REAR END IN TRAFFIC LANES BOTH VEHICLES MOVING,REAR END,STRAIGHT & LEVEL,DAYLIGHT,,,11/22/2019 9:07:32 AM,False,7497,Accepted,
25958591,0568000,LOUISVILLE METRO POLICE DEPT,Accepted,JEFFERSON,,,BARRET,AVE,,,,,HIGHLAND,,INNIS,38.237929791,-85.729341505,0.816,11/21/2019 12:00:00 AM,1600,2,2,0,0,RAINING,WET,False,REAR END IN TRAFFIC LANES BOTH VEHICLES MOVING,REAR END,STRAIGHT & LEVEL,DAYLIGHT,,,11/22/2019 9:05:39 AM,False,2278,Accepted,
25969765,0568000,LOUISVILLE METRO POLICE DEPT,Accepted,JEFFERSON,I 0264,,I264 E,,,,,,,,,38.212688348,-85.823911295,4.727,11/21/2019 12:00:00 AM,1420,2,2,0,0,CLOUDY,DRY,False,REAR END IN TRAFFIC LANES BOTH VEHICLES MOVING,REAR END,CURVE & LEVEL,DAYLIGHT,,,11/25/2019 9:48:33 AM,False,7944,Accepted,
25975261,0568000,LOUISVILLE METRO POLICE DEPT,Accepted,JEFFERSON,KY0907,,3RD ST,RD,,,,,AUBURN PLACE,,CLAYBORNE,38.142998656,-85.778725413,6.040,11/21/2019 12:00:00 AM,1530,2,2,0,0,RAINING,WET,False,REAR END IN TRAFFIC LANES BOTH VEHICLES MOVING,REAR END,STRAIGHT & LEVEL,DAYLIGHT,,,11/26/2019 8:25:49 AM,False,5279,Accepted,
25958654,0568000,LOUISVILLE METRO POLICE DEPT,Accepted,JEFFERSON,I 0265,,I265 S,,,,,,,,,38.280636090,-85.500291868,29.474,11/21/2019 12:00:00 AM,1735,2,2,0,0,CLOUDY,WET,False,REAR END IN TRAFFIC LANES BOTH VEHICLES MOVING,REAR END,CURVE & GRADE,DARK-HWY LIGHTED/ON,,,11/22/2019 9:13:05 AM,False,7802,Accepted,
25958663,0568000,LOUISVILLE METRO POLICE DEPT,Accepted,JEFFERSON,KY1703,,NEWBURG,RD,,,,,TREVILIAN,,BELLARMINE,38.215948021,-85.705188113,3.683,11/21/2019 12:00:00 AM,1504,3,3,0,0,CLOUDY,WET,False,REAR END IN TRAFFIC LANES BOTH VEHICLES MOVING,REAR END,STRAIGHT & LEVEL,DAYLIGHT,,,11/22/2019 9:13:15 AM,False,7960,Accepted,
25958596,0568000,LOUISVILLE METRO POLICE DEPT,Accepted,JEFFERSON,,,MELLWOOD,AVE,,,,,,,,38.260037815,-85.716999776,0.008,11/21/2019 12:00:00 AM,1608,2,2,0,0,CLOUDY,WET,True,REAR END IN TRAFFIC LANES BOTH VEHICLES MOVING,REAR END,STRAIGHT & LEVEL,DAYLIGHT,,,11/22/2019 9:06:23 AM,False,7028,Accepted,
25958499,0568000,LOUISVILLE METRO POLICE DEPT,Accepted,JEFFERSON,,,CHEROKEE,RD,,,,,HIGHLAND,KY2860,GRINSTEAD,38.240295061,-85.721618294,0.380,11/21/2019 12:00:00 AM,0720,2,2,0,0,CLEAR,DRY,False,1 VEHICLE PARKED POSITION (NOT PARKING LOT/DRIVEWAY),SIDESWIPE-SAME DIRECTION,STRAIGHT & LEVEL,DAWN,,,11/22/2019 8:51:18 AM,False,5243,Accepted,
25958587,0568000,LOUISVILLE METRO POLICE DEPT,Accepted,JEFFERSON,KY3082,,BANK,ST,,,,,,,,38.271228084,-85.796085120,0.825,11/21/2019 12:00:00 AM,1545,2,2,0,0,RAINING,WET,True,1 VEHICLE PARKED POSITION (NOT PARKING LOT/DRIVEWAY),SIDESWIPE-SAME DIRECTION,STRAIGHT & HILLCREST,DAYLIGHT,,,11/22/2019 9:04:40 AM,False,7988,Accepted,