IncidentID,AgencyORI,AgencyName,IncidentStatusDesc,County,RdwyNumber,Street,RoadwayName,StreetSfx,StreetDir,IntersectionRdwy,IntersectionRdwyName,BetweenStRdwy1,BetweenStRdwyName1,BetweenStRdwy2,BetweenStRdwyName2,Latitude,Longitude,Milepoint,CollisionDate,CollisionTime,UnitsInvolved,MotorVehiclesInvolved,NumberKilled,NumberInjured,Weather,RdwyConditionCode,HitandRun,DirAnalysisCode,MannerofCollision,RdwyCharacter,LightCondition,RampFromRdwyId,RampToRdwyId,AcceptedDate,IsSecondaryCollision,OwnerBadge,IncidentStatus,
25958535,0568000,LOUISVILLE METRO POLICE DEPT,Accepted,JEFFERSON,US0060,,FRANKFORT,AVE,,,,,,,,38.253415027,-85.704231065,0.882,11/21/2019 12:00:00 AM,1202,2,2,0,0,CLOUDY,WET,False,1 VEHICLE PARKED POSITION (NOT PARKING LOT/DRIVEWAY),REAR END,STRAIGHT & LEVEL,DAYLIGHT,,,11/22/2019 8:55:17 AM,False,7028,Accepted,
25958687,0568000,LOUISVILLE METRO POLICE DEPT,Accepted,JEFFERSON,,,PAYNE,ST,,,,US0031E,BAXTER,,BISHOP,38.246633557,-85.728405070,0.146,11/21/2019 12:00:00 AM,1732,2,2,0,0,CLEAR,WET,False,1 VEHICLE PARKED POSITION (NOT PARKING LOT/DRIVEWAY),REAR END,STRAIGHT & LEVEL,DARK-HWY LIGHTED/ON,,,11/22/2019 9:16:32 AM,False,2230,Accepted,
25969719,0568000,LOUISVILLE METRO POLICE DEPT,Accepted,JEFFERSON,,168,ASHLAND,AVE,E,,,,,,,38.184566479,-85.758868165,0.186,11/21/2019 12:00:00 AM,2130,2,2,0,0,CLEAR,DRY,True,1 VEHICLE PARKED POSITION (NOT PARKING LOT/DRIVEWAY),BACKING,STRAIGHT & LEVEL,DARK-HWY LIGHTED/OFF,,,11/25/2019 9:46:18 AM,False,7048,Accepted,
25997469,0568000,LOUISVILLE METRO POLICE DEPT,Accepted,JEFFERSON,,,7TH,ST,S,,,US0150,BROADWAY,,MAGAZINE,38.247388269,-85.763223149,2.087,11/21/2019 12:00:00 AM,1226,2,2,0,0,CLEAR,DRY,False,1 VEHICLE PARKED POSITION (NOT PARKING LOT/DRIVEWAY),BACKING,STRAIGHT & LEVEL,DAYLIGHT,,,12/2/2019 10:04:20 AM,False,5173,Accepted,
25975351,0568000,LOUISVILLE METRO POLICE DEPT,Accepted,JEFFERSON,,,BRASHEAR,DR,,,,,,,,38.226078190,-85.775550278,0.101,11/21/2019 12:00:00 AM,1005,2,2,0,0,CLEAR,DRY,False,1 VEHICLE PARKED POSITION (NOT PARKING LOT/DRIVEWAY),SIDESWIPE-SAME DIRECTION,STRAIGHT & LEVEL,DAYLIGHT,,,11/26/2019 8:38:04 AM,False,5179,Accepted,
25975299,0568000,LOUISVILLE METRO POLICE DEPT,Accepted,JEFFERSON,,,CHEROKEE,RD,,,,,HIGHLAND,KY2860,GRINSTEAD,38.240400572,-85.721763594,0.370,11/21/2019 12:00:00 AM,1402,2,2,0,0,CLEAR,DRY,True,1 VEHICLE PARKED POSITION (NOT PARKING LOT/DRIVEWAY),SIDESWIPE-SAME DIRECTION,STRAIGHT & LEVEL,DAYLIGHT,,,11/26/2019 8:32:23 AM,False,5243,Accepted,
25958558,0568000,LOUISVILLE METRO POLICE DEPT,Accepted,JEFFERSON,KY0044,,STITES STATION,RD,,,,KY0044,KY44 TURN LANE,KY0044,STITES STATION RD CONN,38.021532468,-85.916809909,0.078,11/21/2019 12:00:00 AM,1322,1,1,0,0,CLOUDY,DRY,False,RAN OFF ROADWAY (1 VEHICLE WITH/EARTH EMBANKMENT/DITCH),SINGLE VEHICLE,STRAIGHT & LEVEL,DAYLIGHT,,,11/22/2019 8:59:04 AM,False,2098,Accepted,
25958727,0568000,LOUISVILLE METRO POLICE DEPT,Accepted,JEFFERSON,,16604,AIKEN,RD,,,,,,,,38.263993449,-85.491000618,2.065,11/21/2019 12:00:00 AM,2337,1,1,0,0,RAINING,WET,True,COLLISION WITH FIXED OBJECT NON - INTERSECTION - FIRST EVENT COLLISION 09 - 32 EXCLUDING 16,SINGLE VEHICLE,CURVE & GRADE,DARK-HWY NOT LIGHTED,,,11/22/2019 9:20:56 AM,False,5128,Accepted,
25958567,0568000,LOUISVILLE METRO POLICE DEPT,Accepted,JEFFERSON,,6901,RIVERPORT,DR,,,,,,,,38.161979693,-85.882765734,0.644,11/21/2019 12:00:00 AM,0812,1,1,0,0,CLOUDY,DRY,False,COLLISION WITH FIXED OBJECT NON - INTERSECTION - FIRST EVENT COLLISION 09 - 32 EXCLUDING 16,SINGLE VEHICLE,STRAIGHT & LEVEL,DAYLIGHT,,,11/22/2019 9:00:02 AM,False,6326,Accepted,
25958713,0568000,LOUISVILLE METRO POLICE DEPT,Accepted,JEFFERSON,KY0907,,SOUTHSIDE,DR,,,WOODMORE,,,,,38.149822465,-85.770026576,6.717,11/21/2019 12:00:00 AM,2107,3,3,0,0,CLEAR,DRY,False,OTHER INTERSECTION COLLISIONS,REAR END,STRAIGHT & LEVEL,DARK-HWY LIGHTED/OFF,,,11/22/2019 9:19:19 AM,False,7436,Accepted,
25958497,0568000,LOUISVILLE METRO POLICE DEPT,Accepted,JEFFERSON,KY1934,,CANE RUN,RD,,,KRISTIN,,,,,38.197503989,-85.839634467,9.008,11/21/2019 12:00:00 AM,0848,2,2,0,0,CLOUDY,DRY,False,OTHER INTERSECTION COLLISIONS,REAR END,STRAIGHT & LEVEL,DAYLIGHT,,,11/22/2019 8:51:00 AM,False,7458,Accepted,
25958610,0568000,LOUISVILLE METRO POLICE DEPT,Accepted,JEFFERSON,KY0155,,TAYLORSVILLE,RD,,,OLD TAYLORSVILLE,,,,,38.190328522,-85.496768333,5.386,11/21/2019 12:00:00 AM,1724,2,2,0,0,RAINING,WET,False,OTHER INTERSECTION COLLISIONS,REAR END,STRAIGHT & GRADE,DUSK,,,11/22/2019 9:09:53 AM,False,7698,Accepted,
25958561,0568000,LOUISVILLE METRO POLICE DEPT,Accepted,JEFFERSON,KY1747,,FERN VALLEY,RD,,KY0061,PRESTON,,,,,38.156971497,-85.696891604,1.922,11/21/2019 12:00:00 AM,1014,2,2,0,0,RAINING,WET,False,OTHER INTERSECTION COLLISIONS,REAR END,STRAIGHT & LEVEL,DAYLIGHT,,,11/22/2019 8:59:28 AM,False,2017,Accepted,
25958545,0568000,LOUISVILLE METRO POLICE DEPT,Accepted,JEFFERSON,US0031E,,BARDSTOWN,RD,,,BONNYCASTLE,,,,,38.230638040,-85.704539209,14.349,11/21/2019 12:00:00 AM,1215,2,2,0,0,CLEAR,DRY,False,OTHER INTERSECTION COLLISIONS,REAR END,STRAIGHT & LEVEL,DAYLIGHT,,,11/22/2019 8:57:00 AM,False,5243,Accepted,
25958607,0568000,LOUISVILLE METRO POLICE DEPT,Accepted,JEFFERSON,US0031E,,BARDSTOWN,RD,,,GOLDSMITH,,,,,38.208341973,-85.669065391,11.773,11/21/2019 12:00:00 AM,1510,2,2,0,0,CLOUDY,WET,False,OTHER INTERSECTION COLLISIONS,REAR END,STRAIGHT & LEVEL,DAYLIGHT,,,11/22/2019 9:09:01 AM,False,7431,Accepted,
25958593,0568000,LOUISVILLE METRO POLICE DEPT,Accepted,JEFFERSON,KY1932,,BRECKENRIDGE,LN,,,NACHAND,,,,,38.194525523,-85.625450184,0.912,11/21/2019 12:00:00 AM,1619,2,2,0,0,RAINING,WET,False,OTHER INTERSECTION COLLISIONS,REAR END,STRAIGHT & LEVEL,DAYLIGHT,,,11/22/2019 9:06:14 AM,False,7739,Accepted,
25958530,0568000,LOUISVILLE METRO POLICE DEPT,Accepted,JEFFERSON,,,10TH,ST,S,,JEFFERSON,,,,,38.255114439,-85.766933657,0.131,11/21/2019 12:00:00 AM,0755,2,2,0,0,CLOUDY,DRY,False,OTHER INTERSECTION COLLISIONS,REAR END,STRAIGHT & LEVEL,DAYLIGHT,,,11/22/2019 8:54:06 AM,False,6907,Accepted,
25969828,0568000,LOUISVILLE METRO POLICE DEPT,Accepted,JEFFERSON,KY0864,,POPLAR LEVEL,RD,,,MCKINLEY,,,,,38.213970879,-85.723132980,12.901,11/21/2019 12:00:00 AM,1503,3,3,0,0,RAINING,WET,False,OTHER INTERSECTION COLLISIONS,REAR END,STRAIGHT & LEVEL,DAYLIGHT,,,11/25/2019 9:58:01 AM,False,7938,Accepted,
26063186,0568000,LOUISVILLE METRO POLICE DEPT,Accepted,JEFFERSON,,,ZORN,AVE,,,CLEVELAND,,,,,38.266559849,-85.690779080,0.872,11/21/2019 12:00:00 AM,1639,2,2,0,0,RAINING,WET,False,OTHER INTERSECTION COLLISIONS,REAR END,STRAIGHT & LEVEL,DUSK,,,12/16/2019 11:09:56 AM,False,7306,Accepted,
25997629,0568000,LOUISVILLE METRO POLICE DEPT,Accepted,JEFFERSON,KY1703,,NEWBURG,RD,,,GARDINER,,,,,38.198975605,-85.683568445,1.883,11/21/2019 12:00:00 AM,0927,2,2,0,0,CLOUDY,WET,False,OTHER INTERSECTION COLLISIONS,REAR END,STRAIGHT & LEVEL,DAYLIGHT,,,12/2/2019 10:13:18 AM,False,7283,Accepted,
25958617,0568000,LOUISVILLE METRO POLICE DEPT,Accepted,JEFFERSON,,,SHELBY,ST,S,,MILTON,,,,,38.225816731,-85.741853885,0.879,11/21/2019 12:00:00 AM,1711,2,2,0,0,CLEAR,DRY,False,SIDESWIPE-SAME DIRECTION,SIDESWIPE-SAME DIRECTION,CURVE & LEVEL,DARK (UNKNOWN ROADWAY LIGHTING),,,11/22/2019 9:10:53 AM,False,5213,Accepted,
25958704,0568000,LOUISVILLE METRO POLICE DEPT,Accepted,JEFFERSON,,,MAGNOLIA,AVE,W,,7TH,,,,,38.229713828,-85.767623951,0.606,11/21/2019 12:00:00 AM,1715,2,2,0,0,RAINING,WET,False,SIDESWIPE-SAME DIRECTION,SIDESWIPE-SAME DIRECTION,STRAIGHT & HILLCREST,DAYLIGHT,,,11/22/2019 9:17:39 AM,False,5217,Accepted,
25958739,0568000,LOUISVILLE METRO POLICE DEPT,Accepted,JEFFERSON,,,ANTLE,DR,,KY0061,PRESTON,,,,,38.087499695,-85.667531479,0.157,11/21/2019 12:00:00 AM,1911,2,2,0,0,CLEAR,DRY,False,OPPOSITE DIRECTION - BOTH VEHICLES GOING STRAIGHT AHEAD,SIDESWIPE-OPPOSITE DIRECTION,STRAIGHT & LEVEL,DAYLIGHT,,,11/22/2019 9:24:04 AM,False,5138,Accepted,
25958589,0568000,LOUISVILLE METRO POLICE DEPT,Accepted,JEFFERSON,KY1703,,NEWBURG,RD,,,TREVILIAN,,,,,38.213564549,-85.700996634,3.399,11/21/2019 12:00:00 AM,1536,2,2,0,0,RAINING,WET,False,OPPOSITE DIRECTION - BOTH VEHICLES GOING STRAIGHT AHEAD,SIDESWIPE-OPPOSITE DIRECTION,STRAIGHT & GRADE,DARK-HWY LIGHTED/ON,,,11/22/2019 9:05:00 AM,False,7570,Accepted,
26093758,0568000,LOUISVILLE METRO POLICE DEPT,Accepted,JEFFERSON,US0150,,BROADWAY,,E,KY0061,JACKSON,,,,,38.245156671,-85.745671955,3.071,11/21/2019 12:00:00 AM,2341,2,2,0,2,CLEAR,DRY,False,ANGLE COLLISION - OTHER,ANGLE,STRAIGHT & LEVEL,DARK-HWY LIGHTED/ON,,,12/23/2019 8:52:39 AM,False,5162,Accepted,
25953686,0568000,LOUISVILLE METRO POLICE DEPT,Accepted,JEFFERSON,KY1934,,GREENBELT,HWY,,,JOHNSONTOWN,,,,,38.116440870,-85.894993502,2.309,11/21/2019 12:00:00 AM,0440,2,2,0,0,CLEAR,DRY,False,ANGLE COLLISION - ONE VEHICLE TURNING RIGHT,ANGLE,STRAIGHT & LEVEL,DARK-HWY NOT LIGHTED,,,11/21/2019 8:35:47 AM,False,5211,Accepted,
25958672,0568000,LOUISVILLE METRO POLICE DEPT,Accepted,JEFFERSON,KY2251,,BARDSTOWN,RD,,,SIX MILE,,,,,38.195036062,-85.652603633,0.565,11/21/2019 12:00:00 AM,1623,2,2,0,0,CLOUDY,WET,False,ANGLE COLLISION - OTHER,ANGLE,STRAIGHT & LEVEL,DAYLIGHT,,,11/22/2019 9:15:03 AM,False,7482,Accepted,
25958612,0568000,LOUISVILLE METRO POLICE DEPT,Accepted,JEFFERSON,,,LEXINGTON,RD,,,PAYNE,,,,,38.250590103,-85.720693322,0.733,11/21/2019 12:00:00 AM,1254,2,2,0,0,CLEAR,WET,False,ANGLE COLLISION - OTHER,ANGLE,STRAIGHT & LEVEL,DAYLIGHT,,,11/22/2019 9:10:20 AM,False,7129,Accepted,
25958652,0568000,LOUISVILLE METRO POLICE DEPT,Accepted,JEFFERSON,US0031W,,MARKET,ST,W,,6TH,,,,,38.255566139,-85.759792113,21.645,11/21/2019 12:00:00 AM,0938,2,2,0,0,CLEAR,DRY,False,ANGLE COLLISION - OTHER,ANGLE,STRAIGHT & LEVEL,DAYLIGHT,,,11/22/2019 9:12:38 AM,False,5173,Accepted,
25958603,0568000,LOUISVILLE METRO POLICE DEPT,Accepted,JEFFERSON,KY0155,,TAYLORSVILLE,RD,,,DRAYTON,,,,,38.222946288,-85.669626329,15.713,11/21/2019 12:00:00 AM,1717,2,2,0,0,RAINING,WET,False,ANGLE COLLISION - OTHER,ANGLE,STRAIGHT & LEVEL,DUSK,,,11/22/2019 9:08:24 AM,False,2278,Accepted,
25958551,0568000,LOUISVILLE METRO POLICE DEPT,Accepted,JEFFERSON,,,BURNETT,AVE,W,KY1020,3RD,,,,,38.227157637,-85.759985152,0.179,11/21/2019 12:00:00 AM,0700,2,2,0,0,CLOUDY,DRY,False,COLLISION WITH PARKED VEHICLE,SIDESWIPE-SAME DIRECTION,STRAIGHT & LEVEL,DAYLIGHT,,,11/22/2019 8:58:07 AM,False,5260,Accepted,
25958614,0568000,LOUISVILLE METRO POLICE DEPT,Accepted,JEFFERSON,,,CHESTNUT,ST,W,KY1020,3RD,,,,,38.248802690,-85.756231613,2.452,11/21/2019 12:00:00 AM,1343,2,2,0,0,CLOUDY,DRY,False,COLLISION WITH PARKED VEHICLE,SIDESWIPE-SAME DIRECTION,STRAIGHT & LEVEL,DAYLIGHT,,,11/22/2019 9:10:35 AM,False,7479,Accepted,
25980651,0568000,LOUISVILLE METRO POLICE DEPT,Accepted,JEFFERSON,KY1065,,OUTER,LOOP,,,AFTERGLOW,,,,,38.126966201,-85.790320924,0.235,11/21/2019 12:00:00 AM,1455,3,3,0,0,RAINING,WET,False,ANGLE COLLISION - ONE VEHICLE TURNING LEFT,ANGLE,STRAIGHT & LEVEL,DAYLIGHT,,,11/27/2019 8:25:39 AM,False,7080,Accepted,
25958726,0568000,LOUISVILLE METRO POLICE DEPT,Accepted,JEFFERSON,,,ARNOLD PALMER,BLVD,,,ISLEWORTH,,,,,38.263060326,-85.487064297,0.744,11/21/2019 12:00:00 AM,2236,1,1,0,0,CLEAR,WET,False,COLLISION WITH FIXED OBJECT IN INTERSECTION - FIRST EVENT COLLISION 09 - 32,SINGLE VEHICLE,STRAIGHT & LEVEL,DARK-HWY NOT LIGHTED,,,11/22/2019 9:20:44 AM,False,5128,Accepted,
25958723,0568000,LOUISVILLE METRO POLICE DEPT,Accepted,JEFFERSON,US0031W,,DIXIE,HWY,,,SAPPENFIELD,,,,,38.059222835,-85.888300267,5.048,11/21/2019 12:00:00 AM,2322,2,2,0,0,CLOUDY,DRY,False,COLLISION WITH FIXED OBJECT IN INTERSECTION - FIRST EVENT COLLISION 09 - 32,REAR END,STRAIGHT & LEVEL,DARK-HWY LIGHTED/ON,,,11/22/2019 9:20:08 AM,False,2021,Accepted,
25958546,0568000,LOUISVILLE METRO POLICE DEPT,Accepted,JEFFERSON,KY1934,,CANE RUN,RD,,,RICHELLE,,,,,38.204857905,-85.830208281,9.730,11/21/2019 12:00:00 AM,1209,1,1,0,1,CLEAR,DRY,False,COLLISION WITH FIXED OBJECT IN INTERSECTION - FIRST EVENT COLLISION 09 - 32,SINGLE VEHICLE,STRAIGHT & LEVEL,DAYLIGHT,,,11/22/2019 8:57:11 AM,False,5032,Accepted,
25953672,0568000,LOUISVILLE METRO POLICE DEPT,Accepted,JEFFERSON,KY0155,,TAYLORSVILLE LAKE,RD,,KY1531,ROUTT,,,,,38.177431096,-85.464257785,2.971,11/21/2019 12:00:00 AM,0246,1,1,0,0,CLOUDY,DRY,False,COLLISION WITH ANIMAL IN INTERSECTION,SINGLE VEHICLE,STRAIGHT & HILLCREST,DARK-HWY LIGHTED/OFF,,,11/21/2019 8:34:47 AM,False,6977,Accepted,
25969384,0568000,LOUISVILLE METRO POLICE DEPT,Accepted,JEFFERSON,,,26TH,ST,S,,ELLIOTT,,,,,38.250710047,-85.794718462,0.698,11/21/2019 12:00:00 AM,2335,2,2,0,0,CLOUDY,DRY,False,ANGLE COLLISION - OTHER,ANGLE,STRAIGHT & LEVEL,DARK-HWY LIGHTED/ON,,,11/25/2019 9:16:23 AM,False,7253,Accepted,
25958616,0568000,LOUISVILLE METRO POLICE DEPT,Accepted,JEFFERSON,,,1ST,ST,S,,OAK,,,,,38.234624231,-85.755398453,1.503,11/21/2019 12:00:00 AM,1620,2,2,0,0,CLOUDY,DRY,False,ANGLE COLLISION - OTHER,ANGLE,STRAIGHT & LEVEL,DUSK,,,11/22/2019 9:10:44 AM,False,5260,Accepted,
25969078,0568000,LOUISVILLE METRO POLICE DEPT,Accepted,JEFFERSON,KY0022,,BROWNSBORO,RD,,KY1694,BROWNSBORO,,,,,38.315612324,-85.561484740,4.820,11/21/2019 12:00:00 AM,1431,2,2,0,0,CLOUDY,WET,False,ANGLE COLLISION - OTHER,ANGLE,STRAIGHT & LEVEL,DAYLIGHT,,,11/25/2019 9:03:20 AM,False,7858,Accepted,
25969037,0568000,LOUISVILLE METRO POLICE DEPT,Accepted,JEFFERSON,,,3RD,ST,S,,FAIRMONT,,,,,38.195340230,-85.764925171,0.365,11/21/2019 12:00:00 AM,1710,2,2,0,0,CLOUDY,WET,False,ANGLE COLLISION - OTHER,ANGLE,STRAIGHT & LEVEL,DUSK,,,11/25/2019 8:57:58 AM,False,7398,Accepted,
25958584,0568000,LOUISVILLE METRO POLICE DEPT,Accepted,JEFFERSON,KY1703,,NEWBURG,RD,,,INDIAN,,,,,38.184629347,-85.665496860,0.503,11/21/2019 12:00:00 AM,1358,2,2,0,0,CLOUDY,DRY,False,ANGLE COLLISION - OTHER,ANGLE,STRAIGHT & LEVEL,DAYLIGHT,,,11/22/2019 9:04:19 AM,False,7319,Accepted,
25958709,0568000,LOUISVILLE METRO POLICE DEPT,Accepted,JEFFERSON,,,4TH,ST,S,,OAKDALE,,,,,38.204414035,-85.765688821,3.635,11/21/2019 12:00:00 AM,1055,2,2,0,0,CLOUDY,DRY,False,ANGLE COLLISION - OTHER,ANGLE,CURVE & LEVEL,DAYLIGHT,,,11/22/2019 9:18:47 AM,False,7398,Accepted,
25958717,0568000,LOUISVILLE METRO POLICE DEPT,Accepted,JEFFERSON,,,BRECKINRIDGE,ST,W,,5TH,,,,,38.242117302,-85.760570542,0.349,11/21/2019 12:00:00 AM,2159,2,2,0,0,RAINING,WET,False,ANGLE COLLISION - OTHER,ANGLE,STRAIGHT & LEVEL,DARK-HWY LIGHTED/ON,,,11/22/2019 9:19:29 AM,False,5217,Accepted,
25958649,0568000,LOUISVILLE METRO POLICE DEPT,Accepted,JEFFERSON,US0150,,BROADWAY,,W,,ROY WILKINS,,,,,38.246930015,-85.766514348,1.953,11/21/2019 12:00:00 AM,0749,2,2,0,2,CLEAR,DRY,False,ANGLE COLLISION - OTHER,ANGLE,STRAIGHT & LEVEL,DAYLIGHT,,,11/22/2019 9:12:29 AM,False,5173,Accepted,
25958574,0568000,LOUISVILLE METRO POLICE DEPT,Accepted,JEFFERSON,KY1934,,GREENBELT,HWY,,,DISTRIBUTION,,,,,38.150791863,-85.886495470,4.740,11/20/2019 12:00:00 AM,0554,2,2,0,1,CLEAR,DRY,False,ANGLE COLLISION - OTHER,ANGLE,STRAIGHT & LEVEL,DARK-HWY LIGHTED/ON,,,11/22/2019 9:01:44 AM,False,5170,Accepted,
25953628,0568000,LOUISVILLE METRO POLICE DEPT,Accepted,JEFFERSON,US0060A,,GRINSTEAD,DR,,,ETLEY,,,,,38.244041576,-85.704246195,7.829,11/20/2019 12:00:00 AM,1643,2,2,0,0,CLEAR,DRY,False,ANGLE COLLISION - OTHER,ANGLE,STRAIGHT & LEVEL,DUSK,,,11/21/2019 8:31:36 AM,False,7129,Accepted,
25969059,0568000,LOUISVILLE METRO POLICE DEPT,Accepted,JEFFERSON,KY0146,,LA GRANGE,RD,,,NELSON MILLER,,,,,38.280833434,-85.515731883,6.964,11/20/2019 12:00:00 AM,0803,3,3,0,0,CLOUDY,WET,False,ANGLE COLLISION - OTHER,ANGLE,STRAIGHT & LEVEL,DAYLIGHT,,,11/25/2019 9:01:12 AM,False,7858,Accepted,
25969067,0568000,LOUISVILLE METRO POLICE DEPT,Accepted,JEFFERSON,KY1747,,HURSTBOURNE,PKWY,N,KY1447,WESTPORT,,,,,38.287636544,-85.572220426,17.040,11/20/2019 12:00:00 AM,1012,3,3,0,2,CLOUDY,WET,False,ANGLE COLLISION - OTHER,ANGLE,STRAIGHT & LEVEL,DAYLIGHT,,,11/25/2019 9:01:55 AM,False,7858,Accepted,
25969306,0568000,LOUISVILLE METRO POLICE DEPT,Accepted,JEFFERSON,,,LEE,ST,W,KY1020,3RD,,,,,38.223234964,-85.760764095,1.223,11/20/2019 12:00:00 AM,0546,2,2,0,0,CLEAR,DRY,True,ANGLE COLLISION - OTHER,ANGLE,STRAIGHT & LEVEL,DARK-HWY LIGHTED/ON,,,11/25/2019 9:13:58 AM,False,5022,Accepted,
25997859,0568000,LOUISVILLE METRO POLICE DEPT,Accepted,JEFFERSON,,,HAMES,TRCE,,KY1747,HURSTBOURNE,,,,,38.166478369,-85.606343410,0.551,11/20/2019 12:00:00 AM,1755,2,2,0,0,CLEAR,DRY,True,ANGLE COLLISION - OTHER,ANGLE,STRAIGHT & LEVEL,DUSK,,,12/2/2019 10:26:25 AM,False,7289,Accepted,
25958528,0568000,LOUISVILLE METRO POLICE DEPT,Accepted,JEFFERSON,US0060,,FRANKFORT,AVE,,,FRANCK,,,,,38.254342186,-85.695325843,1.353,11/20/2019 12:00:00 AM,1831,1,1,0,0,CLEAR,DRY,False,COLLISION WITH FIXED OBJECT IN INTERSECTION - FIRST EVENT COLLISION 09 - 32,SINGLE VEHICLE,STRAIGHT & GRADE,DARK-HWY LIGHTED/ON,,,11/22/2019 8:53:34 AM,False,7129,Accepted,
25953673,0568000,LOUISVILLE METRO POLICE DEPT,Accepted,JEFFERSON,KY1865,,NEW CUT,RD,,,SOUTHLAND,,,,,38.167539209,-85.780623434,4.185,11/20/2019 12:00:00 AM,2058,1,1,0,1,CLEAR,DRY,False,COLLISION WITH FIXED OBJECT IN INTERSECTION - FIRST EVENT COLLISION 09 - 32,SINGLE VEHICLE,STRAIGHT & LEVEL,DARK-HWY LIGHTED/ON,,,11/21/2019 8:35:00 AM,False,5209,Accepted,
25948994,0568000,LOUISVILLE METRO POLICE DEPT,Accepted,JEFFERSON,US0031E,,BARDSTOWN,RD,,KY1747,HURSTBOURNE,,,,,38.168853895,-85.605099850,7.245,11/20/2019 12:00:00 AM,0444,1,1,0,0,CLOUDY,WET,False,COLLISION WITH FIXED OBJECT IN INTERSECTION - FIRST EVENT COLLISION 09 - 32,SINGLE VEHICLE,STRAIGHT & LEVEL,DARK (UNKNOWN ROADWAY LIGHTING),,,11/20/2019 9:48:42 AM,False,7828,Accepted,
25997441,0568000,LOUISVILLE METRO POLICE DEPT,Accepted,JEFFERSON,KY1931,,MANSLICK,RD,,,PIKES PEAK,,,,,38.165822626,-85.797497813,6.270,11/20/2019 12:00:00 AM,0654,2,1,0,0,CLEAR,DRY,False,COLLISION WITH BICYCLE IN INTERSECTION,SINGLE VEHICLE,STRAIGHT & LEVEL,DAWN,,,12/2/2019 10:02:59 AM,False,2457,Accepted,
25958502,0568000,LOUISVILLE METRO POLICE DEPT,Accepted,JEFFERSON,,,SHEPHERDSVILLE,RD,,KY1065,OUTER,,,,,38.138994785,-85.657637718,0.002,11/20/2019 12:00:00 AM,0704,2,2,0,0,CLOUDY,DRY,False,ANGLE COLLISION - ONE VEHICLE TURNING LEFT,ANGLE,STRAIGHT & LEVEL,DAWN,,,11/22/2019 8:51:29 AM,False,2017,Accepted,
25958522,0568000,LOUISVILLE METRO POLICE DEPT,Accepted,JEFFERSON,KY1703,,NEWBURG,RD,,,GOLDSMITH,,,,,38.200056229,-85.684900560,1.993,11/20/2019 12:00:00 AM,1845,2,2,0,4,CLOUDY,DRY,False,ANGLE COLLISION - ONE VEHICLE TURNING LEFT,ANGLE,STRAIGHT & LEVEL,DARK-HWY LIGHTED/ON,,,11/22/2019 8:52:29 AM,False,7830,Accepted,
25953606,0568000,LOUISVILLE METRO POLICE DEPT,Accepted,JEFFERSON,,,5TH,ST,S,,CREEL,,,,,38.212690015,-85.765938108,2.100,11/20/2019 12:00:00 AM,1444,2,2,0,0,CLOUDY,DRY,False,COLLISION WITH PARKED VEHICLE,SIDESWIPE-OPPOSITE DIRECTION,STRAIGHT & LEVEL,DAYLIGHT,,,11/21/2019 8:29:48 AM,False,7398,Accepted,
25958517,0568000,LOUISVILLE METRO POLICE DEPT,Accepted,JEFFERSON,,,GRADE,LN,,KY1747,FERN VALLEY,,,,,38.157187269,-85.731875871,2.140,11/20/2019 12:00:00 AM,0955,2,2,0,0,CLOUDY,DRY,True,ANGLE COLLISION - ONE VEHICLE TURNING LEFT,ANGLE,STRAIGHT & LEVEL,DAYLIGHT,,,11/22/2019 8:52:19 AM,False,2017,Accepted,
25953670,0568000,LOUISVILLE METRO POLICE DEPT,Accepted,JEFFERSON,,,CONN,ST,,KY1931,MANSLICK,,,,,38.196073560,-85.798835579,0.862,11/20/2019 12:00:00 AM,2000,2,2,0,0,CLOUDY,DRY,False,ANGLE COLLISION - ONE VEHICLE TURNING LEFT,ANGLE,STRAIGHT & LEVEL,DARK-HWY LIGHTED/ON,,,11/21/2019 8:34:06 AM,False,5175,Accepted,
25958577,0568000,LOUISVILLE METRO POLICE DEPT,Accepted,JEFFERSON,,,COOPER CHAPEL,RD,,KY0864,BEULAH CHURCH,,,,,38.109169010,-85.616090862,3.568,11/20/2019 12:00:00 AM,0713,2,2,0,0,CLEAR,DRY,False,ANGLE COLLISION - OTHER,ANGLE,STRAIGHT & LEVEL,DAYLIGHT,,,11/22/2019 9:02:25 AM,False,7991,Accepted,
25953666,0568000,LOUISVILLE METRO POLICE DEPT,Accepted,JEFFERSON,KY0061,,PRESTON,ST,S,,MUHAMMAD ALI,,,,,38.249992188,-85.746852420,12.583,11/20/2019 12:00:00 AM,2300,2,2,0,0,CLEAR,DRY,False,ANGLE COLLISION - OTHER,ANGLE,STRAIGHT & LEVEL,DARK-HWY LIGHTED/ON,,,11/21/2019 8:33:57 AM,False,5254,Accepted,
25975422,0568000,LOUISVILLE METRO POLICE DEPT,Accepted,JEFFERSON,KY1631,,CRITTENDEN,DR,,,CENTRAL,,,,,38.202966897,-85.750760599,1.034,11/20/2019 12:00:00 AM,2026,2,2,0,1,CLEAR,DRY,False,ANGLE COLLISION - OTHER,ANGLE,STRAIGHT & LEVEL,DUSK,,,11/26/2019 8:47:42 AM,False,7291,Accepted,