IncidentID,AgencyORI,AgencyName,IncidentStatusDesc,County,RdwyNumber,Street,RoadwayName,StreetSfx,StreetDir,IntersectionRdwy,IntersectionRdwyName,BetweenStRdwy1,BetweenStRdwyName1,BetweenStRdwy2,BetweenStRdwyName2,Latitude,Longitude,Milepoint,CollisionDate,CollisionTime,UnitsInvolved,MotorVehiclesInvolved,NumberKilled,NumberInjured,Weather,RdwyConditionCode,HitandRun,DirAnalysisCode,MannerofCollision,RdwyCharacter,LightCondition,RampFromRdwyId,RampToRdwyId,AcceptedDate,IsSecondaryCollision,OwnerBadge,IncidentStatus,
25980642,0568000,LOUISVILLE METRO POLICE DEPT,Accepted,JEFFERSON,,,CHESTNUT,ST,E,KY0061,JACKSON,,,,,38.247644852,-85.745227857,0.420,11/20/2019 12:00:00 AM,0855,2,2,0,0,CLOUDY,DRY,True,ANGLE COLLISION - OTHER,ANGLE,STRAIGHT & GRADE,DAYLIGHT,,,11/27/2019 8:24:33 AM,False,2661,Accepted,
25980643,0568000,LOUISVILLE METRO POLICE DEPT,Accepted,JEFFERSON,,,FLOYD,ST,S,US0150,BROADWAY,,,,,38.245509815,-85.749626476,0.606,11/20/2019 12:00:00 AM,1700,2,2,0,0,CLOUDY,DRY,False,ANGLE COLLISION - OTHER,ANGLE,STRAIGHT & GRADE,DAYLIGHT,,,11/27/2019 8:24:48 AM,False,2661,Accepted,
26019779,0568000,LOUISVILLE METRO POLICE DEPT,Accepted,JEFFERSON,KY1727,,TERRY,RD,,,TEAROSE,,,,,38.143100908,-85.872163665,1.479,11/20/2019 12:00:00 AM,1846,2,2,0,0,CLOUDY,DRY,False,ANGLE COLLISION - OTHER,ANGLE,STRAIGHT & LEVEL,DARK-HWY NOT LIGHTED,,,12/6/2019 8:58:02 AM,False,7073,Accepted,
25953604,0568000,LOUISVILLE METRO POLICE DEPT,Accepted,JEFFERSON,KY0146,,LA GRANGE,RD,,,SADDLECREEK,,,,,38.296226935,-85.506622260,8.185,11/20/2019 12:00:00 AM,1730,2,2,0,0,CLEAR,DRY,False,OPPOSING LEFT TURN,OPPOSING LEFT TURN,STRAIGHT & LEVEL,DARK-HWY LIGHTED/ON,,,11/21/2019 8:28:53 AM,False,6406,Accepted,
25958548,0568000,LOUISVILLE METRO POLICE DEPT,Accepted,JEFFERSON,,,MANNING,RD,,KY0061,PRESTON,,,,,38.198278404,-85.732131644,0.006,11/20/2019 12:00:00 AM,1610,2,2,0,0,CLOUDY,DRY,False,OPPOSING LEFT TURN,OPPOSING LEFT TURN,STRAIGHT & LEVEL,DAYLIGHT,,,11/22/2019 8:57:38 AM,False,6148,Accepted,
25953650,0568000,LOUISVILLE METRO POLICE DEPT,Accepted,JEFFERSON,KY1934,,CANE RUN,RD,,,POPLAR VIEW,,,,,38.185430155,-85.853543091,7.870,11/20/2019 12:00:00 AM,1721,3,3,0,0,CLEAR,DRY,True,SIDESWIPE-SAME DIRECTION,SIDESWIPE-SAME DIRECTION,STRAIGHT & LEVEL,DAWN,,,11/21/2019 8:32:04 AM,False,5032,Accepted,
25958525,0568000,LOUISVILLE METRO POLICE DEPT,Accepted,JEFFERSON,US0042,,MELLWOOD,AVE,,,SPRING,,,,,38.255476376,-85.722214528,0.585,11/20/2019 12:00:00 AM,1905,2,2,0,0,CLOUDY,DRY,False,SIDESWIPE-SAME DIRECTION,SIDESWIPE-SAME DIRECTION,STRAIGHT & LEVEL,DARK-HWY LIGHTED/ON,,,11/22/2019 8:52:46 AM,False,2855,Accepted,
25969345,0568000,LOUISVILLE METRO POLICE DEPT,Accepted,JEFFERSON,,,LIBERTY,ST,W,KY1020,2ND,,,,,38.252724895,-85.753722872,0.796,11/20/2019 12:00:00 AM,0601,2,2,0,0,CLEAR,DRY,False,SIDESWIPE-SAME DIRECTION,SIDESWIPE-SAME DIRECTION,STRAIGHT & LEVEL,DAYLIGHT,,,11/25/2019 9:14:39 AM,False,5008,Accepted,
25958581,0568000,LOUISVILLE METRO POLICE DEPT,Accepted,JEFFERSON,,,MARKET,ST,W,,34TH,,,,,38.261033136,-85.806871283,1.114,11/20/2019 12:00:00 AM,0750,2,2,0,0,CLEAR,DRY,True,SIDESWIPE-SAME DIRECTION,SIDESWIPE-SAME DIRECTION,STRAIGHT & LEVEL,DAYLIGHT,,,11/22/2019 9:03:49 AM,False,5280,Accepted,
25949000,0568000,LOUISVILLE METRO POLICE DEPT,Accepted,JEFFERSON,I 0065,,I65 N,,,I 0065,I65 N EXIT133A OFF RAMP TO  EASTERN PKWY,,,,,38.210658657,-85.752985257,132.800,11/20/2019 12:00:00 AM,0529,2,2,0,0,CLOUDY,WET,False,SIDESWIPE-SAME DIRECTION,SIDESWIPE-SAME DIRECTION,CURVE & LEVEL,DARK-HWY LIGHTED/ON,,,11/20/2019 9:49:43 AM,False,5230,Accepted,
25969083,0568000,LOUISVILLE METRO POLICE DEPT,Accepted,JEFFERSON,US0060,,SHELBYVILLE,RD,,KY1747,HURSTBOURNE,,,,,38.246386401,-85.576782863,7.858,11/20/2019 12:00:00 AM,1205,2,2,0,0,CLOUDY,DRY,False,SIDESWIPE-SAME DIRECTION,SIDESWIPE-SAME DIRECTION,STRAIGHT & GRADE,DAYLIGHT,,,11/25/2019 9:03:40 AM,False,7858,Accepted,
25960240,0560000,JEFFERSON COUNTY SHERIFF DEPT.,Accepted,JEFFERSON,KY1447,,WESTPORT,RD,,,CHAMBERLAIN,,,,,38.299377418,-85.541681618,7.040,11/20/2019 12:00:00 AM,1058,2,2,0,0,CLOUDY,DRY,False,OTHER INTERSECTION COLLISIONS,REAR END,STRAIGHT & LEVEL,DAYLIGHT,,,11/22/2019 3:04:57 PM,False,3419,Accepted,
25953569,0568000,LOUISVILLE METRO POLICE DEPT,Accepted,JEFFERSON,KY1931,,ST ANDREWS CHURCH,RD,,,WINDEMERE,,,,,38.153479386,-85.806458596,5.189,11/20/2019 12:00:00 AM,0826,2,2,0,0,CLOUDY,WET,False,OTHER INTERSECTION COLLISIONS,REAR END,STRAIGHT & LEVEL,DAYLIGHT,,,11/21/2019 8:23:53 AM,False,6326,Accepted,
25953586,0568000,LOUISVILLE METRO POLICE DEPT,Accepted,JEFFERSON,KY1747,,HURSTBOURNE,PKWY,S,,HURSTBOURNE,,,,,38.217633850,-85.587031117,11.289,11/20/2019 12:00:00 AM,1529,2,2,0,0,CLEAR,DRY,False,OTHER INTERSECTION COLLISIONS,REAR END,STRAIGHT & LEVEL,DAYLIGHT,,,11/21/2019 8:25:24 AM,False,7448,Accepted,
25958505,0568000,LOUISVILLE METRO POLICE DEPT,Accepted,JEFFERSON,,,VAUGHN MILL,RD,,KY0864,FEGENBUSH,,,,,38.144962803,-85.627746755,0.005,11/20/2019 12:00:00 AM,0739,2,2,0,0,CLOUDY,DRY,False,OTHER INTERSECTION COLLISIONS,REAR END,STRAIGHT & GRADE,DAYLIGHT,,,11/22/2019 8:51:45 AM,False,2017,Accepted,
25953599,0568000,LOUISVILLE METRO POLICE DEPT,Accepted,JEFFERSON,,,CHRISTIAN,WAY,,,OXMOOR FARM,,,,,38.243435119,-85.606374653,0.420,11/20/2019 12:00:00 AM,1617,2,2,0,0,CLOUDY,DRY,False,OTHER INTERSECTION COLLISIONS,REAR END,STRAIGHT & LEVEL,DAYLIGHT,,,11/21/2019 8:28:08 AM,False,7358,Accepted,
25953661,0568000,LOUISVILLE METRO POLICE DEPT,Accepted,JEFFERSON,KY1703,,NEWBURG,RD,,,COLONIAL HILL,,,,,38.203462379,-85.691421103,2.428,11/20/2019 12:00:00 AM,1900,2,2,0,0,CLEAR,DRY,True,OTHER INTERSECTION COLLISIONS,REAR END,STRAIGHT & HILLCREST,DARK-HWY LIGHTED/ON,,,11/21/2019 8:33:26 AM,False,7916,Accepted,
25997562,0568000,LOUISVILLE METRO POLICE DEPT,Accepted,JEFFERSON,KY1450,,BLUE LICK,RD,,,,,,,,38.087087958,-85.699734915,0.067,11/20/2019 12:00:00 AM,1932,2,1,0,1,CLEAR,DRY,False,COLLISION WITH PEDESTRIAN NON - INTERSECTION,SINGLE VEHICLE,STRAIGHT & LEVEL,DARK-HWY NOT LIGHTED,,,12/2/2019 10:09:24 AM,False,5248,Accepted,
25948999,0568000,LOUISVILLE METRO POLICE DEPT,Accepted,JEFFERSON,KY1447,8707,WESTPORT,RD,,,,,,,,38.280651913,-85.591590606,4.058,11/20/2019 12:00:00 AM,0553,1,1,0,0,CLOUDY,WET,False,COLLISION WITH FIXED OBJECT NON - INTERSECTION - FIRST EVENT COLLISION 09 - 32 EXCLUDING 16,SINGLE VEHICLE,CURVE & GRADE,DARK-HWY LIGHTED/ON,,,11/20/2019 9:49:35 AM,False,5228,Accepted,
25948241,0566900,LOUISVILLE AIRPORT POLICE,Accepted,JEFFERSON,,,CRITTENDEN,DR,,,,,,,,38.191687414,-85.756790250,0.683,11/20/2019 12:00:00 AM,0456,1,1,0,0,CLEAR,DRY,False,COLLISION WITH FIXED OBJECT NON - INTERSECTION - FIRST EVENT COLLISION 09 - 32 EXCLUDING 16,SINGLE VEHICLE,CURVE & LEVEL,DARK-HWY LIGHTED/OFF,,,11/20/2019 8:01:02 AM,False,5862,Accepted,
25949003,0568000,LOUISVILLE METRO POLICE DEPT,Accepted,JEFFERSON,I 0071,,I71 N,,,,,I 0071,I71 TURN AROUND6,I 0071,I71 TURN AROUND8,38.302290898,-85.606610938,7.483,11/20/2019 12:00:00 AM,0457,1,1,0,0,CLOUDY,DRY,False,COLLISION WITH FIXED OBJECT NON - INTERSECTION - FIRST EVENT COLLISION 09 - 32 EXCLUDING 16,SINGLE VEHICLE,CURVE & GRADE,DARK-HWY LIGHTED/ON,,,11/20/2019 9:50:15 AM,False,7159,Accepted,
25948236,0566900,LOUISVILLE AIRPORT POLICE,Accepted,JEFFERSON,,,CRITTENDEN,DR,,,,,,,,38.180613531,-85.750128662,1.501,11/20/2019 12:00:00 AM,0410,1,1,0,0,CLEAR,WET,False,COLLISION WITH FIXED OBJECT NON - INTERSECTION - FIRST EVENT COLLISION 09 - 32 EXCLUDING 16,SINGLE VEHICLE,CURVE & LEVEL,DARK (UNKNOWN ROADWAY LIGHTING),,,11/20/2019 8:00:44 AM,False,5751,Accepted,
25997237,0568000,LOUISVILLE METRO POLICE DEPT,Accepted,JEFFERSON,I 0065,,I65 S,,,,,,,,,38.232205520,-85.750904424,134.297,11/20/2019 12:00:00 AM,0727,2,2,0,0,CLOUDY,DRY,False,REAR END IN TRAFFIC LANES BOTH VEHICLES MOVING,REAR END,CURVE & LEVEL,DAWN,,,12/2/2019 9:43:07 AM,False,7772,Accepted,
25948978,0568000,LOUISVILLE METRO POLICE DEPT,Accepted,JEFFERSON,US0031W,,DIXIE,HWY,,,,,,,,38.154951152,-85.835266800,12.366,11/20/2019 12:00:00 AM,0042,2,2,0,0,CLEAR,WET,False,REAR END IN TRAFFIC LANES BOTH VEHICLES MOVING,REAR END,STRAIGHT & LEVEL,DARK-HWY LIGHTED/ON,,,11/20/2019 9:47:33 AM,False,5224,Accepted,
25953623,0568000,LOUISVILLE METRO POLICE DEPT,Accepted,JEFFERSON,KY1447,,WESTPORT,RD,,,,,,,,38.297619224,-85.547933050,6.697,11/20/2019 12:00:00 AM,1810,2,2,0,0,CLOUDY,DRY,False,REAR END IN TRAFFIC LANES BOTH VEHICLES MOVING,REAR END,STRAIGHT & LEVEL,DARK-HWY LIGHTED/ON,,,11/21/2019 8:31:22 AM,False,6830,Accepted,
25953659,0568000,LOUISVILLE METRO POLICE DEPT,Accepted,JEFFERSON,US0031W,,DIXIE,HWY,,,,,,,,38.149737710,-85.837409976,12.057,11/20/2019 12:00:00 AM,1225,2,2,0,0,CLOUDY,DRY,False,REAR END IN TRAFFIC LANES BOTH VEHICLES MOVING,REAR END,STRAIGHT & LEVEL,DAYLIGHT,,,11/21/2019 8:33:10 AM,False,7234,Accepted,
25953651,0568000,LOUISVILLE METRO POLICE DEPT,Accepted,JEFFERSON,,1311,CENTRAL,AVE,,,,,,,,38.210014887,-85.779026035,1.325,11/20/2019 12:00:00 AM,0914,2,2,0,0,CLOUDY,MUD-DIRT,False,REAR END IN TRAFFIC LANES BOTH VEHICLES MOVING,REAR END,CURVE & LEVEL,DAYLIGHT,,,11/21/2019 8:32:23 AM,False,7422,Accepted,
25958509,0568000,LOUISVILLE METRO POLICE DEPT,Accepted,JEFFERSON,KY1065,,OUTER,LOOP,,,,,AIR COMMERCE,KY1065,KY1065 CROSSOVER,38.133778296,-85.722980591,4.008,11/20/2019 12:00:00 AM,0744,2,2,0,1,CLOUDY,DRY,False,REAR END IN TRAFFIC LANES BOTH VEHICLES MOVING,REAR END,STRAIGHT & LEVEL,DAYLIGHT,,,11/22/2019 8:52:03 AM,False,2017,Accepted,
25958549,0568000,LOUISVILLE METRO POLICE DEPT,Accepted,JEFFERSON,KY1931,,MANSLICK,RD,,,,,,,,38.157715322,-85.799636611,5.688,11/20/2019 12:00:00 AM,0919,2,2,0,0,CLEAR,DRY,False,REAR END IN TRAFFIC LANES BOTH VEHICLES MOVING,REAR END,STRAIGHT & LEVEL,DAYLIGHT,,,11/22/2019 8:57:50 AM,False,5250,Accepted,
25969018,0568000,LOUISVILLE METRO POLICE DEPT,Accepted,JEFFERSON,I 0265,,I265 W,,,,,,,,,38.112092578,-85.689529603,10.932,11/20/2019 12:00:00 AM,0654,3,3,0,0,CLOUDY,WET,False,REAR END IN TRAFFIC LANES BOTH VEHICLES MOVING,REAR END,STRAIGHT & GRADE,DAWN,,,11/25/2019 8:57:30 AM,False,7720,Accepted,
25969069,0568000,LOUISVILLE METRO POLICE DEPT,Accepted,JEFFERSON,KY1447,,WESTPORT,RD,,,,,,,,38.296407406,-85.552908742,6.410,11/20/2019 12:00:00 AM,1333,2,2,0,0,CLOUDY,DRY,False,REAR END IN TRAFFIC LANES BOTH VEHICLES MOVING,REAR END,STRAIGHT & LEVEL,DAYLIGHT,,,11/25/2019 9:02:20 AM,False,7858,Accepted,
25969070,0568000,LOUISVILLE METRO POLICE DEPT,Accepted,JEFFERSON,KY1447,,WESTPORT,RD,,,,,,,,38.286042795,-85.577350409,4.948,11/20/2019 12:00:00 AM,1140,3,3,0,0,CLOUDY,DRY,False,REAR END IN TRAFFIC LANES BOTH VEHICLES MOVING,REAR END,CURVE & GRADE,DAYLIGHT,,,11/25/2019 9:02:26 AM,False,7858,Accepted,
25969087,0568000,LOUISVILLE METRO POLICE DEPT,Accepted,JEFFERSON,I 0064,,I64 E,,,,,,,,,38.222800438,-85.520085137,18.194,11/20/2019 12:00:00 AM,1650,3,3,0,0,CLOUDY,DRY,False,REAR END IN TRAFFIC LANES BOTH VEHICLES MOVING,REAR END,STRAIGHT & GRADE,DAYLIGHT,,,11/25/2019 9:03:55 AM,False,7858,Accepted,
25969044,0568000,LOUISVILLE METRO POLICE DEPT,Accepted,JEFFERSON,I 0265,,I265 E,,,,,,,,,38.215658676,-85.506152579,24.990,11/20/2019 12:00:00 AM,0756,2,2,0,0,CLOUDY,DRY,False,REAR END IN TRAFFIC LANES BOTH VEHICLES MOVING,REAR END,STRAIGHT & LEVEL,DAWN,,,11/25/2019 9:00:11 AM,False,7628,Accepted,
25969093,0568000,LOUISVILLE METRO POLICE DEPT,Accepted,JEFFERSON,I 0071,,I71 S,,,,,,,,,38.295874438,-85.627773486,6.202,11/20/2019 12:00:00 AM,1708,2,2,0,0,CLOUDY,DRY,False,REAR END IN TRAFFIC LANES BOTH VEHICLES MOVING,REAR END,STRAIGHT & LEVEL,DARK-HWY NOT LIGHTED,,,11/25/2019 9:04:12 AM,False,7858,Accepted,
25969655,0568000,LOUISVILLE METRO POLICE DEPT,Accepted,JEFFERSON,I 0065,,I65 S,,,,,,,,,38.243818072,-85.752607813,135.124,11/20/2019 12:00:00 AM,1235,2,2,0,0,CLOUDY,DRY,False,REAR END IN TRAFFIC LANES BOTH VEHICLES MOVING,REAR END,STRAIGHT & LEVEL,DAYLIGHT,,,11/25/2019 9:38:20 AM,False,7628,Accepted,
26074272,0568000,LOUISVILLE METRO POLICE DEPT,Accepted,JEFFERSON,KY0864,7906,BEULAH CHURCH,RD,,,,,,,,38.136872466,-85.613508168,4.198,11/20/2019 12:00:00 AM,1816,2,2,0,0,CLEAR,DRY,False,REAR END IN TRAFFIC LANES BOTH VEHICLES MOVING,REAR END,STRAIGHT & LEVEL,DARK-HWY LIGHTED/ON,,,12/18/2019 2:18:09 PM,False,7484,Accepted,
25958555,0568000,LOUISVILLE METRO POLICE DEPT,Accepted,JEFFERSON,KY1230,,WATSON,LN,,,,KY1230,LOWER RIVER,,WATSON,38.063053188,-85.903829550,0.040,11/20/2019 12:00:00 AM,1739,2,2,0,0,CLOUDY,DRY,False,SIDESWIPE COLLISION - OPPOSITE DIRECTION,SIDESWIPE-OPPOSITE DIRECTION,CURVE & LEVEL,DARK-HWY NOT LIGHTED,,,11/22/2019 8:58:38 AM,False,2098,Accepted,
25958547,0568000,LOUISVILLE METRO POLICE DEPT,Accepted,JEFFERSON,I 0065,,I65 S,,,,,,,,,38.252572969,-85.746101799,135.882,11/20/2019 12:00:00 AM,0630,2,2,0,0,CLOUDY,DRY,False,SIDESWIPE COLLISION - SAME DIRECTION,SIDESWIPE-SAME DIRECTION,STRAIGHT & LEVEL,DARK-HWY LIGHTED/ON,,,11/22/2019 8:57:19 AM,False,4656,Accepted,
25969103,0568000,LOUISVILLE METRO POLICE DEPT,Accepted,JEFFERSON,I 0264,,I264 E,,,,,,,,,38.283224499,-85.639906468,22.405,11/20/2019 12:00:00 AM,1812,2,2,0,0,CLOUDY,DRY,False,SIDESWIPE COLLISION - SAME DIRECTION,SIDESWIPE-SAME DIRECTION,STRAIGHT & LEVEL,DARK-HWY LIGHTED/ON,,,11/25/2019 9:04:19 AM,False,7858,Accepted,
25969227,0568000,LOUISVILLE METRO POLICE DEPT,Accepted,JEFFERSON,KY0841,,GENE SNYDER,FWY,,,,,,,,38.317079051,-85.590985085,35.239,11/20/2019 12:00:00 AM,1556,2,2,0,0,CLOUDY,DRY,True,SIDESWIPE COLLISION - SAME DIRECTION,SIDESWIPE-SAME DIRECTION,STRAIGHT & LEVEL,DAYLIGHT,,,11/25/2019 9:07:25 AM,False,8278,Accepted,
25953605,0568000,LOUISVILLE METRO POLICE DEPT,Accepted,JEFFERSON,,717,1ST,ST,S,,,,,,,38.245102336,-85.753483778,0.764,11/20/2019 12:00:00 AM,1701,2,2,0,0,CLEAR,DRY,True,SIDESWIPE COLLISION - SAME DIRECTION,SIDESWIPE-SAME DIRECTION,STRAIGHT & LEVEL,DUSK,,,11/21/2019 8:29:06 AM,False,7407,Accepted,
25949004,0568000,LOUISVILLE METRO POLICE DEPT,Accepted,JEFFERSON,I 0071,,I71 S,,,,,,,,,38.318606484,-85.570565452,9.763,11/20/2019 12:00:00 AM,0723,2,2,0,0,CLOUDY,DRY,False,SIDESWIPE COLLISION - SAME DIRECTION,SIDESWIPE-SAME DIRECTION,STRAIGHT & LEVEL,DAYLIGHT,,,11/20/2019 9:50:23 AM,False,4903,Accepted,
25953584,0568000,LOUISVILLE METRO POLICE DEPT,Accepted,JEFFERSON,US0031E,,MAIN,ST,E,,,,,,,38.256074973,-85.751418338,17.781,11/20/2019 12:00:00 AM,1550,2,2,0,0,CLOUDY,DRY,False,SIDESWIPE COLLISION - SAME DIRECTION,SIDESWIPE-SAME DIRECTION,STRAIGHT & LEVEL,DAYLIGHT,,,11/21/2019 8:25:15 AM,False,2855,Accepted,
25969064,0568000,LOUISVILLE METRO POLICE DEPT,Accepted,JEFFERSON,KY3084,,OLD HENRY,RD,,,,,,,,38.269919871,-85.501322463,1.137,11/20/2019 12:00:00 AM,0912,2,2,0,0,CLOUDY,DRY,False,REAR END IN TRAFFIC LANES BOTH VEHICLES MOVING,REAR END,STRAIGHT & LEVEL,DAYLIGHT,,,11/25/2019 9:01:41 AM,False,7858,Accepted,
25969073,0568000,LOUISVILLE METRO POLICE DEPT,Accepted,JEFFERSON,I 0064,,I64 E,,,,,,,,,38.222712045,-85.515732854,18.427,11/20/2019 12:00:00 AM,1832,4,4,0,1,CLOUDY,DRY,False,REAR END IN TRAFFIC LANES BOTH VEHICLES MOVING,REAR END,STRAIGHT & LEVEL,DARK-HWY LIGHTED/ON,,,11/25/2019 9:02:36 AM,False,7858,Accepted,
25997227,0568000,LOUISVILLE METRO POLICE DEPT,Accepted,JEFFERSON,I 0264,,I264 E,,,,,,,,,38.271200776,-85.808632742,0.400,11/20/2019 12:00:00 AM,1203,2,2,0,0,CLOUDY,DRY,False,SIDESWIPE COLLISION - SAME DIRECTION,SIDESWIPE-SAME DIRECTION,STRAIGHT & LEVEL,DAYLIGHT,,,12/2/2019 9:41:22 AM,False,8278,Accepted,
25953582,0568000,LOUISVILLE METRO POLICE DEPT,Accepted,JEFFERSON,,,NORTON HEALTHCARE,BLVD,,,,,,,,38.311953508,-85.571271446,0.095,11/20/2019 12:00:00 AM,1224,2,2,0,0,CLOUDY,DRY,False,1 VEHICLE ENTERING/LEAVING ENTRANCE,ANGLE,STRAIGHT & LEVEL,DAYLIGHT,,,11/21/2019 8:24:56 AM,False,2489,Accepted,
25958604,0568000,LOUISVILLE METRO POLICE DEPT,Accepted,JEFFERSON,,,GOLDSMITH,LN,,,,US0031E,BARDSTOWN,,HEATHER,38.208778667,-85.668514076,1.086,11/20/2019 12:00:00 AM,0739,2,2,0,0,CLOUDY,WET,False,1 VEHICLE ENTERING/LEAVING ENTRANCE,ANGLE,STRAIGHT & LEVEL,DAYLIGHT,,,11/22/2019 9:08:34 AM,False,7431,Accepted,
25958669,0568000,LOUISVILLE METRO POLICE DEPT,Accepted,JEFFERSON,KY1932,2945,BRECKENRIDGE,LN,,,,,,,,38.220781208,-85.631175068,2.919,11/20/2019 12:00:00 AM,1834,2,2,0,0,CLEAR,DRY,False,1 VEHICLE ENTERING/LEAVING ENTRANCE,ANGLE,STRAIGHT & LEVEL,DUSK,,,11/22/2019 9:14:33 AM,False,7448,Accepted,
25953610,0568000,LOUISVILLE METRO POLICE DEPT,Accepted,JEFFERSON,KY0907,,3RD ST,RD,,,,,,,,38.144284285,-85.777257787,6.126,11/20/2019 12:00:00 AM,0908,2,2,0,0,CLOUDY,DRY,False,1 VEHICLE ENTERING/LEAVING ENTRANCE,ANGLE,STRAIGHT & LEVEL,DAYLIGHT,,,11/21/2019 8:30:28 AM,False,7331,Accepted,
25953660,0568000,LOUISVILLE METRO POLICE DEPT,Accepted,JEFFERSON,US0031W,,DIXIE,HWY,,,,,,,,38.109366264,-85.865565665,8.760,11/20/2019 12:00:00 AM,1549,2,2,0,1,CLOUDY,DRY,False,1 VEHICLE ENTERING/LEAVING ENTRANCE,ANGLE,STRAIGHT & LEVEL,DAYLIGHT,,,11/21/2019 8:33:18 AM,False,7234,Accepted,
25975259,0568000,LOUISVILLE METRO POLICE DEPT,Accepted,JEFFERSON,KY2053,,MT WASHINGTON,RD,,,,KY2053,CEDAR CREEK,,SENTIMENTAL,38.083106371,-85.624961089,2.609,11/20/2019 12:00:00 AM,0841,2,2,0,0,CLOUDY,DRY,True,SIDESWIPE COLLISION - OPPOSITE DIRECTION,SIDESWIPE-OPPOSITE DIRECTION,STRAIGHT & LEVEL,DAYLIGHT,,,11/26/2019 8:25:26 AM,False,2017,Accepted,
25958605,0568000,LOUISVILLE METRO POLICE DEPT,Accepted,JEFFERSON,KY1747,,HURSTBOURNE,PKWY,S,,,KY0155,TAYLORSVILLE,KY1747,KY1747 CROSSOVER,38.216030175,-85.590466789,11.074,11/20/2019 12:00:00 AM,0936,2,2,0,0,CLOUDY,WET,False,OTHER ROADWAY OR MID-BLOCK COLLISION,REAR END,STRAIGHT & LEVEL,DAYLIGHT,,,11/22/2019 9:08:46 AM,False,7431,Accepted,
25958620,0568000,LOUISVILLE METRO POLICE DEPT,Accepted,JEFFERSON,,4905,FRIDEN,WAY,,,,,,,,38.173256258,-85.795817804,0.148,11/20/2019 12:00:00 AM,1115,1,1,0,0,CLEAR,DRY,True,OTHER ROADWAY OR MID-BLOCK COLLISION,SINGLE VEHICLE,STRAIGHT & LEVEL,DAYLIGHT,,,11/22/2019 9:11:04 AM,False,5258,Accepted,
25958606,0568000,LOUISVILLE METRO POLICE DEPT,Accepted,JEFFERSON,KY2251,3602,BARDSTOWN,RD,,,,,,,,38.191924420,-85.646691061,,11/20/2019 12:00:00 AM,1816,3,3,0,0,CLOUDY,DRY,False,OTHER ROADWAY OR MID-BLOCK COLLISION,REAR END,STRAIGHT & LEVEL,DARK-HWY LIGHTED/ON,,,11/22/2019 9:08:52 AM,False,7431,Accepted,
25953613,0568000,LOUISVILLE METRO POLICE DEPT,Accepted,JEFFERSON,KY0155,,TAYLORSVILLE,RD,,,,,,,,38.187151572,-85.523147734,6.849,11/20/2019 12:00:00 AM,1742,3,3,0,0,CLOUDY,DRY,False,OTHER ROADWAY OR MID-BLOCK COLLISION,REAR END,STRAIGHT & LEVEL,DARK-HWY NOT LIGHTED,,,11/21/2019 8:30:59 AM,False,7255,Accepted,
25975276,0568000,LOUISVILLE METRO POLICE DEPT,Accepted,JEFFERSON,,,RANGELAND,RD,,,,,,,,38.167325666,-85.681325822,0.018,11/20/2019 12:00:00 AM,1437,2,2,0,0,CLOUDY,DRY,False,OTHER ROADWAY OR MID-BLOCK COLLISION,OPPOSING LEFT TURN,STRAIGHT & LEVEL,DAYLIGHT,,,11/26/2019 8:27:35 AM,False,5153,Accepted,
26019857,0568000,LOUISVILLE METRO POLICE DEPT,Accepted,JEFFERSON,,416,29TH,ST,N,,,,,,,38.268557858,-85.797040797,0.463,11/20/2019 12:00:00 AM,1953,2,2,0,0,CLEAR,DRY,False,COLLISION IN PARKING LOT,BACKING,STRAIGHT & LEVEL,DARK-HWY LIGHTED/ON,,,12/6/2019 9:01:48 AM,False,7085,Accepted,
25958539,0568000,LOUISVILLE METRO POLICE DEPT,Accepted,JEFFERSON,,,TRADE PORT,DR,,,,,,,,38.126104181,-85.895652219,0.137,11/20/2019 12:00:00 AM,1124,2,2,0,0,CLOUDY,DRY,False,COLLISION IN PARKING LOT,BACKING,STRAIGHT & LEVEL,DAYLIGHT,,,11/22/2019 8:56:00 AM,False,7234,Accepted,
25953611,0568000,LOUISVILLE METRO POLICE DEPT,Accepted,JEFFERSON,KY1932,3039,BRECKENRIDGE,LN,,,,,,,,38.218066190,-85.628531098,2.688,11/20/2019 12:00:00 AM,1701,2,2,0,0,CLEAR,DRY,True,COLLISION IN PARKING LOT,REAR TO REAR,STRAIGHT & LEVEL,DAYLIGHT,,,11/21/2019 8:30:39 AM,False,7448,Accepted,
25949030,0568000,LOUISVILLE METRO POLICE DEPT,Accepted,JEFFERSON,,3951,ACTION,AVE,,,,,,,,38.193793462,-85.647504875,0.109,11/20/2019 12:00:00 AM,0809,2,2,0,0,CLEAR,DRY,True,COLLISION IN PARKING LOT,SIDESWIPE-OPPOSITE DIRECTION,STRAIGHT & LEVEL,DAYLIGHT,,,11/20/2019 10:03:11 AM,False,7497,Accepted,
25951545,0561500,UNIV. OF LOUISVILLE POLICE,Accepted,JEFFERSON,,2320,CRITTENDEN,DR,,,,,,,,38.213046945,-85.751255691,0.266,11/19/2019 12:00:00 AM,2245,4,4,0,0,,DRY,True,COLLISION IN PARKING LOT,SIDESWIPE-SAME DIRECTION,CURVE & GRADE,DARK-HWY LIGHTED/ON,,,11/20/2019 7:22:16 PM,False,5612,Accepted,
25948006,0566900,LOUISVILLE AIRPORT POLICE,Accepted,JEFFERSON,,,TOLL PLAZA,RD,,,,,,,,38.188559255,-85.740861702,0.027,11/19/2019 12:00:00 AM,1957,2,2,0,0,CLOUDY,WET,False,COLLISION IN PARKING LOT,BACKING,STRAIGHT & LEVEL,DARK-HWY LIGHTED/ON,,,11/20/2019 7:25:23 AM,False,5876,Accepted,