IncidentID,AgencyORI,AgencyName,IncidentStatusDesc,County,RdwyNumber,Street,RoadwayName,StreetSfx,StreetDir,IntersectionRdwy,IntersectionRdwyName,BetweenStRdwy1,BetweenStRdwyName1,BetweenStRdwy2,BetweenStRdwyName2,Latitude,Longitude,Milepoint,CollisionDate,CollisionTime,UnitsInvolved,MotorVehiclesInvolved,NumberKilled,NumberInjured,Weather,RdwyConditionCode,HitandRun,DirAnalysisCode,MannerofCollision,RdwyCharacter,LightCondition,RampFromRdwyId,RampToRdwyId,AcceptedDate,IsSecondaryCollision,OwnerBadge,IncidentStatus,
25969343,0568000,LOUISVILLE METRO POLICE DEPT,Accepted,JEFFERSON,KY1020,,3RD,ST,S,,CHESTNUT,,,,,38.248804272,-85.756228012,12.292,11/19/2019 12:00:00 AM,0332,2,2,0,0,CLEAR,DRY,False,ANGLE COLLISION - OTHER,ANGLE,STRAIGHT & LEVEL,DARK-HWY LIGHTED/ON,,,11/25/2019 9:14:30 AM,False,5008,Accepted,
26030361,0568000,LOUISVILLE METRO POLICE DEPT,Accepted,JEFFERSON,,,33RD,ST,N,KY3082,BANK,,,,,38.272705520,-85.800717722,0.143,11/19/2019 12:00:00 AM,1300,2,2,0,0,RAINING,WET,False,ANGLE COLLISION - OTHER,ANGLE,STRAIGHT & LEVEL,DAYLIGHT,,,12/9/2019 9:13:08 AM,False,5268,Accepted,
25958731,0568000,LOUISVILLE METRO POLICE DEPT,Accepted,JEFFERSON,KY1020,,3RD,ST,S,,CENTRAL STATION,,,,,38.203587327,-85.764127957,9.373,11/19/2019 12:00:00 AM,1843,2,2,0,0,RAINING,WET,False,ANGLE COLLISION - OTHER,ANGLE,STRAIGHT & LEVEL,DARK-HWY LIGHTED/ON,,,11/22/2019 9:22:00 AM,False,5163,Accepted,
25948776,0568000,LOUISVILLE METRO POLICE DEPT,Accepted,JEFFERSON,KY0155,,TAYLORSVILLE,RD,,I 0265,I265 E EXIT23 ON RAMP FROM KY155,,,,,38.189142489,-85.507848971,5.987,11/19/2019 12:00:00 AM,0643,2,2,0,0,CLOUDY,DRY,False,ANGLE COLLISION - OTHER,ANGLE,STRAIGHT & LEVEL,DARK-HWY NOT LIGHTED,,,11/20/2019 9:21:38 AM,False,2017,Accepted,
25948989,0568000,LOUISVILLE METRO POLICE DEPT,Accepted,JEFFERSON,KY0864,,POPLAR LEVEL,RD,,,SELINDA,,,,,38.188533903,-85.702757008,10.760,11/19/2019 12:00:00 AM,2220,2,2,0,0,CLOUDY,WET,False,ANGLE COLLISION - OTHER,ANGLE,STRAIGHT & LEVEL,DARK-HWY LIGHTED/ON,,,11/20/2019 9:48:17 AM,False,5286,Accepted,
25948903,0568000,LOUISVILLE METRO POLICE DEPT,Accepted,JEFFERSON,KY1747,,HURSTBOURNE,PKWY,S,KY1747,KY1747 CROSSOVER,,,,,38.216841857,-85.589011753,11.168,11/19/2019 12:00:00 AM,1810,2,2,0,0,CLOUDY,WET,False,ANGLE COLLISION - OTHER,ANGLE,STRAIGHT & LEVEL,DUSK,,,11/20/2019 9:37:03 AM,False,7864,Accepted,
25948843,0568000,LOUISVILLE METRO POLICE DEPT,Accepted,JEFFERSON,,,DENNY CRUM OVERPASS,,,,FLOYD,,,,,38.203142533,-85.757126180,0.387,11/19/2019 12:00:00 AM,1457,2,2,0,1,RAINING,WET,False,ANGLE COLLISION - OTHER,ANGLE,STRAIGHT & GRADE,DAYLIGHT,,,11/20/2019 9:30:47 AM,False,7286,Accepted,
25948894,0568000,LOUISVILLE METRO POLICE DEPT,Accepted,JEFFERSON,US0031E,,BARDSTOWN,RD,,I 0264,I264 W EXIT16 OFF RAMP TO US31E N,,,,,38.211963786,-85.671693788,12.096,11/19/2019 12:00:00 AM,1751,3,3,0,0,RAINING,WET,False,ANGLE COLLISION - OTHER,ANGLE,STRAIGHT & LEVEL,DARK (UNKNOWN ROADWAY LIGHTING),,,11/20/2019 9:35:47 AM,False,7740,Accepted,
25948810,0568000,LOUISVILLE METRO POLICE DEPT,Accepted,JEFFERSON,US0042,,BROWNSBORO,RD,,,PENNINGTON,,,,,38.265234744,-85.668113553,3.762,11/19/2019 12:00:00 AM,1400,2,2,0,0,RAINING,WET,False,ANGLE COLLISION - OTHER,ANGLE,STRAIGHT & LEVEL,DAYLIGHT,,,11/20/2019 9:26:38 AM,False,7746,Accepted,
25968988,0568000,LOUISVILLE METRO POLICE DEPT,Accepted,JEFFERSON,,,NORRIS,PL,,,RICHMOND,,,,,38.223339939,-85.705264235,0.696,11/19/2019 12:00:00 AM,1750,3,3,0,0,RAINING,WET,False,ANGLE COLLISION - OTHER,ANGLE,STRAIGHT & GRADE,DARK-HWY NOT LIGHTED,,,11/25/2019 8:54:18 AM,False,2228,Accepted,
25968986,0568000,LOUISVILLE METRO POLICE DEPT,Accepted,JEFFERSON,US0150,,BROADWAY,,E,,BARRET,,,,,38.244237222,-85.733961673,3.722,11/19/2019 12:00:00 AM,1635,2,2,0,0,CLOUDY,DRY,False,ANGLE COLLISION - OTHER,ANGLE,STRAIGHT & GRADE,DAYLIGHT,,,11/25/2019 8:54:12 AM,False,2228,Accepted,
25948924,0568000,LOUISVILLE METRO POLICE DEPT,Accepted,JEFFERSON,US0042,,US42,,,,WOODSTONE,,,,,38.308419629,-85.627223018,7.866,11/19/2019 12:00:00 AM,1744,2,2,0,0,RAINING,WET,False,ANGLE COLLISION - OTHER,ANGLE,STRAIGHT & GRADE,DARK-HWY NOT LIGHTED,,,11/20/2019 9:38:48 AM,False,7765,Accepted,
25948946,0568000,LOUISVILLE METRO POLICE DEPT,Accepted,JEFFERSON,I 0065,,I65 S,,,I 0065,I65 S EXIT136 ON RAMP FROM  W CHESTNUT ST,,,,,38.249045185,-85.752172861,135.487,11/19/2019 12:00:00 AM,1834,2,2,0,0,RAINING,WET,False,ANGLE COLLISION - OTHER,ANGLE,STRAIGHT & LEVEL,DUSK,,,11/20/2019 9:41:53 AM,False,7266,Accepted,
25948896,0568000,LOUISVILLE METRO POLICE DEPT,Accepted,JEFFERSON,US0060,,FRANKFORT,AVE,,,EWING,,,,,38.253748239,-85.699863221,1.121,11/19/2019 12:00:00 AM,1720,2,2,0,0,RAINING,WET,False,ANGLE COLLISION - OTHER,ANGLE,STRAIGHT & LEVEL,DARK-HWY LIGHTED/ON,,,11/20/2019 9:36:10 AM,False,2413,Accepted,
25948873,0568000,LOUISVILLE METRO POLICE DEPT,Accepted,JEFFERSON,US0060,,SHELBYVILLE,RD,,KY1747,HURSTBOURNE,,,,,38.246409151,-85.576547062,7.872,11/19/2019 12:00:00 AM,1712,2,2,0,0,RAINING,WET,False,ANGLE COLLISION - OTHER,ANGLE,STRAIGHT & LEVEL,DUSK,,,11/20/2019 9:32:13 AM,False,2346,Accepted,
25948807,0568000,LOUISVILLE METRO POLICE DEPT,Accepted,JEFFERSON,KY1931,,MANSLICK,RD,,,CRUMS,,,,,38.189228555,-85.801173902,7.921,11/19/2019 12:00:00 AM,1407,2,2,0,0,RAINING,WET,False,ANGLE COLLISION - OTHER,ANGLE,STRAIGHT & LEVEL,DAYLIGHT,,,11/20/2019 9:26:22 AM,False,7977,Accepted,
25943215,0568000,LOUISVILLE METRO POLICE DEPT,Accepted,JEFFERSON,US0150,,BROADWAY,,E,KY0864,CAMPBELL,,,,,38.244532232,-85.737477784,3.515,11/18/2019 12:00:00 AM,1346,2,2,0,0,CLEAR,DRY,False,ANGLE COLLISION - OTHER,ANGLE,STRAIGHT & LEVEL,DAYLIGHT,,,11/19/2019 8:41:57 AM,False,7266,Accepted,
25943216,0568000,LOUISVILLE METRO POLICE DEPT,Accepted,JEFFERSON,,,BROOK,ST,S,,JEFFERSON,,,,,38.253108689,-85.750401563,3.390,11/18/2019 12:00:00 AM,1744,2,2,0,0,CLEAR,DRY,True,ANGLE COLLISION - OTHER,ANGLE,STRAIGHT & LEVEL,DAYLIGHT,,,11/19/2019 8:42:11 AM,False,7266,Accepted,
25943304,0568000,LOUISVILLE METRO POLICE DEPT,Accepted,JEFFERSON,,,28TH,ST,S,,MUHAMMAD ALI,,,,,38.255496607,-85.797246484,0.381,11/18/2019 12:00:00 AM,0823,2,2,0,0,CLOUDY,DRY,False,ANGLE COLLISION - OTHER,ANGLE,STRAIGHT & LEVEL,DAYLIGHT,,,11/19/2019 8:48:48 AM,False,5271,Accepted,
25938213,0568000,LOUISVILLE METRO POLICE DEPT,Accepted,JEFFERSON,KY0913,,BLANKENBAKER,PKWY,,,ELECTRON,,,,,38.204747492,-85.537794296,1.552,11/18/2019 12:00:00 AM,0804,2,2,0,0,CLOUDY,DRY,False,ANGLE COLLISION - OTHER,ANGLE,STRAIGHT & LEVEL,DAYLIGHT,,,11/18/2019 10:46:48 AM,False,2346,Accepted,
25943204,0568000,LOUISVILLE METRO POLICE DEPT,Accepted,JEFFERSON,,,BROOK,ST,S,,HILL,,,,,38.225291104,-85.755283197,1.437,11/18/2019 12:00:00 AM,1425,2,2,0,0,CLOUDY,DRY,False,ANGLE COLLISION - OTHER,ANGLE,STRAIGHT & LEVEL,DAYLIGHT,,,11/19/2019 8:40:27 AM,False,7619,Accepted,
25938296,0568000,LOUISVILLE METRO POLICE DEPT,Accepted,JEFFERSON,,1622,FERNWOOD,AVE,,,SHADY,,,,,38.229043187,-85.706999958,0.235,11/18/2019 12:00:00 AM,0730,2,2,0,0,CLOUDY,DRY,False,COLLISION WITH PARKED VEHICLE,SIDESWIPE-SAME DIRECTION,STRAIGHT & LEVEL,DAWN,,,11/18/2019 10:56:34 AM,False,2100,Accepted,
25953565,0568000,LOUISVILLE METRO POLICE DEPT,Accepted,JEFFERSON,US0031E,,MAIN,ST,E,,FLOYD,,,,,38.255638026,-85.747893522,17.584,11/18/2019 12:00:00 AM,1203,2,2,0,0,CLEAR,DRY,False,ANGLE COLLISION - OTHER,ANGLE,STRAIGHT & LEVEL,DAYLIGHT,,,11/21/2019 8:23:20 AM,False,7058,Accepted,
25948995,0568000,LOUISVILLE METRO POLICE DEPT,Accepted,JEFFERSON,KY0061,,JACKSON,ST,S,,PRESTON,,,,,38.227842621,-85.750527875,10.958,11/18/2019 12:00:00 AM,1947,2,2,0,0,CLEAR,DRY,False,ANGLE COLLISION - OTHER,ANGLE,STRAIGHT & LEVEL,DARK-HWY LIGHTED/ON,,,11/20/2019 9:48:59 AM,False,5123,Accepted,
25958538,0568000,LOUISVILLE METRO POLICE DEPT,Accepted,JEFFERSON,,,1ST,ST,S,,HILL,,,,,38.225475234,-85.756953568,2.104,11/18/2019 12:00:00 AM,1830,2,2,0,0,CLEAR,DRY,False,ANGLE COLLISION - OTHER,ANGLE,STRAIGHT & LEVEL,DARK (UNKNOWN ROADWAY LIGHTING),,,11/22/2019 8:55:37 AM,False,5111,Accepted,
25943206,0568000,LOUISVILLE METRO POLICE DEPT,Accepted,JEFFERSON,,,RALPH,AVE,,KY2051,CAMP GROUND,,,,,38.212353896,-85.839343253,2.362,11/18/2019 12:00:00 AM,1834,2,2,0,0,CLEAR,DRY,False,REAR END - ONE VEHICLE TURNING RIGHT,REAR END,STRAIGHT & LEVEL,DARK (UNKNOWN ROADWAY LIGHTING),,,11/19/2019 8:40:56 AM,False,7467,Accepted,
25937961,0568000,LOUISVILLE METRO POLICE DEPT,Accepted,JEFFERSON,US0031E,,BARDSTOWN,RD,,KY1932,BRECKENRIDGE,,,,,38.181240998,-85.627011707,8.703,11/18/2019 12:00:00 AM,0540,2,2,0,1,CLEAR,WET,False,REAR END - ONE VEHICLE TURNING RIGHT,REAR END,STRAIGHT & LEVEL,DARK-HWY NOT LIGHTED,,,11/18/2019 10:07:12 AM,False,7492,Accepted,
25943197,0568000,LOUISVILLE METRO POLICE DEPT,Accepted,JEFFERSON,,,7TH,ST,S,,OAK,,,,,38.235439819,-85.765179588,1.252,11/18/2019 12:00:00 AM,1411,2,2,0,0,CLOUDY,DRY,True,OPPOSITE DIRECTION - BOTH VEHICLES GOING STRAIGHT AHEAD,SIDESWIPE-OPPOSITE DIRECTION,STRAIGHT & LEVEL,DAYLIGHT,,,11/19/2019 8:38:13 AM,False,7495,Accepted,
25943213,0568000,LOUISVILLE METRO POLICE DEPT,Accepted,JEFFERSON,,,MARKET,ST,W,,28TH,,,,,38.259910903,-85.797528120,0.608,11/18/2019 12:00:00 AM,0811,2,2,0,1,CLEAR,DRY,False,OPPOSING LEFT TURN,OPPOSING LEFT TURN,STRAIGHT & LEVEL,DAYLIGHT,,,11/19/2019 8:41:37 AM,False,7266,Accepted,
25943262,0568000,LOUISVILLE METRO POLICE DEPT,Accepted,JEFFERSON,KY1020,,3RD,ST,S,,OAK,,,,,38.234888539,-85.758701337,11.314,11/18/2019 12:00:00 AM,2259,2,2,0,0,CLEAR,DRY,False,SIDESWIPE-SAME DIRECTION,SIDESWIPE-SAME DIRECTION,STRAIGHT & LEVEL,DARK (UNKNOWN ROADWAY LIGHTING),,,11/19/2019 8:45:00 AM,False,5111,Accepted,
25943237,0568000,LOUISVILLE METRO POLICE DEPT,Accepted,JEFFERSON,,2612,WOODLAND,AVE,,,,,,,,38.233718089,-85.796207153,0.343,11/18/2019 12:00:00 AM,2025,2,2,0,0,CLEAR,DRY,True,1 VEHICLE PARKED POSITION (NOT PARKING LOT/DRIVEWAY),SIDESWIPE-SAME DIRECTION,STRAIGHT & LEVEL,DARK-HWY LIGHTED/ON,,,11/19/2019 8:43:49 AM,False,7461,Accepted,
25948838,0568000,LOUISVILLE METRO POLICE DEPT,Accepted,JEFFERSON,,1451,CYPRESS,ST,,,,,,,,38.236963375,-85.797691391,0.063,11/18/2019 12:00:00 AM,1659,2,2,0,0,CLOUDY,DRY,False,1 VEHICLE PARKED POSITION (NOT PARKING LOT/DRIVEWAY),SIDESWIPE-SAME DIRECTION,STRAIGHT & LEVEL,DUSK,,,11/20/2019 9:29:46 AM,False,5282,Accepted,
25948815,0568000,LOUISVILLE METRO POLICE DEPT,Accepted,JEFFERSON,,,HILL,RD,,,,,CROSS,,HILL RD CT,38.229607436,-85.717266158,0.100,11/18/2019 12:00:00 AM,1058,2,2,0,0,CLOUDY,DRY,False,1 VEHICLE PARKED POSITION (NOT PARKING LOT/DRIVEWAY),SIDESWIPE-SAME DIRECTION,CURVE & LEVEL,DAYLIGHT,,,11/20/2019 9:27:26 AM,False,2228,Accepted,
25943174,0568000,LOUISVILLE METRO POLICE DEPT,Accepted,JEFFERSON,US0031E,,BUECHEL,BYP,,,BUECHEL BANK,,,,,38.190776480,-85.647405339,10.027,11/18/2019 12:00:00 AM,0803,2,2,0,0,CLEAR,DRY,False,OTHER INTERSECTION COLLISIONS,REAR END,STRAIGHT & LEVEL,DAYLIGHT,,,11/19/2019 8:34:22 AM,False,7303,Accepted,
25943175,0568000,LOUISVILLE METRO POLICE DEPT,Accepted,JEFFERSON,US0150,,BROADWAY,,W,,11TH,,,,,38.247346764,-85.769981370,1.748,11/18/2019 12:00:00 AM,0901,2,2,0,0,CLEAR,DRY,False,OTHER INTERSECTION COLLISIONS,REAR END,STRAIGHT & LEVEL,DAYLIGHT,,,11/19/2019 8:34:35 AM,False,5295,Accepted,
25943192,0568000,LOUISVILLE METRO POLICE DEPT,Accepted,JEFFERSON,,,FLAT ROCK,RD,,,KILCOTT,,,,,38.237350183,-85.444632767,0.095,11/18/2019 12:00:00 AM,1531,2,2,0,2,CLOUDY,DRY,False,OTHER INTERSECTION COLLISIONS,REAR TO REAR,STRAIGHT & LEVEL,DAYLIGHT,,,11/19/2019 8:37:43 AM,False,5223,Accepted,
25943268,0568000,LOUISVILLE METRO POLICE DEPT,Accepted,JEFFERSON,,,WILLOW,AVE,,US0060A,CHEROKEE,,,,,38.236819676,-85.709729840,0.003,11/18/2019 12:00:00 AM,2204,2,2,0,0,CLEAR,DRY,False,OTHER INTERSECTION COLLISIONS,REAR TO REAR,STRAIGHT & LEVEL,DARK-HWY LIGHTED/OFF,,,11/19/2019 8:45:55 AM,False,5152,Accepted,
25943263,0568000,LOUISVILLE METRO POLICE DEPT,Accepted,JEFFERSON,KY1065,,OUTER,LOOP,,KY0061,PRESTON,,,,,38.138494260,-85.686378214,6.072,11/18/2019 12:00:00 AM,1832,2,2,0,1,CLEAR,DRY,False,OTHER INTERSECTION COLLISIONS,REAR END,STRAIGHT & LEVEL,DARK-HWY LIGHTED/ON,,,11/19/2019 8:45:10 AM,False,5182,Accepted,
25943211,0568000,LOUISVILLE METRO POLICE DEPT,Accepted,JEFFERSON,,,BROOK,ST,S,,CHESTNUT,,,,,38.248359267,-85.751870953,3.035,11/18/2019 12:00:00 AM,1030,3,3,0,1,CLEAR,DRY,False,OTHER INTERSECTION COLLISIONS,REAR END,STRAIGHT & LEVEL,DAYLIGHT,,,11/19/2019 8:41:24 AM,True,7266,Accepted,
25943177,0568000,LOUISVILLE METRO POLICE DEPT,Accepted,JEFFERSON,US0031W,,DIXIE,HWY,,KY1849,MOORMAN,,,,,38.085438368,-85.879917445,6.938,11/18/2019 12:00:00 AM,1425,2,2,0,0,CLOUDY,DRY,False,OTHER INTERSECTION COLLISIONS,REAR END,STRAIGHT & LEVEL,DAYLIGHT,,,11/19/2019 8:35:16 AM,False,6326,Accepted,
25943171,0568000,LOUISVILLE METRO POLICE DEPT,Accepted,JEFFERSON,I 0265,,I265 E,,,I 0265,I265 E EXIT23 OFF RAMP TO KY155,,,,,38.184172423,-85.508264877,22.807,11/18/2019 12:00:00 AM,0714,2,2,0,0,CLOUDY,OTHER,False,OTHER INTERSECTION COLLISIONS,REAR END,CURVE & GRADE,DAWN,,,11/19/2019 8:33:50 AM,False,2000,Accepted,
25943148,0568000,LOUISVILLE METRO POLICE DEPT,Accepted,JEFFERSON,US0031E,,BARDSTOWN,RD,,I 0265,I265 E EXIT17 OFF RAMP TO US31E,,,,,38.139354988,-85.582219538,4.754,11/18/2019 12:00:00 AM,1156,2,2,0,0,CLOUDY,DRY,False,OTHER INTERSECTION COLLISIONS,REAR END,CURVE & LEVEL,DAYLIGHT,,,11/19/2019 8:31:32 AM,False,2017,Accepted,
25943165,0568000,LOUISVILLE METRO POLICE DEPT,Accepted,JEFFERSON,KY0061,,PRESTON,HWY,,,GILMORE,,,,,38.174403192,-85.712496094,6.859,11/18/2019 12:00:00 AM,0648,2,2,0,0,CLOUDY,DRY,False,OTHER INTERSECTION COLLISIONS,REAR END,STRAIGHT & LEVEL,DARK-HWY LIGHTED/ON,,,11/19/2019 8:32:38 AM,False,2796,Accepted,
25943173,0568000,LOUISVILLE METRO POLICE DEPT,Accepted,JEFFERSON,,,GRADE,LN,,KY0061,PRESTON,,,,,38.179921658,-85.718436462,0.013,11/18/2019 12:00:00 AM,1322,2,2,0,0,CLOUDY,DRY,True,OTHER INTERSECTION COLLISIONS,REAR END,STRAIGHT & LEVEL,DAYLIGHT,,,11/19/2019 8:34:09 AM,False,2796,Accepted,
25969627,0568000,LOUISVILLE METRO POLICE DEPT,Accepted,JEFFERSON,KY0155,4300BLOCK,TAYLORSVILLE,RD,,,,,,,,38.219303263,-85.612026039,12.579,11/18/2019 12:00:00 AM,2153,1,1,0,0,CLOUDY,WET,False,COLLISION WITH ANIMAL NON INTERSECTION,SINGLE VEHICLE,STRAIGHT & LEVEL,DARK-HWY NOT LIGHTED,,,11/25/2019 9:34:34 AM,False,7200,Accepted,
25943203,0568000,LOUISVILLE METRO POLICE DEPT,Accepted,JEFFERSON,KY1747,,HURSTBOURNE,PKWY,N,,,,,,,38.277759370,-85.565276143,16.240,11/18/2019 12:00:00 AM,1800,1,1,0,0,CLEAR,DRY,False,COLLISION WITH ANIMAL NON INTERSECTION,SINGLE VEHICLE,STRAIGHT & LEVEL,DARK-HWY NOT LIGHTED,,,11/19/2019 8:40:14 AM,False,7615,Accepted,
25938193,0568000,LOUISVILLE METRO POLICE DEPT,Accepted,JEFFERSON,,,COOPER CHAPEL,RD,,,,,FERN BLUFF,,LANTANA,38.110163856,-85.638227686,2.230,11/18/2019 12:00:00 AM,0801,1,1,0,0,CLOUDY,DRY,False,COLLISION WITH ANIMAL NON INTERSECTION,SINGLE VEHICLE,STRAIGHT & LEVEL,DAYLIGHT,,,11/18/2019 10:46:11 AM,False,2017,Accepted,
25943208,0568000,LOUISVILLE METRO POLICE DEPT,Accepted,JEFFERSON,I 0071,,I71 N,,,,,,,,,38.290465099,-85.642264203,5.304,11/18/2019 12:00:00 AM,1807,3,3,0,0,CLEAR,DRY,True,REAR END IN TRAFFIC LANES BOTH VEHICLES MOVING,REAR END,,DARK-HWY LIGHTED/OFF,,,11/19/2019 8:41:13 AM,False,7313,Accepted,
25953563,0568000,LOUISVILLE METRO POLICE DEPT,Accepted,JEFFERSON,,,JEFFERSON,ST,W,,,KY1020,3RD,KY1020,2ND,38.253482013,-85.754119787,0.095,11/18/2019 12:00:00 AM,0910,2,2,0,0,CLEAR,DRY,False,REAR END IN TRAFFIC LANES BOTH VEHICLES MOVING,REAR END,STRAIGHT & LEVEL,DAYLIGHT,,,11/21/2019 8:23:11 AM,False,7058,Accepted,
25937972,0568000,LOUISVILLE METRO POLICE DEPT,Accepted,JEFFERSON,I 0065,,I65 N,,,,,,,,,38.120500667,-85.701702517,125.540,11/18/2019 12:00:00 AM,0650,2,2,0,0,CLOUDY,WET,False,REAR END IN TRAFFIC LANES BOTH VEHICLES MOVING,REAR END,STRAIGHT & LEVEL,DARK-HWY LIGHTED/ON,,,11/18/2019 10:09:03 AM,False,4903,Accepted,
25949038,0568000,LOUISVILLE METRO POLICE DEPT,Accepted,JEFFERSON,I 0071,,I71 S,,,,,,,,,38.293655494,-85.634487893,5.799,11/18/2019 12:00:00 AM,0652,3,3,0,2,CLEAR,DRY,True,REAR END IN TRAFFIC LANES BOTH VEHICLES MOVING,REAR END,STRAIGHT & LEVEL,DARK-HWY LIGHTED/ON,,,11/20/2019 10:05:03 AM,False,4656,Accepted,
25943176,0568000,LOUISVILLE METRO POLICE DEPT,Accepted,JEFFERSON,US0031W,,DIXIE,HWY,,,,,KURZ,,TRENT,38.161780844,-85.831770996,12.856,11/18/2019 12:00:00 AM,0812,2,2,0,0,CLOUDY,WET,False,REAR END IN TRAFFIC LANES BOTH VEHICLES MOVING,REAR END,STRAIGHT & LEVEL,DAYLIGHT,,,11/19/2019 8:34:56 AM,False,6326,Accepted,
25937971,0568000,LOUISVILLE METRO POLICE DEPT,Accepted,JEFFERSON,US0031E,,BARDSTOWN,RD,,,,,CEDAR CREEK,,WINGFIELD,38.135149006,-85.580106054,4.448,11/18/2019 12:00:00 AM,0640,2,2,0,0,CLOUDY,DRY,False,REAR END IN TRAFFIC LANES BOTH VEHICLES MOVING,REAR END,STRAIGHT & GRADE,DAWN,,,11/18/2019 10:08:51 AM,False,6028,Accepted,
25943227,0568000,LOUISVILLE METRO POLICE DEPT,Accepted,JEFFERSON,I 0064,,I64 E,,,,,,,,,38.252176806,-85.717793991,7.077,11/18/2019 12:00:00 AM,1721,2,2,0,0,CLEAR,DRY,False,REAR END IN TRAFFIC LANES BOTH VEHICLES MOVING,REAR END,STRAIGHT & GRADE,DARK-HWY LIGHTED/ON,,,11/19/2019 8:42:48 AM,False,2854,Accepted,
25943205,0568000,LOUISVILLE METRO POLICE DEPT,Accepted,JEFFERSON,KY0061,,PRESTON,HWY,,,,,,,,38.139829068,-85.687598214,4.058,11/18/2019 12:00:00 AM,1702,2,2,0,0,CLEAR,DRY,False,REAR END IN TRAFFIC LANES BOTH VEHICLES MOVING,REAR END,STRAIGHT & LEVEL,DUSK,,,11/19/2019 8:40:42 AM,False,4693,Accepted,
25953566,0568000,LOUISVILLE METRO POLICE DEPT,Accepted,JEFFERSON,,,WITHERSPOON,ST,W,,,,1ST,,WITHERSPOON,38.257814396,-85.752080107,0.046,11/18/2019 12:00:00 AM,1808,3,3,0,0,CLEAR,DRY,False,SIDESWIPE COLLISION - SAME DIRECTION,SIDESWIPE-SAME DIRECTION,STRAIGHT & LEVEL,DARK-HWY LIGHTED/ON,,,11/21/2019 8:23:28 AM,False,7058,Accepted,
25943179,0568000,LOUISVILLE METRO POLICE DEPT,Accepted,JEFFERSON,US0031W,,DIXIE,HWY,,,,,,,,38.085365570,-85.879741468,6.931,11/18/2019 12:00:00 AM,1442,2,2,0,0,CLOUDY,DRY,False,SIDESWIPE COLLISION - SAME DIRECTION,SIDESWIPE-SAME DIRECTION,STRAIGHT & LEVEL,DAYLIGHT,,,11/19/2019 8:35:40 AM,False,5100,Accepted,
25943180,0568000,LOUISVILLE METRO POLICE DEPT,Accepted,JEFFERSON,I 0264,,I264 W,,,,,,,,,38.189827570,-85.742901138,11.383,11/18/2019 12:00:00 AM,1538,2,2,0,0,CLOUDY,DRY,False,SIDESWIPE COLLISION - SAME DIRECTION,SIDESWIPE-SAME DIRECTION,STRAIGHT & LEVEL,DAYLIGHT,,,11/19/2019 8:35:49 AM,False,5287,Accepted,
25948983,0568000,LOUISVILLE METRO POLICE DEPT,Accepted,JEFFERSON,I 0064,,I64 W,,,,,,,,,38.277361802,-85.803026638,1.303,11/18/2019 12:00:00 AM,1928,2,2,0,0,CLEAR,DRY,False,SIDESWIPE COLLISION - SAME DIRECTION,SIDESWIPE-SAME DIRECTION,STRAIGHT & GRADE,DARK-HWY NOT LIGHTED,,,11/20/2019 9:47:59 AM,False,5261,Accepted,
25943234,0568000,LOUISVILLE METRO POLICE DEPT,Accepted,JEFFERSON,KY0864,,GOSS,AVE,,,,,REASOR,US0060A,EASTERN,38.224235559,-85.730581354,13.744,11/18/2019 12:00:00 AM,1841,3,3,0,0,CLOUDY,DRY,False,SIDESWIPE COLLISION - SAME DIRECTION,SIDESWIPE-SAME DIRECTION,STRAIGHT & GRADE,DARK-HWY NOT LIGHTED,,,11/19/2019 8:43:36 AM,False,6100,Accepted,
25943200,0568000,LOUISVILLE METRO POLICE DEPT,Accepted,JEFFERSON,KY0841,,GENE SNYDER,FWY,,,,,,,,38.103935073,-85.817936417,3.532,11/18/2019 12:00:00 AM,1648,2,2,0,0,CLOUDY,DRY,False,SIDESWIPE COLLISION - SAME DIRECTION,SIDESWIPE-SAME DIRECTION,STRAIGHT & LEVEL,DUSK,,,11/19/2019 8:38:57 AM,False,7839,Accepted,
25943291,0568000,LOUISVILLE METRO POLICE DEPT,Accepted,JEFFERSON,I 0065,,I65 S,,,,,I 0065,I65 S EXIT134 ON RAMP FROM  MAGNOLIA AVE,I 0065,I65 S EXIT134 OFF RAMP TO  ARTHUR ST,38.225883177,-85.751578957,133.858,11/18/2019 12:00:00 AM,0742,2,2,0,1,CLOUDY,DRY,False,SIDESWIPE COLLISION - SAME DIRECTION,SIDESWIPE-SAME DIRECTION,STRAIGHT & LEVEL,DAWN,,,11/19/2019 8:46:36 AM,False,7720,Accepted,
25997525,0568000,LOUISVILLE METRO POLICE DEPT,Accepted,JEFFERSON,KY1747,,HURSTBOURNE,PKWY,S,,,,,,,38.160357238,-85.631888056,5.738,11/18/2019 12:00:00 AM,0200,2,2,0,0,CLEAR,DRY,True,SIDESWIPE COLLISION - OPPOSITE DIRECTION,SIDESWIPE-OPPOSITE DIRECTION,STRAIGHT & GRADE,DARK-HWY NOT LIGHTED,,,12/2/2019 10:06:48 AM,False,7449,Accepted,