IncidentID,AgencyORI,AgencyName,IncidentStatusDesc,County,RdwyNumber,Street,RoadwayName,StreetSfx,StreetDir,IntersectionRdwy,IntersectionRdwyName,BetweenStRdwy1,BetweenStRdwyName1,BetweenStRdwy2,BetweenStRdwyName2,Latitude,Longitude,Milepoint,CollisionDate,CollisionTime,UnitsInvolved,MotorVehiclesInvolved,NumberKilled,NumberInjured,Weather,RdwyConditionCode,HitandRun,DirAnalysisCode,MannerofCollision,RdwyCharacter,LightCondition,RampFromRdwyId,RampToRdwyId,AcceptedDate,IsSecondaryCollision,OwnerBadge,IncidentStatus,
25943244,0568000,LOUISVILLE METRO POLICE DEPT,Accepted,JEFFERSON,,1244,1ST,ST,S,,,,ORMSBY,,OAK,38.233322501,-85.755633928,1.585,11/18/2019 12:00:00 AM,1901,3,3,0,4,CLOUDY,DRY,False,HEAD-ON COLLISION,HEAD ON,STRAIGHT & LEVEL,DARK-HWY LIGHTED/ON,,,11/19/2019 8:44:28 AM,False,5131,Accepted,
25969117,0568000,LOUISVILLE METRO POLICE DEPT,Accepted,JEFFERSON,,,4TH,ST,S,,,,OAK,,ST CATHERINE,38.236180888,-85.760141957,1.424,11/18/2019 12:00:00 AM,1621,2,2,0,0,CLOUDY,DRY,False,SIDESWIPE COLLISION - SAME DIRECTION,SIDESWIPE-SAME DIRECTION,STRAIGHT & LEVEL,DAYLIGHT,,,11/25/2019 9:04:59 AM,False,7619,Accepted,
25948970,0568000,LOUISVILLE METRO POLICE DEPT,Accepted,JEFFERSON,,1900,BASHFORD MANOR,LN,,,,,,,,38.198541366,-85.673050921,0.556,11/18/2019 12:00:00 AM,0835,2,2,0,0,CLEAR,DRY,False,1 VEHICLE ENTERING/LEAVING ENTRANCE,ANGLE,STRAIGHT & LEVEL,DARK-HWY LIGHTED/ON,,,11/20/2019 9:46:29 AM,False,7341,Accepted,
25943183,0568000,LOUISVILLE METRO POLICE DEPT,Accepted,JEFFERSON,,,RICHLAND,AVE,,,,,,,,38.221334565,-85.626626888,0.564,11/18/2019 12:00:00 AM,1743,2,2,0,0,CLOUDY,DRY,False,1 VEHICLE ENTERING/LEAVING ENTRANCE,ANGLE,STRAIGHT & LEVEL,DUSK,,,11/19/2019 8:36:33 AM,False,7864,Accepted,
25943231,0568000,LOUISVILLE METRO POLICE DEPT,Accepted,JEFFERSON,US0150,,22ND,ST,N,,,I 0064,I64 E EXIT3 OFF RAMP TO US31W,KY3064,PORTLAND,38.268543679,-85.782470204,0.111,11/18/2019 12:00:00 AM,1950,2,2,0,0,CLEAR,DRY,False,1 VEHICLE ENTERING/LEAVING ENTRANCE,ANGLE,CURVE & LEVEL,DARK-HWY NOT LIGHTED,,,11/19/2019 8:43:22 AM,False,7635,Accepted,
25943169,0568000,LOUISVILLE METRO POLICE DEPT,Accepted,JEFFERSON,KY0061,,PRESTON,HWY,,,,,,,,38.180110832,-85.718517776,7.361,11/18/2019 12:00:00 AM,0730,2,2,0,4,CLOUDY,WET,False,1 VEHICLE ENTERING/LEAVING ENTRANCE,ANGLE,STRAIGHT & GRADE,DAYLIGHT,,,11/19/2019 8:33:27 AM,False,5130,Accepted,
25975140,0560600,WEST BUECHEL POLICE DEPT.,Accepted,JEFFERSON,US0031E,,BUECHEL,BYP,,,,KY2052,HIKES,KY2251,KY2251 CROSSOVER,38.199032399,-85.661824183,11.044,11/18/2019 12:00:00 AM,1830,2,2,0,0,RAINING,WET,False,1 VEHICLE ENTERING/LEAVING ENTRANCE,ANGLE,STRAIGHT & LEVEL,DARK-HWY NOT LIGHTED,,,11/26/2019 8:00:00 AM,False,1292,Accepted,
25943186,0568000,LOUISVILLE METRO POLICE DEPT,Accepted,JEFFERSON,KY0061,,PRESTON,HWY,,,,,,,,38.177726797,-85.715976205,7.150,11/18/2019 12:00:00 AM,1635,4,4,0,0,CLOUDY,DRY,False,OTHER ROADWAY OR MID-BLOCK COLLISION,REAR END,STRAIGHT & LEVEL,DAYLIGHT,,,11/19/2019 8:37:12 AM,False,8278,Accepted,
25943153,0568000,LOUISVILLE METRO POLICE DEPT,Accepted,JEFFERSON,KY3084,,OLD HENRY,RD,,,,,,,,38.269962766,-85.501191811,1.145,11/18/2019 12:00:00 AM,0859,6,6,0,2,CLOUDY,DRY,False,OTHER ROADWAY OR MID-BLOCK COLLISION,REAR END,STRAIGHT & LEVEL,DAYLIGHT,,,11/19/2019 8:31:48 AM,False,7899,Accepted,
25943170,0568000,LOUISVILLE METRO POLICE DEPT,Accepted,JEFFERSON,KY0864,,POPLAR LEVEL,RD,,,,,,,,38.179529389,-85.692285199,9.904,11/18/2019 12:00:00 AM,0855,2,2,0,0,CLOUDY,WET,True,OTHER ROADWAY OR MID-BLOCK COLLISION,REAR END,,DAYLIGHT,,,11/19/2019 8:33:42 AM,False,5130,Accepted,
25948799,0568000,LOUISVILLE METRO POLICE DEPT,Accepted,JEFFERSON,US0031E,,BUECHEL,BYP,,,,,,,,38.191734639,-85.653864939,10.380,11/18/2019 12:00:00 AM,1659,2,2,0,0,CLEAR,DRY,False,OTHER ROADWAY OR MID-BLOCK COLLISION,REAR END,CURVE & HILLCREST,DUSK,,,11/20/2019 9:25:25 AM,False,7303,Accepted,
25958526,0568000,LOUISVILLE METRO POLICE DEPT,Accepted,JEFFERSON,KY1020,,NATIONAL,TPKE,,,,,FAIRDALE,KY6295,NEIGHBORHOOD,38.112882346,-85.747707069,2.691,11/18/2019 12:00:00 AM,0734,2,2,0,0,CLOUDY,DRY,False,OTHER ROADWAY OR MID-BLOCK COLLISION,REAR END,STRAIGHT & LEVEL,DAWN,,,11/22/2019 8:53:20 AM,False,7840,Accepted,
25999262,0568000,LOUISVILLE METRO POLICE DEPT,Accepted,JEFFERSON,I 0064,,I64 E,,,,,,,,,38.242159913,-85.693815987,8.572,11/18/2019 12:00:00 AM,1837,4,4,0,0,CLOUDY,WET,False,OTHER ROADWAY OR MID-BLOCK COLLISION,REAR END,STRAIGHT & LEVEL,DARK-HWY LIGHTED/ON,,,12/2/2019 1:53:25 PM,False,2100,Accepted,
25943182,0568000,LOUISVILLE METRO POLICE DEPT,Accepted,JEFFERSON,KY1934,,CANE RUN,RD,,,,,TEAKWOOD,,NEW LYNNVIEW,38.187961275,-85.851427146,8.083,11/18/2019 12:00:00 AM,1605,3,3,0,0,CLEAR,DRY,False,OTHER ROADWAY OR MID-BLOCK COLLISION,REAR TO REAR,STRAIGHT & LEVEL,DAYLIGHT,,,11/19/2019 8:36:16 AM,False,7467,Accepted,
25943225,0568000,LOUISVILLE METRO POLICE DEPT,Accepted,JEFFERSON,I 0064,,,,,,,,,,,38.222341986,-85.504150040,0.097,11/18/2019 12:00:00 AM,1422,2,2,0,0,CLOUDY,DRY,True,OTHER RAMP RELATED COLLISIONS NOT LISTED ABOVE,REAR END,CURVE & GRADE,DAYLIGHT,I 0064,I 0265,11/19/2019 8:42:39 AM,True,6532,Accepted,
25951543,0561500,UNIV. OF LOUISVILLE POLICE,Accepted,JEFFERSON,,2330,CRITTENDEN,DR,,,,,,,,38.213048598,-85.751373509,0.266,11/18/2019 12:00:00 AM,1610,2,2,0,0,CLOUDY,DRY,False,COLLISION IN PARKING LOT,ANGLE,STRAIGHT & LEVEL,DUSK,,,11/20/2019 7:21:29 PM,False,5694,Accepted,
25943243,0568000,LOUISVILLE METRO POLICE DEPT,Accepted,JEFFERSON,KY1934,4312,CANE RUN,RD,,,,,,,,38.200103077,-85.836818289,9.242,11/18/2019 12:00:00 AM,2124,2,2,0,0,CLEAR,DRY,True,COLLISION IN PARKING LOT,BACKING,STRAIGHT & LEVEL,DARK-HWY LIGHTED/ON,,,11/19/2019 8:44:16 AM,False,5140,Accepted,
25943178,0568000,LOUISVILLE METRO POLICE DEPT,Accepted,JEFFERSON,US0031E,3408,BARDSTOWN,RD,,,,,,,,38.205563379,-85.666740453,11.562,11/18/2019 12:00:00 AM,1152,2,2,0,1,CLOUDY,DRY,False,COLLISION IN PARKING LOT,ANGLE,STRAIGHT & LEVEL,DAYLIGHT,,,11/19/2019 8:35:30 AM,False,7864,Accepted,
25951438,0561500,UNIV. OF LOUISVILLE POLICE,Accepted,JEFFERSON,,407,REG SMITH,CIR,,,,,,,,38.222601195,-85.763644426,0.059,11/18/2019 12:00:00 AM,0850,2,2,0,0,CLOUDY,DRY,False,COLLISION IN PARKING LOT,SIDESWIPE-SAME DIRECTION,STRAIGHT & GRADE,DAYLIGHT,,,11/20/2019 6:43:59 PM,False,5650,Accepted,
25943229,0568000,LOUISVILLE METRO POLICE DEPT,Accepted,JEFFERSON,,,KENDALL,RD,,,,,,,,38.114264465,-85.860300791,,11/18/2019 12:00:00 AM,1756,2,2,0,0,CLEAR,DRY,True,COLLISION IN PARKING LOT,ANGLE,STRAIGHT & LEVEL,OTHER,,,11/19/2019 8:43:14 AM,False,7264,Accepted,
25943251,0568000,LOUISVILLE METRO POLICE DEPT,Accepted,JEFFERSON,,,1ST,ST,S,,BRECKINRIDGE,,,,,38.241235641,-85.754267851,1.016,11/18/2019 12:00:00 AM,2147,2,2,0,0,CLEAR,DRY,True,COLLISION IN PARKING LOT,SIDESWIPE-SAME DIRECTION,STRAIGHT & LEVEL,DARK (UNKNOWN ROADWAY LIGHTING),,,11/19/2019 8:44:44 AM,False,5111,Accepted,
25937876,0568000,LOUISVILLE METRO POLICE DEPT,Accepted,JEFFERSON,KY0061,6201,PRESTON,HWY,,,,,,,,38.161610063,-85.699651866,5.718,11/17/2019 12:00:00 AM,1507,2,2,0,0,CLEAR,DRY,True,COLLISION IN PARKING LOT,SIDESWIPE-SAME DIRECTION,STRAIGHT & LEVEL,DAYLIGHT,,,11/18/2019 10:03:53 AM,False,7451,Accepted,
25958529,0568000,LOUISVILLE METRO POLICE DEPT,Accepted,JEFFERSON,,2014,BONNYCASTLE,AVE,,,,,,,,38.231055877,-85.704020243,0.583,11/17/2019 12:00:00 AM,1742,2,2,0,0,CLEAR,DRY,True,COLLISION IN PARKING LOT,SIDESWIPE-SAME DIRECTION,STRAIGHT & LEVEL,DARK-HWY NOT LIGHTED,,,11/22/2019 8:53:58 AM,False,5112,Accepted,
25937899,0568000,LOUISVILLE METRO POLICE DEPT,Accepted,JEFFERSON,I 0264,,,,,,,,,,,38.189796535,-85.783400668,0.232,11/17/2019 12:00:00 AM,1624,2,2,0,0,CLOUDY,DRY,True,OTHER RAMP RELATED COLLISIONS NOT LISTED ABOVE,REAR END,CURVE & GRADE,DAYLIGHT,I 0264,KY1865,11/18/2019 10:04:38 AM,False,2745,Accepted,
25937921,0568000,LOUISVILLE METRO POLICE DEPT,Accepted,JEFFERSON,I 0264,,,,,,,,,,,38.186276739,-85.783884773,0.033,11/17/2019 12:00:00 AM,1737,2,2,0,0,CLEAR,DRY,False,OTHER RAMP RELATED COLLISIONS NOT LISTED ABOVE,REAR END,CURVE & LEVEL,DARK-HWY LIGHTED/ON,I 0264,KY1865,11/18/2019 10:05:34 AM,False,7422,Accepted,
25937828,0568000,LOUISVILLE METRO POLICE DEPT,Accepted,JEFFERSON,I 0064,,,,,,,,,,,38.258034999,-85.723697253,0.141,11/17/2019 12:00:00 AM,1140,2,2,0,0,CLEAR,DRY,False,OTHER RAMP RELATED COLLISIONS NOT LISTED ABOVE,REAR END,STRAIGHT & GRADE,DAYLIGHT,I 0064,STORY AVE,11/18/2019 9:59:57 AM,False,6907,Accepted,
25937816,0568000,LOUISVILLE METRO POLICE DEPT,Accepted,JEFFERSON,KY0155,,TAYLORSVILLE,RD,,,,,POPE LICK,KY2265,ROUTT,38.190858844,-85.486078400,4.828,11/17/2019 12:00:00 AM,0954,2,2,0,0,CLEAR,DRY,False,OTHER ROADWAY OR MID-BLOCK COLLISION,REAR END,STRAIGHT & LEVEL,DAYLIGHT,,,11/18/2019 9:58:34 AM,False,7465,Accepted,
25937847,0568000,LOUISVILLE METRO POLICE DEPT,Accepted,JEFFERSON,US0031W,,DIXIE,HWY,,,,US0031W,US31W RAMP FROM KY841,US0031W,US31W N RAMP TO KY841 E,38.092973297,-85.875367978,7.537,11/17/2019 12:00:00 AM,1655,2,2,0,0,CLOUDY,DRY,False,OTHER ROADWAY OR MID-BLOCK COLLISION,REAR END,STRAIGHT & LEVEL,DUSK,,,11/18/2019 10:01:27 AM,False,2098,Accepted,
25937820,0568000,LOUISVILLE METRO POLICE DEPT,Accepted,JEFFERSON,US0031E,,BARDSTOWN,RD,,,,,BRIGHTON,,WADSWORTH,38.214570963,-85.673927898,12.295,11/17/2019 12:00:00 AM,1236,2,2,0,0,CLOUDY,DRY,False,1 VEHICLE ENTERING/LEAVING ENTRANCE,ANGLE,STRAIGHT & LEVEL,DAYLIGHT,,,11/18/2019 9:58:45 AM,False,2230,Accepted,
25937802,0568000,LOUISVILLE METRO POLICE DEPT,Accepted,JEFFERSON,KY0155,,TAYLORSVILLE,RD,,,,,,,,38.220078385,-85.630414054,13.590,11/17/2019 12:00:00 AM,0552,2,2,0,1,CLEAR,DRY,False,1 VEHICLE ENTERING/LEAVING ENTRANCE,ANGLE,STRAIGHT & LEVEL,DARK-HWY LIGHTED/ON,,,11/18/2019 9:57:06 AM,False,5117,Accepted,
25937895,0568000,LOUISVILLE METRO POLICE DEPT,Accepted,JEFFERSON,,,34TH,ST,S,,MAGNOLIA,,,,,38.233659270,-85.811220242,2.001,11/17/2019 12:00:00 AM,1724,2,2,0,1,CLEAR,DRY,False,HEAD-ON COLLISION,HEAD ON,STRAIGHT & LEVEL,DUSK,,,11/18/2019 10:04:08 AM,False,5290,Accepted,
25937830,0568000,LOUISVILLE METRO POLICE DEPT,Accepted,JEFFERSON,KY1932,,BRECKENRIDGE,LN,,,,,,,,38.220335325,-85.630715730,2.878,11/17/2019 12:00:00 AM,1330,2,2,0,0,CLEAR,DRY,False,SIDESWIPE COLLISION - SAME DIRECTION,SIDESWIPE-SAME DIRECTION,STRAIGHT & LEVEL,DAYLIGHT,,,11/18/2019 10:00:08 AM,False,7497,Accepted,
25937832,0568000,LOUISVILLE METRO POLICE DEPT,Accepted,JEFFERSON,I 0064,,I64 W,,,,,,,,,38.259068498,-85.750655494,4.636,11/17/2019 12:00:00 AM,1540,2,2,0,0,CLOUDY,DRY,False,SIDESWIPE COLLISION - SAME DIRECTION,SIDESWIPE-SAME DIRECTION,STRAIGHT & LEVEL,DAYLIGHT,,,11/18/2019 10:00:20 AM,False,2855,Accepted,
25937872,0568000,LOUISVILLE METRO POLICE DEPT,Accepted,JEFFERSON,KY1020,1417,3RD,ST,S,,,,,,,38.228242300,-85.759968045,10.861,11/17/2019 12:00:00 AM,1342,2,2,0,0,CLEAR,DRY,False,SIDESWIPE COLLISION - SAME DIRECTION,SIDESWIPE-SAME DIRECTION,STRAIGHT & LEVEL,DAYLIGHT,,,11/18/2019 10:03:43 AM,False,5213,Accepted,
25948968,0568000,LOUISVILLE METRO POLICE DEPT,Accepted,JEFFERSON,I 0071,,I71 N,,,,,,,,,38.311576704,-85.588149986,8.682,11/17/2019 12:00:00 AM,1930,2,2,0,0,CLOUDY,WET,True,SIDESWIPE COLLISION - SAME DIRECTION,SIDESWIPE-SAME DIRECTION,,DARK-HWY LIGHTED/ON,,,11/20/2019 9:46:19 AM,False,7785,Accepted,
25937914,0568000,LOUISVILLE METRO POLICE DEPT,Accepted,JEFFERSON,KY1865,,TAYLOR,BLVD,,,,,HUNTOON,,HASKIN,38.172134665,-85.781890753,4.507,11/17/2019 12:00:00 AM,1755,3,3,0,3,CLEAR,DRY,False,REAR END IN TRAFFIC LANES BOTH VEHICLES MOVING,REAR END,STRAIGHT & LEVEL,DARK-HWY LIGHTED/ON,,,11/18/2019 10:05:15 AM,False,5258,Accepted,
25937863,0568000,LOUISVILLE METRO POLICE DEPT,Accepted,JEFFERSON,I 0071,,I71 N,,,,,,,,,38.326696772,-85.548029009,11.134,11/17/2019 12:00:00 AM,1546,2,2,0,1,CLOUDY,DRY,False,REAR END IN TRAFFIC LANES BOTH VEHICLES MOVING,REAR END,STRAIGHT & LEVEL,DAYLIGHT,,,11/18/2019 10:03:04 AM,False,7858,Accepted,
25937918,0568000,LOUISVILLE METRO POLICE DEPT,Accepted,JEFFERSON,KY0864,7715,FEGENBUSH,LN,,,,,,,,38.140202704,-85.618317754,4.574,11/17/2019 12:00:00 AM,1112,2,2,0,0,CLEAR,DRY,False,REAR END IN TRAFFIC LANES BOTH VEHICLES MOVING,REAR END,STRAIGHT & LEVEL,DAYLIGHT,,,11/18/2019 10:05:23 AM,False,7379,Accepted,
25937967,0568000,LOUISVILLE METRO POLICE DEPT,Accepted,JEFFERSON,,,LINCOLN,WAY,,,,,,,,38.253124456,-85.546920317,0.089,11/17/2019 12:00:00 AM,2037,1,1,0,0,CLEAR,DRY,False,COLLISION WITH ANIMAL NON INTERSECTION,SINGLE VEHICLE,STRAIGHT & LEVEL,DARK-HWY LIGHTED/ON,,,11/18/2019 10:07:59 AM,False,7475,Accepted,
25937826,0568000,LOUISVILLE METRO POLICE DEPT,Accepted,JEFFERSON,,,ARNOLDTOWN,RD,,,,,WAVERLY PARK,,HARDWOOD FOREST,38.137707858,-85.819842821,0.863,11/17/2019 12:00:00 AM,1208,3,3,0,1,CLEAR,DRY,False,COLLISION WITH ANIMAL NON INTERSECTION,SIDESWIPE-SAME DIRECTION,STRAIGHT & HILLCREST,DAYLIGHT,,,11/18/2019 9:59:51 AM,False,6318,Accepted,
25937861,0568000,LOUISVILLE METRO POLICE DEPT,Accepted,JEFFERSON,I 0064,,I64 E,,,,,,,,,38.228437686,-85.594951972,14.109,11/17/2019 12:00:00 AM,1253,1,1,0,0,CLEAR,DRY,False,COLLISION WITH ANIMAL NON INTERSECTION,SINGLE VEHICLE,STRAIGHT & LEVEL,DAYLIGHT,,,11/18/2019 10:02:57 AM,False,7858,Accepted,
25937924,0568000,LOUISVILLE METRO POLICE DEPT,Accepted,JEFFERSON,,,DIXIE,HWY,,,,,,,,38.234693868,-85.787937449,1.030,11/17/2019 12:00:00 AM,1700,1,1,0,0,CLEAR,DRY,False,COLLISION WITH FIXED OBJECT NON - INTERSECTION - FIRST EVENT COLLISION 09 - 32 EXCLUDING 16,SINGLE VEHICLE,STRAIGHT & LEVEL,DUSK,,,11/18/2019 10:05:50 AM,False,5114,Accepted,
25937775,0568000,LOUISVILLE METRO POLICE DEPT,Accepted,JEFFERSON,KY1703,2807,NEWBURG,RD,,,,,,,,38.209241906,-85.693771330,2.868,11/17/2019 12:00:00 AM,0226,1,1,0,0,CLEAR,DRY,True,COLLISION WITH FIXED OBJECT NON - INTERSECTION - FIRST EVENT COLLISION 09 - 32 EXCLUDING 16,SINGLE VEHICLE,CURVE & GRADE,DARK-HWY LIGHTED/ON,,,11/18/2019 9:53:17 AM,False,7935,Accepted,
25937950,0568000,LOUISVILLE METRO POLICE DEPT,Accepted,JEFFERSON,,S 44TH,BROADWAY,,W,,,,,,,38.250506528,-85.825319912,2.019,11/17/2019 12:00:00 AM,2129,1,1,0,2,CLEAR,DRY,False,COLLISION WITH FIXED OBJECT NON - INTERSECTION - FIRST EVENT COLLISION 09 - 32 EXCLUDING 16,SINGLE VEHICLE,STRAIGHT & LEVEL,DARK-HWY LIGHTED/ON,,,11/18/2019 10:06:49 AM,False,7445,Accepted,
25937965,0568000,LOUISVILLE METRO POLICE DEPT,Accepted,JEFFERSON,,2800,4TH,ST,S,,,,,,,38.208945935,-85.764912067,3.310,11/17/2019 12:00:00 AM,2026,2,1,0,2,CLEAR,DRY,False,COLLISION WITH PEDESTRIAN NON - INTERSECTION,SINGLE VEHICLE,STRAIGHT & LEVEL,DUSK,,,11/18/2019 10:07:34 AM,False,7291,Accepted,
25937842,0568000,LOUISVILLE METRO POLICE DEPT,Accepted,JEFFERSON,KY1065,,OUTER,LOOP,,KY1020,NATIONAL,,,,,38.126958389,-85.748956560,2.514,11/17/2019 12:00:00 AM,1545,2,2,0,2,CLEAR,DRY,False,OTHER INTERSECTION COLLISIONS,REAR END,STRAIGHT & LEVEL,DAYLIGHT,,,11/18/2019 10:01:16 AM,False,7202,Accepted,
25937953,0568000,LOUISVILLE METRO POLICE DEPT,Accepted,JEFFERSON,US0031W,,DIXIE,HWY,,,CITATION,,,,,38.113275863,-85.862461403,9.084,11/17/2019 12:00:00 AM,1806,2,2,0,0,CLOUDY,DRY,True,OTHER INTERSECTION COLLISIONS,REAR END,STRAIGHT & GRADE,DAYLIGHT,,,11/18/2019 10:06:57 AM,False,5043,Accepted,
25937909,0568000,LOUISVILLE METRO POLICE DEPT,Accepted,JEFFERSON,KY1865,,TAYLOR,BLVD,,I 0264,I264 W EXIT9 ON RAMP FROM KY1865,,,,,38.190669955,-85.783347814,5.811,11/17/2019 12:00:00 AM,1401,2,2,0,0,CLOUDY,DRY,True,OTHER INTERSECTION COLLISIONS,REAR END,STRAIGHT & LEVEL,DAYLIGHT,,,11/18/2019 10:05:06 AM,False,5279,Accepted,
25937791,0568000,LOUISVILLE METRO POLICE DEPT,Accepted,JEFFERSON,KY2052,,SHEPHERDSVILLE,RD,,KY0864,POPLAR LEVEL,,,,,38.160037215,-85.659966631,1.481,11/17/2019 12:00:00 AM,0223,2,2,0,0,CLEAR,DRY,False,OTHER INTERSECTION COLLISIONS,REAR END,STRAIGHT & LEVEL,DARK-HWY LIGHTED/OFF,,,11/18/2019 9:55:26 AM,False,2234,Accepted,
25937931,0568000,LOUISVILLE METRO POLICE DEPT,Accepted,JEFFERSON,US0150,,BROADWAY,,W,,12TH ST CONN,,,,,38.247594153,-85.771623893,1.650,11/17/2019 12:00:00 AM,2010,2,2,0,0,CLEAR,DRY,True,OTHER INTERSECTION COLLISIONS,REAR END,STRAIGHT & LEVEL,DARK-HWY LIGHTED/ON,,,11/18/2019 10:06:00 AM,False,5285,Accepted,
25937793,0568000,LOUISVILLE METRO POLICE DEPT,Accepted,JEFFERSON,,1316,HOERTZ,AVE,,,,,MULBERRY,,ASH,38.226539293,-85.737695556,0.114,11/17/2019 12:00:00 AM,0000,2,2,0,0,CLEAR,DRY,False,1 VEHICLE PARKED POSITION (NOT PARKING LOT/DRIVEWAY),ANGLE,STRAIGHT & LEVEL,DARK-HWY LIGHTED/ON,,,11/18/2019 9:56:08 AM,False,5196,Accepted,
25937803,0568000,LOUISVILLE METRO POLICE DEPT,Accepted,JEFFERSON,,1533,GARLAND,AVE,,,,,,,,38.242843843,-85.778968744,0.611,11/17/2019 12:00:00 AM,0546,3,3,0,0,CLEAR,DRY,False,1 VEHICLE PARKED POSITION (NOT PARKING LOT/DRIVEWAY),HEAD ON,STRAIGHT & LEVEL,DARK-HWY LIGHTED/ON,,,11/18/2019 9:57:12 AM,False,5039,Accepted,
25937789,0568000,LOUISVILLE METRO POLICE DEPT,Accepted,JEFFERSON,,164,POPE,ST,,,,,,,,38.256415713,-85.716927530,0.262,11/17/2019 12:00:00 AM,0030,2,2,0,0,CLEAR,DRY,False,1 VEHICLE PARKED POSITION (NOT PARKING LOT/DRIVEWAY),ANGLE,STRAIGHT & LEVEL,DARK-HWY LIGHTED/ON,,,11/18/2019 9:54:26 AM,False,5154,Accepted,
25937947,0568000,LOUISVILLE METRO POLICE DEPT,Accepted,JEFFERSON,,1459,TEXAS,AVE,,,,,,,,38.221908825,-85.737377265,0.468,11/17/2019 12:00:00 AM,1856,2,2,0,0,CLEAR,DRY,True,1 VEHICLE PARKED POSITION (NOT PARKING LOT/DRIVEWAY),SIDESWIPE-SAME DIRECTION,STRAIGHT & LEVEL,DARK (UNKNOWN ROADWAY LIGHTING),,,11/18/2019 10:06:38 AM,False,5050,Accepted,
25937806,0568000,LOUISVILLE METRO POLICE DEPT,Accepted,JEFFERSON,,3411,HANOVER,CT,,,,,,,,38.237624698,-85.657862119,0.058,11/17/2019 12:00:00 AM,0550,1,1,0,0,CLEAR,DRY,False,RAN OFF ROADWAY (1 VEHICLE WITH/EARTH EMBANKMENT/DITCH),SINGLE VEHICLE,CURVE & LEVEL,DARK-HWY LIGHTED/ON,,,11/18/2019 9:57:46 AM,False,5171,Accepted,
25937923,0568000,LOUISVILLE METRO POLICE DEPT,Accepted,JEFFERSON,US0060,8500,SHELBYVILLE,RD,,,,,,,,38.247973629,-85.596512650,6.788,11/17/2019 12:00:00 AM,0450,1,1,0,1,CLEAR,DRY,False,RAN OFF ROADWAY (1 VEHICLE WITH/EARTH EMBANKMENT/DITCH),SINGLE VEHICLE,STRAIGHT & LEVEL,DARK-HWY NOT LIGHTED,,,11/18/2019 10:05:42 AM,False,6777,Accepted,
25937919,0568000,LOUISVILLE METRO POLICE DEPT,Accepted,JEFFERSON,,,JEFFERSON,BLVD,,,BATES,,,,,38.140143309,-85.675059948,0.156,11/17/2019 12:00:00 AM,1609,2,2,0,0,CLOUDY,DRY,False,SIDESWIPE-SAME DIRECTION,SIDESWIPE-SAME DIRECTION,STRAIGHT & LEVEL,DAYLIGHT,,,11/18/2019 10:05:29 AM,False,7379,Accepted,
25980676,0568000,LOUISVILLE METRO POLICE DEPT,Accepted,JEFFERSON,US0031,,US31 TURN LANE,,,US0031E,MAIN,,,,,38.256387932,-85.753492507,0.018,11/17/2019 12:00:00 AM,0835,2,2,0,0,CLEAR,DRY,True,SIDESWIPE-SAME DIRECTION,SIDESWIPE-SAME DIRECTION,STRAIGHT & LEVEL,DAYLIGHT,,,11/27/2019 8:28:24 AM,False,5173,Accepted,
25937963,0568000,LOUISVILLE METRO POLICE DEPT,Accepted,JEFFERSON,US0031W,,22ND,ST,S,,CHESTNUT,,,,,38.252204890,-85.787665646,19.768,11/17/2019 12:00:00 AM,1901,2,2,0,0,CLEAR,DRY,True,SIDESWIPE-SAME DIRECTION,SIDESWIPE-SAME DIRECTION,STRAIGHT & LEVEL,DARK-HWY LIGHTED/ON,,,11/18/2019 10:07:19 AM,False,5158,Accepted,
25937864,0568000,LOUISVILLE METRO POLICE DEPT,Accepted,JEFFERSON,KY0022,,BROWNSBORO,RD,,I 0265,I265 N EXIT34 ON RAMP FROM KY22 E,,,,,38.308946318,-85.572782470,4.068,11/17/2019 12:00:00 AM,1604,2,2,0,0,CLOUDY,DRY,False,OPPOSING LEFT TURN,OPPOSING LEFT TURN,STRAIGHT & LEVEL,DAYLIGHT,,,11/18/2019 10:03:13 AM,False,7858,Accepted,
25937817,0568000,LOUISVILLE METRO POLICE DEPT,Accepted,JEFFERSON,,,PARK,RD,S,KY1450,BLUE LICK,,,,,38.116341333,-85.689489147,0.696,11/17/2019 12:00:00 AM,1103,2,2,0,0,CLEAR,DRY,False,REAR END - ONE VEHICLE TURNING RIGHT,REAR END,STRAIGHT & LEVEL,DAYLIGHT,,,11/18/2019 9:58:38 AM,False,7669,Accepted,
26077862,0568000,LOUISVILLE METRO POLICE DEPT,Accepted,JEFFERSON,US0150,,21ST,ST,N,US0150,DR W J HODGE,,,,,38.259743139,-85.784662236,0.761,11/17/2019 12:00:00 AM,2008,2,2,0,3,CLEAR,DRY,False,ANGLE COLLISION - OTHER,ANGLE,STRAIGHT & LEVEL,DARK-HWY LIGHTED/ON,,,12/19/2019 8:26:27 AM,False,7190,Accepted,
25937801,0568000,LOUISVILLE METRO POLICE DEPT,Accepted,JEFFERSON,KY1934,,GREENBELT,HWY,,US0031W,US31W RAMP FROM KY1934,,,,,38.093161031,-85.881977569,0.376,11/17/2019 12:00:00 AM,0323,1,1,0,0,CLOUDY,DRY,False,COLLISION WITH FIXED OBJECT IN INTERSECTION - FIRST EVENT COLLISION 09 - 32,SINGLE VEHICLE,STRAIGHT & GRADE,DARK-HWY NOT LIGHTED,,,11/18/2019 9:56:55 AM,False,5043,Accepted,