IncidentID,AgencyORI,AgencyName,IncidentStatusDesc,County,RdwyNumber,Street,RoadwayName,StreetSfx,StreetDir,IntersectionRdwy,IntersectionRdwyName,BetweenStRdwy1,BetweenStRdwyName1,BetweenStRdwy2,BetweenStRdwyName2,Latitude,Longitude,Milepoint,CollisionDate,CollisionTime,UnitsInvolved,MotorVehiclesInvolved,NumberKilled,NumberInjured,Weather,RdwyConditionCode,HitandRun,DirAnalysisCode,MannerofCollision,RdwyCharacter,LightCondition,RampFromRdwyId,RampToRdwyId,AcceptedDate,IsSecondaryCollision,OwnerBadge,IncidentStatus,
25953652,0568000,LOUISVILLE METRO POLICE DEPT,Accepted,JEFFERSON,,,CRITTENDEN,DR,,KY1631,CRITTENDEN,,,,,38.211647985,-85.751297211,0.364,11/17/2019 12:00:00 AM,1818,2,2,0,0,CLEAR,DRY,False,COLLISION WITH FIXED OBJECT IN INTERSECTION - FIRST EVENT COLLISION 09 - 32,ANGLE,STRAIGHT & LEVEL,DARK-HWY LIGHTED/ON,,,11/21/2019 8:32:42 AM,False,5186,Accepted,
25937814,0568000,LOUISVILLE METRO POLICE DEPT,Accepted,JEFFERSON,,,CHAMBERLAIN,LN,,,OSCAR,,,,,38.300746405,-85.542818481,2.224,11/17/2019 12:00:00 AM,1101,2,2,0,0,CLEAR,DRY,False,ANGLE COLLISION - OTHER,ANGLE,STRAIGHT & LEVEL,DAYLIGHT,,,11/18/2019 9:58:29 AM,False,6830,Accepted,
25953587,0568000,LOUISVILLE METRO POLICE DEPT,Accepted,JEFFERSON,,,6TH,ST,S,,PARK,,,,,38.231777375,-85.764265194,1.755,11/17/2019 12:00:00 AM,1728,2,2,0,2,CLEAR,DRY,False,ANGLE COLLISION - OTHER,ANGLE,STRAIGHT & LEVEL,DAWN,,,11/21/2019 8:25:32 AM,False,7441,Accepted,
25937940,0568000,LOUISVILLE METRO POLICE DEPT,Accepted,JEFFERSON,,,38TH,ST,S,,MARKET,,,,,38.261466169,-85.811789403,0.123,11/17/2019 12:00:00 AM,2010,2,2,0,0,CLEAR,DRY,False,ANGLE COLLISION - OTHER,ANGLE,STRAIGHT & LEVEL,DARK-HWY LIGHTED/ON,,,11/18/2019 10:06:24 AM,False,5256,Accepted,
25937823,0568000,LOUISVILLE METRO POLICE DEPT,Accepted,JEFFERSON,,,ELMWOOD,AVE,,,HUBBARDS,,,,,38.268866320,-85.650075480,1.174,11/17/2019 12:00:00 AM,1244,2,2,0,0,CLEAR,DRY,False,ANGLE COLLISION - OTHER,ANGLE,STRAIGHT & LEVEL,DAYLIGHT,,,11/18/2019 9:59:12 AM,False,7129,Accepted,
25937952,0568000,LOUISVILLE METRO POLICE DEPT,Accepted,JEFFERSON,KY0907,,SOUTHSIDE,DR,,KY1142,PALATKA,,,,,38.148910443,-85.771604209,6.586,11/17/2019 12:00:00 AM,2121,2,2,0,0,CLEAR,,True,ANGLE COLLISION - OTHER,ANGLE,STRAIGHT & LEVEL,DARK-HWY LIGHTED/ON,,,11/18/2019 10:06:54 AM,False,5276,Accepted,
25937824,0568000,LOUISVILLE METRO POLICE DEPT,Accepted,JEFFERSON,US0031W,,DIXIE,HWY,,,SPEEDWAY,,,,,38.117567623,-85.858819008,9.445,11/17/2019 12:00:00 AM,1320,2,2,0,2,CLOUDY,DRY,False,ANGLE COLLISION - OTHER,ANGLE,STRAIGHT & LEVEL,DAYLIGHT,,,11/18/2019 9:59:21 AM,False,2461,Accepted,
25937867,0568000,LOUISVILLE METRO POLICE DEPT,Accepted,JEFFERSON,,,ST CATHERINE,ST,W,KY1020,2ND,,,,,38.237057588,-85.756597846,0.090,11/17/2019 12:00:00 AM,1300,2,2,0,0,CLEAR,DRY,False,ANGLE COLLISION - OTHER,ANGLE,STRAIGHT & LEVEL,DAYLIGHT,,,11/18/2019 10:03:33 AM,False,5260,Accepted,
25958721,0568000,LOUISVILLE METRO POLICE DEPT,Accepted,JEFFERSON,,,AMHERST,AVE,E,,HOLLINS,,,,,38.175212193,-85.762041783,0.072,11/17/2019 12:00:00 AM,2008,2,2,0,0,CLEAR,DRY,False,ANGLE COLLISION - OTHER,ANGLE,STRAIGHT & LEVEL,DARK-HWY LIGHTED/ON,,,11/22/2019 9:19:53 AM,False,7963,Accepted,
25937761,0568000,LOUISVILLE METRO POLICE DEPT,Accepted,JEFFERSON,KY1020,,3RD,ST,S,,CARDINAL,,,,,38.220542708,-85.761187911,10.322,11/16/2019 12:00:00 AM,1326,2,2,0,0,CLOUDY,DRY,False,ANGLE COLLISION - OTHER,ANGLE,STRAIGHT & LEVEL,DAYLIGHT,,,11/18/2019 9:50:51 AM,False,5213,Accepted,
25937766,0568000,LOUISVILLE METRO POLICE DEPT,Accepted,JEFFERSON,KY1934,,CANE RUN,RD,,,RICHMONT,,,,,38.197269206,-85.840286132,9.035,11/16/2019 12:00:00 AM,1405,2,2,0,2,CLEAR,DRY,False,ANGLE COLLISION - OTHER,ANGLE,STRAIGHT & LEVEL,DAYLIGHT,,,11/18/2019 9:51:48 AM,False,7420,Accepted,
25937792,0568000,LOUISVILLE METRO POLICE DEPT,Accepted,JEFFERSON,US0150,,BROADWAY,,W,US0031W,DR W J HODGE,,,,,38.249165333,-85.786528987,0.825,11/16/2019 12:00:00 AM,2058,2,2,0,1,CLEAR,DRY,False,ANGLE COLLISION - OTHER,ANGLE,STRAIGHT & LEVEL,DARK-HWY LIGHTED/ON,,,11/18/2019 9:55:46 AM,False,7253,Accepted,
25937774,0568000,LOUISVILLE METRO POLICE DEPT,Accepted,JEFFERSON,,,23RD,ST,S,,ST LOUIS,,,,,38.234287967,-85.793257731,1.372,11/16/2019 12:00:00 AM,0008,2,2,0,2,CLEAR,DRY,False,ANGLE COLLISION - OTHER,ANGLE,STRAIGHT & LEVEL,DARK-HWY LIGHTED/ON,,,11/18/2019 9:53:09 AM,False,7434,Accepted,
25937706,0568000,LOUISVILLE METRO POLICE DEPT,Accepted,JEFFERSON,US0060A,,EASTERN,PKWY,,,FERNWOOD,,,,,38.231701537,-85.709790221,6.798,11/16/2019 12:00:00 AM,1346,2,2,0,0,CLEAR,DRY,False,ANGLE COLLISION - OTHER,ANGLE,STRAIGHT & LEVEL,DAYLIGHT,,,11/18/2019 9:43:47 AM,False,7129,Accepted,
25937798,0568000,LOUISVILLE METRO POLICE DEPT,Accepted,JEFFERSON,KY0864,,POPLAR LEVEL,RD,,,INDIAN,,,,,38.171543901,-85.684988200,9.216,11/16/2019 12:00:00 AM,2314,2,2,0,0,CLEAR,DRY,True,ANGLE COLLISION - OTHER,ANGLE,STRAIGHT & LEVEL,DARK-HWY LIGHTED/ON,,,11/18/2019 9:56:42 AM,False,5247,Accepted,
25937762,0568000,LOUISVILLE METRO POLICE DEPT,Accepted,JEFFERSON,KY1865,,NEW CUT,RD,,KY0907,3RD ST,,,,,38.145989296,-85.775362501,2.681,11/16/2019 12:00:00 AM,1845,2,2,0,0,CLEAR,DRY,False,ANGLE COLLISION - OTHER,ANGLE,STRAIGHT & LEVEL,DARK-HWY LIGHTED/ON,,,11/18/2019 9:51:15 AM,False,7139,Accepted,
25937778,0568000,LOUISVILLE METRO POLICE DEPT,Accepted,JEFFERSON,,,NARCISSUS,DR,,,DELEE,,,,,38.119765606,-85.686231751,0.111,11/16/2019 12:00:00 AM,2055,2,2,0,0,CLEAR,DRY,False,ANGLE COLLISION - OTHER,ANGLE,STRAIGHT & LEVEL,DARK-HWY NOT LIGHTED,,,11/18/2019 9:53:37 AM,False,6360,Accepted,
25969834,0568000,LOUISVILLE METRO POLICE DEPT,Accepted,JEFFERSON,,,CHESTNUT,ST,E,,FLOYD,,,,,38.248041157,-85.749241588,0.200,11/16/2019 12:00:00 AM,0810,2,2,0,0,CLEAR,DRY,False,ANGLE COLLISION - OTHER,ANGLE,STRAIGHT & LEVEL,DAYLIGHT,,,11/25/2019 9:58:49 AM,False,2661,Accepted,
25937683,0568000,LOUISVILLE METRO POLICE DEPT,Accepted,JEFFERSON,,,OAK,ST,W,KY1020,3RD,,,,,38.234899751,-85.758671653,0.180,11/16/2019 12:00:00 AM,0910,2,2,0,0,CLEAR,DRY,False,ANGLE COLLISION - OTHER,ANGLE,STRAIGHT & LEVEL,DAYLIGHT,,,11/18/2019 9:38:22 AM,False,5260,Accepted,
25937666,0568000,LOUISVILLE METRO POLICE DEPT,Accepted,JEFFERSON,KY1932,,BRECKENRIDGE,LN,,,HIKES,,,,,38.218147343,-85.628586356,2.695,11/16/2019 12:00:00 AM,0139,2,2,0,0,CLEAR,DRY,False,ANGLE COLLISION - OTHER,ANGLE,STRAIGHT & LEVEL,DARK-HWY LIGHTED/ON,,,11/18/2019 9:33:03 AM,False,5117,Accepted,
25937667,0568000,LOUISVILLE METRO POLICE DEPT,Accepted,JEFFERSON,,,28TH,ST,S,,CHESTNUT,,,,,38.253345334,-85.797600671,0.535,11/16/2019 12:00:00 AM,0328,2,2,0,1,CLEAR,DRY,True,ANGLE COLLISION - OTHER,ANGLE,STRAIGHT & LEVEL,DARK-HWY LIGHTED/ON,,,11/18/2019 9:33:22 AM,False,5021,Accepted,
25937964,0568000,LOUISVILLE METRO POLICE DEPT,Accepted,JEFFERSON,KY1020,3900,SOUTHERN,PKWY,,,KENTON,,,,,38.198171616,-85.766890042,8.956,11/16/2019 12:00:00 AM,2215,1,1,0,0,CLOUDY,DRY,False,COLLISION WITH FIXED OBJECT IN INTERSECTION - FIRST EVENT COLLISION 09 - 32,SINGLE VEHICLE,CURVE & LEVEL,DUSK,,,11/18/2019 10:07:24 AM,False,7291,Accepted,
25943240,0568000,LOUISVILLE METRO POLICE DEPT,Accepted,JEFFERSON,,,SEATONVILLE,RD,,,BROAD RUN,,,,,38.137083732,-85.547550853,2.046,11/16/2019 12:00:00 AM,1930,1,1,0,1,CLEAR,DRY,False,COLLISION WITH FIXED OBJECT IN INTERSECTION - FIRST EVENT COLLISION 09 - 32,SINGLE VEHICLE,STRAIGHT & LEVEL,DARK-HWY NOT LIGHTED,,,11/19/2019 8:44:04 AM,False,7415,Accepted,
25937748,0568000,LOUISVILLE METRO POLICE DEPT,Accepted,JEFFERSON,,,BLUEGRASS,AVE,,,LONSDALE,,,,,38.179447625,-85.786401526,0.681,11/16/2019 12:00:00 AM,1559,2,2,0,0,CLEAR,DRY,False,ANGLE COLLISION - ONE VEHICLE TURNING RIGHT,ANGLE,STRAIGHT & LEVEL,DAYLIGHT,,,11/18/2019 9:48:55 AM,False,7301,Accepted,
25937787,0568000,LOUISVILLE METRO POLICE DEPT,Accepted,JEFFERSON,US0060,,SHELBYVILLE,RD,,,LYNDON,,,,,38.248318518,-85.598979799,6.649,11/16/2019 12:00:00 AM,2225,2,2,0,0,CLEAR,DRY,True,ANGLE COLLISION - ONE VEHICLE TURNING LEFT,ANGLE,STRAIGHT & LEVEL,DARK-HWY LIGHTED/ON,,,11/18/2019 9:54:06 AM,False,7055,Accepted,
25937759,0568000,LOUISVILLE METRO POLICE DEPT,Accepted,JEFFERSON,KY1727,,TERRY,RD,,KY1934,CANE RUN,,,,,38.178036611,-85.861853179,4.053,11/16/2019 12:00:00 AM,1015,2,2,0,0,CLEAR,DRY,False,REAR END - ONE VEHICLE TURNING RIGHT,REAR END,CURVE & HILLCREST,DAYLIGHT,,,11/18/2019 9:50:41 AM,False,7339,Accepted,
25937755,0568000,LOUISVILLE METRO POLICE DEPT,Accepted,JEFFERSON,KY1865,,NEW CUT,RD,,,IROQUOIS,,,,,38.166195774,-85.780296549,4.086,11/16/2019 12:00:00 AM,1720,2,2,0,0,CLEAR,DRY,False,REAR END - ONE VEHICLE TURNING LEFT,REAR END,STRAIGHT & LEVEL,DUSK,,,11/18/2019 9:50:13 AM,False,7496,Accepted,
25937687,0568000,LOUISVILLE METRO POLICE DEPT,Accepted,JEFFERSON,US0060,,SHELBYVILLE,RD,,,CHRISTIAN,,,,,38.248825384,-85.606670339,6.227,11/16/2019 12:00:00 AM,1055,2,2,0,0,CLEAR,DRY,False,SIDESWIPE-SAME DIRECTION,SIDESWIPE-SAME DIRECTION,STRAIGHT & LEVEL,DAYLIGHT,,,11/18/2019 9:39:00 AM,False,7358,Accepted,
25937677,0568000,LOUISVILLE METRO POLICE DEPT,Accepted,JEFFERSON,,,GREENWOOD,AVE,,,29TH,,,,,38.242434356,-85.801247715,0.867,11/16/2019 12:00:00 AM,0355,2,2,0,0,CLEAR,DRY,False,SIDESWIPE-SAME DIRECTION,SIDESWIPE-SAME DIRECTION,STRAIGHT & LEVEL,DARK-HWY LIGHTED/ON,,,11/18/2019 9:35:39 AM,False,5039,Accepted,
25969837,0568000,LOUISVILLE METRO POLICE DEPT,Accepted,JEFFERSON,US0150,,BROADWAY,,W,,1ST,,,,,38.245723359,-85.753496460,2.649,11/16/2019 12:00:00 AM,1400,2,2,0,0,CLEAR,DRY,False,SIDESWIPE-SAME DIRECTION,SIDESWIPE-SAME DIRECTION,STRAIGHT & GRADE,DAYLIGHT,,,11/25/2019 9:58:56 AM,False,2661,Accepted,
25969838,0568000,LOUISVILLE METRO POLICE DEPT,Accepted,JEFFERSON,,,LIBERTY,ST,E,,CAMPBELL,,,,,38.250288555,-85.736580753,0.871,11/16/2019 12:00:00 AM,1655,2,2,0,0,CLEAR,DRY,False,SIDESWIPE-SAME DIRECTION,SIDESWIPE-SAME DIRECTION,STRAIGHT & GRADE,DAYLIGHT,,,11/25/2019 9:59:05 AM,False,2661,Accepted,
25937945,0568000,LOUISVILLE METRO POLICE DEPT,Accepted,JEFFERSON,,,CRITTENDEN,DR,,,LILLY,,,,,38.213521145,-85.751078467,0.234,11/16/2019 12:00:00 AM,2157,2,2,0,2,CLEAR,DRY,False,SIDESWIPE-SAME DIRECTION,SIDESWIPE-SAME DIRECTION,STRAIGHT & LEVEL,DARK (UNKNOWN ROADWAY LIGHTING),,,11/18/2019 10:06:31 AM,False,5050,Accepted,
25937682,0568000,LOUISVILLE METRO POLICE DEPT,Accepted,JEFFERSON,,,ST CATHERINE,ST,E,,FLOYD,,,,,38.236444716,-85.751257483,1.084,11/16/2019 12:00:00 AM,0945,2,2,0,0,CLEAR,DRY,False,SIDESWIPE-SAME DIRECTION,SIDESWIPE-SAME DIRECTION,STRAIGHT & LEVEL,DAYLIGHT,,,11/18/2019 9:38:04 AM,False,7391,Accepted,
25937785,0568000,LOUISVILLE METRO POLICE DEPT,Accepted,JEFFERSON,US0031W,,MAIN,ST,W,,3RD,,,,,38.256463298,-85.754885181,22.018,11/16/2019 12:00:00 AM,2010,2,2,0,0,CLOUDY,DRY,False,SIDESWIPE-SAME DIRECTION,SIDESWIPE-SAME DIRECTION,STRAIGHT & GRADE,DARK-HWY LIGHTED/ON,,,11/18/2019 9:53:56 AM,False,5251,Accepted,
25937684,0568000,LOUISVILLE METRO POLICE DEPT,Accepted,JEFFERSON,,,FAIRGROUND,RD,,US0031E,BARDSTOWN,,,,,38.163087607,-85.595870897,0.011,11/16/2019 12:00:00 AM,0954,2,2,0,0,CLEAR,DRY,False,VEHICLE BACKING IN INTERSECTION,BACKING,STRAIGHT & LEVEL,DAYLIGHT,,,11/18/2019 9:38:34 AM,False,7278,Accepted,
25937805,0568000,LOUISVILLE METRO POLICE DEPT,Accepted,JEFFERSON,,6206,SERENITY,CT,,,,,,,,38.159590285,-85.680892980,,11/16/2019 12:00:00 AM,2355,4,4,0,0,CLEAR,DRY,True,1 VEHICLE PARKED POSITION (NOT PARKING LOT/DRIVEWAY),ANGLE,STRAIGHT & LEVEL,DARK (UNKNOWN ROADWAY LIGHTING),,,11/18/2019 9:57:34 AM,False,7431,Accepted,
25937807,0568000,LOUISVILLE METRO POLICE DEPT,Accepted,JEFFERSON,I 0265,,I265 S,,,,,,,,,38.279243197,-85.500341028,29.383,11/16/2019 12:00:00 AM,1814,2,2,0,1,CLEAR,DRY,False,1 VEHICLE PARKED POSITION (NOT PARKING LOT/DRIVEWAY),REAR END,STRAIGHT & LEVEL,DARK-HWY LIGHTED/ON,,,11/18/2019 9:58:03 AM,False,7802,Accepted,
25937813,0568000,LOUISVILLE METRO POLICE DEPT,Accepted,JEFFERSON,,9817,TURNPIKE VIEW,DR,,,,,,,,38.109194974,-85.700200350,0.015,11/16/2019 12:00:00 AM,1830,2,2,0,0,CLEAR,DRY,False,1 VEHICLE PARKED POSITION (NOT PARKING LOT/DRIVEWAY),REAR END,STRAIGHT & LEVEL,DARK-HWY NOT LIGHTED,,,11/18/2019 9:58:24 AM,False,7955,Accepted,
25937758,0568000,LOUISVILLE METRO POLICE DEPT,Accepted,JEFFERSON,,,COLRAIN,CIR,,,,,,,,38.131425746,-85.879092892,0.045,11/16/2019 12:00:00 AM,1543,2,2,0,0,CLEAR,DRY,True,1 VEHICLE PARKED POSITION (NOT PARKING LOT/DRIVEWAY),SIDESWIPE-SAME DIRECTION,CURVE & GRADE,DAYLIGHT,,,11/18/2019 9:50:37 AM,False,5293,Accepted,
25937688,0568000,LOUISVILLE METRO POLICE DEPT,Accepted,JEFFERSON,,13018,ORELL,RD,E,,,,BLEVINS GAP,,PENDLETON,38.065246869,-85.879872745,1.249,11/16/2019 12:00:00 AM,1115,2,2,0,0,CLEAR,DRY,False,1 VEHICLE PARKED POSITION (NOT PARKING LOT/DRIVEWAY),SIDESWIPE-OPPOSITE DIRECTION,CURVE & LEVEL,DAYLIGHT,,,11/18/2019 9:39:09 AM,False,2098,Accepted,
25937712,0568000,LOUISVILLE METRO POLICE DEPT,Accepted,JEFFERSON,,,BONNYCASTLE,AVE,,,,,FERNWOOD,,NORRIS,38.228550715,-85.709756540,0.241,11/16/2019 12:00:00 AM,1409,2,2,0,0,CLEAR,DRY,True,1 VEHICLE PARKED POSITION (NOT PARKING LOT/DRIVEWAY),SIDESWIPE-SAME DIRECTION,STRAIGHT & LEVEL,DAYLIGHT,,,11/18/2019 9:44:44 AM,False,7570,Accepted,
25937799,0568000,LOUISVILLE METRO POLICE DEPT,Accepted,JEFFERSON,,,TRADE PORT,DR,,KY1934,GREENBELT,,,,,38.125452349,-85.893236899,0.277,11/16/2019 12:00:00 AM,0557,2,2,0,0,CLOUDY,DRY,False,OTHER INTERSECTION COLLISIONS,REAR END,STRAIGHT & GRADE,DARK-HWY LIGHTED/ON,,,11/18/2019 9:56:47 AM,False,5043,Accepted,
25937702,0568000,LOUISVILLE METRO POLICE DEPT,Accepted,JEFFERSON,US0031E,,BARDSTOWN,RD,,,HIDDEN VALLEY FARM,,,,,38.086665042,-85.555694745,0.779,11/16/2019 12:00:00 AM,1312,2,2,0,0,CLEAR,DRY,False,OTHER INTERSECTION COLLISIONS,REAR END,STRAIGHT & LEVEL,DAYLIGHT,,,11/18/2019 9:42:34 AM,False,7278,Accepted,
25937751,0568000,LOUISVILLE METRO POLICE DEPT,Accepted,JEFFERSON,US0042,,BROWNSBORO,RD,,,COUNTRY,,,,,38.264768980,-85.669926935,3.660,11/16/2019 12:00:00 AM,1555,2,2,0,0,CLEAR,DRY,True,OTHER INTERSECTION COLLISIONS,REAR END,STRAIGHT & LEVEL,DAYLIGHT,,,11/18/2019 9:49:24 AM,False,7043,Accepted,
25937834,0568000,LOUISVILLE METRO POLICE DEPT,Accepted,JEFFERSON,,,JEFFERSON,ST,W,,12TH,,,,,38.255302172,-85.770239554,0.998,11/16/2019 12:00:00 AM,1634,2,2,0,0,CLEAR,DRY,False,OTHER INTERSECTION COLLISIONS,REAR END,STRAIGHT & LEVEL,DAYLIGHT,,,11/18/2019 10:00:26 AM,False,5173,Accepted,
25937689,0568000,LOUISVILLE METRO POLICE DEPT,Accepted,JEFFERSON,I 0265,,I265 S,,,I 0265,I265 S EXIT29 OFF RAMP TO KY3084,,,,,38.270928060,-85.501163289,28.779,11/16/2019 12:00:00 AM,1022,2,2,0,1,CLEAR,DRY,False,OTHER INTERSECTION COLLISIONS,REAR END,STRAIGHT & LEVEL,DAYLIGHT,,,11/18/2019 9:39:28 AM,False,7337,Accepted,
25937770,0568000,LOUISVILLE METRO POLICE DEPT,Accepted,JEFFERSON,KY0155,,TAYLORSVILLE,RD,,KY0913,BLANKENBAKER,,,,,38.187380402,-85.548195151,8.246,11/16/2019 12:00:00 AM,2245,2,2,0,0,CLEAR,DRY,False,OTHER INTERSECTION COLLISIONS,REAR END,STRAIGHT & LEVEL,DARK-HWY NOT LIGHTED,,,11/18/2019 9:52:50 AM,False,7761,Accepted,
25937754,0568000,LOUISVILLE METRO POLICE DEPT,Accepted,JEFFERSON,,,MUD,LN,,,ANTONIA,,,,,38.092407654,-85.670535393,0.088,11/16/2019 12:00:00 AM,1204,2,2,0,0,CLEAR,DRY,False,OTHER INTERSECTION COLLISIONS,REAR END,STRAIGHT & LEVEL,DAYLIGHT,,,11/18/2019 9:50:00 AM,False,7354,Accepted,
25937745,0568000,LOUISVILLE METRO POLICE DEPT,Accepted,JEFFERSON,KY1065,,OUTER,LOOP,,KY0061,PRESTON,,,,,38.138299659,-85.686989698,6.072,11/16/2019 12:00:00 AM,1425,2,2,0,0,CLEAR,DRY,False,OTHER INTERSECTION COLLISIONS,REAR END,STRAIGHT & LEVEL,DAYLIGHT,,,11/18/2019 9:48:30 AM,False,7269,Accepted,
25937675,0568000,LOUISVILLE METRO POLICE DEPT,Accepted,JEFFERSON,I 0065,,I65 S,,,,,,,,,38.206472613,-85.746456605,132.268,11/16/2019 12:00:00 AM,0518,1,1,0,1,CLEAR,DRY,False,COLLISION WITH FIXED OBJECT NON - INTERSECTION - FIRST EVENT COLLISION 09 - 32 EXCLUDING 16,SINGLE VEHICLE,CURVE & LEVEL,DARK-HWY LIGHTED/ON,,,11/18/2019 9:35:07 AM,False,5183,Accepted,
25937740,0568000,LOUISVILLE METRO POLICE DEPT,Accepted,JEFFERSON,,,BLUEGRASS,AVE,,,,,CHURCHMAN,KY1931,MANSLICK,38.179406887,-85.793866855,0.273,11/16/2019 12:00:00 AM,1050,1,1,0,0,CLEAR,DRY,False,COLLISION WITH FIXED OBJECT NON - INTERSECTION - FIRST EVENT COLLISION 09 - 32 EXCLUDING 16,SINGLE VEHICLE,STRAIGHT & LEVEL,DAYLIGHT,,,11/18/2019 9:47:09 AM,False,7978,Accepted,
25937768,0568000,LOUISVILLE METRO POLICE DEPT,Accepted,JEFFERSON,,7899,MINOR,LN,,,,,,,,38.133772700,-85.709446799,0.095,11/16/2019 12:00:00 AM,1949,1,1,0,1,CLEAR,DRY,False,COLLISION WITH FIXED OBJECT NON - INTERSECTION - FIRST EVENT COLLISION 09 - 32 EXCLUDING 16,SINGLE VEHICLE,STRAIGHT & LEVEL,DARK-HWY NOT LIGHTED,,,11/18/2019 9:52:31 AM,False,5214,Accepted,
25937742,0568000,LOUISVILLE METRO POLICE DEPT,Accepted,JEFFERSON,,,RIVER,RD,,,,,RIVER CREEK,,AVISH,38.328140975,-85.636155689,4.837,11/16/2019 12:00:00 AM,1427,1,1,0,0,CLEAR,DRY,False,COLLISION WITH FIXED OBJECT NON - INTERSECTION - FIRST EVENT COLLISION 09 - 32 EXCLUDING 16,SINGLE VEHICLE,CURVE & LEVEL,DAYLIGHT,,,11/18/2019 9:48:03 AM,False,2969,Accepted,
25937769,0568000,LOUISVILLE METRO POLICE DEPT,Accepted,JEFFERSON,US0031E,,BARDSTOWN,RD,,,,,RACE,,BARDSTOWN FALLS,38.110066204,-85.567773570,2.585,11/16/2019 12:00:00 AM,2117,1,1,0,0,CLEAR,DRY,False,COLLISION WITH ANIMAL NON INTERSECTION,SINGLE VEHICLE,STRAIGHT & LEVEL,DARK-HWY NOT LIGHTED,,,11/18/2019 9:52:43 AM,False,6028,Accepted,
25937713,0568000,LOUISVILLE METRO POLICE DEPT,Accepted,JEFFERSON,KY1694,,BROWNSBORO,RD,,,,,,,,38.322791460,-85.561383681,0.495,11/16/2019 12:00:00 AM,1228,2,2,0,1,CLEAR,DRY,False,REAR END IN TRAFFIC LANES BOTH VEHICLES MOVING,REAR END,STRAIGHT & LEVEL,DAYLIGHT,,,11/18/2019 9:45:01 AM,False,2489,Accepted,
25937708,0568000,LOUISVILLE METRO POLICE DEPT,Accepted,JEFFERSON,US0042,,MELLWOOD,AVE,,,,,,,,38.256858023,-85.720542944,0.721,11/16/2019 12:00:00 AM,1415,2,2,0,0,CLEAR,DRY,False,REAR END IN TRAFFIC LANES BOTH VEHICLES MOVING,REAR END,STRAIGHT & LEVEL,DAYLIGHT,,,11/18/2019 9:44:13 AM,False,2855,Accepted,
25937757,0568000,LOUISVILLE METRO POLICE DEPT,Accepted,JEFFERSON,US0031W,,DIXIE,HWY,,,,,,,,38.128537128,-85.849123609,10.368,11/16/2019 12:00:00 AM,1135,2,2,0,0,CLEAR,DRY,False,REAR END IN TRAFFIC LANES BOTH VEHICLES MOVING,REAR END,STRAIGHT & LEVEL,DAYLIGHT,,,11/18/2019 9:50:28 AM,False,5293,Accepted,
25938191,0568000,LOUISVILLE METRO POLICE DEPT,Accepted,JEFFERSON,,,SEAFORTH,DR,,,,,MORNING GLORY,,PANAX,38.135314213,-85.871182758,0.033,11/16/2019 12:00:00 AM,0956,2,2,0,0,CLEAR,DRY,False,REAR END IN TRAFFIC LANES BOTH VEHICLES MOVING,REAR END,STRAIGHT & LEVEL,DAYLIGHT,,,11/18/2019 10:45:31 AM,False,6318,Accepted,
25937822,0568000,LOUISVILLE METRO POLICE DEPT,Accepted,JEFFERSON,,,GRADE LN CONN,,,,,,,,,38.169227242,-85.720508464,0.118,11/16/2019 12:00:00 AM,0913,2,2,0,0,CLEAR,DRY,False,REAR END IN TRAFFIC LANES BOTH VEHICLES MOVING,REAR END,STRAIGHT & GRADE,DAYLIGHT,,,11/18/2019 9:59:02 AM,False,5153,Accepted,
25937955,0568000,LOUISVILLE METRO POLICE DEPT,Accepted,JEFFERSON,KY1747,,HURSTBOURNE,PKWY,S,,,,VASSEL,KY1747,KY1747 CROSSOVER,38.158948226,-85.627130460,6.026,11/16/2019 12:00:00 AM,2340,2,2,0,0,CLEAR,DRY,False,REAR END IN TRAFFIC LANES BOTH VEHICLES MOVING,REAR END,STRAIGHT & LEVEL,DARK-HWY NOT LIGHTED,,,11/18/2019 10:07:01 AM,False,5116,Accepted,
25937696,0568000,LOUISVILLE METRO POLICE DEPT,Accepted,JEFFERSON,I 0065,,I65 S,,,,,,,,,38.253656192,-85.743232318,136.076,11/16/2019 12:00:00 AM,1230,2,2,0,0,CLEAR,DRY,False,SIDESWIPE COLLISION - SAME DIRECTION,SIDESWIPE-SAME DIRECTION,STRAIGHT & LEVEL,DAYLIGHT,,,11/18/2019 9:41:16 AM,False,2855,Accepted,
25937703,0568000,LOUISVILLE METRO POLICE DEPT,Accepted,JEFFERSON,US0031E,,BARDSTOWN,RD,,,,,,,,38.226256722,-85.697697065,13.878,11/16/2019 12:00:00 AM,1359,2,2,0,0,CLEAR,DRY,True,SIDESWIPE COLLISION - SAME DIRECTION,SIDESWIPE-SAME DIRECTION,STRAIGHT & LEVEL,DAYLIGHT,,,11/18/2019 9:43:02 AM,False,5112,Accepted,
25937756,0568000,LOUISVILLE METRO POLICE DEPT,Accepted,JEFFERSON,KY0841,,GENE SNYDER,FWY,,,,,,,,38.089750107,-85.866176641,0.539,11/16/2019 12:00:00 AM,0940,2,2,0,0,CLEAR,DRY,False,SIDESWIPE COLLISION - SAME DIRECTION,SIDESWIPE-SAME DIRECTION,STRAIGHT & LEVEL,DAYLIGHT,,,11/18/2019 9:50:20 AM,False,5293,Accepted,
25937747,0568000,LOUISVILLE METRO POLICE DEPT,Accepted,JEFFERSON,I 0264,,I264 W,,,,,I 0064,I264 W EXIT19 TRANSIT,I 0064,I64 W EXIT19 RAMP TO I64,38.235158458,-85.625134973,18.681,11/16/2019 12:00:00 AM,1545,2,2,0,0,CLEAR,DRY,False,SIDESWIPE COLLISION - SAME DIRECTION,SIDESWIPE-SAME DIRECTION,STRAIGHT & LEVEL,DAYLIGHT,,,11/18/2019 9:48:44 AM,False,2278,Accepted,