IncidentID,AgencyORI,AgencyName,IncidentStatusDesc,County,RdwyNumber,Street,RoadwayName,StreetSfx,StreetDir,IntersectionRdwy,IntersectionRdwyName,BetweenStRdwy1,BetweenStRdwyName1,BetweenStRdwy2,BetweenStRdwyName2,Latitude,Longitude,Milepoint,CollisionDate,CollisionTime,UnitsInvolved,MotorVehiclesInvolved,NumberKilled,NumberInjured,Weather,RdwyConditionCode,HitandRun,DirAnalysisCode,MannerofCollision,RdwyCharacter,LightCondition,RampFromRdwyId,RampToRdwyId,AcceptedDate,IsSecondaryCollision,OwnerBadge,IncidentStatus,
25937744,0568000,LOUISVILLE METRO POLICE DEPT,Accepted,JEFFERSON,,,4TH,ST,S,,LEE,,,,,38.223386502,-85.762374176,2.315,11/16/2019 12:00:00 AM,1449,2,2,0,0,CLEAR,DRY,False,HEAD-ON COLLISION,HEAD ON,STRAIGHT & LEVEL,DAYLIGHT,,,11/18/2019 9:48:24 AM,False,7391,Accepted,
25937753,0568000,LOUISVILLE METRO POLICE DEPT,Accepted,JEFFERSON,,,MAMARONECK,RD,,,GREENWICH,,,,,38.207851872,-85.643786400,0.018,11/16/2019 12:00:00 AM,1700,2,2,0,0,CLEAR,DRY,False,HEAD-ON COLLISION,HEAD ON,STRAIGHT & LEVEL,DAYLIGHT,,,11/18/2019 9:49:52 AM,False,5159,Accepted,
25937750,0568000,LOUISVILLE METRO POLICE DEPT,Accepted,JEFFERSON,US0031E,,BARDSTOWN,RD,,,,,COLONEL HANCOCK,,ICHABOD,38.131312319,-85.577906606,4.155,11/16/2019 12:00:00 AM,1614,2,2,0,0,CLEAR,DRY,False,SIDESWIPE COLLISION - SAME DIRECTION,SIDESWIPE-SAME DIRECTION,STRAIGHT & LEVEL,DAYLIGHT,,,11/18/2019 9:49:14 AM,False,7278,Accepted,
25937701,0568000,LOUISVILLE METRO POLICE DEPT,Accepted,JEFFERSON,I 0265,,I265 E,,,,,,,,,38.196787389,-85.507942234,23.684,11/16/2019 12:00:00 AM,1340,2,2,0,0,CLEAR,DRY,True,SIDESWIPE COLLISION - SAME DIRECTION,SIDESWIPE-SAME DIRECTION,STRAIGHT & GRADE,DAYLIGHT,,,11/18/2019 9:42:23 AM,False,6953,Accepted,
25997481,0568000,LOUISVILLE METRO POLICE DEPT,Accepted,JEFFERSON,KY1020,,SOUTHSIDE,DR,,,,,CAROLYN,,SENECA,38.159105221,-85.764747426,6.141,11/16/2019 12:00:00 AM,1242,2,2,0,0,CLEAR,DRY,False,REAR END IN TRAFFIC LANES BOTH VEHICLES MOVING,REAR END,STRAIGHT & LEVEL,DAYLIGHT,,,12/2/2019 10:05:14 AM,False,5279,Accepted,
25937700,0568000,LOUISVILLE METRO POLICE DEPT,Accepted,JEFFERSON,KY1934,,GREENBELT,HWY,,,,,,,,38.170234131,-85.875898325,6.208,11/16/2019 12:00:00 AM,1340,2,2,0,0,CLEAR,DRY,False,1 VEHICLE ENTERING/LEAVING ENTRANCE,ANGLE,STRAIGHT & LEVEL,DAYLIGHT,,,11/18/2019 9:41:59 AM,False,7524,Accepted,
25937797,0568000,LOUISVILLE METRO POLICE DEPT,Accepted,JEFFERSON,KY0061,,PRESTON,HWY,,,,,PRESTON,,MEADOW,38.176756287,-85.714960786,7.013,11/16/2019 12:00:00 AM,1730,2,2,0,0,CLEAR,DRY,True,1 VEHICLE ENTERING/LEAVING ENTRANCE,ANGLE,STRAIGHT & LEVEL,UNKNOWN,,,11/18/2019 9:56:38 AM,False,5165,Accepted,
25937764,0568000,LOUISVILLE METRO POLICE DEPT,Accepted,JEFFERSON,KY1934,,CANE RUN,RD,,,,,SHANKS,,RICHMONT,38.195474062,-85.842345509,8.795,11/16/2019 12:00:00 AM,1213,2,2,0,0,CLEAR,DRY,False,1 VEHICLE ENTERING/LEAVING ENTRANCE,ANGLE,STRAIGHT & LEVEL,DAYLIGHT,,,11/18/2019 9:51:36 AM,False,7381,Accepted,
25937804,0568000,LOUISVILLE METRO POLICE DEPT,Accepted,JEFFERSON,,3507,TERRIER,LN,,,,,,,,38.204402361,-85.657187261,0.024,11/16/2019 12:00:00 AM,2200,2,2,0,0,CLEAR,DRY,True,OTHER ROADWAY OR MID-BLOCK COLLISION,OPPOSING LEFT TURN,STRAIGHT & LEVEL,DARK-HWY LIGHTED/ON,,,11/18/2019 9:57:23 AM,False,5024,Accepted,
25937749,0568000,LOUISVILLE METRO POLICE DEPT,Accepted,JEFFERSON,KY1447,,WESTPORT,RD,,,,,,,,38.265362784,-85.624330865,1.958,11/16/2019 12:00:00 AM,1551,2,2,0,0,CLEAR,DRY,True,OTHER ROADWAY OR MID-BLOCK COLLISION,OPPOSING LEFT TURN,STRAIGHT & LEVEL,DAYLIGHT,,,11/18/2019 9:49:03 AM,False,6929,Accepted,
25937767,0568000,LOUISVILLE METRO POLICE DEPT,Accepted,JEFFERSON,US0060,,SHELBYVILLE,RD,,,,,DAVENTRY,,VIEUX CARRE,38.246224893,-85.574608827,7.983,11/16/2019 12:00:00 AM,1050,2,2,0,0,CLEAR,DRY,False,OTHER ROADWAY OR MID-BLOCK COLLISION,REAR END,STRAIGHT & LEVEL,DAYLIGHT,,,11/18/2019 9:52:20 AM,False,7802,Accepted,
25937693,0568000,LOUISVILLE METRO POLICE DEPT,Accepted,JEFFERSON,I 0265,,,,,,,,,,,38.269451150,-85.503022024,0.389,11/16/2019 12:00:00 AM,1209,2,2,0,0,CLEAR,DRY,False,OTHER RAMP RELATED COLLISIONS NOT LISTED ABOVE,REAR END,CURVE & LEVEL,DAYLIGHT,I 0265,KY3084,11/18/2019 9:40:19 AM,False,6334,Accepted,
25937714,0568000,LOUISVILLE METRO POLICE DEPT,Accepted,JEFFERSON,I 0264,,,,,,,,,,,38.245514673,-85.620488361,0.365,11/16/2019 12:00:00 AM,1359,2,2,0,0,CLEAR,DRY,False,OTHER RAMP RELATED COLLISIONS NOT LISTED ABOVE,REAR END,STRAIGHT & LEVEL,DAYLIGHT,I 0264,US0060,11/18/2019 9:46:04 AM,False,7358,Accepted,
25937746,0568000,LOUISVILLE METRO POLICE DEPT,Accepted,JEFFERSON,I 0264,,,,,,,,,,,38.246638781,-85.620034304,0.447,11/16/2019 12:00:00 AM,1450,2,2,0,1,CLEAR,DRY,False,OTHER RAMP RELATED COLLISIONS NOT LISTED ABOVE,REAR END,STRAIGHT & LEVEL,DAYLIGHT,I 0264,US0060,11/18/2019 9:48:37 AM,False,6406,Accepted,
25937772,0568000,LOUISVILLE METRO POLICE DEPT,Accepted,JEFFERSON,,,GELLHAUS,LN,,,,,,,,38.154277638,-85.543715878,0.425,11/16/2019 12:00:00 AM,1730,1,1,0,0,CLEAR,DRY,True,COLLISION IN PARKING LOT,SINGLE VEHICLE,STRAIGHT & LEVEL,DAYLIGHT,,,11/18/2019 9:52:56 AM,False,7761,Accepted,
25937812,0568000,LOUISVILLE METRO POLICE DEPT,Accepted,JEFFERSON,US0031W,11710,DIXIE,HWY,,KY1849,MOORMAN,,,,,38.085087247,-85.880111109,6.915,11/16/2019 12:00:00 AM,1710,2,2,0,0,CLEAR,DRY,False,COLLISION IN PARKING LOT,BACKING,STRAIGHT & LEVEL,DUSK,,,11/18/2019 9:58:20 AM,False,2461,Accepted,
25937760,0568000,LOUISVILLE METRO POLICE DEPT,Accepted,JEFFERSON,US0060A,793,EASTERN,PKWY,,,,,,,,38.214556002,-85.743113093,4.548,11/16/2019 12:00:00 AM,1014,2,2,0,0,CLEAR,DRY,True,COLLISION IN PARKING LOT,,,DAYLIGHT,,,11/18/2019 9:50:47 AM,False,5213,Accepted,
25937650,0568000,LOUISVILLE METRO POLICE DEPT,Accepted,JEFFERSON,,5036,MUD,LN,,,,,,,,38.092601224,-85.669857271,0.048,11/15/2019 12:00:00 AM,2337,2,2,0,1,CLEAR,DRY,True,COLLISION IN PARKING LOT,REAR END,STRAIGHT & LEVEL,DARK (UNKNOWN ROADWAY LIGHTING),,,11/18/2019 9:31:48 AM,False,5248,Accepted,
25938295,0568000,LOUISVILLE METRO POLICE DEPT,Accepted,JEFFERSON,KY1020,,SOUTHERN,PKWY,,,,,,,,38.199175932,-85.766449509,,11/15/2019 12:00:00 AM,1430,1,1,0,0,CLEAR,DRY,False,COLLISION IN PARKING LOT,SINGLE VEHICLE,STRAIGHT & LEVEL,DAYLIGHT,,,11/18/2019 10:55:59 AM,False,2698,Accepted,
25942707,0566900,LOUISVILLE AIRPORT POLICE,Accepted,JEFFERSON,,600,ADMINISTRATION,DR,,,,,,,,38.187760199,-85.738012879,0.104,11/15/2019 12:00:00 AM,2015,2,2,0,0,CLEAR,DRY,False,COLLISION IN PARKING LOT,ANGLE,STRAIGHT & LEVEL,DARK (UNKNOWN ROADWAY LIGHTING),,,11/19/2019 7:10:07 AM,False,5876,Accepted,
25937566,0568000,LOUISVILLE METRO POLICE DEPT,Accepted,JEFFERSON,,1420,GARDINER,LN,,,,,,,,38.196923139,-85.696505596,0.610,11/15/2019 12:00:00 AM,0700,2,2,0,0,CLEAR,DRY,True,COLLISION IN PARKING LOT,BACKING,STRAIGHT & LEVEL,DAYLIGHT,,,11/18/2019 9:19:54 AM,False,7319,Accepted,
25937796,0568000,LOUISVILLE METRO POLICE DEPT,Accepted,JEFFERSON,KY0061,4800,PRESTON,HWY,,,,,PRESTON,,MEADOW,38.177668563,-85.715975467,7.147,11/15/2019 12:00:00 AM,2030,2,2,0,0,CLEAR,DRY,False,COLLISION IN PARKING LOT,BACKING,STRAIGHT & LEVEL,OTHER,,,11/18/2019 9:56:24 AM,False,5165,Accepted,
25951436,0561500,UNIV. OF LOUISVILLE POLICE,Accepted,JEFFERSON,,2126,FLOYD,ST,S,,,,,,,38.216310910,-85.754847815,2.711,11/15/2019 12:00:00 AM,1600,2,2,0,0,CLEAR,DRY,True,COLLISION IN PARKING LOT,SIDESWIPE-SAME DIRECTION,STRAIGHT & LEVEL,UNKNOWN,,,11/20/2019 6:43:48 PM,False,5697,Accepted,
25937644,0568000,LOUISVILLE METRO POLICE DEPT,Accepted,JEFFERSON,I 0064,,,,,,,,,,,38.258878117,-85.740868504,0.139,11/15/2019 12:00:00 AM,1022,2,2,0,0,CLEAR,DRY,False,OTHER RAMP RELATED COLLISIONS NOT LISTED ABOVE,REAR END,CURVE & LEVEL,DARK-HWY LIGHTED/ON,I 0064,I 0071,11/18/2019 9:29:04 AM,False,7325,Accepted,
25938189,0568000,LOUISVILLE METRO POLICE DEPT,Accepted,JEFFERSON,I 0065,,,,,,,,,,,38.238607773,-85.753391740,0.038,11/15/2019 12:00:00 AM,1847,2,2,0,0,CLEAR,DRY,True,OTHER RAMP RELATED COLLISIONS NOT LISTED ABOVE,REAR END,STRAIGHT & LEVEL,DARK-HWY LIGHTED/OFF,I 0065,E SAINT CATHERINE ST,11/18/2019 10:44:53 AM,False,5236,Accepted,
25926873,0568000,LOUISVILLE METRO POLICE DEPT,Accepted,JEFFERSON,I 0071,,,,,,,,,,,38.273940209,-85.696677038,0.277,11/15/2019 12:00:00 AM,0702,2,2,0,0,CLEAR,DRY,False,OTHER RAMP RELATED COLLISIONS NOT LISTED ABOVE,REAR END,CURVE & GRADE,DAYLIGHT,I 0071,ZORN AVE,11/15/2019 8:32:34 AM,False,4903,Accepted,
25937590,0568000,LOUISVILLE METRO POLICE DEPT,Accepted,JEFFERSON,I 0065,,,,,,,,,,,38.238133486,-85.753615153,0.073,11/15/2019 12:00:00 AM,1651,2,2,0,0,CLEAR,DRY,True,OTHER RAMP RELATED COLLISIONS NOT LISTED ABOVE,REAR END,STRAIGHT & LEVEL,DAYLIGHT,I 0065,E SAINT CATHERINE ST,11/18/2019 9:22:02 AM,False,7132,Accepted,
25937556,0568000,LOUISVILLE METRO POLICE DEPT,Accepted,JEFFERSON,,1785,OAK,ST,W,,,,,,,38.237514469,-85.786417081,1.701,11/15/2019 12:00:00 AM,1430,2,2,0,0,CLEAR,DRY,True,VEHICLE BACKING NON INTERSECTION,BACKING,STRAIGHT & LEVEL,DAYLIGHT,,,11/18/2019 9:18:53 AM,False,5290,Accepted,
25937606,0568000,LOUISVILLE METRO POLICE DEPT,Accepted,JEFFERSON,I 0064,,I64 E,,,,,,,,,38.217701378,-85.415737454,23.797,11/15/2019 12:00:00 AM,1641,3,3,0,0,CLOUDY,DRY,False,OTHER ROADWAY OR MID-BLOCK COLLISION,REAR END,STRAIGHT & LEVEL,DAYLIGHT,,,11/18/2019 9:24:03 AM,False,6334,Accepted,
25937646,0568000,LOUISVILLE METRO POLICE DEPT,Accepted,JEFFERSON,KY1020,2800,3RD,ST,S,,,,,,,38.208786808,-85.763246566,9.767,11/15/2019 12:00:00 AM,2003,1,1,0,0,CLEAR,DRY,True,OTHER ROADWAY OR MID-BLOCK COLLISION,SINGLE VEHICLE,STRAIGHT & LEVEL,DARK-HWY LIGHTED/ON,,,11/18/2019 9:29:21 AM,False,5252,Accepted,
25943181,0568000,LOUISVILLE METRO POLICE DEPT,Accepted,JEFFERSON,I 0264,,I264 E,,,,,,,,,38.203427844,-85.684740601,14.804,11/15/2019 12:00:00 AM,1748,2,2,0,0,CLOUDY,DRY,False,OTHER ROADWAY OR MID-BLOCK COLLISION,REAR END,STRAIGHT & LEVEL,DUSK,,,11/19/2019 8:36:01 AM,False,7234,Accepted,
26035800,0568000,LOUISVILLE METRO POLICE DEPT,Accepted,JEFFERSON,I 0065,,I65 S,,,,,,,,,38.125111676,-85.702207721,125.857,11/15/2019 12:00:00 AM,1244,1,1,0,0,CLEAR,DRY,False,OTHER ROADWAY OR MID-BLOCK COLLISION,SINGLE VEHICLE,CURVE & LEVEL,DAYLIGHT,,,12/10/2019 8:58:26 AM,False,8278,Accepted,
25953602,0568000,LOUISVILLE METRO POLICE DEPT,Accepted,JEFFERSON,KY2048,2800,CANNONS,LN,,,,,DUTCHMANS,,CENTURY DIVISION,38.227319629,-85.651701585,0.596,11/15/2019 12:00:00 AM,1714,2,2,0,0,CLEAR,DRY,False,1 VEHICLE ENTERING/LEAVING ENTRANCE,ANGLE,STRAIGHT & LEVEL,DARK-HWY LIGHTED/ON,,,11/21/2019 8:28:43 AM,False,7306,Accepted,
25953684,0568000,LOUISVILLE METRO POLICE DEPT,Accepted,JEFFERSON,I 0065,,I65 S,,,,,I 0065,I65 S EXIT134 ON RAMP FROM  MAGNOLIA AVE,I 0065,I65 S EXIT134 OFF RAMP TO  ARTHUR ST,38.226268499,-85.751653152,133.885,11/15/2019 12:00:00 AM,1830,2,2,0,0,CLOUDY,DRY,True,1 VEHICLE ENTERING/LEAVING ENTRANCE,ANGLE,CURVE & LEVEL,DARK-HWY NOT LIGHTED,,,11/21/2019 8:35:35 AM,False,7851,Accepted,
25937692,0568000,LOUISVILLE METRO POLICE DEPT,Accepted,JEFFERSON,KY1934,,GREENBELT,HWY,,,,,,,,38.170196898,-85.876029508,6.207,11/15/2019 12:00:00 AM,1513,3,3,0,2,CLEAR,DRY,False,1 VEHICLE ENTERING/LEAVING ENTRANCE,ANGLE,STRAIGHT & LEVEL,DAYLIGHT,,,11/18/2019 9:39:59 AM,False,5250,Accepted,
25937501,0568000,LOUISVILLE METRO POLICE DEPT,Accepted,JEFFERSON,US0031E,909,MARKET,ST,E,,,,CAMPBELL,,WENZEL,38.252906266,-85.735309915,16.786,11/15/2019 12:00:00 AM,1410,2,2,0,0,CLEAR,DRY,False,1 VEHICLE ENTERING/LEAVING ENTRANCE,ANGLE,STRAIGHT & LEVEL,DAYLIGHT,,,11/18/2019 9:13:37 AM,False,6907,Accepted,
25937664,0568000,LOUISVILLE METRO POLICE DEPT,Accepted,JEFFERSON,KY1931,6803,GREENWOOD,RD,,,,,,,,38.144716242,-85.871743752,1.386,11/15/2019 12:00:00 AM,1100,2,2,0,0,CLEAR,DRY,False,1 VEHICLE ENTERING/LEAVING ENTRANCE,ANGLE,STRAIGHT & LEVEL,DAYLIGHT,,,11/18/2019 9:32:41 AM,False,7524,Accepted,
25937681,0568000,LOUISVILLE METRO POLICE DEPT,Accepted,JEFFERSON,,1504,CHESTNUT,ST,W,,,,,,,38.250975456,-85.776248664,1.355,11/15/2019 12:00:00 AM,1033,2,2,0,0,CLEAR,DRY,True,1 VEHICLE ENTERING/LEAVING ENTRANCE,ANGLE,STRAIGHT & LEVEL,DAYLIGHT,,,11/18/2019 9:37:00 AM,False,5173,Accepted,
25937584,0568000,LOUISVILLE METRO POLICE DEPT,Accepted,JEFFERSON,US0031E,1200 BLK,BARDSTOWN,RD,,,,,,,,38.232444230,-85.710174564,14.685,11/15/2019 12:00:00 AM,1751,2,2,0,0,CLEAR,DRY,False,1 VEHICLE ENTERING/LEAVING ENTRANCE,ANGLE,STRAIGHT & LEVEL,DARK-HWY LIGHTED/ON,,,11/18/2019 9:21:12 AM,False,5243,Accepted,
25971541,0370200,KY STATE POLICE CVE,Accepted,JEFFERSON,US0031E,,BARDSTOWN,RD,,,,,,,,38.122790359,-85.573219384,3.514,11/15/2019 12:00:00 AM,0800,2,2,0,0,CLEAR,DRY,False,REAR END IN TRAFFIC LANES BOTH VEHICLES MOVING,REAR END,CURVE & LEVEL,DAYLIGHT,,,11/25/2019 2:29:50 PM,False,C-340,Accepted,
25937741,0568000,LOUISVILLE METRO POLICE DEPT,Accepted,JEFFERSON,,,7TH,ST,S,,,,MAGNOLIA,,9TH,38.230334710,-85.767206316,0.923,11/15/2019 12:00:00 AM,0838,2,2,0,0,CLOUDY,DRY,False,SIDESWIPE COLLISION - SAME DIRECTION,SIDESWIPE-SAME DIRECTION,CURVE & GRADE,DAYLIGHT,,,11/18/2019 9:47:42 AM,False,2745,Accepted,
25969301,0568000,LOUISVILLE METRO POLICE DEPT,Accepted,JEFFERSON,I 0064,,I64 W,,,,,,,,,38.261367992,-85.735056818,5.511,11/15/2019 12:00:00 AM,1912,2,2,0,0,CLEAR,DRY,False,SIDESWIPE COLLISION - SAME DIRECTION,SIDESWIPE-SAME DIRECTION,STRAIGHT & LEVEL,DARK-HWY LIGHTED/ON,,,11/25/2019 9:13:12 AM,False,7852,Accepted,
25937676,0568000,LOUISVILLE METRO POLICE DEPT,Accepted,JEFFERSON,US0031,,CLARK MEMORIAL,BRG,,,,,,,,38.259386781,-85.752614641,0.220,11/15/2019 12:00:00 AM,2229,2,2,0,2,CLEAR,DRY,False,HEAD-ON COLLISION,HEAD ON,STRAIGHT & GRADE,DARK-HWY LIGHTED/ON,,,11/18/2019 9:35:25 AM,False,7111,Accepted,
25937558,0568000,LOUISVILLE METRO POLICE DEPT,Accepted,JEFFERSON,I 0064,,I64 E,,,,,,,,,38.218217203,-85.422781788,23.415,11/15/2019 12:00:00 AM,1640,2,2,0,0,CLEAR,DRY,False,SIDESWIPE COLLISION - SAME DIRECTION,SIDESWIPE-SAME DIRECTION,STRAIGHT & LEVEL,DAYLIGHT,,,11/18/2019 9:19:02 AM,False,6953,Accepted,
25937635,0568000,LOUISVILLE METRO POLICE DEPT,Accepted,JEFFERSON,I 0264,,I264 W,,,,,I 0264,I264 W EXIT18B OFF RAMP TO KY1932 N,I 0064,I64 W EXIT19 RAMP TO I64,38.231048005,-85.631554500,18.214,11/15/2019 12:00:00 AM,2230,2,2,0,0,CLEAR,DRY,True,SIDESWIPE COLLISION - SAME DIRECTION,SIDESWIPE-SAME DIRECTION,STRAIGHT & LEVEL,DARK-HWY LIGHTED/ON,,,11/18/2019 9:28:11 AM,False,7935,Accepted,
25937502,0568000,LOUISVILLE METRO POLICE DEPT,Accepted,JEFFERSON,KY2251,,BARDSTOWN,RD,,,,,,,,38.196979458,-85.656184614,0.799,11/15/2019 12:00:00 AM,1438,2,2,0,0,CLEAR,DRY,True,SIDESWIPE COLLISION - SAME DIRECTION,SIDESWIPE-SAME DIRECTION,STRAIGHT & LEVEL,DAYLIGHT,,,11/18/2019 9:13:46 AM,False,7497,Accepted,
25937507,0568000,LOUISVILLE METRO POLICE DEPT,Accepted,JEFFERSON,US0031E,,BARDSTOWN,RD,,,,,BONNYCASTLE,,ALTA,38.231005714,-85.705337682,14.412,11/15/2019 12:00:00 AM,1612,2,2,0,0,CLEAR,DRY,True,SIDESWIPE COLLISION - SAME DIRECTION,SIDESWIPE-SAME DIRECTION,STRAIGHT & LEVEL,DAYLIGHT,,,11/18/2019 9:14:33 AM,False,2278,Accepted,
25937484,0568000,LOUISVILLE METRO POLICE DEPT,Accepted,JEFFERSON,I 0264,,I264 W,,,,,,,,,38.209484061,-85.674481798,15.459,11/15/2019 12:00:00 AM,0753,2,2,0,0,CLEAR,DRY,False,SIDESWIPE COLLISION - SAME DIRECTION,SIDESWIPE-SAME DIRECTION,STRAIGHT & LEVEL,DAYLIGHT,,,11/18/2019 9:11:24 AM,False,7772,Accepted,
25937485,0568000,LOUISVILLE METRO POLICE DEPT,Accepted,JEFFERSON,US0031E,,MAIN,ST,W,,,,1ST,US0031W,2ND,38.256109146,-85.751860237,17.806,11/15/2019 12:00:00 AM,1245,2,2,0,0,CLEAR,DRY,False,SIDESWIPE COLLISION - SAME DIRECTION,SIDESWIPE-SAME DIRECTION,STRAIGHT & LEVEL,DAYLIGHT,,,11/18/2019 9:11:39 AM,False,6907,Accepted,
25937555,0568000,LOUISVILLE METRO POLICE DEPT,Accepted,JEFFERSON,I 0071,,I71 N,,,,,,,,,38.324141015,-85.552196392,10.845,11/15/2019 12:00:00 AM,1614,2,2,0,0,CLEAR,DRY,True,SIDESWIPE COLLISION - SAME DIRECTION,SIDESWIPE-SAME DIRECTION,STRAIGHT & LEVEL,DAYLIGHT,,,11/18/2019 9:18:42 AM,False,5213,Accepted,
25931000,0560400,SHIVELY POLICE DEPARTMENT,Accepted,JEFFERSON,I 0264,,I264 W,,,,,,,,,38.185839676,-85.821358298,7.015,11/15/2019 12:00:00 AM,1557,3,3,0,0,CLEAR,DRY,False,SIDESWIPE COLLISION - SAME DIRECTION,SIDESWIPE-SAME DIRECTION,STRAIGHT & LEVEL,DAYLIGHT,,,11/16/2019 5:33:48 AM,False,7127,Accepted,
25953581,0568000,LOUISVILLE METRO POLICE DEPT,Accepted,JEFFERSON,,,9TH,ST,S,,,,,,,38.227293963,-85.770187835,1.303,11/15/2019 12:00:00 AM,1642,2,2,0,0,CLEAR,DRY,True,SIDESWIPE COLLISION - SAME DIRECTION,SIDESWIPE-SAME DIRECTION,STRAIGHT & LEVEL,DAYLIGHT,,,11/21/2019 8:24:46 AM,False,5114,Accepted,
25939535,0564400,INDIAN HILLS POLICE DEPARTMENT,Accepted,JEFFERSON,US0042,,BROWNSBORO,RD,,,,,RUDY,,ANTRIM,38.276772949,-85.640796743,5.458,11/15/2019 12:00:00 AM,0735,2,2,0,0,CLEAR,DRY,False,SIDESWIPE COLLISION - SAME DIRECTION,SIDESWIPE-SAME DIRECTION,STRAIGHT & LEVEL,DAYLIGHT,,,11/18/2019 2:24:45 PM,False,4422,Accepted,
25937669,0568000,LOUISVILLE METRO POLICE DEPT,Accepted,JEFFERSON,KY1703,1001,BAXTER,AVE,,,,,,,,38.237398962,-85.722080299,5.456,11/15/2019 12:00:00 AM,2223,2,2,0,0,CLEAR,DRY,True,SIDESWIPE COLLISION - OPPOSITE DIRECTION,SIDESWIPE-OPPOSITE DIRECTION,STRAIGHT & LEVEL,DARK-HWY LIGHTED/ON,,,11/18/2019 9:33:58 AM,False,5197,Accepted,
25943168,0568000,LOUISVILLE METRO POLICE DEPT,Accepted,JEFFERSON,KY0061,,PRESTON,HWY,,,,,,,,38.087050263,-85.667541414,0.240,11/15/2019 12:00:00 AM,1806,3,3,0,0,CLEAR,DRY,True,REAR END IN TRAFFIC LANES BOTH VEHICLES MOVING,REAR END,STRAIGHT & LEVEL,DARK-HWY NOT LIGHTED,,,11/19/2019 8:33:15 AM,False,4693,Accepted,
25937466,0568000,LOUISVILLE METRO POLICE DEPT,Accepted,JEFFERSON,I 0071,,I71 S,,,,,,,,,38.291970093,-85.640038245,5.469,11/15/2019 12:00:00 AM,0745,3,3,0,0,CLEAR,DRY,False,REAR END IN TRAFFIC LANES BOTH VEHICLES MOVING,REAR END,STRAIGHT & LEVEL,DAYLIGHT,,,11/18/2019 9:08:47 AM,False,7628,Accepted,
25958532,0568000,LOUISVILLE METRO POLICE DEPT,Accepted,JEFFERSON,I 0264,,I264 W,,,,,I 0065,I264 W EXIT12 OFF RAMP TO,I 0264,I264 W EXIT14 ON RAMP FROM KY864,38.193233211,-85.711709718,13.099,11/15/2019 12:00:00 AM,1526,2,2,0,0,CLEAR,DRY,False,REAR END IN TRAFFIC LANES BOTH VEHICLES MOVING,REAR END,STRAIGHT & LEVEL,DAYLIGHT,,,11/22/2019 8:54:21 AM,False,7938,Accepted,
25926832,0568000,LOUISVILLE METRO POLICE DEPT,Accepted,JEFFERSON,,,CHAMBERLAIN,LN,,,,I 0265,I265 S EXIT33 OFF RAMP TO  CHAMBERLAIN LN,,WINCHESTER ACRES,38.296855531,-85.541179331,1.929,11/15/2019 12:00:00 AM,0553,2,2,0,0,CLEAR,DRY,False,REAR END IN TRAFFIC LANES BOTH VEHICLES MOVING,REAR END,STRAIGHT & LEVEL,DARK-HWY LIGHTED/ON,,,11/15/2019 8:27:03 AM,False,5056,Accepted,
25937498,0568000,LOUISVILLE METRO POLICE DEPT,Accepted,JEFFERSON,I 0065,,I65 S,,,,,,,,,38.248756256,-85.752232517,135.467,11/15/2019 12:00:00 AM,1345,2,2,0,0,CLEAR,DRY,False,REAR END IN TRAFFIC LANES BOTH VEHICLES MOVING,REAR END,STRAIGHT & LEVEL,DAYLIGHT,,,11/18/2019 9:13:08 AM,False,2855,Accepted,
25937500,0568000,LOUISVILLE METRO POLICE DEPT,Accepted,JEFFERSON,KY0913,,BLANKENBAKER,PKWY,,,,,,,,38.204915911,-85.538090119,1.567,11/15/2019 12:00:00 AM,1408,2,2,0,1,CLEAR,DRY,False,REAR END IN TRAFFIC LANES BOTH VEHICLES MOVING,REAR END,STRAIGHT & GRADE,DAYLIGHT,,,11/18/2019 9:13:27 AM,False,7858,Accepted,
25937516,0568000,LOUISVILLE METRO POLICE DEPT,Accepted,JEFFERSON,KY0061,,PRESTON,HWY,,,,,,,,38.156937536,-85.697107910,5.372,11/15/2019 12:00:00 AM,1259,2,2,0,0,CLEAR,DRY,False,REAR END IN TRAFFIC LANES BOTH VEHICLES MOVING,REAR END,STRAIGHT & LEVEL,DAYLIGHT,,,11/18/2019 9:15:29 AM,False,4693,Accepted,
25937517,0568000,LOUISVILLE METRO POLICE DEPT,Accepted,JEFFERSON,KY1065,,OUTER,LOOP,,,,,,,,38.138085275,-85.675442530,6.676,11/15/2019 12:00:00 AM,1508,2,2,0,0,CLEAR,DRY,False,REAR END IN TRAFFIC LANES BOTH VEHICLES MOVING,REAR END,STRAIGHT & LEVEL,DAYLIGHT,,,11/18/2019 9:15:38 AM,False,4693,Accepted,
25937560,0568000,LOUISVILLE METRO POLICE DEPT,Accepted,JEFFERSON,KY1747,,HURSTBOURNE,PKWY,S,,,I 0064,I64 E EXIT15A OFF RAMP TO KY1747,,BUNSEN,38.219521109,-85.583154433,11.526,11/15/2019 12:00:00 AM,1648,2,2,0,0,CLEAR,DRY,False,REAR END IN TRAFFIC LANES BOTH VEHICLES MOVING,REAR END,STRAIGHT & LEVEL,DAYLIGHT,,,11/18/2019 9:19:11 AM,False,7059,Accepted,
25937737,0568000,LOUISVILLE METRO POLICE DEPT,Accepted,JEFFERSON,I 0264,,I264 W,,,,,I 0065,I65 W EXIT11 OFF RAMP,I 0065,I264 W EXIT12 OFF RAMP TO,38.191169947,-85.718827827,12.677,11/15/2019 12:00:00 AM,1723,2,2,0,0,CLEAR,DRY,False,REAR END IN TRAFFIC LANES BOTH VEHICLES MOVING,REAR END,STRAIGHT & LEVEL,DAWN,,,11/18/2019 9:46:37 AM,False,5027,Accepted,