IncidentID,AgencyORI,AgencyName,IncidentStatusDesc,County,RdwyNumber,Street,RoadwayName,StreetSfx,StreetDir,IntersectionRdwy,IntersectionRdwyName,BetweenStRdwy1,BetweenStRdwyName1,BetweenStRdwy2,BetweenStRdwyName2,Latitude,Longitude,Milepoint,CollisionDate,CollisionTime,UnitsInvolved,MotorVehiclesInvolved,NumberKilled,NumberInjured,Weather,RdwyConditionCode,HitandRun,DirAnalysisCode,MannerofCollision,RdwyCharacter,LightCondition,RampFromRdwyId,RampToRdwyId,AcceptedDate,IsSecondaryCollision,OwnerBadge,IncidentStatus,
25937574,0568000,LOUISVILLE METRO POLICE DEPT,Accepted,JEFFERSON,KY0907,,3RD ST,RD,,,,,WISERTOWN,KY1065,OUTER,38.128081599,-85.794397855,4.700,11/15/2019 12:00:00 AM,1819,2,2,0,0,CLEAR,DRY,False,REAR END IN TRAFFIC LANES BOTH VEHICLES MOVING,REAR END,STRAIGHT & LEVEL,DARK-HWY NOT LIGHTED,,,11/18/2019 9:20:46 AM,False,6318,Accepted,
25937618,0568000,LOUISVILLE METRO POLICE DEPT,Accepted,JEFFERSON,I 0065,,I65 N,,,,,,,,,38.243730910,-85.752422869,135.121,11/15/2019 12:00:00 AM,1837,2,2,0,0,CLEAR,DRY,False,REAR END IN TRAFFIC LANES BOTH VEHICLES MOVING,REAR END,STRAIGHT & LEVEL,DARK-HWY LIGHTED/ON,,,11/18/2019 9:25:52 AM,False,7311,Accepted,
25937633,0568000,LOUISVILLE METRO POLICE DEPT,Accepted,JEFFERSON,US0031E,,BARDSTOWN,RD,,,,,DEL MARIA,KY1747,HURSTBOURNE,38.169284154,-85.605794068,7.291,11/15/2019 12:00:00 AM,2115,2,2,0,0,CLEAR,DRY,False,REAR END IN TRAFFIC LANES BOTH VEHICLES MOVING,REAR END,STRAIGHT & LEVEL,DARK-HWY NOT LIGHTED,,,11/18/2019 9:27:59 AM,False,6668,Accepted,
25937503,0568000,LOUISVILLE METRO POLICE DEPT,Accepted,JEFFERSON,KY1065,,OUTER,LOOP,,,,KY0907,3RD ST,,AFTERGLOW,38.127554957,-85.794606423,0.009,11/15/2019 12:00:00 AM,1514,2,2,0,0,CLEAR,DRY,False,REAR END IN TRAFFIC LANES BOTH VEHICLES MOVING,REAR END,STRAIGHT & LEVEL,DAYLIGHT,,,11/18/2019 9:14:04 AM,False,7202,Accepted,
25937648,0568000,LOUISVILLE METRO POLICE DEPT,Accepted,JEFFERSON,I 0065,,I65 N,,,,,,,,,38.209861165,-85.752901931,132.742,11/15/2019 12:00:00 AM,1821,2,2,0,0,CLEAR,DRY,False,REAR END IN TRAFFIC LANES BOTH VEHICLES MOVING,REAR END,CURVE & GRADE,DARK-HWY LIGHTED/OFF,,,11/18/2019 9:30:02 AM,False,7543,Accepted,
25937665,0568000,LOUISVILLE METRO POLICE DEPT,Accepted,JEFFERSON,KY1931,,GREENWOOD,RD,,,,,,,,38.144168188,-85.854996101,2.307,11/15/2019 12:00:00 AM,1700,2,2,0,0,CLEAR,DRY,False,REAR END IN TRAFFIC LANES BOTH VEHICLES MOVING,REAR END,STRAIGHT & HILLCREST,DUSK,,,11/18/2019 9:32:51 AM,False,7524,Accepted,
25937548,0568000,LOUISVILLE METRO POLICE DEPT,Accepted,JEFFERSON,KY1931,,MANSLICK,RD,,,,,,,,38.157218699,-85.800203467,5.643,11/15/2019 12:00:00 AM,1409,2,2,0,0,CLEAR,DRY,False,REAR END IN TRAFFIC LANES BOTH VEHICLES MOVING,REAR END,STRAIGHT & LEVEL,DAYLIGHT,,,11/18/2019 9:17:27 AM,False,7234,Accepted,
25937611,0568000,LOUISVILLE METRO POLICE DEPT,Accepted,JEFFERSON,US0031E,,BARDSTOWN,RD,,,,,,,,38.233240400,-85.711457484,14.778,11/15/2019 12:00:00 AM,1536,2,2,0,0,CLEAR,DRY,False,REAR END IN TRAFFIC LANES BOTH VEHICLES MOVING,REAR END,STRAIGHT & LEVEL,DAYLIGHT,,,11/18/2019 9:24:59 AM,False,5112,Accepted,
25937621,0568000,LOUISVILLE METRO POLICE DEPT,Accepted,JEFFERSON,I 0071,,I71 S,,,,,I 0071,I71 S EXIT5 RAMP TO I264 W,I 0071,I71 TURN AROUND6,38.291528723,-85.640970017,5.409,11/15/2019 12:00:00 AM,1840,2,2,0,0,CLEAR,DRY,False,REAR END IN TRAFFIC LANES BOTH VEHICLES MOVING,REAR END,STRAIGHT & LEVEL,DARK-HWY LIGHTED/ON,,,11/18/2019 9:26:07 AM,False,6406,Accepted,
26045690,0568000,LOUISVILLE METRO POLICE DEPT,Accepted,JEFFERSON,US0150,,BROADWAY,,W,,,,,,,38.247746986,-85.773311202,1.557,11/15/2019 12:00:00 AM,1120,2,2,0,0,CLEAR,DRY,False,REAR END IN TRAFFIC LANES BOTH VEHICLES MOVING,REAR END,STRAIGHT & GRADE,DAYLIGHT,,,12/12/2019 9:04:40 AM,False,6532,Accepted,
25937508,0568000,LOUISVILLE METRO POLICE DEPT,Accepted,JEFFERSON,KY0061,,PRESTON,HWY,,,,,AUDUBON,,KFEC GATE6 DR,38.201608339,-85.734131905,9.080,11/15/2019 12:00:00 AM,1608,1,1,0,0,CLEAR,DRY,False,COLLISION WITH FIXED OBJECT NON - INTERSECTION - FIRST EVENT COLLISION 09 - 32 EXCLUDING 16,SINGLE VEHICLE,STRAIGHT & LEVEL,DAYLIGHT,,,11/18/2019 9:14:44 AM,False,5288,Accepted,
25926839,0568000,LOUISVILLE METRO POLICE DEPT,Accepted,JEFFERSON,,1414,CATALPA,ST,,,,,,,,38.235597086,-85.802540653,0.186,11/15/2019 12:00:00 AM,0612,1,1,0,0,CLEAR,DRY,False,COLLISION WITH FIXED OBJECT NON - INTERSECTION - FIRST EVENT COLLISION 09 - 32 EXCLUDING 16,SINGLE VEHICLE,STRAIGHT & LEVEL,DARK-HWY LIGHTED/OFF,,,11/15/2019 8:27:48 AM,False,7948,Accepted,
25937545,0568000,LOUISVILLE METRO POLICE DEPT,Accepted,JEFFERSON,,,NORTON COMMONS,BLVD,,,,,,,,38.322837544,-85.568617230,0.157,11/15/2019 12:00:00 AM,1605,1,1,0,1,CLEAR,DRY,False,COLLISION WITH FIXED OBJECT NON - INTERSECTION - FIRST EVENT COLLISION 09 - 32 EXCLUDING 16,SINGLE VEHICLE,STRAIGHT & LEVEL,DAYLIGHT,,,11/18/2019 9:17:06 AM,False,2489,Accepted,
25937705,0568000,LOUISVILLE METRO POLICE DEPT,Accepted,JEFFERSON,I 0064,,I64 W,,,,,I 0064,I64 TURN AROUND7,I 0064,I64 W EXIT7 OFF RAMP TO  MELLWOOD AVE,38.251196572,-85.715731980,6.985,11/15/2019 12:00:00 AM,1732,1,1,0,0,CLEAR,DRY,False,COLLISION WITH FIXED OBJECT NON - INTERSECTION - FIRST EVENT COLLISION 09 - 32 EXCLUDING 16,SINGLE VEHICLE,STRAIGHT & LEVEL,DAYLIGHT,,,11/18/2019 9:43:30 AM,False,7129,Accepted,
25937897,0568000,LOUISVILLE METRO POLICE DEPT,Accepted,JEFFERSON,US0031W,,DIXIE,HWY,,,,,,,,38.150657623,-85.836847627,12.054,11/15/2019 12:00:00 AM,1500,2,1,0,0,CLEAR,DRY,True,COLLISION WITH PEDESTRIAN NON - INTERSECTION,SINGLE VEHICLE,STRAIGHT & LEVEL,DAYLIGHT,,,11/18/2019 10:04:23 AM,False,5250,Accepted,
25937561,0568000,LOUISVILLE METRO POLICE DEPT,Accepted,JEFFERSON,KY1020,,SOUTHERN,PKWY,,,FAIRMONT,,,,,38.195329120,-85.766809322,8.766,11/15/2019 12:00:00 AM,1636,2,2,0,0,CLEAR,DRY,False,OTHER INTERSECTION COLLISIONS,REAR END,STRAIGHT & LEVEL,DAYLIGHT,,,11/18/2019 9:19:24 AM,False,7978,Accepted,
25937564,0568000,LOUISVILLE METRO POLICE DEPT,Accepted,JEFFERSON,US0031E,,BARDSTOWN,RD,,,BASHFORD MANOR,,,,,38.202841087,-85.664489665,11.339,11/15/2019 12:00:00 AM,1748,3,3,0,0,CLEAR,DRY,False,OTHER INTERSECTION COLLISIONS,REAR END,STRAIGHT & LEVEL,DARK-HWY NOT LIGHTED,,,11/18/2019 9:19:44 AM,False,7059,Accepted,
25937481,0568000,LOUISVILLE METRO POLICE DEPT,Accepted,JEFFERSON,US0031E,,BARDSTOWN,RD,,,GLENMARY FARM,,,,,38.125445283,-85.574510406,3.708,11/15/2019 12:00:00 AM,1204,2,2,0,0,CLEAR,DRY,False,OTHER INTERSECTION COLLISIONS,REAR END,STRAIGHT & LEVEL,DAYLIGHT,,,11/18/2019 9:10:28 AM,False,2017,Accepted,
25937615,0568000,LOUISVILLE METRO POLICE DEPT,Accepted,JEFFERSON,US0031E,,BARDSTOWN,RD,,,PRINCETON,,,,,38.225171427,-85.695248391,13.723,11/15/2019 12:00:00 AM,1513,2,2,0,0,CLEAR,DRY,False,OTHER INTERSECTION COLLISIONS,REAR END,STRAIGHT & LEVEL,DAYLIGHT,,,11/18/2019 9:25:18 AM,False,7960,Accepted,
25937624,0568000,LOUISVILLE METRO POLICE DEPT,Accepted,JEFFERSON,US0031E,,BARDSTOWN,RD,,,WATTERSON,,,,,38.178321789,-85.621745621,8.361,11/15/2019 12:00:00 AM,0745,2,2,0,0,CLEAR,DRY,False,OTHER INTERSECTION COLLISIONS,REAR END,STRAIGHT & LEVEL,DAYLIGHT,,,11/18/2019 9:26:21 AM,False,7294,Accepted,
25937549,0568000,LOUISVILLE METRO POLICE DEPT,Accepted,JEFFERSON,,,ST CATHERINE,ST,E,KY0061,JACKSON,,,,,38.235272821,-85.747186291,0.859,11/15/2019 12:00:00 AM,0954,2,2,0,0,CLEAR,DRY,False,OTHER INTERSECTION COLLISIONS,REAR END,STRAIGHT & LEVEL,DAYLIGHT,,,11/18/2019 9:17:43 AM,False,5213,Accepted,
25937547,0568000,LOUISVILLE METRO POLICE DEPT,Accepted,JEFFERSON,,,OLD NEW CUT,RD,,KY2055,MANSLICK,,,,,38.115359871,-85.784562374,0.566,11/15/2019 12:00:00 AM,1015,2,2,0,1,CLEAR,DRY,False,OTHER INTERSECTION COLLISIONS,REAR END,STRAIGHT & LEVEL,DAYLIGHT,,,11/18/2019 9:17:16 AM,False,7234,Accepted,
25937550,0568000,LOUISVILLE METRO POLICE DEPT,Accepted,JEFFERSON,US0060A,,EASTERN,PKWY,,,SHERRY,,,,,38.211847313,-85.748098451,4.211,11/15/2019 12:00:00 AM,1002,2,2,0,0,CLEAR,DRY,True,OTHER INTERSECTION COLLISIONS,REAR END,STRAIGHT & LEVEL,DAYLIGHT,,,11/18/2019 9:17:57 AM,False,5213,Accepted,
25937694,0568000,LOUISVILLE METRO POLICE DEPT,Accepted,JEFFERSON,KY1934,,CANE RUN,RD,,,TEAKWOOD,,,,,38.187271867,-85.851737638,8.032,11/15/2019 12:00:00 AM,1610,2,2,0,0,CLEAR,DRY,False,OTHER INTERSECTION COLLISIONS,REAR END,STRAIGHT & LEVEL,DAYLIGHT,,,11/18/2019 9:40:52 AM,False,7348,Accepted,
25926877,0568000,LOUISVILLE METRO POLICE DEPT,Accepted,JEFFERSON,US0060A,,US60 ALT TURN LANE,,,KY0864,POPLAR LEVEL,,,,,38.223686995,-85.729915235,0.024,11/15/2019 12:00:00 AM,0658,2,2,0,0,CLEAR,DRY,False,OTHER INTERSECTION COLLISIONS,REAR END,STRAIGHT & GRADE,DAYLIGHT,,,11/15/2019 8:33:46 AM,False,7419,Accepted,
25937686,0568000,LOUISVILLE METRO POLICE DEPT,Accepted,JEFFERSON,,2008,HIGHLAND,AVE,,,,,,,,38.240622059,-85.723721096,0.718,11/15/2019 12:00:00 AM,1741,2,2,0,0,CLEAR,DRY,True,1 VEHICLE PARKED POSITION (NOT PARKING LOT/DRIVEWAY),SIDESWIPE-SAME DIRECTION,STRAIGHT & LEVEL,DARK (UNKNOWN ROADWAY LIGHTING),,,11/18/2019 9:38:46 AM,False,5112,Accepted,
25937631,0568000,LOUISVILLE METRO POLICE DEPT,Accepted,JEFFERSON,,517,BURNETT,AVE,W,,,,,,,38.226829320,-85.757249371,0.029,11/15/2019 12:00:00 AM,1833,2,2,0,0,CLEAR,DRY,False,1 VEHICLE PARKED POSITION (NOT PARKING LOT/DRIVEWAY),REAR END,STRAIGHT & LEVEL,DARK-HWY LIGHTED/ON,,,11/18/2019 9:27:30 AM,False,5186,Accepted,
25938184,0568000,LOUISVILLE METRO POLICE DEPT,Accepted,JEFFERSON,,3822,OBOE,DR,,,,,,,,38.197798145,-85.845900207,0.372,11/15/2019 12:00:00 AM,1805,2,2,0,0,CLEAR,DRY,True,1 VEHICLE PARKED POSITION (NOT PARKING LOT/DRIVEWAY),BACKING,STRAIGHT & LEVEL,DARK-HWY LIGHTED/ON,,,11/18/2019 10:43:57 AM,False,7381,Accepted,
25937935,0568000,LOUISVILLE METRO POLICE DEPT,Accepted,JEFFERSON,,618,GLENGARRY,DR,,,,,,,,38.123123305,-85.753255217,0.355,11/15/2019 12:00:00 AM,2330,2,2,0,0,CLEAR,DRY,True,1 VEHICLE PARKED POSITION (NOT PARKING LOT/DRIVEWAY),SIDESWIPE-SAME DIRECTION,STRAIGHT & LEVEL,DARK-HWY LIGHTED/ON,,,11/18/2019 10:06:07 AM,False,5209,Accepted,
25937674,0568000,LOUISVILLE METRO POLICE DEPT,Accepted,JEFFERSON,,600B,SOUTHERN HEIGHTS,AVE,W,,,,,,,38.189174987,-85.771632763,0.484,11/15/2019 12:00:00 AM,2108,2,2,0,0,CLEAR,DRY,False,1 VEHICLE PARKED POSITION (NOT PARKING LOT/DRIVEWAY),REAR TO REAR,STRAIGHT & LEVEL,DARK-HWY LIGHTED/ON,,,11/18/2019 9:34:53 AM,False,7010,Accepted,
25937660,0568000,LOUISVILLE METRO POLICE DEPT,Accepted,JEFFERSON,US0042,,MELLWOOD,AVE,,,,US0060,FRANKFORT,,STEVENSON,38.257790869,-85.719371322,0.799,11/15/2019 12:00:00 AM,2220,2,2,0,0,CLEAR,DRY,True,1 VEHICLE PARKED POSITION (NOT PARKING LOT/DRIVEWAY),SIDESWIPE-SAME DIRECTION,STRAIGHT & LEVEL,DARK-HWY LIGHTED/ON,,,11/18/2019 9:32:14 AM,False,7793,Accepted,
25937482,0568000,LOUISVILLE METRO POLICE DEPT,Accepted,JEFFERSON,KY0061,712,LYNN,ST,,,,,SHELBY,KY0061,PRESTON,38.217785013,-85.745078246,10.412,11/15/2019 12:00:00 AM,1007,2,2,0,0,CLEAR,DRY,False,1 VEHICLE PARKED POSITION (NOT PARKING LOT/DRIVEWAY),SIDESWIPE-SAME DIRECTION,STRAIGHT & LEVEL,DAYLIGHT,,,11/18/2019 9:10:45 AM,False,7391,Accepted,
29718644,0560000,JEFFERSON COUNTY SHERIFF DEPT.,Accepted,JEFFERSON,,6416,SHAFFER,LN,,,,,,,,38.153079757,-85.560239012,0.072,11/15/2019 12:00:00 AM,1710,1,1,0,0,CLEAR,DRY,False,COLLISION WITH FIXED OBJECT NON - INTERSECTION - FIRST EVENT COLLISION 09 - 32 EXCLUDING 16,SINGLE VEHICLE,CURVE & LEVEL,DAYLIGHT,,,2/19/2022 3:02:11 AM,False,3230,Accepted,
25937544,0568000,LOUISVILLE METRO POLICE DEPT,Accepted,JEFFERSON,US0060A,,LEXINGTON,RD,,US0060,FRANKFORT,,,,,38.253023134,-85.657112199,10.550,11/15/2019 12:00:00 AM,1447,2,2,0,0,CLEAR,DRY,False,SIDESWIPE-SAME DIRECTION,SIDESWIPE-SAME DIRECTION,CURVE & LEVEL,DAYLIGHT,,,11/18/2019 9:16:54 AM,False,7043,Accepted,
25937627,0568000,LOUISVILLE METRO POLICE DEPT,Accepted,JEFFERSON,US0031E,,BARDSTOWN,RD,,,GOLDSMITH,,,,,38.208361850,-85.668775365,11.762,11/15/2019 12:00:00 AM,1914,2,2,0,0,CLEAR,DRY,False,SIDESWIPE-SAME DIRECTION,SIDESWIPE-SAME DIRECTION,STRAIGHT & LEVEL,DARK-HWY LIGHTED/ON,,,11/18/2019 9:26:38 AM,False,5117,Accepted,
25937478,0568000,LOUISVILLE METRO POLICE DEPT,Accepted,JEFFERSON,,,16TH,ST,S,US0150,BROADWAY,,,,,38.248537805,-85.778204374,0.729,11/15/2019 12:00:00 AM,1046,2,2,0,0,CLEAR,DRY,False,SIDESWIPE-SAME DIRECTION,SIDESWIPE-SAME DIRECTION,STRAIGHT & LEVEL,DAYLIGHT,,,11/18/2019 9:09:59 AM,False,7170,Accepted,
25937496,0568000,LOUISVILLE METRO POLICE DEPT,Accepted,JEFFERSON,US0031E,,BARDSTOWN,RD,,US0031E,US31E CROSSOVER,,,,,38.140900891,-85.582965835,4.872,11/15/2019 12:00:00 AM,1329,2,2,0,0,CLEAR,DRY,False,SIDESWIPE-SAME DIRECTION,SIDESWIPE-SAME DIRECTION,STRAIGHT & LEVEL,DAYLIGHT,,,11/18/2019 9:12:39 AM,False,2017,Accepted,
25937821,0568000,LOUISVILLE METRO POLICE DEPT,Accepted,JEFFERSON,KY0061,,PRESTON,HWY,,,DURRETT,,,,,38.186340436,-85.724256108,7.884,11/15/2019 12:00:00 AM,1443,2,2,0,0,CLEAR,DRY,True,SIDESWIPE-SAME DIRECTION,SIDESWIPE-SAME DIRECTION,,DAYLIGHT,,,11/18/2019 9:58:54 AM,False,5153,Accepted,
25937773,0568000,LOUISVILLE METRO POLICE DEPT,Accepted,JEFFERSON,US0031E,,BARDSTOWN,RD,,,ST GABRIEL,,,,,38.166399496,-85.601268685,6.970,11/15/2019 12:00:00 AM,1900,2,2,0,0,CLEAR,DRY,False,SIDESWIPE-SAME DIRECTION,SIDESWIPE-SAME DIRECTION,STRAIGHT & LEVEL,DARK-HWY LIGHTED/ON,,,11/18/2019 9:53:05 AM,False,7761,Accepted,
25969832,0568000,LOUISVILLE METRO POLICE DEPT,Accepted,JEFFERSON,,,MUHAMMAD ALI,BLVD,E,,BROOK,,,,,38.250558212,-85.751567398,0.980,11/15/2019 12:00:00 AM,1440,2,2,0,0,CLEAR,DRY,False,SIDESWIPE-SAME DIRECTION,SIDESWIPE-SAME DIRECTION,STRAIGHT & GRADE,DAYLIGHT,,,11/25/2019 9:58:38 AM,False,2661,Accepted,
25937668,0568000,LOUISVILLE METRO POLICE DEPT,Accepted,JEFFERSON,KY2251,,BARDSTOWN,RD,,,HIKES,,,,,38.199050218,-85.660049689,1.043,11/15/2019 12:00:00 AM,2037,2,2,0,0,CLEAR,DRY,False,SIDESWIPE-SAME DIRECTION,SIDESWIPE-SAME DIRECTION,STRAIGHT & LEVEL,DARK-HWY LIGHTED/ON,,,11/18/2019 9:33:34 AM,False,5146,Accepted,
25937698,0568000,LOUISVILLE METRO POLICE DEPT,Accepted,JEFFERSON,,,1ST,ST,S,US0150,BROADWAY,,,,,38.245676380,-85.753414496,0.719,11/15/2019 12:00:00 AM,1630,2,2,0,0,CLEAR,DRY,False,SIDESWIPE-SAME DIRECTION,SIDESWIPE-SAME DIRECTION,STRAIGHT & LEVEL,DAYLIGHT,,,11/18/2019 9:41:40 AM,False,2855,Accepted,
25937854,0568000,LOUISVILLE METRO POLICE DEPT,Accepted,JEFFERSON,,,CHAMBERLAIN,LN,,KY1447,WESTPORT,,,,,38.299669271,-85.541875248,2.134,11/15/2019 12:00:00 AM,1553,2,2,0,0,CLEAR,DRY,False,OPPOSITE DIRECTION - BOTH VEHICLES GOING STRAIGHT AHEAD,SIDESWIPE-OPPOSITE DIRECTION,STRAIGHT & LEVEL,DAYLIGHT,,,11/18/2019 10:01:42 AM,False,7858,Accepted,
25937697,0568000,LOUISVILLE METRO POLICE DEPT,Accepted,JEFFERSON,,,SOUTHERN,PKWY,,,WOODLAWN,,,,,38.181816189,-85.768437539,,11/15/2019 12:00:00 AM,1801,2,2,0,0,CLEAR,DRY,True,REAR END - ONE VEHICLE TURNING RIGHT,REAR END,STRAIGHT & LEVEL,DARK-HWY LIGHTED/ON,,,11/18/2019 9:41:31 AM,False,7301,Accepted,
25937572,0568000,LOUISVILLE METRO POLICE DEPT,Accepted,JEFFERSON,KY1865,,NEW CUT,RD,,KY1065,OUTER,,,,,38.126429570,-85.776126963,1.261,11/15/2019 12:00:00 AM,1826,2,2,0,0,CLEAR,DRY,False,ANGLE COLLISION - ONE VEHICLE TURNING LEFT,ANGLE,STRAIGHT & LEVEL,DARK-HWY NOT LIGHTED,,,11/18/2019 9:20:31 AM,False,7221,Accepted,
25927073,0568000,LOUISVILLE METRO POLICE DEPT,Accepted,JEFFERSON,,,HILL,ST,W,,ST JAMES,,,,,38.226261310,-85.763990402,0.348,11/15/2019 12:00:00 AM,0700,2,2,0,0,CLEAR,DRY,True,COLLISION WITH PARKED VEHICLE,BACKING,STRAIGHT & LEVEL,UNKNOWN,,,11/15/2019 9:12:41 AM,False,5260,Accepted,
25937591,0568000,LOUISVILLE METRO POLICE DEPT,Accepted,JEFFERSON,,,BEECHBROOK,RD,,,LAMBERT,,,,,38.181703270,-85.642620635,0.042,11/15/2019 12:00:00 AM,1801,2,2,0,0,CLEAR,DRY,False,COLLISION WITH PARKED VEHICLE,ANGLE,STRAIGHT & LEVEL,DARK-HWY NOT LIGHTED,,,11/18/2019 9:22:21 AM,False,7338,Accepted,
25937554,0568000,LOUISVILLE METRO POLICE DEPT,Accepted,JEFFERSON,,,FLOYD,ST,S,,LEE,,,,,38.222473516,-85.753898993,2.287,11/15/2019 12:00:00 AM,1513,2,2,0,0,CLEAR,DRY,True,COLLISION WITH PARKED VEHICLE,SIDESWIPE-SAME DIRECTION,STRAIGHT & LEVEL,DAYLIGHT,,,11/18/2019 9:18:13 AM,False,5213,Accepted,
25969792,0568000,LOUISVILLE METRO POLICE DEPT,Accepted,JEFFERSON,US0031E,,BARDSTOWN,RD,,,BARDSTOWN BLUFF,,,,,38.090516005,-85.557243075,1.099,11/15/2019 12:00:00 AM,0305,1,1,0,1,CLEAR,DRY,False,COLLISION WITH FIXED OBJECT IN INTERSECTION - FIRST EVENT COLLISION 09 - 32,SINGLE VEHICLE,CURVE & HILLCREST,DARK-HWY NOT LIGHTED,,,11/25/2019 9:52:17 AM,False,5014,Accepted,
25948964,0568000,LOUISVILLE METRO POLICE DEPT,Accepted,JEFFERSON,,,CLARINET,DR,,KY1934,CANE RUN,,,,,38.192264489,-85.846792046,0.008,11/15/2019 12:00:00 AM,0712,2,1,0,1,CLOUDY,DRY,False,COLLISION WITH PEDESTRIAN IN INTERSECTION,SINGLE VEHICLE,STRAIGHT & LEVEL,DAYLIGHT,,,11/20/2019 9:45:08 AM,False,7437,Accepted,
25926816,0568000,LOUISVILLE METRO POLICE DEPT,Accepted,JEFFERSON,,,BROOK,ST,S,,JEFFERSON,,,,,38.253116794,-85.750412767,3.391,11/15/2019 12:00:00 AM,0357,2,2,0,0,CLEAR,DRY,True,ANGLE COLLISION - OTHER,ANGLE,STRAIGHT & LEVEL,DARK-HWY LIGHTED/ON,,,11/15/2019 8:25:24 AM,False,5172,Accepted,
25926838,0568000,LOUISVILLE METRO POLICE DEPT,Accepted,JEFFERSON,KY1447,,WESTPORT,RD,,,ALTAWOOD,,,,,38.297164831,-85.506583587,9.216,11/15/2019 12:00:00 AM,0613,2,2,0,0,CLEAR,DRY,False,ANGLE COLLISION - OTHER,ANGLE,CURVE & LEVEL,DARK-HWY LIGHTED/ON,,,11/15/2019 8:27:39 AM,False,7159,Accepted,
25953612,0568000,LOUISVILLE METRO POLICE DEPT,Accepted,JEFFERSON,,,EVELYN,AVE,W,,WARREN,,,,,38.196667381,-85.777045270,0.002,11/15/2019 12:00:00 AM,1712,2,2,0,0,CLEAR,DRY,False,ANGLE COLLISION - OTHER,ANGLE,STRAIGHT & LEVEL,DUSK,,,11/21/2019 8:30:50 AM,False,7472,Accepted,
25937630,0568000,LOUISVILLE METRO POLICE DEPT,Accepted,JEFFERSON,KY1865,,NEW CUT,RD,,KY0907,SOUTHSIDE,,,,,38.145893471,-85.775289081,2.674,11/15/2019 12:00:00 AM,1932,2,2,0,2,CLEAR,DRY,True,ANGLE COLLISION - OTHER,ANGLE,STRAIGHT & LEVEL,DARK-HWY LIGHTED/ON,,,11/18/2019 9:27:21 AM,False,5276,Accepted,
25937647,0568000,LOUISVILLE METRO POLICE DEPT,Accepted,JEFFERSON,,,BATES,AVE,,,JEFFERSON,,,,,38.140381340,-85.676189070,0.611,11/15/2019 12:00:00 AM,1858,2,2,0,0,CLEAR,DRY,False,ANGLE COLLISION - OTHER,ANGLE,STRAIGHT & LEVEL,DARK (UNKNOWN ROADWAY LIGHTING),,,11/18/2019 9:29:37 AM,False,5214,Accepted,
25937883,0568000,LOUISVILLE METRO POLICE DEPT,Accepted,JEFFERSON,,,DIXIE,HWY,,,OAK,,,,,38.237395333,-85.786882106,0.832,11/15/2019 12:00:00 AM,1915,2,2,0,0,CLEAR,DRY,True,ANGLE COLLISION - OTHER,ANGLE,CURVE & LEVEL,DARK-HWY LIGHTED/ON,,,11/18/2019 10:04:02 AM,False,5190,Accepted,
25937512,0568000,LOUISVILLE METRO POLICE DEPT,Accepted,JEFFERSON,,,MAPLE,RD,,,YELLOW PINE,,,,,38.107563998,-85.646974492,0.218,11/15/2019 12:00:00 AM,1226,2,2,0,0,CLEAR,DRY,False,ANGLE COLLISION - OTHER,ANGLE,STRAIGHT & LEVEL,DAYLIGHT,,,11/18/2019 9:15:20 AM,False,4693,Accepted,
25926835,0568000,LOUISVILLE METRO POLICE DEPT,Accepted,JEFFERSON,,,GRADE,LN,,I 0065,I65 N EXIT130 ON RAMP FROM KY61,,,,,38.179122685,-85.719407121,0.090,11/15/2019 12:00:00 AM,0544,2,2,0,0,CLEAR,DRY,True,ANGLE COLLISION - OTHER,ANGLE,STRAIGHT & LEVEL,DARK-HWY LIGHTED/ON,,,11/15/2019 8:27:28 AM,False,5222,Accepted,
25937825,0568000,LOUISVILLE METRO POLICE DEPT,Accepted,JEFFERSON,,,FAIRGROUND,RD,,,MICHAEL EDWARD,,,,,38.172684586,-85.584568073,1.240,11/15/2019 12:00:00 AM,1840,2,2,0,0,CLEAR,DRY,False,ANGLE COLLISION - OTHER,ANGLE,STRAIGHT & LEVEL,DARK-HWY NOT LIGHTED,,,11/18/2019 9:59:36 AM,False,6494,Accepted,
25937663,0568000,LOUISVILLE METRO POLICE DEPT,Accepted,JEFFERSON,,,AIR COMMERCE,DR,,,TRANSGLOBAL,,,,,38.129419089,-85.716926113,0.416,11/15/2019 12:00:00 AM,2250,2,2,0,0,CLEAR,DRY,True,ANGLE COLLISION - OTHER,ANGLE,STRAIGHT & LEVEL,DARK-HWY NOT LIGHTED,,,11/18/2019 9:32:27 AM,False,7423,Accepted,
25937519,0568000,LOUISVILLE METRO POLICE DEPT,Accepted,JEFFERSON,,,HAZELWOOD,AVE,,,CHURCHMAN,,,,,38.175429596,-85.792521969,0.456,11/15/2019 12:00:00 AM,1551,2,2,0,0,CLEAR,DRY,True,ANGLE COLLISION - OTHER,ANGLE,STRAIGHT & LEVEL,DAYLIGHT,,,11/18/2019 9:16:04 AM,False,7301,Accepted,
25937518,0568000,LOUISVILLE METRO POLICE DEPT,Accepted,JEFFERSON,,,GRAY,ST,E,,HANCOCK,,,,,38.246036285,-85.743347502,0.421,11/15/2019 12:00:00 AM,1645,2,2,0,0,CLEAR,DRY,False,ANGLE COLLISION - OTHER,ANGLE,STRAIGHT & LEVEL,DUSK,,,11/18/2019 9:15:50 AM,False,2855,Accepted,