IncidentID,AgencyORI,AgencyName,IncidentStatusDesc,County,RdwyNumber,Street,RoadwayName,StreetSfx,StreetDir,IntersectionRdwy,IntersectionRdwyName,BetweenStRdwy1,BetweenStRdwyName1,BetweenStRdwy2,BetweenStRdwyName2,Latitude,Longitude,Milepoint,CollisionDate,CollisionTime,UnitsInvolved,MotorVehiclesInvolved,NumberKilled,NumberInjured,Weather,RdwyConditionCode,HitandRun,DirAnalysisCode,MannerofCollision,RdwyCharacter,LightCondition,RampFromRdwyId,RampToRdwyId,AcceptedDate,IsSecondaryCollision,OwnerBadge,IncidentStatus,
25937567,0568000,LOUISVILLE METRO POLICE DEPT,Accepted,JEFFERSON,,,FAIRGROUND,RD,,,BRANDYWYNE,,,,,38.165193730,-85.586672513,0.664,11/15/2019 12:00:00 AM,1823,2,2,0,0,CLOUDY,DRY,False,ANGLE COLLISION - OTHER,ANGLE,STRAIGHT & LEVEL,DARK-HWY NOT LIGHTED,,,11/18/2019 9:20:04 AM,False,7698,Accepted,
25937609,0568000,LOUISVILLE METRO POLICE DEPT,Accepted,JEFFERSON,KY0864,,FEGENBUSH,LN,,,NORLYNN,,,,,38.145019812,-85.627721727,5.181,11/15/2019 12:00:00 AM,1835,2,2,0,0,CLEAR,DRY,False,ANGLE COLLISION - OTHER,ANGLE,CURVE & LEVEL,DARK (UNKNOWN ROADWAY LIGHTING),,,11/18/2019 9:24:37 AM,False,7465,Accepted,
25937640,0568000,LOUISVILLE METRO POLICE DEPT,Accepted,JEFFERSON,KY1447,,WESTPORT,RD,,,WESTPORT GREEN,,,,,38.292339942,-85.562354331,5.804,11/15/2019 12:00:00 AM,2140,2,2,0,0,CLEAR,DRY,False,ANGLE COLLISION - OTHER,ANGLE,STRAIGHT & LEVEL,DUSK,,,11/18/2019 9:28:30 AM,False,5030,Accepted,
25926767,0568000,LOUISVILLE METRO POLICE DEPT,Accepted,JEFFERSON,KY0907,,3RD ST,RD,,KY1865,NEW CUT,,,,,38.145615036,-85.775435773,6.293,11/14/2019 12:00:00 AM,1751,2,2,0,1,CLEAR,DRY,False,ANGLE COLLISION - OTHER,ANGLE,STRAIGHT & LEVEL,DARK-HWY LIGHTED/ON,,,11/15/2019 8:18:56 AM,False,7427,Accepted,
25926638,0568000,LOUISVILLE METRO POLICE DEPT,Accepted,JEFFERSON,US0150,,BROADWAY,,E,,LOGAN,,,,,38.244565854,-85.738219659,3.475,11/14/2019 12:00:00 AM,1042,2,2,0,0,CLEAR,DRY,False,ANGLE COLLISION - OTHER,ANGLE,STRAIGHT & LEVEL,DAYLIGHT,,,11/15/2019 8:10:20 AM,False,7266,Accepted,
25921815,0568000,LOUISVILLE METRO POLICE DEPT,Accepted,JEFFERSON,KY1747,,HURSTBOURNE,PKWY,S,,WATTERSON,,,,,38.183500459,-85.606597871,8.529,11/14/2019 12:00:00 AM,0630,2,2,0,0,CLEAR,DRY,False,ANGLE COLLISION - OTHER,ANGLE,STRAIGHT & LEVEL,DARK-HWY LIGHTED/ON,,,11/14/2019 8:25:00 AM,False,5207,Accepted,
25926786,0568000,LOUISVILLE METRO POLICE DEPT,Accepted,JEFFERSON,,,JEFFERSON,ST,W,,18TH,,,,,38.256421694,-85.780163889,1.544,11/14/2019 12:00:00 AM,1742,2,2,0,0,CLEAR,DRY,True,ANGLE COLLISION - OTHER,ANGLE,STRAIGHT & LEVEL,DARK-HWY LIGHTED/ON,,,11/15/2019 8:22:56 AM,False,7361,Accepted,
25926672,0568000,LOUISVILLE METRO POLICE DEPT,Accepted,JEFFERSON,US0031E,,BAXTER,AVE,,,ROGERS,,,,,38.245476414,-85.728329364,16.033,11/14/2019 12:00:00 AM,1302,2,2,0,2,CLOUDY,DRY,False,ANGLE COLLISION - OTHER,ANGLE,STRAIGHT & LEVEL,DAYLIGHT,,,11/15/2019 8:13:55 AM,False,2228,Accepted,
25937465,0568000,LOUISVILLE METRO POLICE DEPT,Accepted,JEFFERSON,KY1020,,3RD,ST,S,,JEFFERSON,,,,,38.253654962,-85.755371432,12.637,11/14/2019 12:00:00 AM,1450,2,1,0,1,CLEAR,DRY,True,COLLISION WITH PEDESTRIAN IN INTERSECTION,SINGLE VEHICLE,STRAIGHT & LEVEL,DAYLIGHT,,,11/18/2019 9:08:37 AM,False,2038,Accepted,
25926752,0568000,LOUISVILLE METRO POLICE DEPT,Accepted,JEFFERSON,,,4TH,ST,S,,MUHAMMAD ALI,,,,,38.250948701,-85.757544604,0.395,11/14/2019 12:00:00 AM,1438,2,2,0,0,CLEAR,DRY,False,COLLISION WITH PARKED VEHICLE,SIDESWIPE-SAME DIRECTION,STRAIGHT & LEVEL,DAYLIGHT,,,11/15/2019 8:17:11 AM,False,5295,Accepted,
25926784,0568000,LOUISVILLE METRO POLICE DEPT,Accepted,JEFFERSON,US0150,,BROADWAY,,W,KY1020,2ND,,,,,38.245837014,-85.755046890,2.560,11/14/2019 12:00:00 AM,1350,2,2,0,0,CLEAR,DRY,True,ANGLE COLLISION - ONE VEHICLE TURNING LEFT,ANGLE,STRAIGHT & LEVEL,DAYLIGHT,,,11/15/2019 8:22:06 AM,False,2854,Accepted,
26220325,0568000,LOUISVILLE METRO POLICE DEPT,Accepted,JEFFERSON,,,2ND,ST,S,,WOODLAWN,,,,,38.181416562,-85.764580162,0.887,11/14/2019 12:00:00 AM,2020,2,2,0,1,CLEAR,DRY,True,ANGLE COLLISION - OTHER,ANGLE,STRAIGHT & LEVEL,DARK (UNKNOWN ROADWAY LIGHTING),,,1/21/2020 9:19:57 AM,False,7493,Accepted,
25926602,0568000,LOUISVILLE METRO POLICE DEPT,Accepted,JEFFERSON,KY1065,,OUTER,LOOP,,,CAROL,,,,,38.138513017,-85.685058282,6.143,11/14/2019 12:00:00 AM,0740,2,2,0,0,CLEAR,DRY,False,SIDESWIPE-SAME DIRECTION,SIDESWIPE-SAME DIRECTION,STRAIGHT & LEVEL,DAYLIGHT,,,11/15/2019 8:03:52 AM,False,2547,Accepted,
25926754,0568000,LOUISVILLE METRO POLICE DEPT,Accepted,JEFFERSON,US0031W,,MAIN,ST,W,,11TH,,,,,38.257903133,-85.768111133,21.295,11/14/2019 12:00:00 AM,1647,2,2,0,1,CLEAR,DRY,False,SIDESWIPE-SAME DIRECTION,SIDESWIPE-SAME DIRECTION,STRAIGHT & LEVEL,DAYLIGHT,,,11/15/2019 8:17:22 AM,False,5295,Accepted,
25926823,0568000,LOUISVILLE METRO POLICE DEPT,Accepted,JEFFERSON,,,BROOK,ST,S,,JEFFERSON,,,,,38.253097616,-85.750392199,3.391,11/14/2019 12:00:00 AM,2052,2,2,0,0,CLEAR,DRY,False,SIDESWIPE-SAME DIRECTION,SIDESWIPE-SAME DIRECTION,STRAIGHT & LEVEL,DARK-HWY LIGHTED/ON,,,11/15/2019 8:25:45 AM,False,5122,Accepted,
25926646,0568000,LOUISVILLE METRO POLICE DEPT,Accepted,JEFFERSON,,,UPPER HUNTERS,TRCE,,,FLUHR,,,,,38.165121381,-85.842670456,0.860,11/14/2019 12:00:00 AM,1519,2,2,0,0,CLEAR,DRY,False,VEHICLE BACKING IN INTERSECTION,BACKING,CURVE & LEVEL,DAYLIGHT,,,11/15/2019 8:11:36 AM,False,7356,Accepted,
25926674,0568000,LOUISVILLE METRO POLICE DEPT,Accepted,JEFFERSON,,,BARRET,AVE,,,,,MORTON,,CHRISTY,38.239431339,-85.730489679,0.681,11/14/2019 12:00:00 AM,1518,2,2,0,0,CLOUDY,DRY,False,1 VEHICLE PARKED POSITION (NOT PARKING LOT/DRIVEWAY),SIDESWIPE-SAME DIRECTION,STRAIGHT & GRADE,DAYLIGHT,,,11/15/2019 8:14:16 AM,False,2228,Accepted,
25926803,0568000,LOUISVILLE METRO POLICE DEPT,Accepted,JEFFERSON,,1802,STEVENS,AVE,,,,,,,,38.227394117,-85.713671907,0.018,11/14/2019 12:00:00 AM,2053,2,2,0,0,CLEAR,DRY,True,1 VEHICLE PARKED POSITION (NOT PARKING LOT/DRIVEWAY),SIDESWIPE-SAME DIRECTION,STRAIGHT & LEVEL,DARK (UNKNOWN ROADWAY LIGHTING),,,11/15/2019 8:24:01 AM,False,5274,Accepted,
25936786,0566900,LOUISVILLE AIRPORT POLICE,Accepted,JEFFERSON,,,CRITTENDEN DR CONN,,,,STRAWBERRY,,,,,38.172490623,-85.752506333,0.003,11/14/2019 12:00:00 AM,1733,3,3,0,0,CLEAR,DRY,False,OTHER INTERSECTION COLLISIONS,REAR END,CURVE & GRADE,DUSK,,,11/18/2019 7:59:09 AM,False,5761,Accepted,
25926773,0568000,LOUISVILLE METRO POLICE DEPT,Accepted,JEFFERSON,US0031E,,BARDSTOWN,RD,,,HARVARD,,,,,38.224280721,-85.692550966,13.563,11/14/2019 12:00:00 AM,1810,2,2,0,0,CLEAR,DRY,False,OTHER INTERSECTION COLLISIONS,REAR END,STRAIGHT & LEVEL,DARK (UNKNOWN ROADWAY LIGHTING),,,11/15/2019 8:19:57 AM,False,7740,Accepted,
25926815,0568000,LOUISVILLE METRO POLICE DEPT,Accepted,JEFFERSON,KY1631,,CRITTENDEN,DR,,,KFEC GATE2 DR,,,,,38.197388174,-85.750850838,0.680,11/14/2019 12:00:00 AM,0419,2,2,0,1,CLEAR,DRY,False,OTHER INTERSECTION COLLISIONS,REAR END,STRAIGHT & LEVEL,DARK-HWY LIGHTED/ON,,,11/15/2019 8:25:07 AM,False,5052,Accepted,
25926749,0568000,LOUISVILLE METRO POLICE DEPT,Accepted,JEFFERSON,KY1065,,OUTER,LOOP,,,ALS,,,,,38.126313948,-85.773630034,1.101,11/14/2019 12:00:00 AM,1708,3,3,0,0,CLEAR,DRY,False,OTHER INTERSECTION COLLISIONS,REAR END,STRAIGHT & LEVEL,DAYLIGHT,,,11/15/2019 8:16:48 AM,False,7373,Accepted,
25926760,0568000,LOUISVILLE METRO POLICE DEPT,Accepted,JEFFERSON,KY1747,,HURSTBOURNE,PKWY,S,,WATTERSON,,,,,38.182809191,-85.606765185,8.551,11/14/2019 12:00:00 AM,1354,3,3,0,0,CLEAR,DRY,False,OTHER INTERSECTION COLLISIONS,REAR END,STRAIGHT & LEVEL,DAYLIGHT,,,11/15/2019 8:18:13 AM,False,5262,Accepted,
25921803,0568000,LOUISVILLE METRO POLICE DEPT,Accepted,JEFFERSON,,,GILMORE,LN,,KY0061,PRESTON,,,,,38.174683767,-85.712635561,0.006,11/14/2019 12:00:00 AM,0112,2,2,0,0,CLEAR,DRY,False,OTHER INTERSECTION COLLISIONS,REAR END,STRAIGHT & LEVEL,DARK-HWY NOT LIGHTED,,,11/14/2019 8:24:04 AM,False,5286,Accepted,
25948786,0568000,LOUISVILLE METRO POLICE DEPT,Accepted,JEFFERSON,KY1865,,NEW CUT,RD,,,PARK,,,,,38.155872705,-85.777560011,3.380,11/14/2019 12:00:00 AM,0823,2,2,0,0,CLEAR,DRY,False,OTHER INTERSECTION COLLISIONS,REAR END,STRAIGHT & LEVEL,DAYLIGHT,,,11/20/2019 9:23:12 AM,False,7026,Accepted,
25926769,0568000,LOUISVILLE METRO POLICE DEPT,Accepted,JEFFERSON,I 0264,,I264 W,,,I 0264,I264 W EXIT15A OFF RAMP TO KY1703 N,,,,,38.206810617,-85.678381216,15.178,11/14/2019 12:00:00 AM,1546,2,2,0,0,CLEAR,DRY,False,OTHER INTERSECTION COLLISIONS,REAR END,STRAIGHT & LEVEL,DAYLIGHT,,,11/15/2019 8:19:16 AM,False,7740,Accepted,
25926771,0568000,LOUISVILLE METRO POLICE DEPT,Accepted,JEFFERSON,I 0264,,I264 W,,,I 0264,I264 W EXIT14 OFF RAMP TO KY864,,,,,38.199958874,-85.700179910,13.882,11/14/2019 12:00:00 AM,1546,2,2,0,0,CLEAR,DRY,False,OTHER INTERSECTION COLLISIONS,REAR END,STRAIGHT & LEVEL,DAYLIGHT,,,11/15/2019 8:19:29 AM,False,7740,Accepted,
25926829,0568000,LOUISVILLE METRO POLICE DEPT,Accepted,JEFFERSON,KY1931,,GREENWOOD,RD,,,SKY BLUE,,,,,38.144088926,-85.852021629,2.458,11/14/2019 12:00:00 AM,1933,2,2,0,0,CLEAR,DRY,False,OTHER INTERSECTION COLLISIONS,REAR END,STRAIGHT & LEVEL,DARK-HWY LIGHTED/ON,,,11/15/2019 8:26:39 AM,False,5170,Accepted,
25926727,0568000,LOUISVILLE METRO POLICE DEPT,Accepted,JEFFERSON,,,OAK BRANCH,RD,,,LAKE FOREST,,,,,38.246549627,-85.490307056,0.016,11/14/2019 12:00:00 AM,1615,2,2,0,0,CLEAR,DRY,False,OTHER INTERSECTION COLLISIONS,REAR END,STRAIGHT & LEVEL,DAYLIGHT,,,11/15/2019 8:15:36 AM,False,5223,Accepted,
25969821,0568000,LOUISVILLE METRO POLICE DEPT,Accepted,JEFFERSON,KY1865,,TAYLOR,BLVD,,,ASHLAND,,,,,38.186659163,-85.783798817,5.531,11/14/2019 12:00:00 AM,0646,2,2,0,0,CLEAR,DRY,False,OTHER INTERSECTION COLLISIONS,REAR END,STRAIGHT & LEVEL,DAWN,,,11/25/2019 9:56:37 AM,False,5139,Accepted,
25921817,0568000,LOUISVILLE METRO POLICE DEPT,Accepted,JEFFERSON,KY0841,,GENE SNYDER,FWY,,,,,,,,38.096069204,-85.830879251,2.629,11/14/2019 12:00:00 AM,0524,1,1,0,0,CLEAR,DRY,False,COLLISION WITH ANIMAL NON INTERSECTION,SINGLE VEHICLE,STRAIGHT & LEVEL,DARK-HWY NOT LIGHTED,,,11/14/2019 8:25:15 AM,False,7332,Accepted,
25926781,0568000,LOUISVILLE METRO POLICE DEPT,Accepted,JEFFERSON,,4774,ALLMOND,AVE,,,,,,,,38.175383442,-85.756888060,1.270,11/14/2019 12:00:00 AM,0840,2,2,0,0,CLEAR,DRY,False,COLLISION WITH FIXED OBJECT NON - INTERSECTION - FIRST EVENT COLLISION 09 - 32 EXCLUDING 16,ANGLE,CURVE & LEVEL,DAYLIGHT,,,11/15/2019 8:21:31 AM,False,7468,Accepted,
25921659,0566900,LOUISVILLE AIRPORT POLICE,Accepted,JEFFERSON,,,CRITTENDEN,DR,,,,,,,,38.192193183,-85.755567480,0.621,11/14/2019 12:00:00 AM,0217,1,1,0,0,CLEAR,DRY,False,COLLISION WITH FIXED OBJECT NON - INTERSECTION - FIRST EVENT COLLISION 09 - 32 EXCLUDING 16,SINGLE VEHICLE,STRAIGHT & LEVEL,DARK-HWY LIGHTED/OFF,,,11/14/2019 7:50:26 AM,False,5862,Accepted,
26186244,0568000,LOUISVILLE METRO POLICE DEPT,Accepted,JEFFERSON,,,BRECKINRIDGE,ST,W,KY1020,3RD,,,,,38.241705789,-85.757466414,0.182,11/14/2019 12:00:00 AM,1300,2,2,0,0,CLEAR,DRY,False,OTHER INTERSECTION COLLISIONS,REAR END,STRAIGHT & LEVEL,DAYLIGHT,,,1/14/2020 8:08:34 AM,False,5289,Accepted,
25938217,0568000,LOUISVILLE METRO POLICE DEPT,Accepted,JEFFERSON,,,1ST,ST,S,,,,,,,38.231647690,-85.755857642,1.679,11/14/2019 12:00:00 AM,1150,2,2,0,0,CLEAR,DRY,False,REAR END IN TRAFFIC LANES BOTH VEHICLES MOVING,REAR END,STRAIGHT & LEVEL,DAYLIGHT,,,11/18/2019 10:47:07 AM,False,7296,Accepted,
25938294,0568000,LOUISVILLE METRO POLICE DEPT,Accepted,JEFFERSON,,,1ST,ST,S,,,,,,,38.226776840,-85.756730023,2.040,11/14/2019 12:00:00 AM,1640,2,2,0,0,CLEAR,DRY,False,REAR END IN TRAFFIC LANES BOTH VEHICLES MOVING,REAR END,STRAIGHT & LEVEL,DAYLIGHT,,,11/18/2019 10:55:45 AM,False,7296,Accepted,
25943166,0568000,LOUISVILLE METRO POLICE DEPT,Accepted,JEFFERSON,I 0065,,I65 S,,,,,I 0065,I65 S EXIT134 ON RAMP FROM  MAGNOLIA AVE,I 0065,I65 S EXIT134 OFF RAMP TO  ARTHUR ST,38.226225690,-85.751660388,133.882,11/14/2019 12:00:00 AM,1446,2,2,0,0,CLOUDY,DRY,False,REAR END IN TRAFFIC LANES BOTH VEHICLES MOVING,REAR END,STRAIGHT & LEVEL,DAYLIGHT,,,11/19/2019 8:33:02 AM,False,7619,Accepted,
25926631,0568000,LOUISVILLE METRO POLICE DEPT,Accepted,JEFFERSON,US0031E,,BARDSTOWN,RD,,,,,IONA,,STORAGE,38.153574481,-85.588979532,5.820,11/14/2019 12:00:00 AM,0801,2,2,0,0,CLEAR,DRY,False,REAR END IN TRAFFIC LANES BOTH VEHICLES MOVING,REAR END,STRAIGHT & GRADE,DAYLIGHT,,,11/15/2019 8:08:35 AM,False,2017,Accepted,
25926782,0568000,LOUISVILLE METRO POLICE DEPT,Accepted,JEFFERSON,I 0264,,I264 E,,,,,,,,,38.190121506,-85.757348262,10.562,11/14/2019 12:00:00 AM,1758,3,3,0,0,CLOUDY,DRY,False,REAR END IN TRAFFIC LANES BOTH VEHICLES MOVING,REAR END,STRAIGHT & LEVEL,DARK-HWY LIGHTED/ON,,,11/15/2019 8:21:40 AM,False,7468,Accepted,
25926792,0568000,LOUISVILLE METRO POLICE DEPT,Accepted,JEFFERSON,I 0265,,I265 W,,,,,,,,,38.210333864,-85.506856023,24.588,11/14/2019 12:00:00 AM,1723,2,2,0,0,CLEAR,DRY,False,REAR END IN TRAFFIC LANES BOTH VEHICLES MOVING,REAR END,STRAIGHT & LEVEL,DUSK,,,11/15/2019 8:23:13 AM,False,7330,Accepted,
25926780,0568000,LOUISVILLE METRO POLICE DEPT,Accepted,JEFFERSON,I 0264,,I264 E,,,,,I 0264,I264 E EXIT10 OFF RAMP TO KY1020,I 0264,I264 E EXIT10 ON RAMP FROM KY1020,38.189876813,-85.763942929,10.203,11/14/2019 12:00:00 AM,0836,2,2,0,0,CLEAR,DRY,False,REAR END IN TRAFFIC LANES BOTH VEHICLES MOVING,REAR END,STRAIGHT & LEVEL,DAYLIGHT,,,11/15/2019 8:21:00 AM,False,7473,Accepted,
25926655,0568000,LOUISVILLE METRO POLICE DEPT,Accepted,JEFFERSON,I 0264,,I264 E,,,,,,,,,38.275248276,-85.631492810,21.691,11/14/2019 12:00:00 AM,1640,3,3,0,0,CLOUDY,DRY,True,REAR END IN TRAFFIC LANES BOTH VEHICLES MOVING,REAR END,STRAIGHT & LEVEL,DAYLIGHT,,,11/15/2019 8:12:18 AM,False,2346,Accepted,
25926722,0568000,LOUISVILLE METRO POLICE DEPT,Accepted,JEFFERSON,,,LOWER HUNTERS,TRCE,,,,,,,,38.164926318,-85.865787113,1.830,11/14/2019 12:00:00 AM,1116,2,2,0,0,CLOUDY,DRY,False,REAR END IN TRAFFIC LANES BOTH VEHICLES MOVING,REAR END,STRAIGHT & LEVEL,DAYLIGHT,,,11/15/2019 8:14:44 AM,False,7234,Accepted,
25926728,0568000,LOUISVILLE METRO POLICE DEPT,Accepted,JEFFERSON,KY0155,,TAYLORSVILLE,RD,,,,,,,,38.188842698,-85.554490911,8.605,11/14/2019 12:00:00 AM,1636,2,2,0,0,CLEAR,DRY,False,REAR END IN TRAFFIC LANES BOTH VEHICLES MOVING,REAR END,STRAIGHT & HILLCREST,DAYLIGHT,,,11/15/2019 8:15:46 AM,False,4693,Accepted,
25926797,0568000,LOUISVILLE METRO POLICE DEPT,Accepted,JEFFERSON,KY0913,,BLANKENBAKER,PKWY,,,,,,,,38.204447481,-85.536345446,1.485,11/14/2019 12:00:00 AM,1944,2,2,0,0,CLEAR,DRY,False,SIDESWIPE COLLISION - SAME DIRECTION,SIDESWIPE-SAME DIRECTION,STRAIGHT & LEVEL,DARK-HWY LIGHTED/ON,,,11/15/2019 8:23:25 AM,False,7330,Accepted,
25938293,0568000,LOUISVILLE METRO POLICE DEPT,Accepted,JEFFERSON,I 0264,,I264 E,,,,,I 0065,I264 E EXIT12 ON RAMP,I 0264,I264 E EXIT14 OFF RAMP TO KY864,38.191274767,-85.715605920,12.845,11/14/2019 12:00:00 AM,1805,2,2,0,0,CLEAR,DRY,False,SIDESWIPE COLLISION - SAME DIRECTION,SIDESWIPE-SAME DIRECTION,CURVE & LEVEL,DARK-HWY LIGHTED/ON,,,11/18/2019 10:55:37 AM,False,7207,Accepted,
25948814,0568000,LOUISVILLE METRO POLICE DEPT,Accepted,JEFFERSON,I 0264,,I264 E,,,,,I 0264,I264 E EXIT14 ON RAMP FROM KY864,I 0264,I264 E EXIT15 OFF RAMP TO KY1703,38.200598967,-85.696330622,14.089,11/14/2019 12:00:00 AM,1542,2,2,0,0,CLEAR,DRY,False,SIDESWIPE COLLISION - SAME DIRECTION,SIDESWIPE-SAME DIRECTION,STRAIGHT & GRADE,DAYLIGHT,,,11/20/2019 9:27:05 AM,False,2228,Accepted,
25958725,0568000,LOUISVILLE METRO POLICE DEPT,Accepted,JEFFERSON,US0060A,,TAYLOR,BLVD,,,,,,,,38.198627779,-85.782757651,1.617,11/14/2019 12:00:00 AM,1920,2,2,0,0,CLEAR,DRY,True,SIDESWIPE COLLISION - SAME DIRECTION,SIDESWIPE-SAME DIRECTION,STRAIGHT & LEVEL,DAYLIGHT,,,11/22/2019 9:20:27 AM,False,5163,Accepted,
25926594,0568000,LOUISVILLE METRO POLICE DEPT,Accepted,JEFFERSON,I 0065,126,I65 N,,,,,,,,,38.117943587,-85.702902870,125.360,11/14/2019 12:00:00 AM,0727,2,2,0,0,CLOUDY,DRY,False,SIDESWIPE COLLISION - SAME DIRECTION,SIDESWIPE-SAME DIRECTION,CURVE & GRADE,DAYLIGHT,,,11/15/2019 8:03:44 AM,False,7799,Accepted,
25926639,0568000,LOUISVILLE METRO POLICE DEPT,Accepted,JEFFERSON,KY0841,,GENE SNYDER,FWY,,,,,,,,38.119318772,-85.770137953,6.431,11/14/2019 12:00:00 AM,1452,2,2,0,0,CLEAR,DRY,True,SIDESWIPE COLLISION - SAME DIRECTION,SIDESWIPE-SAME DIRECTION,STRAIGHT & LEVEL,DAYLIGHT,,,11/15/2019 8:10:33 AM,False,7252,Accepted,
25926750,0568000,LOUISVILLE METRO POLICE DEPT,Accepted,JEFFERSON,KY1020,,NATIONAL,TPKE,,,,,,,,38.117194570,-85.747903575,2.990,11/14/2019 12:00:00 AM,1758,2,2,0,1,CLEAR,DRY,True,HEAD-ON COLLISION,HEAD ON,STRAIGHT & LEVEL,DARK-HWY NOT LIGHTED,,,11/15/2019 8:17:03 AM,False,7373,Accepted,
25926805,0568000,LOUISVILLE METRO POLICE DEPT,Accepted,JEFFERSON,,,FEGENBUSH,LN,,KY1747,HURSTBOURNE,,,,,38.161416063,-85.640980972,1.796,11/14/2019 12:00:00 AM,2300,2,2,0,1,CLEAR,DRY,False,HEAD-ON COLLISION,HEAD ON,CURVE & LEVEL,DARK-HWY LIGHTED/ON,,,11/15/2019 8:24:12 AM,False,5207,Accepted,
25926640,0568000,LOUISVILLE METRO POLICE DEPT,Accepted,JEFFERSON,,,SMYRNA,PKWY,,,,,,,,38.116785970,-85.643639726,1.454,11/14/2019 12:00:00 AM,1551,2,2,0,0,CLEAR,DRY,False,SIDESWIPE COLLISION - SAME DIRECTION,SIDESWIPE-SAME DIRECTION,STRAIGHT & LEVEL,DAYLIGHT,,,11/15/2019 8:10:42 AM,False,7989,Accepted,
25926724,0568000,LOUISVILLE METRO POLICE DEPT,Accepted,JEFFERSON,KY1934,,GREENBELT,HWY,,,,,,,,38.174777244,-85.870578977,6.652,11/14/2019 12:00:00 AM,1444,2,2,0,0,CLOUDY,DRY,False,1 VEHICLE ENTERING/LEAVING ENTRANCE,ANGLE,STRAIGHT & LEVEL,DAYLIGHT,,,11/15/2019 8:15:03 AM,False,7234,Accepted,
25969662,0568000,LOUISVILLE METRO POLICE DEPT,Accepted,JEFFERSON,,4347,3RD,ST,S,,,,,,,38.191569718,-85.764892397,0.623,11/14/2019 12:00:00 AM,1610,2,2,0,1,CLEAR,DRY,True,1 VEHICLE ENTERING/LEAVING ENTRANCE,ANGLE,STRAIGHT & LEVEL,DAYLIGHT,,,11/25/2019 9:39:25 AM,False,7251,Accepted,
25921816,0568000,LOUISVILLE METRO POLICE DEPT,Accepted,JEFFERSON,,2707,CHAMBERLAIN,LN,,,,,,,,38.289316997,-85.516930218,0.289,11/14/2019 12:00:00 AM,0519,2,2,0,0,CLEAR,DRY,False,OTHER ROADWAY OR MID-BLOCK COLLISION,OPPOSING LEFT TURN,STRAIGHT & LEVEL,DARK-HWY LIGHTED/ON,,,11/14/2019 8:25:10 AM,False,5056,Accepted,
25921814,0568000,LOUISVILLE METRO POLICE DEPT,Accepted,JEFFERSON,I 0064,,I64 W,,,,,,,,,38.252168013,-85.717538423,6.811,11/14/2019 12:00:00 AM,0151,1,1,0,0,CLEAR,DRY,False,OTHER ROADWAY OR MID-BLOCK COLLISION,SINGLE VEHICLE,CURVE & LEVEL,DARK-HWY LIGHTED/ON,,,11/14/2019 8:24:56 AM,False,5148,Accepted,
25926819,0568000,LOUISVILLE METRO POLICE DEPT,Accepted,JEFFERSON,KY0907,,3RD ST,RD,,,,,,,,38.112994364,-85.837004001,1.914,11/14/2019 12:00:00 AM,0631,2,2,0,0,CLEAR,DRY,False,OTHER ROADWAY OR MID-BLOCK COLLISION,OPPOSING LEFT TURN,STRAIGHT & LEVEL,DAWN,,,11/15/2019 8:25:36 AM,False,7332,Accepted,
25926629,0568000,LOUISVILLE METRO POLICE DEPT,Accepted,JEFFERSON,I 0265,,I265 E,,,,,I 0265,I265 E EXIT12 ON RAMP FROM KY61 N,I 0265,I265 E EXIT14 OFF RAMP TO  COOPER CHAPEL RD,38.115787379,-85.658052247,12.737,11/14/2019 12:00:00 AM,0711,2,2,0,1,CLOUDY,DRY,False,OTHER ROADWAY OR MID-BLOCK COLLISION,REAR END,STRAIGHT & LEVEL,DAWN,,,11/15/2019 8:08:13 AM,False,2017,Accepted,
25926628,0568000,LOUISVILLE METRO POLICE DEPT,Accepted,JEFFERSON,US0031E,,BARDSTOWN,RD,,,,,GLENMARY FARM,,CAPTAIN,38.127461300,-85.575520564,3.859,11/14/2019 12:00:00 AM,0656,2,2,0,0,CLOUDY,DRY,False,OTHER ROADWAY OR MID-BLOCK COLLISION,REAR END,STRAIGHT & LEVEL,DAWN,,,11/15/2019 8:08:01 AM,False,2017,Accepted,
25969272,0568000,LOUISVILLE METRO POLICE DEPT,Accepted,JEFFERSON,US0031E,,BARDSTOWN,RD,,,,,,,,38.187395503,-85.638118245,9.451,11/14/2019 12:00:00 AM,0943,2,2,0,1,CLEAR,DRY,False,OTHER ROADWAY OR MID-BLOCK COLLISION,REAR END,STRAIGHT & LEVEL,DAYLIGHT,,,11/25/2019 9:09:42 AM,False,5119,Accepted,
25969273,0568000,LOUISVILLE METRO POLICE DEPT,Accepted,JEFFERSON,,4000,BUECHEL BANK,RD,,,,,,,,38.179601613,-85.648526009,0.882,11/14/2019 12:00:00 AM,1339,2,2,0,0,CLEAR,DRY,True,VEHICLE BACKING NON INTERSECTION,BACKING,STRAIGHT & GRADE,DAYLIGHT,,,11/25/2019 9:10:09 AM,False,5119,Accepted,
25926765,0568000,LOUISVILLE METRO POLICE DEPT,Accepted,JEFFERSON,KY1020,,NATIONAL,TPKE,,,,,,,,38.127614176,-85.749221615,3.708,11/14/2019 12:00:00 AM,1746,2,2,0,0,CLEAR,DRY,False,OTHER ROADWAY OR MID-BLOCK COLLISION,REAR END,STRAIGHT & LEVEL,DUSK,,,11/15/2019 8:18:40 AM,False,7252,Accepted,
25943201,0568000,LOUISVILLE METRO POLICE DEPT,Accepted,JEFFERSON,,,CHAMBERLAIN,LN,,,,,,,,38.299417886,-85.541743120,2.116,11/14/2019 12:00:00 AM,1005,2,2,0,0,CLEAR,DRY,False,OTHER ROADWAY OR MID-BLOCK COLLISION,REAR END,STRAIGHT & LEVEL,DAYLIGHT,,,11/19/2019 8:40:03 AM,False,7615,Accepted,