IncidentID,AgencyORI,AgencyName,IncidentStatusDesc,County,RdwyNumber,Street,RoadwayName,StreetSfx,StreetDir,IntersectionRdwy,IntersectionRdwyName,BetweenStRdwy1,BetweenStRdwyName1,BetweenStRdwy2,BetweenStRdwyName2,Latitude,Longitude,Milepoint,CollisionDate,CollisionTime,UnitsInvolved,MotorVehiclesInvolved,NumberKilled,NumberInjured,Weather,RdwyConditionCode,HitandRun,DirAnalysisCode,MannerofCollision,RdwyCharacter,LightCondition,RampFromRdwyId,RampToRdwyId,AcceptedDate,IsSecondaryCollision,OwnerBadge,IncidentStatus,
25926641,0568000,LOUISVILLE METRO POLICE DEPT,Accepted,JEFFERSON,,401,CARDINAL,BLVD,W,,,,4TH,,RILEY,38.220814041,-85.763289468,0.297,11/14/2019 12:00:00 AM,1153,1,1,0,0,CLEAR,DRY,True,OTHER ROADWAY OR MID-BLOCK COLLISION,SINGLE VEHICLE,STRAIGHT & LEVEL,UNKNOWN,,,11/15/2019 8:10:50 AM,False,5284,Accepted,
25926778,0568000,LOUISVILLE METRO POLICE DEPT,Accepted,JEFFERSON,I 0265,,,,,,,,,,,38.269380511,-85.502971131,0.394,11/14/2019 12:00:00 AM,1005,2,2,0,0,CLOUDY,DRY,False,OTHER RAMP RELATED COLLISIONS NOT LISTED ABOVE,REAR END,STRAIGHT & LEVEL,DAYLIGHT,I 0265,KY3084,11/15/2019 8:20:32 AM,False,7018,Accepted,
25926645,0568000,LOUISVILLE METRO POLICE DEPT,Accepted,JEFFERSON,US0031W,10445,DIXIE,HWY,,,,,,,,38.103759760,-85.868957078,8.341,11/14/2019 12:00:00 AM,1515,2,2,0,1,CLEAR,DRY,False,COLLISION IN PARKING LOT,ANGLE,STRAIGHT & LEVEL,DAYLIGHT,,,11/15/2019 8:11:13 AM,False,2936,Accepted,
25943189,0568000,LOUISVILLE METRO POLICE DEPT,Accepted,JEFFERSON,KY1931,3983,7TH ST,RD,,,,,,,,38.216624752,-85.781031007,10.189,11/14/2019 12:00:00 AM,1448,2,2,0,0,CLEAR,DRY,False,COLLISION IN PARKING LOT,SIDESWIPE-SAME DIRECTION,STRAIGHT & LEVEL,DAYLIGHT,,,11/19/2019 8:37:31 AM,False,5232,Accepted,
25937211,0566700,MIDDLETOWN POLICE DEPARTMENT,Accepted,JEFFERSON,KY1747,1335,HURSTBOURNE,PKWY,N,,,,,,,38.246743339,-85.576838116,13.527,11/14/2019 12:00:00 AM,2130,2,2,0,0,CLEAR,DRY,True,COLLISION IN PARKING LOT,REAR END,STRAIGHT & LEVEL,DAYLIGHT,,,11/18/2019 8:29:02 AM,False,2010,Accepted,
25921771,0568000,LOUISVILLE METRO POLICE DEPT,Accepted,JEFFERSON,KY1865,4148,TAYLOR,BLVD,,,,,,,,38.181303963,-85.783475768,5.076,11/13/2019 12:00:00 AM,1110,2,2,0,0,CLEAR,DRY,True,COLLISION IN PARKING LOT,BACKING,STRAIGHT & LEVEL,DAYLIGHT,,,11/14/2019 8:17:53 AM,False,5287,Accepted,
25921726,0568000,LOUISVILLE METRO POLICE DEPT,Accepted,JEFFERSON,KY0022,4936,BROWNSBORO,RD,,,,,,,,38.282888846,-85.629872771,0.316,11/13/2019 12:00:00 AM,1558,1,1,0,0,CLOUDY,DRY,False,COLLISION IN PARKING LOT,SINGLE VEHICLE,STRAIGHT & LEVEL,DAYLIGHT,,,11/14/2019 8:13:11 AM,False,7751,Accepted,
25921722,0568000,LOUISVILLE METRO POLICE DEPT,Accepted,JEFFERSON,,2710,BROADWAY,,W,,,,,,,38.249532284,-85.796979201,0.478,11/13/2019 12:00:00 AM,1520,2,2,0,0,CLEAR,DRY,True,COLLISION IN PARKING LOT,SIDESWIPE-OPPOSITE DIRECTION,STRAIGHT & LEVEL,DAYLIGHT,,,11/14/2019 8:12:24 AM,False,7241,Accepted,
25921751,0568000,LOUISVILLE METRO POLICE DEPT,Accepted,JEFFERSON,I 0064,,,,,,,,,,,38.222684761,-85.500528244,,11/13/2019 12:00:00 AM,1631,2,2,0,0,CLEAR,DRY,False,OTHER RAMP RELATED COLLISIONS NOT LISTED ABOVE,REAR END,CURVE & GRADE,DAYLIGHT,I 0064,I 0265,11/14/2019 8:14:26 AM,False,6532,Accepted,
25917176,0568000,LOUISVILLE METRO POLICE DEPT,Accepted,JEFFERSON,I 0064,,,,,,,,,,,38.260409686,-85.742013341,0.074,11/13/2019 12:00:00 AM,0632,1,1,0,1,CLEAR,ICE,False,OTHER RAMP RELATED COLLISIONS NOT LISTED ABOVE,SINGLE VEHICLE,CURVE & GRADE,DARK-HWY LIGHTED/ON,I 0064,I 0064,11/13/2019 10:08:55 AM,False,7325,Accepted,
25921802,0568000,LOUISVILLE METRO POLICE DEPT,Accepted,JEFFERSON,I 0264,,,,,,,,,,,38.210545240,-85.670957093,0.321,11/13/2019 12:00:00 AM,1944,2,2,0,0,CLEAR,DRY,False,OTHER RAMP RELATED COLLISIONS NOT LISTED ABOVE,REAR END,CURVE & LEVEL,DARK-HWY LIGHTED/ON,I 0264,US31E S,11/14/2019 8:23:36 AM,False,6947,Accepted,
25921759,0568000,LOUISVILLE METRO POLICE DEPT,Accepted,JEFFERSON,I 0071,,,,,,,,,,,38.274270253,-85.697021019,0.019,11/13/2019 12:00:00 AM,1345,2,2,0,0,CLEAR,DRY,False,OTHER RAMP RELATED COLLISIONS NOT LISTED ABOVE,REAR END,STRAIGHT & GRADE,DAYLIGHT,I 0071,ZORN AVE,11/14/2019 8:16:05 AM,False,2413,Accepted,
25943184,0568000,LOUISVILLE METRO POLICE DEPT,Accepted,JEFFERSON,I 0064,,I64 E,,,,,,,,,38.218878852,-85.430423894,23.000,11/13/2019 12:00:00 AM,1255,1,1,0,0,CLEAR,DRY,False,OTHER ROADWAY OR MID-BLOCK COLLISION,SINGLE VEHICLE,STRAIGHT & GRADE,DAYLIGHT,,,11/19/2019 8:36:46 AM,False,8278,Accepted,
25958747,0568000,LOUISVILLE METRO POLICE DEPT,Accepted,JEFFERSON,,1380,WAXWING,PL,,,,,,,,38.263422977,-85.557987279,0.062,11/13/2019 12:00:00 AM,1400,1,1,0,0,CLEAR,DRY,False,OTHER ROADWAY OR MID-BLOCK COLLISION,SINGLE VEHICLE,STRAIGHT & LEVEL,DAYLIGHT,,,11/22/2019 9:28:14 AM,False,7440,Accepted,
25921754,0568000,LOUISVILLE METRO POLICE DEPT,Accepted,JEFFERSON,,3908,KURTZ,AVE,,,,,,,,38.107757421,-85.691013178,0.043,11/13/2019 12:00:00 AM,1706,2,2,0,0,CLEAR,DRY,False,VEHICLE BACKING NON INTERSECTION,BACKING,STRAIGHT & LEVEL,DUSK,,,11/14/2019 8:14:57 AM,False,7442,Accepted,
25917183,0568000,LOUISVILLE METRO POLICE DEPT,Accepted,JEFFERSON,KY0864,,BEULAH CHURCH,RD,,,,KY0864,FEGENBUSH,,DELCOUR,38.136213249,-85.613563949,4.153,11/13/2019 12:00:00 AM,0742,2,2,0,0,CLEAR,DRY,False,OTHER ROADWAY OR MID-BLOCK COLLISION,REAR END,STRAIGHT & GRADE,DAYLIGHT,,,11/13/2019 10:10:32 AM,False,2017,Accepted,
25917167,0568000,LOUISVILLE METRO POLICE DEPT,Accepted,JEFFERSON,KY0841,,GENE SNYDER,FWY,,,,,,,,38.100433359,-85.823010387,3.162,11/13/2019 12:00:00 AM,0512,2,2,0,1,CLEAR,DRY,False,OTHER ROADWAY OR MID-BLOCK COLLISION,REAR END,STRAIGHT & LEVEL,DARK-HWY LIGHTED/ON,,,11/13/2019 10:07:52 AM,False,5136,Accepted,
25926610,0568000,LOUISVILLE METRO POLICE DEPT,Accepted,JEFFERSON,I 0064,,I64 E,,,,,I 0064,I64 E EXIT12 RAMP TO I264,I 0064,I64 E EXIT10 ON RAMP FROM KY2048,38.235814586,-85.640985945,11.485,11/13/2019 12:00:00 AM,1739,2,2,0,0,CLEAR,DRY,False,OTHER ROADWAY OR MID-BLOCK COLLISION,REAR END,STRAIGHT & LEVEL,DARK-HWY LIGHTED/ON,,,11/15/2019 8:04:23 AM,False,2429,Accepted,
25943307,0568000,LOUISVILLE METRO POLICE DEPT,Accepted,JEFFERSON,,3001,CHAMBERLAIN,LN,,,,,,,,38.288695927,-85.517977716,0.360,11/13/2019 12:00:00 AM,1730,2,2,0,0,CLEAR,DRY,False,OTHER ROADWAY OR MID-BLOCK COLLISION,OPPOSING LEFT TURN,STRAIGHT & LEVEL,DUSK,,,11/19/2019 8:49:04 AM,False,7615,Accepted,
25921738,0568000,LOUISVILLE METRO POLICE DEPT,Accepted,JEFFERSON,,,CENTRAL STATION,BLVD,,,,,2ND,KY1020,3RD,38.203485096,-85.763654479,0.025,11/13/2019 12:00:00 AM,1059,2,2,0,1,CLEAR,DRY,False,1 VEHICLE ENTERING/LEAVING ENTRANCE,ANGLE,STRAIGHT & LEVEL,DAYLIGHT,,,11/14/2019 8:13:30 AM,False,5267,Accepted,
25921767,0568000,LOUISVILLE METRO POLICE DEPT,Accepted,JEFFERSON,,,BURNETT,AVE,E,,,,BROOK,,FLOYD,38.226436654,-85.754166797,0.140,11/13/2019 12:00:00 AM,1719,3,3,0,0,CLEAR,DRY,False,1 VEHICLE ENTERING/LEAVING ENTRANCE,ANGLE,STRAIGHT & LEVEL,DAYLIGHT,,,11/14/2019 8:17:26 AM,False,2927,Accepted,
25921741,0568000,LOUISVILLE METRO POLICE DEPT,Accepted,JEFFERSON,KY1020,,3RD,ST,S,,,US0060A,WINKLER,US0060A,3RD,38.209905745,-85.763073171,9.849,11/13/2019 12:00:00 AM,1323,2,2,0,0,CLEAR,DRY,False,1 VEHICLE ENTERING/LEAVING ENTRANCE,ANGLE,STRAIGHT & LEVEL,DAYLIGHT,,,11/14/2019 8:13:37 AM,False,5267,Accepted,
25921742,0568000,LOUISVILLE METRO POLICE DEPT,Accepted,JEFFERSON,,,SOUTHERN,PKWY,,,,,BROOKLINE,,KINGSTON,38.176253036,-85.772676657,0.463,11/13/2019 12:00:00 AM,1649,2,2,0,0,CLEAR,DRY,False,1 VEHICLE ENTERING/LEAVING ENTRANCE,ANGLE,STRAIGHT & LEVEL,DAYLIGHT,,,11/14/2019 8:13:41 AM,False,5267,Accepted,
25926583,0568000,LOUISVILLE METRO POLICE DEPT,Accepted,JEFFERSON,,4800,MUD,LN,,,,,,,,38.087868875,-85.673568931,0.640,11/13/2019 12:00:00 AM,1829,2,2,0,0,CLOUDY,DRY,False,1 VEHICLE ENTERING/LEAVING ENTRANCE,ANGLE,STRAIGHT & LEVEL,DARK-HWY LIGHTED/ON,,,11/15/2019 8:03:19 AM,False,7799,Accepted,
25926801,0568000,LOUISVILLE METRO POLICE DEPT,Accepted,JEFFERSON,KY0155,,TAYLORSVILLE,RD,,,,,CAROLINA,,TENNYSON,38.223791022,-85.679996572,16.277,11/13/2019 12:00:00 AM,2033,2,2,0,0,CLEAR,DRY,False,SIDESWIPE COLLISION - SAME DIRECTION,SIDESWIPE-SAME DIRECTION,STRAIGHT & LEVEL,DARK-HWY LIGHTED/ON,,,11/15/2019 8:23:53 AM,False,2953,Accepted,
25921745,0568000,LOUISVILLE METRO POLICE DEPT,Accepted,JEFFERSON,,,FOREST,DR,,,,,PERMERLAND,KY0061,PRESTON,38.161705482,-85.699615518,0.006,11/13/2019 12:00:00 AM,1345,2,2,0,0,CLEAR,DRY,False,HEAD-ON COLLISION,HEAD ON,STRAIGHT & LEVEL,DAYLIGHT,,,11/14/2019 8:13:53 AM,False,7473,Accepted,
25921747,0568000,LOUISVILLE METRO POLICE DEPT,Accepted,JEFFERSON,,,AUTUMN CREST,LN,,,GREEN CREST,,,,,38.243294622,-85.455323299,,11/13/2019 12:00:00 AM,1307,2,2,0,0,CLEAR,DRY,False,HEAD-ON COLLISION,HEAD ON,STRAIGHT & LEVEL,DAYLIGHT,,,11/14/2019 8:14:02 AM,False,5223,Accepted,
25921749,0568000,LOUISVILLE METRO POLICE DEPT,Accepted,JEFFERSON,,,BRENTLINGER,LN,,US0031E,BARDSTOWN,,,,,38.134144847,-85.579606945,,11/13/2019 12:00:00 AM,1635,2,2,0,2,CLEAR,DRY,False,HEAD-ON COLLISION,HEAD ON,STRAIGHT & LEVEL,DAYLIGHT,,,11/14/2019 8:14:14 AM,False,4693,Accepted,
25921758,0568000,LOUISVILLE METRO POLICE DEPT,Accepted,JEFFERSON,US0031W,,2ND,ST,S,,,,,,,38.255644507,-85.753447903,22.090,11/13/2019 12:00:00 AM,1749,2,2,0,0,CLEAR,DRY,False,SIDESWIPE COLLISION - SAME DIRECTION,SIDESWIPE-SAME DIRECTION,STRAIGHT & LEVEL,DARK-HWY LIGHTED/ON,,,11/14/2019 8:15:49 AM,False,7220,Accepted,
25921775,0568000,LOUISVILLE METRO POLICE DEPT,Accepted,JEFFERSON,US0031W,,DIXIE,HWY,,,,,,,,38.157452171,-85.833974565,12.527,11/13/2019 12:00:00 AM,1115,2,2,0,0,CLEAR,DRY,False,SIDESWIPE COLLISION - SAME DIRECTION,SIDESWIPE-SAME DIRECTION,STRAIGHT & LEVEL,DAYLIGHT,,,11/14/2019 8:18:40 AM,False,7234,Accepted,
25943164,0568000,LOUISVILLE METRO POLICE DEPT,Accepted,JEFFERSON,KY0022,,BROWNSBORO,RD,,,,,,,,38.283364571,-85.628967810,0.374,11/13/2019 12:00:00 AM,1758,2,2,0,0,CLEAR,DRY,False,SIDESWIPE COLLISION - SAME DIRECTION,SIDESWIPE-SAME DIRECTION,STRAIGHT & LEVEL,DARK-HWY NOT LIGHTED,,,11/19/2019 8:32:27 AM,False,7899,Accepted,
25921752,0568000,LOUISVILLE METRO POLICE DEPT,Accepted,JEFFERSON,,2128,GRIFFITHS,AVE,,,,,,,,38.264387119,-85.785251036,0.344,11/13/2019 12:00:00 AM,1340,2,2,0,0,CLEAR,DRY,True,SIDESWIPE COLLISION - SAME DIRECTION,SIDESWIPE-SAME DIRECTION,STRAIGHT & LEVEL,DAYLIGHT,,,11/14/2019 8:14:31 AM,False,5271,Accepted,
25926812,0568000,LOUISVILLE METRO POLICE DEPT,Accepted,JEFFERSON,I 0071,,I71 N,,,,,,,,,38.293231562,-85.665395041,3.974,11/13/2019 12:00:00 AM,1859,2,2,0,0,CLEAR,DRY,False,SIDESWIPE COLLISION - SAME DIRECTION,SIDESWIPE-SAME DIRECTION,STRAIGHT & LEVEL,DARK-HWY LIGHTED/ON,,,11/15/2019 8:24:46 AM,False,2673,Accepted,
25921721,0568000,LOUISVILLE METRO POLICE DEPT,Accepted,JEFFERSON,US0031W,,DIXIE,HWY,,,,,BRICK KILN,,UPPER HUNTERS,38.169307271,-85.827825912,13.346,11/13/2019 12:00:00 AM,1258,2,2,0,0,CLEAR,DRY,False,SIDESWIPE COLLISION - SAME DIRECTION,SIDESWIPE-SAME DIRECTION,STRAIGHT & LEVEL,DAYLIGHT,,,11/14/2019 8:12:18 AM,False,6326,Accepted,
25917182,0568000,LOUISVILLE METRO POLICE DEPT,Accepted,JEFFERSON,KY0146,,NEW LA GRANGE,RD,,,,,,,,38.249840966,-85.615084305,0.008,11/13/2019 12:00:00 AM,0718,2,2,0,0,CLEAR,DRY,True,SIDESWIPE COLLISION - SAME DIRECTION,SIDESWIPE-SAME DIRECTION,STRAIGHT & LEVEL,DAYLIGHT,,,11/13/2019 10:10:12 AM,False,6862,Accepted,
25943185,0568000,LOUISVILLE METRO POLICE DEPT,Accepted,JEFFERSON,I 0064,,I64 W,,,,,,,,,38.269174137,-85.781773357,2.662,11/13/2019 12:00:00 AM,1537,3,3,0,0,CLEAR,DRY,False,SIDESWIPE COLLISION - SAME DIRECTION,SIDESWIPE-SAME DIRECTION,CURVE & GRADE,DAYLIGHT,,,11/19/2019 8:36:59 AM,False,8278,Accepted,
25969815,0568000,LOUISVILLE METRO POLICE DEPT,Accepted,JEFFERSON,,,MARRET,AVE,,,,,,,,38.229903607,-85.749485398,0.038,11/13/2019 12:00:00 AM,1408,2,2,0,0,CLEAR,DRY,False,SIDESWIPE COLLISION - SAME DIRECTION,SIDESWIPE-SAME DIRECTION,STRAIGHT & LEVEL,DAYLIGHT,,,11/25/2019 9:55:45 AM,False,2927,Accepted,
26164310,0568000,LOUISVILLE METRO POLICE DEPT,Accepted,JEFFERSON,I 0065,,I65 N,,,,,I 0064,I64 N EXIT137 RAMP TO I64 W,I 0065,I65 N EXIT136 ON RAMP,38.256031558,-85.741912943,136.274,11/13/2019 12:00:00 AM,1410,2,1,0,0,CLEAR,DRY,False,SIDESWIPE COLLISION - SAME DIRECTION,SIDESWIPE-SAME DIRECTION,STRAIGHT & LEVEL,DAYLIGHT,,,1/9/2020 12:01:09 PM,False,7058,Accepted,
25926779,0568000,LOUISVILLE METRO POLICE DEPT,Accepted,JEFFERSON,I 0264,,I264 W,,,,,I 0264,I264 W EXIT14 ON RAMP FROM KY864 N,I 0264,I264 W EXIT14 OFF RAMP TO KY864 S,38.196803959,-85.705783525,13.505,11/13/2019 12:00:00 AM,1741,3,3,0,0,CLEAR,DRY,False,REAR END IN TRAFFIC LANES BOTH VEHICLES MOVING,REAR END,STRAIGHT & LEVEL,DUSK,,,11/15/2019 8:20:49 AM,False,7473,Accepted,
25917165,0568000,LOUISVILLE METRO POLICE DEPT,Accepted,JEFFERSON,I 0064,,I64 W,,,,,,,,,38.233869801,-85.611138029,12.976,11/13/2019 12:00:00 AM,0525,2,2,0,0,CLEAR,DRY,True,REAR END IN TRAFFIC LANES BOTH VEHICLES MOVING,REAR END,STRAIGHT & LEVEL,DARK-HWY LIGHTED/ON,,,11/13/2019 10:07:19 AM,False,7055,Accepted,
25917184,0568000,LOUISVILLE METRO POLICE DEPT,Accepted,JEFFERSON,I 0064,,I64 E,,,,,,,,,38.261722934,-85.771313086,3.636,11/13/2019 12:00:00 AM,0707,2,2,0,0,CLEAR,DRY,False,REAR END IN TRAFFIC LANES BOTH VEHICLES MOVING,REAR END,STRAIGHT & LEVEL,DAYLIGHT,,,11/13/2019 10:10:40 AM,False,4903,Accepted,
25921750,0568000,LOUISVILLE METRO POLICE DEPT,Accepted,JEFFERSON,,4700,COOPER CHAPEL,RD,,,,,,,,38.103652892,-85.671803148,0.039,11/13/2019 12:00:00 AM,1724,3,3,0,0,CLOUDY,DRY,False,REAR END IN TRAFFIC LANES BOTH VEHICLES MOVING,REAR END,STRAIGHT & HILLCREST,DAYLIGHT,,,11/14/2019 8:14:19 AM,False,7799,Accepted,
25921765,0568000,LOUISVILLE METRO POLICE DEPT,Accepted,JEFFERSON,I 0064,,I64 W,,,,,,,,,38.231957709,-85.605023174,13.334,11/13/2019 12:00:00 AM,1315,2,2,0,0,CLEAR,DRY,True,REAR END IN TRAFFIC LANES BOTH VEHICLES MOVING,REAR END,STRAIGHT & LEVEL,DAYLIGHT,,,11/14/2019 8:17:10 AM,False,7899,Accepted,
25917222,0568000,LOUISVILLE METRO POLICE DEPT,Accepted,JEFFERSON,US0031,,CLARK MEMORIAL,BRG,,,,,,,,38.264282234,-85.751577575,0.563,11/13/2019 12:00:00 AM,0900,2,2,0,1,CLEAR,DRY,False,REAR END IN TRAFFIC LANES BOTH VEHICLES MOVING,REAR END,STRAIGHT & LEVEL,DAYLIGHT,,,11/13/2019 10:15:42 AM,False,7220,Accepted,
25926777,0568000,LOUISVILLE METRO POLICE DEPT,Accepted,JEFFERSON,I 0071,,I71 S,,,,,I 0071,I71 S EXIT5 RAMP TO I264 W,I 0071,I71 TURN AROUND6,38.292189678,-85.639446857,5.505,11/13/2019 12:00:00 AM,1755,2,2,0,0,CLEAR,DRY,False,REAR END IN TRAFFIC LANES BOTH VEHICLES MOVING,REAR END,STRAIGHT & LEVEL,DARK-HWY NOT LIGHTED,,,11/15/2019 8:20:20 AM,False,7018,Accepted,
25969011,0568000,LOUISVILLE METRO POLICE DEPT,Accepted,JEFFERSON,I 0264,,I264 E,,,,,,,,,38.189855779,-85.764840894,10.154,11/13/2019 12:00:00 AM,0805,2,2,0,0,CLEAR,DRY,True,REAR END IN TRAFFIC LANES BOTH VEHICLES MOVING,REAR END,STRAIGHT & GRADE,DAYLIGHT,,,11/25/2019 8:56:56 AM,False,7720,Accepted,
25926799,0568000,LOUISVILLE METRO POLICE DEPT,Accepted,JEFFERSON,,,WARNOCK,ST,,,,,FLOYD,,ARTHUR,38.214541389,-85.754765675,0.343,11/13/2019 12:00:00 AM,1411,2,2,0,0,CLEAR,DRY,False,REAR END IN TRAFFIC LANES BOTH VEHICLES MOVING,REAR END,STRAIGHT & GRADE,DAYLIGHT,,,11/15/2019 8:23:44 AM,False,7619,Accepted,
25921760,0568000,LOUISVILLE METRO POLICE DEPT,Accepted,JEFFERSON,,3520,CHAMBERLAIN,LN,,,,I 0265,I265 S EXIT33 OFF RAMP TO  CHAMBERLAIN LN,,WINCHESTER ACRES,38.293865659,-85.539829019,1.702,11/13/2019 12:00:00 AM,1747,2,2,0,0,CLEAR,DRY,False,REAR END IN TRAFFIC LANES BOTH VEHICLES MOVING,REAR END,STRAIGHT & LEVEL,DUSK,,,11/14/2019 8:16:23 AM,False,7765,Accepted,
25926827,0568000,LOUISVILLE METRO POLICE DEPT,Accepted,JEFFERSON,,,OAK VALLEY,DR,,,,,,,,38.154977863,-85.821331040,0.676,11/13/2019 12:00:00 AM,2207,2,2,0,0,CLEAR,DRY,False,REAR END IN TRAFFIC LANES BOTH VEHICLES MOVING,REAR END,STRAIGHT & LEVEL,DARK-HWY LIGHTED/ON,,,11/15/2019 8:26:24 AM,False,5170,Accepted,
25937506,0568000,LOUISVILLE METRO POLICE DEPT,Accepted,JEFFERSON,KY0841,KY841,GENE SNYDER,FWY,,,,,,,,38.104018863,-85.817340383,3.561,11/13/2019 12:00:00 AM,0512,2,2,0,0,CLEAR,DRY,False,REAR END IN TRAFFIC LANES BOTH VEHICLES MOVING,REAR END,STRAIGHT & LEVEL,DARK-HWY LIGHTED/ON,,,11/18/2019 9:14:22 AM,False,2905,Accepted,
26035799,0568000,LOUISVILLE METRO POLICE DEPT,Accepted,JEFFERSON,I 0264,,I264 W,,,,,,,,,38.205283016,-85.681014922,15.000,11/13/2019 12:00:00 AM,1712,2,2,0,0,CLEAR,DRY,False,REAR END IN TRAFFIC LANES BOTH VEHICLES MOVING,REAR END,STRAIGHT & LEVEL,DUSK,,,12/10/2019 8:58:14 AM,False,8278,Accepted,
26064775,0568000,LOUISVILLE METRO POLICE DEPT,Accepted,JEFFERSON,,,4TH,ST,S,,BLOOM,,,,,38.222108159,-85.762632849,2.403,11/13/2019 12:00:00 AM,1820,2,2,0,0,CLEAR,DRY,False,OTHER INTERSECTION COLLISIONS,REAR END,STRAIGHT & LEVEL,DUSK,,,12/16/2019 3:40:31 PM,False,5289,Accepted,
25921756,0568000,LOUISVILLE METRO POLICE DEPT,Accepted,JEFFERSON,US0031E,,BARDSTOWN,RD,,,,,,,,38.212091674,-85.672067964,12.106,11/13/2019 12:00:00 AM,1710,2,2,0,0,CLEAR,DRY,False,COLLISION WITH FIXED OBJECT NON - INTERSECTION - FIRST EVENT COLLISION 09 - 32 EXCLUDING 16,SIDESWIPE-SAME DIRECTION,STRAIGHT & LEVEL,DAYLIGHT,,,11/14/2019 8:15:35 AM,False,6813,Accepted,
25921757,0568000,LOUISVILLE METRO POLICE DEPT,Accepted,JEFFERSON,I 0264,,I264 W,,,,,,,,,38.231075398,-85.631480807,18.218,11/13/2019 12:00:00 AM,1732,2,2,0,0,CLEAR,DRY,False,COLLISION WITH FIXED OBJECT NON - INTERSECTION - FIRST EVENT COLLISION 09 - 32 EXCLUDING 16,REAR END,STRAIGHT & LEVEL,DARK-HWY LIGHTED/ON,,,11/14/2019 8:15:42 AM,False,6813,Accepted,
25921761,0568000,LOUISVILLE METRO POLICE DEPT,Accepted,JEFFERSON,KY0022,,BROWNSBORO,RD,,,,,NORTON HEALTHCARE,,CHAMBERLAIN,38.312374460,-85.567876667,4.408,11/13/2019 12:00:00 AM,1829,2,2,0,0,CLEAR,DRY,False,COLLISION WITH FIXED OBJECT NON - INTERSECTION - FIRST EVENT COLLISION 09 - 32 EXCLUDING 16,REAR END,STRAIGHT & LEVEL,DARK-HWY LIGHTED/ON,,,11/14/2019 8:16:30 AM,False,7765,Accepted,
25921746,0568000,LOUISVILLE METRO POLICE DEPT,Accepted,JEFFERSON,US0060,,SHELBYVILLE,RD,,,,,,,,38.238809669,-85.487844026,12.921,11/13/2019 12:00:00 AM,1300,1,1,0,0,CLEAR,DRY,False,COLLISION WITH ANIMAL NON INTERSECTION,SINGLE VEHICLE,STRAIGHT & LEVEL,DAYLIGHT,,,11/14/2019 8:13:57 AM,False,5223,Accepted,
25921781,0568000,LOUISVILLE METRO POLICE DEPT,Accepted,JEFFERSON,,,GRADE,LN,,,,,,,,38.150021606,-85.735536058,2.668,11/13/2019 12:00:00 AM,2021,2,1,0,1,CLEAR,DRY,True,COLLISION WITH PEDESTRIAN NON - INTERSECTION,SINGLE VEHICLE,STRAIGHT & LEVEL,DARK-HWY LIGHTED/ON,,,11/14/2019 8:19:28 AM,False,7074,Accepted,
25917223,0568000,LOUISVILLE METRO POLICE DEPT,Accepted,JEFFERSON,KY1142,,PALATKA,RD,,,MANSLICK,,,,,38.152862516,-85.791102420,0.634,11/13/2019 12:00:00 AM,0909,2,2,0,0,CLEAR,DRY,True,OTHER INTERSECTION COLLISIONS,REAR END,,DAYLIGHT,,,11/13/2019 10:15:54 AM,False,5263,Accepted,
25921791,0568000,LOUISVILLE METRO POLICE DEPT,Accepted,JEFFERSON,KY0146,,LA GRANGE,RD,,,CHAMBERLAIN,,,,,38.289513359,-85.512405316,7.555,11/13/2019 12:00:00 AM,2200,2,2,0,0,CLOUDY,DRY,False,OTHER INTERSECTION COLLISIONS,REAR END,STRAIGHT & LEVEL,DARK-HWY NOT LIGHTED,,,11/14/2019 8:20:45 AM,False,2013,Accepted,
25921790,0568000,LOUISVILLE METRO POLICE DEPT,Accepted,JEFFERSON,KY2052,,SHEPHERDSVILLE,RD,,KY1065,OUTER,,,,,38.138974074,-85.657608186,,11/13/2019 12:00:00 AM,1824,2,2,0,0,CLEAR,DRY,False,OTHER INTERSECTION COLLISIONS,REAR END,STRAIGHT & LEVEL,DARK-HWY LIGHTED/ON,,,11/14/2019 8:20:33 AM,False,5107,Accepted,
25921782,0568000,LOUISVILLE METRO POLICE DEPT,Accepted,JEFFERSON,KY1447,,WESTPORT,RD,,I 0265,I265 N EXIT33 OFF RAMP TO KY1447,,,,,38.298012071,-85.547277512,6.763,11/13/2019 12:00:00 AM,1852,2,2,0,0,CLEAR,DRY,False,OTHER INTERSECTION COLLISIONS,REAR END,STRAIGHT & LEVEL,DARK-HWY LIGHTED/OFF,,,11/14/2019 8:19:49 AM,False,5102,Accepted,
25921783,0568000,LOUISVILLE METRO POLICE DEPT,Accepted,JEFFERSON,US0060,,SHELBYVILLE,RD,,,ENGLISH STATION,,,,,38.241582069,-85.498508719,12.293,11/13/2019 12:00:00 AM,1909,2,2,0,0,CLEAR,DRY,False,OTHER INTERSECTION COLLISIONS,REAR END,STRAIGHT & GRADE,DARK-HWY LIGHTED/ON,,,11/14/2019 8:19:59 AM,False,5102,Accepted,