IncidentID,AgencyORI,AgencyName,IncidentStatusDesc,County,RdwyNumber,Street,RoadwayName,StreetSfx,StreetDir,IntersectionRdwy,IntersectionRdwyName,BetweenStRdwy1,BetweenStRdwyName1,BetweenStRdwy2,BetweenStRdwyName2,Latitude,Longitude,Milepoint,CollisionDate,CollisionTime,UnitsInvolved,MotorVehiclesInvolved,NumberKilled,NumberInjured,Weather,RdwyConditionCode,HitandRun,DirAnalysisCode,MannerofCollision,RdwyCharacter,LightCondition,RampFromRdwyId,RampToRdwyId,AcceptedDate,IsSecondaryCollision,OwnerBadge,IncidentStatus,
25921736,0568000,LOUISVILLE METRO POLICE DEPT,Accepted,JEFFERSON,,,TREVILIAN,WAY,,,BOULEVARD NAPOLEON,,,,,38.218063756,-85.694274203,1.236,11/13/2019 12:00:00 AM,1618,2,2,0,0,CLOUDY,DRY,False,OTHER INTERSECTION COLLISIONS,REAR END,CURVE & LEVEL,DAYLIGHT,,,11/14/2019 8:13:26 AM,False,2100,Accepted,
25921712,0568000,LOUISVILLE METRO POLICE DEPT,Accepted,JEFFERSON,KY1747,,FERN VALLEY,RD,,KY0864,FEGENBUSH,,,,,38.161092725,-85.640815974,5.125,11/13/2019 12:00:00 AM,0856,2,2,0,0,CLEAR,DRY,False,OTHER INTERSECTION COLLISIONS,REAR END,STRAIGHT & GRADE,DAYLIGHT,,,11/14/2019 8:09:43 AM,False,2017,Accepted,
25921718,0568000,LOUISVILLE METRO POLICE DEPT,Accepted,JEFFERSON,US0031E,,BARDSTOWN,RD,,,CREWS,,,,,38.180792482,-85.626008363,8.717,11/13/2019 12:00:00 AM,1322,2,2,0,0,CLEAR,DRY,False,OTHER INTERSECTION COLLISIONS,REAR END,STRAIGHT & LEVEL,DAYLIGHT,,,11/14/2019 8:11:41 AM,False,7307,Accepted,
25921720,0568000,LOUISVILLE METRO POLICE DEPT,Accepted,JEFFERSON,KY1934,,GREENBELT,HWY,,,JOHNSONTOWN,,,,,38.116420876,-85.894827724,2.302,11/13/2019 12:00:00 AM,0713,2,2,0,0,CLEAR,DRY,False,OTHER INTERSECTION COLLISIONS,REAR END,STRAIGHT & LEVEL,DAYLIGHT,,,11/14/2019 8:12:07 AM,False,6326,Accepted,
25943276,0568000,LOUISVILLE METRO POLICE DEPT,Accepted,JEFFERSON,I 0264,,I264 E EXIT20 TRANSIT,,,I 0264,I264 E EXIT20B OFF RAMP TO US60,,,,,38.250288727,-85.619033095,0.287,11/13/2019 12:00:00 AM,0703,2,2,0,0,CLEAR,DRY,False,OTHER INTERSECTION COLLISIONS,REAR END,STRAIGHT & GRADE,DAWN,,,11/19/2019 8:46:20 AM,False,7720,Accepted,
25921770,0568000,LOUISVILLE METRO POLICE DEPT,Accepted,JEFFERSON,,,TREVILIAN,WAY,,KY1703,NEWBURG,,,,,38.213659078,-85.700852476,1.729,11/13/2019 12:00:00 AM,1442,3,3,0,0,CLOUDY,DRY,False,OTHER INTERSECTION COLLISIONS,REAR END,STRAIGHT & LEVEL,DAYLIGHT,,,11/14/2019 8:17:45 AM,False,7740,Accepted,
25921764,0568000,LOUISVILLE METRO POLICE DEPT,Accepted,JEFFERSON,,5403,WARWICKSHIRE,DR,,,,,,,,38.168802248,-85.702160859,0.103,11/13/2019 12:00:00 AM,1758,2,2,0,0,CLEAR,DRY,True,1 VEHICLE PARKED POSITION (NOT PARKING LOT/DRIVEWAY),ANGLE,STRAIGHT & LEVEL,DAYLIGHT,,,11/14/2019 8:16:41 AM,False,2796,Accepted,
25921792,0568000,LOUISVILLE METRO POLICE DEPT,Accepted,JEFFERSON,,4188,SUMMERVIEW,DR,,,,,,,,38.074684929,-85.875937768,0.192,11/13/2019 12:00:00 AM,1930,3,3,0,0,CLEAR,DRY,True,1 VEHICLE PARKED POSITION (NOT PARKING LOT/DRIVEWAY),BACKING,CURVE & LEVEL,DARK-HWY LIGHTED/ON,,,11/14/2019 8:20:53 AM,False,7295,Accepted,
25926635,0568000,LOUISVILLE METRO POLICE DEPT,Accepted,JEFFERSON,,,7TH,ST,S,,,,CEDAR,,MUHAMMAD ALI,38.252067617,-85.762394321,2.413,11/13/2019 12:00:00 AM,0948,6,6,0,0,CLEAR,DRY,True,1 VEHICLE PARKED POSITION (NOT PARKING LOT/DRIVEWAY),SIDESWIPE-SAME DIRECTION,STRAIGHT & LEVEL,DAYLIGHT,,,11/15/2019 8:09:08 AM,False,7058,Accepted,
25921804,0568000,LOUISVILLE METRO POLICE DEPT,Accepted,JEFFERSON,,1804,20TH,ST,S,,,,,,,38.224218226,-85.793528709,1.010,11/13/2019 12:00:00 AM,1907,2,2,0,0,CLEAR,DRY,True,1 VEHICLE PARKED POSITION (NOT PARKING LOT/DRIVEWAY),HEAD ON,STRAIGHT & LEVEL,DARK-HWY NOT LIGHTED,,,11/14/2019 8:24:09 AM,False,7388,Accepted,
26032173,0568000,LOUISVILLE METRO POLICE DEPT,Accepted,JEFFERSON,,,MARKET,ST,W,,,,28TH,,29TH,38.260017552,-85.798465282,0.660,11/13/2019 12:00:00 AM,1017,2,1,0,0,CLEAR,DRY,False,1 VEHICLE PARKED POSITION (NOT PARKING LOT/DRIVEWAY),SIDESWIPE-SAME DIRECTION,STRAIGHT & HILLCREST,DAYLIGHT,,,12/9/2019 1:25:25 PM,False,5040,Accepted,
25926632,0568000,LOUISVILLE METRO POLICE DEPT,Accepted,JEFFERSON,,,11TH,ST,S,,FISK,,,,,38.252958000,-85.769003277,0.335,11/13/2019 12:00:00 AM,0859,2,2,0,1,CLEAR,DRY,False,SIDESWIPE-SAME DIRECTION,SIDESWIPE-SAME DIRECTION,STRAIGHT & LEVEL,DAYLIGHT,,,11/15/2019 8:08:48 AM,False,5295,Accepted,
25926648,0568000,LOUISVILLE METRO POLICE DEPT,Accepted,JEFFERSON,,,MUHAMMAD ALI,BLVD,E,,BROOK,,,,,38.250496218,-85.751562341,0.984,11/13/2019 12:00:00 AM,0808,2,2,0,0,CLEAR,DRY,False,SIDESWIPE-SAME DIRECTION,SIDESWIPE-SAME DIRECTION,STRAIGHT & LEVEL,DAYLIGHT,,,11/15/2019 8:12:05 AM,False,5265,Accepted,
25921753,0568000,LOUISVILLE METRO POLICE DEPT,Accepted,JEFFERSON,,,INDIAN,TRL,E,KY1703,NEWBURG,,,,,38.184527118,-85.665606874,2.537,11/13/2019 12:00:00 AM,0824,2,2,0,0,CLEAR,DRY,False,SIDESWIPE-SAME DIRECTION,SIDESWIPE-SAME DIRECTION,CURVE & LEVEL,DAYLIGHT,,,11/14/2019 8:14:48 AM,False,5292,Accepted,
25926831,0568000,LOUISVILLE METRO POLICE DEPT,Accepted,JEFFERSON,,,2ND,ST,N,US0031E,MAIN,,,,,38.256593323,-85.753265624,0.022,11/13/2019 12:00:00 AM,1905,2,2,0,0,CLEAR,DRY,True,OPPOSITE DIRECTION - BOTH VEHICLES GOING STRAIGHT AHEAD,SIDESWIPE-OPPOSITE DIRECTION,STRAIGHT & LEVEL,DARK-HWY LIGHTED/ON,,,11/15/2019 8:26:51 AM,False,5123,Accepted,
25921768,0568000,LOUISVILLE METRO POLICE DEPT,Accepted,JEFFERSON,US0031E,,BARDSTOWN,RD,,KY1932,BRECKENRIDGE,,,,,38.181452157,-85.627151688,8.719,11/13/2019 12:00:00 AM,1420,2,2,0,0,CLEAR,DRY,False,OPPOSING LEFT TURN,OPPOSING LEFT TURN,STRAIGHT & LEVEL,DAYLIGHT,,,11/14/2019 8:17:39 AM,False,7303,Accepted,
25921785,0568000,LOUISVILLE METRO POLICE DEPT,Accepted,JEFFERSON,KY1065,,OUTER,LOOP,,,BRIARCLIFF,,,,,38.136137758,-85.697103690,5.470,11/13/2019 12:00:00 AM,1824,2,2,0,2,CLEAR,DRY,False,OPPOSING LEFT TURN,OPPOSING LEFT TURN,STRAIGHT & LEVEL,DARK-HWY NOT LIGHTED,,,11/14/2019 8:20:23 AM,False,4693,Accepted,
25921748,0568000,LOUISVILLE METRO POLICE DEPT,Accepted,JEFFERSON,,,JEFFERSON,BLVD,,,BATES,,,,,38.140132365,-85.675002768,0.153,11/13/2019 12:00:00 AM,1409,2,2,0,0,CLOUDY,DRY,False,REAR END - ONE VEHICLE TURNING RIGHT,REAR END,STRAIGHT & LEVEL,DAYLIGHT,,,11/14/2019 8:14:06 AM,False,4693,Accepted,
25926666,0568000,LOUISVILLE METRO POLICE DEPT,Accepted,JEFFERSON,,,WATTERSON,TRL,,US0031E,BARDSTOWN,,,,,38.179084052,-85.622738277,0.013,11/13/2019 12:00:00 AM,1807,2,2,0,0,CLEAR,DRY,False,REAR END - ONE VEHICLE TURNING RIGHT,REAR END,CURVE & LEVEL,DARK-HWY LIGHTED/ON,,,11/15/2019 8:13:02 AM,False,7303,Accepted,
25926721,0568000,LOUISVILLE METRO POLICE DEPT,Accepted,JEFFERSON,,,YOUNG,AVE,,,38TH,,,,,38.231041536,-85.818323894,0.672,11/13/2019 12:00:00 AM,1537,2,2,0,0,CLEAR,DRY,False,ANGLE COLLISION - ONE VEHICLE TURNING LEFT,ANGLE,STRAIGHT & LEVEL,DAYLIGHT,,,11/15/2019 8:14:29 AM,False,6860,Accepted,
25917220,0568000,LOUISVILLE METRO POLICE DEPT,Accepted,JEFFERSON,,,JEANINE,DR,,,GLEN VALLEY,,,,,38.160650221,-85.688341802,0.207,11/13/2019 12:00:00 AM,0739,2,2,0,0,CLEAR,DRY,False,ANGLE COLLISION - ONE VEHICLE TURNING LEFT,ANGLE,STRAIGHT & LEVEL,DAYLIGHT,,,11/13/2019 10:14:38 AM,False,2796,Accepted,
25937629,0568000,LOUISVILLE METRO POLICE DEPT,Accepted,JEFFERSON,,,FLOYD,ST,S,US0031E,MARKET,,,,,38.254229729,-85.748126515,0.094,11/13/2019 12:00:00 AM,1820,2,1,0,1,CLEAR,DRY,False,COLLISION WITH PEDESTRIAN IN INTERSECTION,SINGLE VEHICLE,STRAIGHT & LEVEL,DARK-HWY LIGHTED/ON,,,11/18/2019 9:27:09 AM,False,7058,Accepted,
25917185,0568000,LOUISVILLE METRO POLICE DEPT,Accepted,JEFFERSON,,,LYTLE,ST,,US0150,22ND,,,,,38.267579815,-85.783152228,0.642,11/13/2019 12:00:00 AM,0830,2,1,0,1,CLEAR,DRY,False,COLLISION WITH PEDESTRIAN IN INTERSECTION,SINGLE VEHICLE,STRAIGHT & LEVEL,DAYLIGHT,,,11/13/2019 10:10:53 AM,False,7305,Accepted,
25917177,0568000,LOUISVILLE METRO POLICE DEPT,Accepted,JEFFERSON,US0031E,,BARDSTOWN,RD,,,GLENMARY VILLAGE,,,,,38.102821075,-85.565415394,2.067,11/13/2019 12:00:00 AM,0641,1,1,0,0,CLOUDY,DRY,False,COLLISION WITH ANIMAL IN INTERSECTION,SINGLE VEHICLE,CURVE & GRADE,DAWN,,,11/13/2019 10:09:14 AM,False,6028,Accepted,
25921744,0568000,LOUISVILLE METRO POLICE DEPT,Accepted,JEFFERSON,US0060A,,EASTERN,PKWY,,KY1703,BAXTER,,,,,38.228926252,-85.715256818,6.443,11/13/2019 12:00:00 AM,1603,2,2,0,0,CLEAR,DRY,False,ANGLE COLLISION - OTHER,ANGLE,STRAIGHT & LEVEL,DAYLIGHT,,,11/14/2019 8:13:49 AM,False,5020,Accepted,
25921806,0568000,LOUISVILLE METRO POLICE DEPT,Accepted,JEFFERSON,,,INDUSTRY,RD,,,9TH,,,,,38.218021729,-85.771544209,0.323,11/13/2019 12:00:00 AM,1901,2,2,0,0,CLEAR,DRY,False,ANGLE COLLISION - OTHER,ANGLE,CURVE & LEVEL,DARK-HWY LIGHTED/ON,,,11/14/2019 8:24:13 AM,False,5052,Accepted,
25921777,0568000,LOUISVILLE METRO POLICE DEPT,Accepted,JEFFERSON,KY1931,,GREENWOOD,RD,,,SKY BLUE,,,,,38.143997880,-85.852079114,2.457,11/13/2019 12:00:00 AM,1219,2,2,0,0,CLEAR,DRY,False,ANGLE COLLISION - OTHER,ANGLE,STRAIGHT & LEVEL,DAYLIGHT,,,11/14/2019 8:18:47 AM,False,7234,Accepted,
25926740,0568000,LOUISVILLE METRO POLICE DEPT,Accepted,JEFFERSON,US0031W,,DIXIE,HWY,,,LOWER HUNTERS,,,,,38.156146515,-85.834631403,12.437,11/13/2019 12:00:00 AM,1854,2,2,0,0,CLEAR,DRY,False,ANGLE COLLISION - OTHER,ANGLE,STRAIGHT & LEVEL,DARK-HWY LIGHTED/ON,,,11/15/2019 8:16:19 AM,False,5224,Accepted,
25921773,0568000,LOUISVILLE METRO POLICE DEPT,Accepted,JEFFERSON,,,BROADWAY,,W,,27TH,,,,,38.249530103,-85.796606234,0.456,11/13/2019 12:00:00 AM,1539,2,2,0,0,CLOUDY,DRY,False,ANGLE COLLISION - OTHER,ANGLE,STRAIGHT & LEVEL,DAYLIGHT,,,11/14/2019 8:18:07 AM,False,7969,Accepted,
25921763,0568000,LOUISVILLE METRO POLICE DEPT,Accepted,JEFFERSON,US0060A,,EASTERN,PKWY,,,DAHLIA,,,,,38.225198463,-85.724386777,5.864,11/13/2019 12:00:00 AM,1820,2,2,0,0,CLOUDY,DRY,False,ANGLE COLLISION - OTHER,ANGLE,CURVE & GRADE,DARK-HWY LIGHTED/ON,,,11/14/2019 8:16:36 AM,False,2228,Accepted,
25921793,0568000,LOUISVILLE METRO POLICE DEPT,Accepted,JEFFERSON,,,FEGENBUSH,LN,,,NORFOLK,,,,,38.183865096,-85.638377221,0.234,11/13/2019 12:00:00 AM,2314,2,2,0,0,CLEAR,DRY,False,ANGLE COLLISION - OTHER,ANGLE,STRAIGHT & LEVEL,DARK-HWY LIGHTED/ON,,,11/14/2019 8:21:16 AM,False,5207,Accepted,
26030560,0568000,LOUISVILLE METRO POLICE DEPT,Accepted,JEFFERSON,KY1747,,FERN VALLEY,RD,,KY2052,SHEPHERDSVILLE,,,,,38.156360425,-85.660407882,3.939,11/13/2019 12:00:00 AM,1700,2,2,0,0,CLEAR,DRY,False,ANGLE COLLISION - OTHER,ANGLE,STRAIGHT & LEVEL,DAYLIGHT,,,12/9/2019 9:22:51 AM,False,7486,Accepted,
26115346,0568000,LOUISVILLE METRO POLICE DEPT,Accepted,JEFFERSON,,,4TH,ST,S,,BRECKINRIDGE,,,,,38.241867917,-85.759208002,1.021,11/13/2019 12:00:00 AM,1547,2,2,0,0,CLEAR,DRY,False,ANGLE COLLISION - OTHER,ANGLE,STRAIGHT & LEVEL,DAYLIGHT,,,12/30/2019 9:19:52 AM,False,7495,Accepted,
25917092,0568000,LOUISVILLE METRO POLICE DEPT,Accepted,JEFFERSON,US0060A,,LEXINGTON,RD,,KY2048,CANNONS,,,,,38.249728201,-85.667032664,9.960,11/12/2019 12:00:00 AM,1518,2,2,0,1,CLEAR,DRY,False,ANGLE COLLISION - OTHER,ANGLE,STRAIGHT & LEVEL,DAYLIGHT,,,11/13/2019 9:56:17 AM,False,5243,Accepted,
25917117,0568000,LOUISVILLE METRO POLICE DEPT,Accepted,JEFFERSON,,,VERMONT,AVE,,,40TH,,,,,38.256604949,-85.816753817,0.881,11/12/2019 12:00:00 AM,1833,2,2,0,1,CLEAR,DRY,False,ANGLE COLLISION - OTHER,ANGLE,STRAIGHT & LEVEL,DARK-HWY LIGHTED/ON,,,11/13/2019 10:03:42 AM,False,5290,Accepted,
25917113,0568000,LOUISVILLE METRO POLICE DEPT,Accepted,JEFFERSON,KY0155,,TAYLORSVILLE,RD,,,POPE LICK,,,,,38.190810462,-85.486889690,4.874,11/12/2019 12:00:00 AM,1825,2,2,0,0,CLOUDY,DRY,False,ANGLE COLLISION - OTHER,ANGLE,STRAIGHT & LEVEL,DARK-HWY NOT LIGHTED,,,11/13/2019 10:00:59 AM,False,7698,Accepted,
25917090,0568000,LOUISVILLE METRO POLICE DEPT,Accepted,JEFFERSON,,,FLOYD,ST,S,,ORMSBY,,,,,38.231486741,-85.752161474,1.684,11/12/2019 12:00:00 AM,1420,2,2,0,0,CLEAR,DRY,False,ANGLE COLLISION - OTHER,ANGLE,STRAIGHT & LEVEL,DAYLIGHT,,,11/13/2019 9:55:37 AM,False,5260,Accepted,
25917116,0568000,LOUISVILLE METRO POLICE DEPT,Accepted,JEFFERSON,,,SHIPP,AVE,W,,7TH,,,,,38.226230770,-85.769310150,0.001,11/12/2019 12:00:00 AM,0937,2,2,0,0,CLEAR,DRY,False,ANGLE COLLISION - OTHER,ANGLE,CURVE & LEVEL,DAYLIGHT,,,11/13/2019 10:02:35 AM,False,7422,Accepted,
25917037,0568000,LOUISVILLE METRO POLICE DEPT,Accepted,JEFFERSON,KY1747,,HURSTBOURNE,PKWY,,,HAMES,,,,,38.166647693,-85.606463081,7.306,11/12/2019 12:00:00 AM,0744,4,4,0,1,CLEAR,DRY,False,ANGLE COLLISION - OTHER,ANGLE,STRAIGHT & LEVEL,DAYLIGHT,,,11/13/2019 9:49:11 AM,False,2017,Accepted,
25910858,0568000,LOUISVILLE METRO POLICE DEPT,Accepted,JEFFERSON,,,34TH,ST,S,,GRAND,,,,,38.241757058,-85.809719475,1.439,11/12/2019 12:00:00 AM,0121,3,3,0,1,RAINING,WET,False,ANGLE COLLISION - OTHER,ANGLE,STRAIGHT & LEVEL,DARK-HWY LIGHTED/ON,,,11/12/2019 7:48:57 AM,False,5256,Accepted,
25917146,0568000,LOUISVILLE METRO POLICE DEPT,Accepted,JEFFERSON,KY0061,,PRESTON,HWY,,,VIM,,,,,38.172173791,-85.710130922,6.631,11/12/2019 12:00:00 AM,2317,2,2,0,1,CLEAR,DRY,False,ANGLE COLLISION - OTHER,ANGLE,STRAIGHT & LEVEL,DARK-HWY LIGHTED/ON,,,11/13/2019 10:06:56 AM,False,5165,Accepted,
25917169,0568000,LOUISVILLE METRO POLICE DEPT,Accepted,JEFFERSON,KY2055,,MANSLICK,RD,W,,KEYS FERRY,,,,,38.115408458,-85.784408038,3.093,11/12/2019 12:00:00 AM,2001,2,2,0,0,CLEAR,DRY,True,ANGLE COLLISION - OTHER,ANGLE,STRAIGHT & LEVEL,DARK-HWY LIGHTED/ON,,,11/13/2019 10:08:06 AM,False,7321,Accepted,
25917078,0568000,LOUISVILLE METRO POLICE DEPT,Accepted,JEFFERSON,,,PIGEON PASS,RD,,KY0061,PRESTON,,,,,38.175911870,-85.714073913,,11/12/2019 12:00:00 AM,1523,2,2,0,0,CLOUDY,DRY,True,ANGLE COLLISION - OTHER,ANGLE,STRAIGHT & GRADE,DAWN,,,11/13/2019 9:53:49 AM,False,5153,Accepted,
25917103,0568000,LOUISVILLE METRO POLICE DEPT,Accepted,JEFFERSON,US0031E,,BARDSTOWN,RD,,,ST GABRIEL,,,,,38.166436786,-85.601286161,6.970,11/12/2019 12:00:00 AM,1707,2,2,0,0,CLOUDY,DRY,False,ANGLE COLLISION - OTHER,ANGLE,STRAIGHT & LEVEL,DAWN,,,11/13/2019 9:59:00 AM,False,7465,Accepted,
25917126,0568000,LOUISVILLE METRO POLICE DEPT,Accepted,JEFFERSON,,,SIX MILE,LN,,KY1747,HURSTBOURNE,,,,,38.198933081,-85.605002413,2.755,11/12/2019 12:00:00 AM,2250,1,1,0,0,CLOUDY,DRY,False,COLLISION WITH ANIMAL IN INTERSECTION,SINGLE VEHICLE,STRAIGHT & LEVEL,DARK-HWY NOT LIGHTED,,,11/13/2019 10:05:30 AM,False,2234,Accepted,
25948805,0568000,LOUISVILLE METRO POLICE DEPT,Accepted,JEFFERSON,,,BROOK,ST,S,,MUHAMMAD ALI,,,,,38.250542449,-85.751636846,3.201,11/12/2019 12:00:00 AM,1523,2,2,0,0,CLOUDY,DRY,False,ANGLE COLLISION - ONE VEHICLE TURNING LEFT,ANGLE,STRAIGHT & LEVEL,DAYLIGHT,,,11/20/2019 9:26:07 AM,False,2403,Accepted,
25917099,0568000,LOUISVILLE METRO POLICE DEPT,Accepted,JEFFERSON,US0150,,BROADWAY,,W,,17TH,,,,,38.248656361,-85.779859717,1.192,11/12/2019 12:00:00 AM,1700,2,2,0,0,CLOUDY,DRY,False,COLLISION WITH PARKED VEHICLE,SIDESWIPE-SAME DIRECTION,STRAIGHT & LEVEL,DUSK,,,11/13/2019 9:57:46 AM,False,5275,Accepted,
25917016,0568000,LOUISVILLE METRO POLICE DEPT,Accepted,JEFFERSON,,,LAMPTON,ST,,KY0061,JACKSON,,,,,38.241970919,-85.746127588,0.105,11/12/2019 12:00:00 AM,0953,2,2,0,0,CLEAR,DRY,False,COLLISION WITH PARKED VEHICLE,SIDESWIPE-SAME DIRECTION,STRAIGHT & LEVEL,DAYLIGHT,,,11/13/2019 9:45:48 AM,False,7391,Accepted,
25917123,0568000,LOUISVILLE METRO POLICE DEPT,Accepted,JEFFERSON,,,4TH,ST,S,,GAULBERT,,,,,38.224696390,-85.762139701,2.223,11/12/2019 12:00:00 AM,2110,2,2,0,0,CLEAR,DRY,False,COLLISION WITH PARKED VEHICLE,ANGLE,STRAIGHT & LEVEL,DARK-HWY LIGHTED/ON,,,11/13/2019 10:04:57 AM,False,7527,Accepted,
25937679,0568000,LOUISVILLE METRO POLICE DEPT,Accepted,JEFFERSON,KY1931,,MANSLICK,RD,,KY1931,7TH STREET,,,,,38.196729139,-85.799073164,8.433,11/12/2019 12:00:00 AM,0913,2,2,0,0,CLEAR,DRY,False,OPPOSING LEFT TURN,OPPOSING LEFT TURN,STRAIGHT & LEVEL,DAYLIGHT,,,11/18/2019 9:36:35 AM,False,7144,Accepted,
25910870,0568000,LOUISVILLE METRO POLICE DEPT,Accepted,JEFFERSON,KY1447,,WESTPORT,RD,,,MURPHY,,,,,38.302171050,-85.532611232,7.569,11/12/2019 12:00:00 AM,0537,2,2,0,0,CLOUDY,DRY,False,OPPOSING LEFT TURN,OPPOSING LEFT TURN,STRAIGHT & LEVEL,DAWN,,,11/12/2019 7:50:25 AM,False,5155,Accepted,
25917133,0568000,LOUISVILLE METRO POLICE DEPT,Accepted,JEFFERSON,KY1747,,FERN VALLEY,RD,,KY0864,POPLAR LEVEL,,,,,38.157839722,-85.645981309,4.782,11/12/2019 12:00:00 AM,1953,2,2,0,0,CLEAR,DRY,False,OPPOSING LEFT TURN,OPPOSING LEFT TURN,STRAIGHT & LEVEL,DARK-HWY LIGHTED/ON,,,11/13/2019 10:06:13 AM,False,2089,Accepted,
25917155,0568000,LOUISVILLE METRO POLICE DEPT,Accepted,JEFFERSON,,,MILNER,RD,,,DOYLE,,,,,38.163293080,-85.835195788,0.203,11/12/2019 12:00:00 AM,2242,2,2,0,1,CLEAR,DRY,False,OPPOSITE DIRECTION - BOTH VEHICLES GOING STRAIGHT AHEAD,SIDESWIPE-OPPOSITE DIRECTION,STRAIGHT & LEVEL,DARK (UNKNOWN ROADWAY LIGHTING),,,11/13/2019 10:07:04 AM,False,5059,Accepted,
25917064,0568000,LOUISVILLE METRO POLICE DEPT,Accepted,JEFFERSON,KY2052,,SHEPHERDSVILLE,RD,,KY0864,POPLAR LEVEL,,,,,38.160158048,-85.660102597,1.486,11/12/2019 12:00:00 AM,1523,2,2,0,0,CLEAR,DRY,False,SIDESWIPE-SAME DIRECTION,SIDESWIPE-SAME DIRECTION,STRAIGHT & LEVEL,DAYLIGHT,,,11/13/2019 9:53:03 AM,False,7482,Accepted,
25917091,0568000,LOUISVILLE METRO POLICE DEPT,Accepted,JEFFERSON,US0060A,,CHEROKEE,PKWY,,,LONGEST,,,,,38.240763544,-85.706379554,7.567,11/12/2019 12:00:00 AM,1327,2,2,0,0,CLEAR,DRY,True,SIDESWIPE-SAME DIRECTION,SIDESWIPE-SAME DIRECTION,STRAIGHT & LEVEL,DAYLIGHT,,,11/13/2019 9:55:47 AM,False,5243,Accepted,
25917166,0568000,LOUISVILLE METRO POLICE DEPT,Accepted,JEFFERSON,KY0061,,PRESTON,HWY,,,ANTLE,,,,,38.087524229,-85.667813710,0.258,11/12/2019 12:00:00 AM,1934,2,2,0,0,CLEAR,DRY,False,SIDESWIPE-SAME DIRECTION,SIDESWIPE-SAME DIRECTION,STRAIGHT & LEVEL,DARK-HWY LIGHTED/ON,,,11/13/2019 10:07:40 AM,False,5138,Accepted,
25975281,0568000,LOUISVILLE METRO POLICE DEPT,Accepted,JEFFERSON,,,ROY WILKINS,AVE,,,CONGRESS,,,,,38.255411729,-85.765053561,0.151,11/12/2019 12:00:00 AM,1617,2,2,0,0,CLOUDY,DRY,False,SIDESWIPE-SAME DIRECTION,SIDESWIPE-SAME DIRECTION,STRAIGHT & LEVEL,DAYLIGHT,,,11/26/2019 8:28:17 AM,False,7940,Accepted,
25980663,0568000,LOUISVILLE METRO POLICE DEPT,Accepted,JEFFERSON,,,7TH,ST,S,,SHIPP,,,,,38.226205614,-85.769288296,0.615,11/12/2019 12:00:00 AM,1643,2,2,0,0,CLEAR,DRY,False,SIDESWIPE-SAME DIRECTION,SIDESWIPE-SAME DIRECTION,STRAIGHT & LEVEL,DAYLIGHT,,,11/27/2019 8:26:58 AM,False,5273,Accepted,
25917120,0568000,LOUISVILLE METRO POLICE DEPT,Accepted,JEFFERSON,US0060,,SHELBYVILLE,RD,,KY0913,BLANKENBAKER,,,,,38.244055095,-85.547055446,9.478,11/12/2019 12:00:00 AM,1835,2,2,0,0,CLEAR,DRY,False,VEHICLE BACKING IN INTERSECTION,BACKING,STRAIGHT & LEVEL,DARK-HWY LIGHTED/ON,,,11/13/2019 10:04:20 AM,False,6406,Accepted,
25937673,0568000,LOUISVILLE METRO POLICE DEPT,Accepted,JEFFERSON,,1200B,MANITAU,AVE,,,,,,,,38.184910732,-85.783753997,0.014,11/12/2019 12:00:00 AM,0722,2,2,0,0,CLEAR,DRY,True,1 VEHICLE PARKED POSITION (NOT PARKING LOT/DRIVEWAY),ANGLE,STRAIGHT & LEVEL,UNKNOWN,,,11/18/2019 9:34:30 AM,False,7010,Accepted,
25916992,0568000,LOUISVILLE METRO POLICE DEPT,Accepted,JEFFERSON,,1106,34TH,ST,S,,,,,,,38.241508987,-85.809824643,1.430,11/12/2019 12:00:00 AM,0700,2,2,0,0,SNOWING,SNOW/SLUSH,True,1 VEHICLE PARKED POSITION (NOT PARKING LOT/DRIVEWAY),SIDESWIPE-SAME DIRECTION,STRAIGHT & LEVEL,UNKNOWN,,,11/13/2019 9:41:31 AM,False,7460,Accepted,
25917138,0568000,LOUISVILLE METRO POLICE DEPT,Accepted,JEFFERSON,,4108,NAOMI,DR,,,,,NORENE,,LULA,38.164416545,-85.684748050,0.258,11/12/2019 12:00:00 AM,1928,2,2,0,0,CLEAR,DRY,False,1 VEHICLE PARKED POSITION (NOT PARKING LOT/DRIVEWAY),ANGLE,STRAIGHT & LEVEL,DARK-HWY LIGHTED/ON,,,11/13/2019 10:06:39 AM,False,5165,Accepted,
25917124,0568000,LOUISVILLE METRO POLICE DEPT,Accepted,JEFFERSON,,3001,CHAMBERLAIN,LN,,,,,,,,38.296041292,-85.540779714,1.865,11/12/2019 12:00:00 AM,2108,2,2,0,0,CLOUDY,DRY,False,1 VEHICLE PARKED POSITION (NOT PARKING LOT/DRIVEWAY),BACKING,STRAIGHT & LEVEL,DARK (UNKNOWN ROADWAY LIGHTING),,,11/13/2019 10:05:10 AM,False,5155,Accepted,
25917087,0568000,LOUISVILLE METRO POLICE DEPT,Accepted,JEFFERSON,,,BARONESS,AVE,,,,,CLAY,KY0864,SHELBY,38.235943489,-85.742120242,0.052,11/12/2019 12:00:00 AM,1508,2,2,0,0,CLOUDY,DRY,False,1 VEHICLE PARKED POSITION (NOT PARKING LOT/DRIVEWAY),SIDESWIPE-SAME DIRECTION,STRAIGHT & LEVEL,DAYLIGHT,,,11/13/2019 9:54:59 AM,False,7418,Accepted,
25915243,0560300,ST. MATTHEWS POLICE DEPARTMENT,Accepted,JEFFERSON,,125,WILTSHIRE,AVE,,,,,,,,38.251310414,-85.655372854,0.083,11/12/2019 12:00:00 AM,1528,2,2,0,0,CLEAR,DRY,False,1 VEHICLE PARKED POSITION (NOT PARKING LOT/DRIVEWAY),SIDESWIPE-SAME DIRECTION,STRAIGHT & LEVEL,DAYLIGHT,,,11/12/2019 10:01:33 PM,False,9195,Accepted,