IncidentID,AgencyORI,AgencyName,IncidentStatusDesc,County,RdwyNumber,Street,RoadwayName,StreetSfx,StreetDir,IntersectionRdwy,IntersectionRdwyName,BetweenStRdwy1,BetweenStRdwyName1,BetweenStRdwy2,BetweenStRdwyName2,Latitude,Longitude,Milepoint,CollisionDate,CollisionTime,UnitsInvolved,MotorVehiclesInvolved,NumberKilled,NumberInjured,Weather,RdwyConditionCode,HitandRun,DirAnalysisCode,MannerofCollision,RdwyCharacter,LightCondition,RampFromRdwyId,RampToRdwyId,AcceptedDate,IsSecondaryCollision,OwnerBadge,IncidentStatus,
25926621,0568000,LOUISVILLE METRO POLICE DEPT,Accepted,JEFFERSON,,,ANGIES,WAY,,,CHAMBERLAIN,,,,,38.315055479,-85.568453413,0.227,11/12/2019 12:00:00 AM,1534,2,2,0,0,CLEAR,DRY,False,OTHER INTERSECTION COLLISIONS,REAR END,STRAIGHT & LEVEL,DAYLIGHT,,,11/15/2019 8:06:50 AM,False,7858,Accepted,
25917007,0568000,LOUISVILLE METRO POLICE DEPT,Accepted,JEFFERSON,,,NORTON COMMONS,BLVD,,,MEETING,,,,,38.324776078,-85.566651116,0.327,11/12/2019 12:00:00 AM,0918,2,2,0,0,CLEAR,ICE,False,OTHER INTERSECTION COLLISIONS,REAR END,STRAIGHT & LEVEL,DAYLIGHT,,,11/13/2019 9:43:59 AM,False,6830,Accepted,
25917105,0568000,LOUISVILLE METRO POLICE DEPT,Accepted,JEFFERSON,,,1ST,ST,S,,OAK,,,,,38.234575959,-85.755340702,1.499,11/12/2019 12:00:00 AM,1522,2,2,0,0,CLEAR,DRY,False,OTHER INTERSECTION COLLISIONS,REAR END,STRAIGHT & LEVEL,DAYLIGHT,,,11/13/2019 9:59:23 AM,False,5213,Accepted,
25917059,0568000,LOUISVILLE METRO POLICE DEPT,Accepted,JEFFERSON,US0031E,,BARDSTOWN,RD,,,GOLDSMITH,,,,,38.208389512,-85.669111942,11.778,11/12/2019 12:00:00 AM,1141,2,2,0,0,CLEAR,DRY,False,OTHER INTERSECTION COLLISIONS,REAR END,STRAIGHT & LEVEL,DAYLIGHT,,,11/13/2019 9:52:30 AM,False,7059,Accepted,
25917094,0568000,LOUISVILLE METRO POLICE DEPT,Accepted,JEFFERSON,US0150,,BROADWAY,,W,,5TH,,,,,38.246178637,-85.760065315,2.294,11/12/2019 12:00:00 AM,0938,2,2,0,0,CLEAR,DRY,False,OTHER INTERSECTION COLLISIONS,REAR END,STRAIGHT & LEVEL,DAYLIGHT,,,11/13/2019 9:56:35 AM,False,5173,Accepted,
25917028,0568000,LOUISVILLE METRO POLICE DEPT,Accepted,JEFFERSON,,,GARDINER,LN,,US0031E,BARDSTOWN,,,,,38.212633110,-85.672345755,1.210,11/12/2019 12:00:00 AM,1200,2,2,0,0,CLEAR,DRY,False,OTHER INTERSECTION COLLISIONS,REAR END,STRAIGHT & LEVEL,DAYLIGHT,,,11/13/2019 9:48:07 AM,False,5243,Accepted,
25916996,0568000,LOUISVILLE METRO POLICE DEPT,Accepted,JEFFERSON,,,PORTLAND,AVE,,,,,,,,38.266824017,-85.780473045,0.531,11/12/2019 12:00:00 AM,0640,1,1,0,0,SNOWING,ICE,False,COLLISION WITH FIXED OBJECT NON - INTERSECTION - FIRST EVENT COLLISION 09 - 32 EXCLUDING 16,SINGLE VEHICLE,CURVE & HILLCREST,DARK-HWY LIGHTED/ON,,,11/13/2019 9:41:51 AM,False,7988,Accepted,
25916998,0568000,LOUISVILLE METRO POLICE DEPT,Accepted,JEFFERSON,I 0265,,,,,,,I 0265,I265 S EXIT33 OFF RAMP TO  CHAMBERLAIN LN,KY1447,WESTPORT,38.296916065,-85.550028191,0.279,11/12/2019 12:00:00 AM,0735,1,1,0,0,CLEAR,ICE,False,COLLISION WITH FIXED OBJECT NON - INTERSECTION - FIRST EVENT COLLISION 09 - 32 EXCLUDING 16,SINGLE VEHICLE,CURVE & GRADE,DAYLIGHT,,,11/13/2019 9:42:20 AM,False,6929,Accepted,
25910857,0568000,LOUISVILLE METRO POLICE DEPT,Accepted,JEFFERSON,US0031W,10115,DIXIE,HWY,,,,,,,,38.107863698,-85.866192774,8.612,11/12/2019 12:00:00 AM,0146,1,1,0,0,SNOWING,WET,True,COLLISION WITH FIXED OBJECT NON - INTERSECTION - FIRST EVENT COLLISION 09 - 32 EXCLUDING 16,SINGLE VEHICLE,STRAIGHT & LEVEL,DARK-HWY LIGHTED/ON,,,11/12/2019 7:48:52 AM,False,5033,Accepted,
25938187,0568000,LOUISVILLE METRO POLICE DEPT,Accepted,JEFFERSON,,6600,GLENBROOK,AVE,,,,,,,,38.190638700,-85.873530842,0.104,11/12/2019 12:00:00 AM,0929,1,1,0,0,SNOWING,SNOW/SLUSH,True,COLLISION WITH FIXED OBJECT NON - INTERSECTION - FIRST EVENT COLLISION 09 - 32 EXCLUDING 16,SINGLE VEHICLE,STRAIGHT & LEVEL,DARK-HWY LIGHTED/OFF,,,11/18/2019 10:44:19 AM,False,7381,Accepted,
25917045,0568000,LOUISVILLE METRO POLICE DEPT,Accepted,JEFFERSON,KY1020,4513,SOUTHERN,PKWY,,,,,,,,38.189070788,-85.766734314,8.343,11/12/2019 12:00:00 AM,0859,2,2,0,0,CLOUDY,WET,False,REAR END IN TRAFFIC LANES BOTH VEHICLES MOVING,REAR END,STRAIGHT & LEVEL,DAYLIGHT,,,11/13/2019 9:50:32 AM,False,2745,Accepted,
25917096,0568000,LOUISVILLE METRO POLICE DEPT,Accepted,JEFFERSON,KY1931,,ST ANDREWS CHURCH,RD,,,,,,,,38.152857609,-85.817312542,4.553,11/12/2019 12:00:00 AM,1513,2,2,0,0,CLEAR,DRY,False,REAR END IN TRAFFIC LANES BOTH VEHICLES MOVING,REAR END,STRAIGHT & LEVEL,DAYLIGHT,,,11/13/2019 9:56:57 AM,False,5250,Accepted,
25917112,0568000,LOUISVILLE METRO POLICE DEPT,Accepted,JEFFERSON,,,STONESTREET,RD,,,,,,,,38.099252880,-85.824248473,2.473,11/12/2019 12:00:00 AM,0857,2,2,0,0,CLEAR,DRY,False,REAR END IN TRAFFIC LANES BOTH VEHICLES MOVING,REAR END,STRAIGHT & LEVEL,DAYLIGHT,,,11/13/2019 10:00:44 AM,False,7274,Accepted,
25917102,0568000,LOUISVILLE METRO POLICE DEPT,Accepted,JEFFERSON,KY1932,,BRECKENRIDGE,LN,,,,,LANDSIDE,,SIX MILE,38.198897237,-85.624504532,1.223,11/12/2019 12:00:00 AM,1738,2,2,0,0,CLOUDY,DRY,False,REAR END IN TRAFFIC LANES BOTH VEHICLES MOVING,REAR END,STRAIGHT & LEVEL,DARK-HWY NOT LIGHTED,,,11/13/2019 9:58:49 AM,False,7059,Accepted,
25917061,0568000,LOUISVILLE METRO POLICE DEPT,Accepted,JEFFERSON,KY2052,,SHEPHERDSVILLE,RD,,,,,RURAL,,RANGELAND,38.170180128,-85.659513123,2.180,11/12/2019 12:00:00 AM,1507,2,2,0,3,CLEAR,DRY,False,REAR END IN TRAFFIC LANES BOTH VEHICLES MOVING,REAR END,STRAIGHT & LEVEL,DAYLIGHT,,,11/13/2019 9:52:47 AM,False,7059,Accepted,
25917004,0568000,LOUISVILLE METRO POLICE DEPT,Accepted,JEFFERSON,I 0071,,I71 N,,,,,,,,,38.289656244,-85.648743239,4.933,11/12/2019 12:00:00 AM,0832,3,3,0,0,CLEAR,OTHER,False,REAR END IN TRAFFIC LANES BOTH VEHICLES MOVING,REAR END,CURVE & LEVEL,DAYLIGHT,,,11/13/2019 9:43:46 AM,False,4903,Accepted,
25917070,0568000,LOUISVILLE METRO POLICE DEPT,Accepted,JEFFERSON,I 0071,,I71 N,,,,,I 0071,I71 S EXIT35A RAMP TO I71 N,I 0071,I71 N EXIT9A RAMP TO I265 E,38.311679805,-85.587947751,8.699,11/12/2019 12:00:00 AM,1558,2,2,0,0,CLOUDY,DRY,False,REAR END IN TRAFFIC LANES BOTH VEHICLES MOVING,REAR END,STRAIGHT & LEVEL,DAYLIGHT,,,11/13/2019 9:53:21 AM,False,2969,Accepted,
25937509,0568000,LOUISVILLE METRO POLICE DEPT,Accepted,JEFFERSON,KY0864,,BEULAH CHURCH,RD,,,,,,,,38.133603966,-85.613848539,3.977,11/12/2019 12:00:00 AM,1618,3,3,0,0,CLOUDY,DRY,False,REAR END IN TRAFFIC LANES BOTH VEHICLES MOVING,REAR END,STRAIGHT & LEVEL,DAYLIGHT,,,11/18/2019 9:15:00 AM,False,4693,Accepted,
25937837,0568000,LOUISVILLE METRO POLICE DEPT,Accepted,JEFFERSON,KY1065,,OUTER,LOOP,,,,,LONE OAK,KY0061,PRESTON,38.138298347,-85.687257107,6.020,11/12/2019 12:00:00 AM,1844,2,2,0,0,CLEAR,DRY,False,REAR END IN TRAFFIC LANES BOTH VEHICLES MOVING,REAR END,STRAIGHT & LEVEL,DARK-HWY LIGHTED/ON,,,11/18/2019 10:00:57 AM,False,7289,Accepted,
25917125,0568000,LOUISVILLE METRO POLICE DEPT,Accepted,JEFFERSON,KY0061,,PRESTON,HWY,,,,,,,,38.090578490,-85.668591513,0.490,11/12/2019 12:00:00 AM,2100,2,2,0,0,CLEAR,DRY,False,SIDESWIPE COLLISION - SAME DIRECTION,SIDESWIPE-SAME DIRECTION,STRAIGHT & LEVEL,DARK (UNKNOWN ROADWAY LIGHTING),,,11/13/2019 10:05:18 AM,False,5248,Accepted,
25917056,0568000,LOUISVILLE METRO POLICE DEPT,Accepted,JEFFERSON,KY1747,,HURSTBOURNE,PKWY,S,,,,,,,38.218787843,-85.584093883,11.462,11/12/2019 12:00:00 AM,1500,2,2,0,0,CLEAR,DRY,False,SIDESWIPE COLLISION - SAME DIRECTION,SIDESWIPE-SAME DIRECTION,STRAIGHT & LEVEL,DAYLIGHT,,,11/13/2019 9:51:58 AM,False,7497,Accepted,
25917075,0568000,LOUISVILLE METRO POLICE DEPT,Accepted,JEFFERSON,I 0264,,I264 E,,,,,,,,,38.190092324,-85.758682218,10.490,11/12/2019 12:00:00 AM,0823,2,2,0,0,BLOWING SAND/SOIL/DIRT/SNOW,DRY,False,SIDESWIPE COLLISION - SAME DIRECTION,SIDESWIPE-SAME DIRECTION,STRAIGHT & GRADE,DAYLIGHT,,,11/13/2019 9:53:39 AM,False,5153,Accepted,
25917039,0568000,LOUISVILLE METRO POLICE DEPT,Accepted,JEFFERSON,,,JEFFERSON,ST,E,,,,,,,38.253199551,-85.751251006,1.006,11/12/2019 12:00:00 AM,1300,2,2,0,0,CLEAR,DRY,False,SIDESWIPE COLLISION - SAME DIRECTION,SIDESWIPE-SAME DIRECTION,STRAIGHT & LEVEL,DAYLIGHT,,,11/13/2019 9:49:46 AM,False,2855,Accepted,
25917036,0568000,LOUISVILLE METRO POLICE DEPT,Accepted,JEFFERSON,,,FEGENBUSH,LN,,KY1747,HURSTBOURNE,,,,,38.161305793,-85.640908052,1.805,11/12/2019 12:00:00 AM,1002,2,2,0,1,CLEAR,DRY,False,HEAD-ON COLLISION,HEAD ON,STRAIGHT & LEVEL,DAYLIGHT,,,11/13/2019 9:49:02 AM,False,2017,Accepted,
26051236,0568000,LOUISVILLE METRO POLICE DEPT,Accepted,JEFFERSON,,,CHEROKEE,PKWY,,,WILLOW,,,,,38.236830639,-85.709691488,0.003,11/12/2019 12:00:00 AM,1028,2,2,0,0,CLEAR,DRY,False,HEAD-ON COLLISION,HEAD ON,STRAIGHT & LEVEL,DAYLIGHT,,,12/13/2019 8:30:12 AM,False,5020,Accepted,
25999260,0568000,LOUISVILLE METRO POLICE DEPT,Accepted,JEFFERSON,KY1020,,SOUTHSIDE,DR,,,STRAWBERRY,,,,,38.158130230,-85.764641464,6.088,11/12/2019 12:00:00 AM,1505,2,2,0,0,CLOUDY,DRY,False,HEAD-ON COLLISION,HEAD ON,STRAIGHT & LEVEL,DAYLIGHT,,,12/2/2019 1:53:14 PM,False,7234,Accepted,
25926614,0568000,LOUISVILLE METRO POLICE DEPT,Accepted,JEFFERSON,I 0264,,I264 E,,,,,,,,,38.189372632,-85.739676585,11.526,11/12/2019 12:00:00 AM,0615,2,2,0,0,CLOUDY,DRY,False,SIDESWIPE COLLISION - SAME DIRECTION,SIDESWIPE-SAME DIRECTION,STRAIGHT & LEVEL,DARK-HWY LIGHTED/ON,,,11/15/2019 8:05:40 AM,False,4656,Accepted,
25975257,0568000,LOUISVILLE METRO POLICE DEPT,Accepted,JEFFERSON,KY1065,,OUTER,LOOP,,,,,CAROL,,NOLTEMEYER WYNDE,38.138436917,-85.684616119,6.172,11/12/2019 12:00:00 AM,1652,2,2,0,0,CLEAR,DRY,False,REAR END IN TRAFFIC LANES BOTH VEHICLES MOVING,REAR END,STRAIGHT & LEVEL,DAYLIGHT,,,11/26/2019 8:24:55 AM,False,7278,Accepted,
25958745,0568000,LOUISVILLE METRO POLICE DEPT,Accepted,JEFFERSON,I 0064,,I64 E,,,,,,,,,38.248803001,-85.706079081,7.749,11/12/2019 12:00:00 AM,1717,3,1,0,0,CLOUDY,DRY,False,REAR END IN TRAFFIC LANES BOTH VEHICLES MOVING,REAR END,STRAIGHT & LEVEL,DARK-HWY LIGHTED/ON,,,11/22/2019 9:25:45 AM,False,5112,Accepted,
25917002,0568000,LOUISVILLE METRO POLICE DEPT,Accepted,JEFFERSON,,,GABRIEL,DR,,,,,,,,38.154165377,-85.854992005,0.447,11/12/2019 12:00:00 AM,0749,2,2,0,1,CLEAR,DRY,False,1 VEHICLE ENTERING/LEAVING ENTRANCE,ANGLE,STRAIGHT & LEVEL,DUSK,,,11/13/2019 9:43:27 AM,False,5250,Accepted,
25917095,0568000,LOUISVILLE METRO POLICE DEPT,Accepted,JEFFERSON,,1920,GOLDSMITH,LN,,,,,,,,38.200639705,-85.683868732,0.068,11/12/2019 12:00:00 AM,0910,2,2,0,0,CLEAR,DRY,False,1 VEHICLE ENTERING/LEAVING ENTRANCE,ANGLE,STRAIGHT & LEVEL,DAYLIGHT,,,11/13/2019 9:56:46 AM,False,7319,Accepted,
25917050,0568000,LOUISVILLE METRO POLICE DEPT,Accepted,JEFFERSON,KY0155,,TAYLORSVILLE,RD,,,,,,,,38.220068779,-85.630499783,13.598,11/12/2019 12:00:00 AM,1409,2,2,0,2,CLEAR,DRY,False,1 VEHICLE ENTERING/LEAVING ENTRANCE,ANGLE,STRAIGHT & LEVEL,DAYLIGHT,,,11/13/2019 9:51:02 AM,False,7497,Accepted,
25917013,0568000,LOUISVILLE METRO POLICE DEPT,Accepted,JEFFERSON,KY1932,2961,BRECKENRIDGE,LN,,,,,HIKES,KY0155,TAYLORSVILLE,38.219023002,-85.629289748,2.763,11/12/2019 12:00:00 AM,0859,2,2,0,0,CLEAR,DRY,False,1 VEHICLE ENTERING/LEAVING ENTRANCE,ANGLE,STRAIGHT & LEVEL,DAYLIGHT,,,11/13/2019 9:44:59 AM,False,7059,Accepted,
25917083,0568000,LOUISVILLE METRO POLICE DEPT,Accepted,JEFFERSON,US0031E,,BARDSTOWN,RD,,,,,,,,38.134658332,-85.579860373,4.411,11/12/2019 12:00:00 AM,1017,2,2,0,0,CLOUDY,DRY,False,1 VEHICLE ENTERING/LEAVING ENTRANCE,ANGLE,STRAIGHT & LEVEL,DAYLIGHT,,,11/13/2019 9:54:24 AM,False,4693,Accepted,
25917114,0568000,LOUISVILLE METRO POLICE DEPT,Accepted,JEFFERSON,KY1934,4600,CANE RUN,RD,,,,,PATRICIA,,NEW LYNNVIEW,38.190156405,-85.849843209,8.267,11/12/2019 12:00:00 AM,0810,2,2,0,0,CLEAR,DRY,False,1 VEHICLE ENTERING/LEAVING ENTRANCE,ANGLE,STRAIGHT & LEVEL,DAYLIGHT,,,11/13/2019 10:01:20 AM,False,7420,Accepted,
25997593,0568000,LOUISVILLE METRO POLICE DEPT,Accepted,JEFFERSON,,,MARKET,ST,W,,,,,,,38.258538991,-85.786563001,,11/12/2019 12:00:00 AM,1110,2,2,0,1,CLEAR,DRY,False,1 VEHICLE ENTERING/LEAVING ENTRANCE,ANGLE,STRAIGHT & LEVEL,DAYLIGHT,,,12/2/2019 10:12:25 AM,False,7288,Accepted,
25937497,0568000,LOUISVILLE METRO POLICE DEPT,Accepted,JEFFERSON,,,GRADE,LN,,,,,,,,38.171656880,-85.721161088,0.653,11/12/2019 12:00:00 AM,1000,2,2,0,0,CLEAR,DRY,False,OTHER ROADWAY OR MID-BLOCK COLLISION,REAR END,STRAIGHT & LEVEL,DARK (UNKNOWN ROADWAY LIGHTING),,,11/18/2019 9:12:56 AM,False,7805,Accepted,
25916995,0568000,LOUISVILLE METRO POLICE DEPT,Accepted,JEFFERSON,I 0264,,I264 W,,,,,,,,,38.208824980,-85.675479487,15.388,11/12/2019 12:00:00 AM,0708,2,2,0,0,CLEAR,DRY,False,OTHER ROADWAY OR MID-BLOCK COLLISION,REAR END,STRAIGHT & LEVEL,DAYLIGHT,,,11/13/2019 9:41:42 AM,False,4903,Accepted,
25917008,0568000,LOUISVILLE METRO POLICE DEPT,Accepted,JEFFERSON,,1612,STEVENS,AVE,,,,,,,,38.227405372,-85.712907083,0.052,11/12/2019 12:00:00 AM,0933,2,2,0,0,CLEAR,ICE,False,OTHER ROADWAY OR MID-BLOCK COLLISION,REAR TO REAR,STRAIGHT & LEVEL,DAYLIGHT,,,11/13/2019 9:44:10 AM,False,5112,Accepted,
25917031,0568000,LOUISVILLE METRO POLICE DEPT,Accepted,JEFFERSON,,,KLONWAY,DR,,,,,,,,38.205359545,-85.634246313,0.053,11/12/2019 12:00:00 AM,0937,2,2,0,0,CLEAR,DRY,False,OTHER ROADWAY OR MID-BLOCK COLLISION,OPPOSING LEFT TURN,STRAIGHT & LEVEL,DAYLIGHT,,,11/13/2019 9:48:41 AM,False,7497,Accepted,
25917048,0568000,LOUISVILLE METRO POLICE DEPT,Accepted,JEFFERSON,US0060A,,3RD,ST,S,,,US0060A,WINKLER,US0060A,EASTERN,38.210441162,-85.762930868,3.178,11/12/2019 12:00:00 AM,1412,1,1,0,0,CLOUDY,DRY,False,OTHER ROADWAY OR MID-BLOCK COLLISION,SINGLE VEHICLE,STRAIGHT & GRADE,DAYLIGHT,,,11/13/2019 9:50:52 AM,False,7872,Accepted,
25917021,0568000,LOUISVILLE METRO POLICE DEPT,Accepted,JEFFERSON,,4500,3RD,ST,S,,,,,,,38.189162337,-85.764876480,0.789,11/12/2019 12:00:00 AM,1130,2,2,0,0,CLEAR,DRY,True,VEHICLE BACKING NON INTERSECTION,BACKING,STRAIGHT & LEVEL,DAYLIGHT,,,11/13/2019 9:47:14 AM,False,7301,Accepted,
25917101,0568000,LOUISVILLE METRO POLICE DEPT,Accepted,JEFFERSON,,1920,UPPER HUNTERS,TRCE,,,,,,,,38.168599088,-85.830994818,0.137,11/12/2019 12:00:00 AM,1530,2,2,0,0,CLEAR,DRY,False,VEHICLE BACKING NON INTERSECTION,BACKING,STRAIGHT & LEVEL,DAYLIGHT,,,11/13/2019 9:58:30 AM,False,7524,Accepted,
25937483,0568000,LOUISVILLE METRO POLICE DEPT,Accepted,JEFFERSON,I 0064,,I64 W,,,,,,,,,38.259025940,-85.749533810,4.685,11/12/2019 12:00:00 AM,0918,2,2,0,0,CLEAR,DRY,False,OTHER ROADWAY OR MID-BLOCK COLLISION,REAR END,STRAIGHT & LEVEL,DAYLIGHT,,,11/18/2019 9:11:05 AM,False,7772,Accepted,
25917088,0568000,LOUISVILLE METRO POLICE DEPT,Accepted,JEFFERSON,I 0265,,,,,,,,,,,38.125948473,-85.614502386,0.279,11/12/2019 12:00:00 AM,1714,2,2,0,0,CLOUDY,DRY,True,OTHER RAMP RELATED COLLISIONS NOT LISTED ABOVE,REAR END,STRAIGHT & LEVEL,DAYLIGHT,I 0265,KY0864,11/13/2019 9:55:18 AM,False,7698,Accepted,
25948806,0568000,LOUISVILLE METRO POLICE DEPT,Accepted,JEFFERSON,I 0065,,,,,,,,,,,38.246369633,-85.752246753,0.121,11/12/2019 12:00:00 AM,1606,2,2,0,0,CLOUDY,DRY,False,OTHER RAMP RELATED COLLISIONS NOT LISTED ABOVE,SIDESWIPE-SAME DIRECTION,STRAIGHT & LEVEL,DAYLIGHT,W CHESTNUT ST,I 0065,11/20/2019 9:26:14 AM,False,2403,Accepted,
25910852,0568000,LOUISVILLE METRO POLICE DEPT,Accepted,JEFFERSON,I 0265,,,,,,,,,,,38.140793392,-85.587458251,0.365,11/12/2019 12:00:00 AM,0106,1,1,0,0,SNOWING,WET,False,COLLISION WITH FIXED OBJECT NOT IN GORE ,SINGLE VEHICLE,STRAIGHT & GRADE,DARK-HWY LIGHTED/ON,US31E,I 0265,11/12/2019 7:48:07 AM,False,6977,Accepted,
25910862,0568000,LOUISVILLE METRO POLICE DEPT,Accepted,JEFFERSON,,1907,4TH,ST,S,,,,,,,38.220472384,-85.762868319,2.485,11/12/2019 12:00:00 AM,0005,2,2,0,0,SNOWING,WET,False,COLLISION IN PARKING LOT,REAR TO REAR,STRAIGHT & LEVEL,DARK (UNKNOWN ROADWAY LIGHTING),,,11/12/2019 7:49:36 AM,False,5050,Accepted,
25926879,0568000,LOUISVILLE METRO POLICE DEPT,Accepted,JEFFERSON,,11901,STANDIFORD PLAZA,DR,,,,,,,,38.086987148,-85.666262602,0.034,11/12/2019 12:00:00 AM,1250,2,2,0,0,CLEAR,DRY,True,COLLISION IN PARKING LOT,ANGLE,STRAIGHT & LEVEL,DAYLIGHT,,,11/15/2019 8:34:07 AM,False,7578,Accepted,
25948802,0568000,LOUISVILLE METRO POLICE DEPT,Accepted,JEFFERSON,US0150,,BROADWAY,,E,,BROOK,,,,,38.245714173,-85.752835205,2.680,11/12/2019 12:00:00 AM,1501,2,2,0,0,CLOUDY,DRY,True,COLLISION IN PARKING LOT,SIDESWIPE-SAME DIRECTION,STRAIGHT & LEVEL,DAYLIGHT,,,11/20/2019 9:25:59 AM,False,2403,Accepted,
25937492,0568000,LOUISVILLE METRO POLICE DEPT,Accepted,JEFFERSON,,101,WITHERSPOON,ST,W,,,,,,,38.257797770,-85.751879538,0.057,11/12/2019 12:00:00 AM,1100,1,1,0,0,CLEAR,DRY,False,COLLISION IN PARKING LOT,SINGLE VEHICLE,STRAIGHT & LEVEL,DAYLIGHT,,,11/18/2019 9:12:12 AM,False,7828,Accepted,
25917115,0568000,LOUISVILLE METRO POLICE DEPT,Accepted,JEFFERSON,I 0264,,,,,,,,,,,38.189725858,-85.783341926,0.226,11/11/2019 12:00:00 AM,1607,2,2,0,0,RAINING,WET,True,OTHER RAMP RELATED COLLISIONS NOT LISTED ABOVE,REAR END,STRAIGHT & GRADE,DARK-HWY LIGHTED/ON,I 0264,KY1865,11/13/2019 10:02:04 AM,False,7422,Accepted,
25910781,0568000,LOUISVILLE METRO POLICE DEPT,Accepted,JEFFERSON,I 0264,,,,,,,,,,,38.202290991,-85.689337225,0.176,11/11/2019 12:00:00 AM,0746,2,2,0,2,CLOUDY,DRY,False,OTHER RAMP RELATED COLLISIONS NOT LISTED ABOVE,REAR END,STRAIGHT & LEVEL,DAYLIGHT,I 0264,KY1703,11/12/2019 7:38:19 AM,False,4656,Accepted,
25910814,0568000,LOUISVILLE METRO POLICE DEPT,Accepted,JEFFERSON,I 0064,,,,,,,,,,,38.223216073,-85.507195830,0.096,11/11/2019 12:00:00 AM,1522,2,2,0,0,CLOUDY,DRY,False,OTHER RAMP RELATED COLLISIONS NOT LISTED ABOVE,SIDESWIPE-SAME DIRECTION,CURVE & GRADE,DAYLIGHT,I 0064,I 0265,11/12/2019 7:43:40 AM,False,7337,Accepted,
26186266,0568000,LOUISVILLE METRO POLICE DEPT,Accepted,JEFFERSON,,,HEATHER,LN,,,,,,,,38.206123051,-85.665734942,0.057,11/11/2019 12:00:00 AM,1350,2,2,0,0,CLOUDY,DRY,False,COLLISION IN PARKING LOT,BACKING,STRAIGHT & LEVEL,DAYLIGHT,,,1/14/2020 8:10:47 AM,False,7673,Accepted,
25917179,0568000,LOUISVILLE METRO POLICE DEPT,Accepted,JEFFERSON,KY0864,,POPLAR LEVEL,RD,,,,,,,,38.195649854,-85.707565904,11.314,11/11/2019 12:00:00 AM,1555,2,2,0,0,RAINING,WET,False,OTHER ROADWAY OR MID-BLOCK COLLISION,OPPOSING LEFT TURN,STRAIGHT & HILLCREST,DAYLIGHT,,,11/13/2019 10:10:00 AM,False,6148,Accepted,
25910841,0568000,LOUISVILLE METRO POLICE DEPT,Accepted,JEFFERSON,,1420,CASTLEWOOD,AVE,,,,,,,,38.230535152,-85.719361905,0.152,11/11/2019 12:00:00 AM,1527,1,1,0,1,CLOUDY,DRY,False,OTHER ROADWAY OR MID-BLOCK COLLISION,SINGLE VEHICLE,CURVE & HILLCREST,DAYLIGHT,,,11/12/2019 7:46:55 AM,False,5243,Accepted,
25910768,0568000,LOUISVILLE METRO POLICE DEPT,Accepted,JEFFERSON,KY2052,,SHEPHERDSVILLE,RD,,,,,POPLAR PARK,KY1747,FERN VALLEY,38.155049093,-85.659736075,1.136,11/11/2019 12:00:00 AM,0758,2,2,0,0,CLEAR,DRY,False,OTHER ROADWAY OR MID-BLOCK COLLISION,REAR END,STRAIGHT & LEVEL,DAYLIGHT,,,11/12/2019 7:35:35 AM,False,2017,Accepted,
25949042,0568000,LOUISVILLE METRO POLICE DEPT,Accepted,JEFFERSON,US0031E,,BARDSTOWN,RD,,,,,CEDAR CREEK,,WINGFIELD,38.134622936,-85.579828130,4.408,11/11/2019 12:00:00 AM,1439,2,2,0,0,CLEAR,DRY,False,OTHER ROADWAY OR MID-BLOCK COLLISION,OPPOSING LEFT TURN,STRAIGHT & LEVEL,DAYLIGHT,,,11/20/2019 10:05:51 AM,False,7289,Accepted,
25910831,0568000,LOUISVILLE METRO POLICE DEPT,Accepted,JEFFERSON,I 0264,,I264 E EXIT18 TRANSIT,,,,,,,,,38.228047052,-85.636167281,0.188,11/11/2019 12:00:00 AM,1729,2,2,0,0,RAINING,WET,False,OTHER ROADWAY OR MID-BLOCK COLLISION,REAR END,STRAIGHT & LEVEL,DARK-HWY LIGHTED/ON,,,11/12/2019 7:45:43 AM,False,7306,Accepted,
25910825,0568000,LOUISVILLE METRO POLICE DEPT,Accepted,JEFFERSON,US0060A,,EASTERN,PKWY,,,,,ALEXANDER,KY0061,SHELBY,38.215971687,-85.740563741,4.720,11/11/2019 12:00:00 AM,1636,2,2,0,0,RAINING,WET,False,OTHER ROADWAY OR MID-BLOCK COLLISION,REAR END,STRAIGHT & LEVEL,DUSK,,,11/12/2019 7:44:56 AM,False,7418,Accepted,
25910826,0568000,LOUISVILLE METRO POLICE DEPT,Accepted,JEFFERSON,,,HILL,ST,E,,,,FLOYD,,BURNETT,38.224867985,-85.753255666,0.343,11/11/2019 12:00:00 AM,1739,2,2,0,0,RAINING,WET,True,OTHER ROADWAY OR MID-BLOCK COLLISION,REAR END,STRAIGHT & LEVEL,DARK (UNKNOWN ROADWAY LIGHTING),,,11/12/2019 7:45:04 AM,False,7418,Accepted,
25910796,0568000,LOUISVILLE METRO POLICE DEPT,Accepted,JEFFERSON,,,RUTLEDGE,RD,,,,,,,,38.145215052,-85.882934145,1.003,11/11/2019 12:00:00 AM,0939,2,2,0,1,CLEAR,DRY,False,OTHER ROADWAY OR MID-BLOCK COLLISION,OPPOSING LEFT TURN,CURVE & GRADE,DAYLIGHT,,,11/12/2019 7:40:44 AM,False,5250,Accepted,