IncidentID,AgencyORI,AgencyName,IncidentStatusDesc,County,RdwyNumber,Street,RoadwayName,StreetSfx,StreetDir,IntersectionRdwy,IntersectionRdwyName,BetweenStRdwy1,BetweenStRdwyName1,BetweenStRdwy2,BetweenStRdwyName2,Latitude,Longitude,Milepoint,CollisionDate,CollisionTime,UnitsInvolved,MotorVehiclesInvolved,NumberKilled,NumberInjured,Weather,RdwyConditionCode,HitandRun,DirAnalysisCode,MannerofCollision,RdwyCharacter,LightCondition,RampFromRdwyId,RampToRdwyId,AcceptedDate,IsSecondaryCollision,OwnerBadge,IncidentStatus,
25937678,0568000,LOUISVILLE METRO POLICE DEPT,Accepted,JEFFERSON,KY1931,,ST ANDREWS CHURCH,RD,,,,,GAYMONT,,ALAMETER,38.148240453,-85.827004947,3.936,11/11/2019 12:00:00 AM,1745,4,4,0,0,SNOWING,WET,True,OTHER ROADWAY OR MID-BLOCK COLLISION,REAR TO REAR,STRAIGHT & LEVEL,DARK-HWY LIGHTED/ON,,,11/18/2019 9:36:24 AM,False,7339,Accepted,
25910809,0568000,LOUISVILLE METRO POLICE DEPT,Accepted,JEFFERSON,KY2054,1748,ALGONQUIN,PKWY,,,,,,,,38.223139145,-85.789267748,1.813,11/11/2019 12:00:00 AM,1730,2,2,0,0,RAINING,WET,False,1 VEHICLE ENTERING/LEAVING ENTRANCE,ANGLE,STRAIGHT & LEVEL,DARK-HWY LIGHTED/ON,,,11/12/2019 7:43:15 AM,False,5132,Accepted,
25910849,0568000,LOUISVILLE METRO POLICE DEPT,Accepted,JEFFERSON,US0031W,,DIXIE,HWY,,,,,,,,38.221458465,-85.793240100,17.466,11/11/2019 12:00:00 AM,1855,2,2,0,1,SLEET HAIL FREEZING RAIN,WET,False,1 VEHICLE ENTERING/LEAVING ENTRANCE,ANGLE,STRAIGHT & LEVEL,DARK-HWY LIGHTED/ON,,,11/12/2019 7:47:47 AM,False,7481,Accepted,
25910843,0568000,LOUISVILLE METRO POLICE DEPT,Accepted,JEFFERSON,,4563,1ST,ST,S,,,,,,,38.184930240,-85.762247450,3.603,11/11/2019 12:00:00 AM,1813,2,2,0,0,RAINING,WET,False,1 VEHICLE ENTERING/LEAVING ENTRANCE,ANGLE,STRAIGHT & LEVEL,DARK-HWY LIGHTED/ON,,,11/12/2019 7:47:07 AM,False,7301,Accepted,
25910833,0568000,LOUISVILLE METRO POLICE DEPT,Accepted,JEFFERSON,KY1747,,FERN VALLEY,RD,,,,,,,,38.158042411,-85.721786502,0.577,11/11/2019 12:00:00 AM,1519,2,2,0,0,CLOUDY,DRY,False,1 VEHICLE ENTERING/LEAVING ENTRANCE,ANGLE,STRAIGHT & HILLCREST,DAYLIGHT,,,11/12/2019 7:45:47 AM,False,4693,Accepted,
25910789,0568000,LOUISVILLE METRO POLICE DEPT,Accepted,JEFFERSON,,3411,BOXELDER,RD,,,,,,,,38.198322831,-85.844015251,0.139,11/11/2019 12:00:00 AM,1301,2,2,0,0,CLOUDY,DRY,False,1 VEHICLE ENTERING/LEAVING ENTRANCE,ANGLE,STRAIGHT & LEVEL,DAYLIGHT,,,11/12/2019 7:40:01 AM,False,7381,Accepted,
25926834,0568000,LOUISVILLE METRO POLICE DEPT,Accepted,JEFFERSON,,,ZORN,AVE,,,,,,,,38.275392720,-85.697491679,1.582,11/11/2019 12:00:00 AM,0641,2,2,0,0,CLEAR,DRY,False,1 VEHICLE ENTERING/LEAVING ENTRANCE,ANGLE,STRAIGHT & LEVEL,DAWN,,,11/15/2019 8:27:13 AM,False,5152,Accepted,
25937811,0568000,LOUISVILLE METRO POLICE DEPT,Accepted,JEFFERSON,KY0061,,PRESTON,ST,S,,,US0060A,EASTERN,KY0061,KY61 S CONNECTOR KY61 N,38.213526476,-85.742112035,10.036,11/11/2019 12:00:00 AM,1823,2,2,0,0,RAINING,WET,False,1 VEHICLE ENTERING/LEAVING ENTRANCE,ANGLE,STRAIGHT & LEVEL,DARK-HWY LIGHTED/ON,,,11/18/2019 9:58:13 AM,False,7938,Accepted,
25926668,0568000,LOUISVILLE METRO POLICE DEPT,Accepted,JEFFERSON,KY1931,,ST ANDREWS CHURCH,RD,,,,,ST ANDREWS CHURCH,,WOODY,38.143570577,-85.836184448,3.335,11/11/2019 12:00:00 AM,1717,2,2,1,2,RAINING,WET,False,1 VEHICLE ENTERING/LEAVING ENTRANCE,ANGLE,CURVE & LEVEL,DAYLIGHT,,,11/15/2019 8:13:20 AM,False,2308,Accepted,
25910784,0568000,LOUISVILLE METRO POLICE DEPT,Accepted,JEFFERSON,,,29TH,ST,S,,,,,,,38.260287930,-85.799180160,0.073,11/11/2019 12:00:00 AM,0820,2,2,0,0,CLEAR,DRY,True,OTHER COLLISIONS ON SHOULDER,SIDESWIPE-SAME DIRECTION,STRAIGHT & LEVEL,DAYLIGHT,,,11/12/2019 7:38:33 AM,False,7988,Accepted,
25910774,0568000,LOUISVILLE METRO POLICE DEPT,Accepted,JEFFERSON,US0031E,,BARDSTOWN,RD,,,,,,,,38.223300509,-85.684699317,13.112,11/11/2019 12:00:00 AM,0947,2,2,0,0,CLEAR,DRY,False,HEAD-ON COLLISION,HEAD ON,STRAIGHT & LEVEL,DAYLIGHT,,,11/12/2019 7:36:08 AM,False,5112,Accepted,
25917104,0568000,LOUISVILLE METRO POLICE DEPT,Accepted,JEFFERSON,I 0264,,I264 E,,,,,I 0264,I264 E EXIT8 ON RAMP FROM US31W N,I 0264,I264 E EXIT9 OFF RAMP TO KY1865,38.185648525,-85.806521370,7.838,11/11/2019 12:00:00 AM,1825,2,2,0,0,RAINING,WET,True,SIDESWIPE COLLISION - SAME DIRECTION,SIDESWIPE-SAME DIRECTION,STRAIGHT & LEVEL,DARK-HWY LIGHTED/ON,,,11/13/2019 9:59:11 AM,False,5258,Accepted,
25910830,0568000,LOUISVILLE METRO POLICE DEPT,Accepted,JEFFERSON,I 0264,,I264 W,,,,,,,,,38.201994166,-85.689302697,14.491,11/11/2019 12:00:00 AM,1530,2,2,0,0,RAINING,WET,True,SIDESWIPE COLLISION - SAME DIRECTION,SIDESWIPE-SAME DIRECTION,STRAIGHT & LEVEL,DAYLIGHT,,,11/12/2019 7:45:26 AM,False,7306,Accepted,
25910812,0568000,LOUISVILLE METRO POLICE DEPT,Accepted,JEFFERSON,,,MUHAMMAD ALI,BLVD,W,,,KY1020,2ND,KY1020,3RD,38.250911332,-85.755297590,0.200,11/11/2019 12:00:00 AM,0921,2,2,0,0,CLEAR,DRY,False,SIDESWIPE COLLISION - SAME DIRECTION,SIDESWIPE-SAME DIRECTION,STRAIGHT & LEVEL,DAYLIGHT,,,11/12/2019 7:43:30 AM,False,5173,Accepted,
25921799,0568000,LOUISVILLE METRO POLICE DEPT,Accepted,JEFFERSON,,400B,1ST,ST,S,,,,,,,38.251960617,-85.752312129,0.287,11/11/2019 12:00:00 AM,0514,2,2,0,0,CLEAR,DRY,False,SIDESWIPE COLLISION - SAME DIRECTION,SIDESWIPE-SAME DIRECTION,STRAIGHT & LEVEL,DARK-HWY LIGHTED/ON,,,11/14/2019 8:22:14 AM,False,5122,Accepted,
25910800,0568000,LOUISVILLE METRO POLICE DEPT,Accepted,JEFFERSON,KY1447,,WESTPORT,RD,,,,,,,,38.278161434,-85.597691772,3.687,11/11/2019 12:00:00 AM,0742,2,2,0,0,CLEAR,DRY,True,SIDESWIPE COLLISION - SAME DIRECTION,SIDESWIPE-SAME DIRECTION,STRAIGHT & LEVEL,DAYLIGHT,,,11/12/2019 7:42:06 AM,False,7858,Accepted,
25938188,0568000,LOUISVILLE METRO POLICE DEPT,Accepted,JEFFERSON,KY2052,,SHEPHERDSVILLE,RD,,,,,,,,38.151090614,-85.659748562,0.859,11/11/2019 12:00:00 AM,1922,2,2,0,0,RAINING,WET,False,SIDESWIPE COLLISION - SAME DIRECTION,SIDESWIPE-SAME DIRECTION,STRAIGHT & LEVEL,DUSK,,,11/18/2019 10:44:37 AM,False,7449,Accepted,
25910835,0568000,LOUISVILLE METRO POLICE DEPT,Accepted,JEFFERSON,,,WATTERSON,TRL,S,,,,,,,38.159614534,-85.614379472,1.762,11/11/2019 12:00:00 AM,1612,2,2,0,0,RAINING,WET,False,SIDESWIPE COLLISION - OPPOSITE DIRECTION,SIDESWIPE-OPPOSITE DIRECTION,CURVE & LEVEL,DAYLIGHT,,,11/12/2019 7:46:06 AM,False,4693,Accepted,
25910864,0568000,LOUISVILLE METRO POLICE DEPT,Accepted,JEFFERSON,US0060A,,LEXINGTON,RD,,,,,,,,38.252414521,-85.658822745,10.453,11/11/2019 12:00:00 AM,2354,2,2,0,0,SNOWING,SNOW/SLUSH,False,REAR END IN TRAFFIC LANES BOTH VEHICLES MOVING,REAR END,STRAIGHT & LEVEL,DARK-HWY LIGHTED/ON,,,11/12/2019 7:49:56 AM,False,5171,Accepted,
25917000,0568000,LOUISVILLE METRO POLICE DEPT,Accepted,JEFFERSON,I 0071,,I71 S,,,,,I 0071,I71 TURN AROUND6,I 0071,I71 TURN AROUND8,38.300656758,-85.613974058,7.046,11/11/2019 12:00:00 AM,1635,2,2,0,0,RAINING,WET,False,REAR END IN TRAFFIC LANES BOTH VEHICLES MOVING,REAR END,STRAIGHT & LEVEL,DUSK,,,11/13/2019 9:42:49 AM,False,6929,Accepted,
25917081,0568000,LOUISVILLE METRO POLICE DEPT,Accepted,JEFFERSON,I 0265,,I265 W,,,,,,,,,38.114258730,-85.698449602,10.423,11/11/2019 12:00:00 AM,1752,2,2,0,0,RAINING,WET,True,REAR END IN TRAFFIC LANES BOTH VEHICLES MOVING,REAR END,STRAIGHT & LEVEL,DARK-HWY LIGHTED/ON,,,11/13/2019 9:54:09 AM,False,4693,Accepted,
25937474,0568000,LOUISVILLE METRO POLICE DEPT,Accepted,JEFFERSON,,,PHILLIPS,LN,,,,KY0061,PRESTON,,MONARCH,38.197578338,-85.731771504,1.267,11/11/2019 12:00:00 AM,1353,2,2,0,1,CLEAR,DRY,False,REAR END IN TRAFFIC LANES BOTH VEHICLES MOVING,REAR END,STRAIGHT & LEVEL,DAYLIGHT,,,11/18/2019 9:09:39 AM,False,7938,Accepted,
25917019,0568000,LOUISVILLE METRO POLICE DEPT,Accepted,JEFFERSON,I 0065,,,,,,,,,,,38.191148658,-85.722032372,0.194,11/11/2019 12:00:00 AM,1745,3,3,0,0,RAINING,WET,False,REAR END IN TRAFFIC LANES BOTH VEHICLES MOVING,REAR END,STRAIGHT & LEVEL,DUSK,,,11/13/2019 9:46:56 AM,False,5204,Accepted,
25917017,0568000,LOUISVILLE METRO POLICE DEPT,Accepted,JEFFERSON,I 0264,,I264 W,,,,,,,,,38.196373939,-85.706552400,13.454,11/11/2019 12:00:00 AM,1748,2,2,0,0,RAINING,WET,False,REAR END IN TRAFFIC LANES BOTH VEHICLES MOVING,REAR END,CURVE & LEVEL,DARK-HWY LIGHTED/ON,,,11/13/2019 9:46:16 AM,False,5204,Accepted,
25910807,0568000,LOUISVILLE METRO POLICE DEPT,Accepted,JEFFERSON,I 0264,,I264 W,,,,,,,,,38.217964555,-85.658648366,16.501,11/11/2019 12:00:00 AM,1550,2,2,0,2,RAINING,WET,False,REAR END IN TRAFFIC LANES BOTH VEHICLES MOVING,REAR END,STRAIGHT & LEVEL,DUSK,,,11/12/2019 7:43:04 AM,False,7673,Accepted,
25910779,0568000,LOUISVILLE METRO POLICE DEPT,Accepted,JEFFERSON,KY0864,,POPLAR LEVEL,RD,,,,,QUARRY HILL,,NIGHTINGALE,38.209143388,-85.716313682,12.390,11/11/2019 12:00:00 AM,1213,2,2,0,0,CLEAR,DRY,False,REAR END IN TRAFFIC LANES BOTH VEHICLES MOVING,REAR END,CURVE & GRADE,DAYLIGHT,,,11/12/2019 7:36:59 AM,False,5288,Accepted,
25916997,0568000,LOUISVILLE METRO POLICE DEPT,Accepted,JEFFERSON,I 0071,,I71 N,,,,,I 0071,I264 E EXIT23 RAMP TO I64 E,I 0071,I71 TURN AROUND6,38.294547242,-85.629981570,6.083,11/11/2019 12:00:00 AM,1619,2,2,0,0,RAINING,WET,False,REAR END IN TRAFFIC LANES BOTH VEHICLES MOVING,REAR END,STRAIGHT & LEVEL,DUSK,,,11/13/2019 9:42:09 AM,False,6929,Accepted,
25910802,0568000,LOUISVILLE METRO POLICE DEPT,Accepted,JEFFERSON,I 0265,,I265 S,,,,,,,,,38.311537806,-85.576196093,34.313,11/11/2019 12:00:00 AM,1233,2,2,0,0,CLOUDY,DRY,False,REAR END IN TRAFFIC LANES BOTH VEHICLES MOVING,REAR END,STRAIGHT & LEVEL,DAYLIGHT,,,11/12/2019 7:42:32 AM,False,7858,Accepted,
25910772,0568000,LOUISVILLE METRO POLICE DEPT,Accepted,JEFFERSON,I 0264,,I264 E,,,,,,,,,38.201659517,-85.689925069,14.447,11/11/2019 12:00:00 AM,0745,2,2,0,0,CLEAR,DRY,False,REAR END IN TRAFFIC LANES BOTH VEHICLES MOVING,REAR END,STRAIGHT & LEVEL,DAYLIGHT,,,11/12/2019 7:35:58 AM,False,4903,Accepted,
25910819,0568000,LOUISVILLE METRO POLICE DEPT,Accepted,JEFFERSON,I 0071,,I71 N,,,,,,,,,38.272222625,-85.701098417,1.486,11/11/2019 12:00:00 AM,1745,2,2,0,0,RAINING,WET,False,REAR END IN TRAFFIC LANES BOTH VEHICLES MOVING,REAR END,STRAIGHT & LEVEL,DARK-HWY NOT LIGHTED,,,11/12/2019 7:44:10 AM,False,7028,Accepted,
25910786,0568000,LOUISVILLE METRO POLICE DEPT,Accepted,JEFFERSON,,,CHAMBERLAIN,LN,,,,,,,,38.305454328,-85.556570092,3.078,11/11/2019 12:00:00 AM,1319,2,2,0,0,CLOUDY,DRY,False,REAR END IN TRAFFIC LANES BOTH VEHICLES MOVING,REAR END,STRAIGHT & LEVEL,DAYLIGHT,,,11/12/2019 7:38:36 AM,False,6830,Accepted,
25910810,0568000,LOUISVILLE METRO POLICE DEPT,Accepted,JEFFERSON,,6100B,WATTERSON,TRL,S,,,,,,,38.156841642,-85.614893934,1.954,11/11/2019 12:00:00 AM,1609,3,3,0,0,RAINING,WET,False,REAR END IN TRAFFIC LANES BOTH VEHICLES MOVING,REAR END,STRAIGHT & HILLCREST,DUSK,,,11/12/2019 7:43:21 AM,False,7465,Accepted,
25910867,0568000,LOUISVILLE METRO POLICE DEPT,Accepted,JEFFERSON,,300,DORSEY,LN,,,,,,,,38.249100368,-85.562384539,0.294,11/11/2019 12:00:00 AM,1902,1,1,0,0,RAINING,WET,False,COLLISION WITH FIXED OBJECT NON - INTERSECTION - FIRST EVENT COLLISION 09 - 32 EXCLUDING 16,SINGLE VEHICLE,STRAIGHT & LEVEL,DARK-HWY NOT LIGHTED,,,11/12/2019 7:50:13 AM,False,5128,Accepted,
25937487,0568000,LOUISVILLE METRO POLICE DEPT,Accepted,JEFFERSON,KY0061,8232,PRESTON,HWY,,,,KY1450,BLUE LICK,,SERENITY HOPE,38.133435406,-85.683984301,3.592,11/11/2019 12:00:00 AM,1440,1,1,0,0,CLOUDY,DRY,False,COLLISION WITH FIXED OBJECT NON - INTERSECTION - FIRST EVENT COLLISION 09 - 32 EXCLUDING 16,SINGLE VEHICLE,STRAIGHT & LEVEL,DAYLIGHT,,,11/18/2019 9:12:01 AM,False,7828,Accepted,
25910817,0568000,LOUISVILLE METRO POLICE DEPT,Accepted,JEFFERSON,KY1865,,NEW CUT,RD,,,,,,,,38.161884470,-85.779276474,3.794,11/11/2019 12:00:00 AM,1423,2,1,0,0,CLOUDY,DRY,True,COLLISION WITH PEDESTRIAN NON - INTERSECTION,SINGLE VEHICLE,STRAIGHT & LEVEL,DAYLIGHT,,,11/12/2019 7:43:57 AM,False,7234,Accepted,
25907048,0568000,LOUISVILLE METRO POLICE DEPT,Accepted,JEFFERSON,I 0064,,I64 E,,,,,,,,,38.218423947,-85.425531790,23.266,11/11/2019 12:00:00 AM,0420,1,1,0,0,CLEAR,DRY,False,COLLISION WITH ANIMAL NON INTERSECTION,SINGLE VEHICLE,STRAIGHT & LEVEL,DARK-HWY LIGHTED/OFF,,,11/11/2019 8:59:59 AM,False,2013,Accepted,
25910804,0568000,LOUISVILLE METRO POLICE DEPT,Accepted,JEFFERSON,KY0841,,GENE SNYDER,FWY,,,,KY0841,KY841 RAMP TO KY1865,KY0841,KY841 RAMP FROM  STONESTREET RD,38.118426261,-85.784637109,5.624,11/11/2019 12:00:00 AM,1607,1,1,0,1,RAINING,WET,False,COLLISION WITH ANIMAL NON INTERSECTION,SINGLE VEHICLE,STRAIGHT & LEVEL,DAYLIGHT,,,11/12/2019 7:42:50 AM,False,7202,Accepted,
25910838,0568000,LOUISVILLE METRO POLICE DEPT,Accepted,JEFFERSON,KY1934,,CANE RUN,RD,,,RICHMONT,,,,,38.197627160,-85.839934041,9.023,11/11/2019 12:00:00 AM,1822,2,2,0,0,RAINING,WET,True,OTHER INTERSECTION COLLISIONS,REAR END,STRAIGHT & LEVEL,DARK-HWY LIGHTED/ON,,,11/12/2019 7:46:26 AM,False,7420,Accepted,
25910794,0568000,LOUISVILLE METRO POLICE DEPT,Accepted,JEFFERSON,,,BROOK,ST,S,US0150,BROADWAY,,,,,38.245639177,-85.751714231,2.854,11/11/2019 12:00:00 AM,0820,2,2,0,0,CLOUDY,DRY,False,OTHER INTERSECTION COLLISIONS,REAR END,STRAIGHT & LEVEL,DAYLIGHT,,,11/12/2019 7:40:38 AM,False,2406,Accepted,
25910801,0568000,LOUISVILLE METRO POLICE DEPT,Accepted,JEFFERSON,US0060,,SHELBYVILLE,RD,,KY0913,BLANKENBAKER,,,,,38.244077859,-85.547376920,9.462,11/11/2019 12:00:00 AM,1132,2,2,0,0,CLEAR,DRY,False,OTHER INTERSECTION COLLISIONS,REAR END,STRAIGHT & LEVEL,DAYLIGHT,,,11/12/2019 7:42:25 AM,False,7858,Accepted,
25910842,0568000,LOUISVILLE METRO POLICE DEPT,Accepted,JEFFERSON,I 0264,,I264 W,,,I 0264,I264 W EXIT17B OFF RAMP TO KY155 N,,,,,38.223521728,-85.647069754,17.240,11/11/2019 12:00:00 AM,1727,2,2,0,0,RAINING,WET,False,OTHER INTERSECTION COLLISIONS,REAR END,STRAIGHT & LEVEL,DARK-HWY LIGHTED/ON,,,11/12/2019 7:47:02 AM,False,5243,Accepted,
25910829,0568000,LOUISVILLE METRO POLICE DEPT,Accepted,JEFFERSON,,,INDIAN,TRL,E,KY1703,NEWBURG,,,,,38.184572652,-85.665407418,2.612,11/11/2019 12:00:00 AM,1624,2,2,0,0,RAINING,WET,False,OTHER INTERSECTION COLLISIONS,REAR END,STRAIGHT & LEVEL,DAYLIGHT,,,11/12/2019 7:45:19 AM,False,7319,Accepted,
25910803,0568000,LOUISVILLE METRO POLICE DEPT,Accepted,JEFFERSON,,,HARKAWAY,AVE,,,ENGLISH STATION,,,,,38.228110592,-85.496098177,0.002,11/11/2019 12:00:00 AM,1446,2,2,0,0,CLOUDY,DRY,False,OTHER INTERSECTION COLLISIONS,REAR END,STRAIGHT & GRADE,DAYLIGHT,,,11/12/2019 7:42:37 AM,False,7858,Accepted,
25910811,0568000,LOUISVILLE METRO POLICE DEPT,Accepted,JEFFERSON,,,CHAMBERLAIN,LN,,KY1447,WESTPORT,,,,,38.299356028,-85.541716945,2.111,11/11/2019 12:00:00 AM,1619,2,2,0,0,RAINING,WET,False,OTHER INTERSECTION COLLISIONS,REAR TO REAR,STRAIGHT & LEVEL,DAYLIGHT,,,11/12/2019 7:43:26 AM,False,6830,Accepted,
25910813,0568000,LOUISVILLE METRO POLICE DEPT,Accepted,JEFFERSON,KY1703,,NEWBURG,RD,,,DEERWOOD,,,,,38.224997464,-85.712170582,4.448,11/11/2019 12:00:00 AM,1611,3,3,0,0,RAINING,WET,False,OTHER INTERSECTION COLLISIONS,REAR END,STRAIGHT & LEVEL,DAYLIGHT,,,11/12/2019 7:43:35 AM,False,7570,Accepted,
25917018,0568000,LOUISVILLE METRO POLICE DEPT,Accepted,JEFFERSON,KY2054,,ALGONQUIN,PKWY,,US0060A,WINKLER,,,,,38.211124485,-85.769587193,3.277,11/11/2019 12:00:00 AM,1624,2,2,0,0,RAINING,WET,True,OTHER INTERSECTION COLLISIONS,REAR END,CURVE & LEVEL,DUSK,,,11/13/2019 9:46:44 AM,False,5204,Accepted,
25910815,0568000,LOUISVILLE METRO POLICE DEPT,Accepted,JEFFERSON,I 0264,,I264 E,,,I 0264,I264 E EXIT10 OFF RAMP TO KY1020,,,,,38.189576081,-85.772093681,9.758,11/11/2019 12:00:00 AM,1707,2,2,0,0,RAINING,WET,False,OTHER INTERSECTION COLLISIONS,REAR END,STRAIGHT & LEVEL,DUSK,,,11/12/2019 7:43:45 AM,False,7451,Accepted,
25910837,0568000,LOUISVILLE METRO POLICE DEPT,Accepted,JEFFERSON,KY1747,,HURSTBOURNE,PKWY,S,,BUNSEN,,,,,38.218965958,-85.584028990,11.470,11/11/2019 12:00:00 AM,1811,2,2,0,0,RAINING,WET,False,OTHER INTERSECTION COLLISIONS,REAR END,STRAIGHT & LEVEL,DARK-HWY NOT LIGHTED,,,11/12/2019 7:46:14 AM,False,7059,Accepted,
25910844,0568000,LOUISVILLE METRO POLICE DEPT,Accepted,JEFFERSON,I 0264,,I264 E,,,I 0264,I264 E EXIT10 OFF RAMP TO KY1020,,,,,38.189625065,-85.771216196,9.806,11/11/2019 12:00:00 AM,1720,2,2,0,0,RAINING,WET,True,OTHER INTERSECTION COLLISIONS,REAR END,STRAIGHT & LEVEL,DARK-HWY LIGHTED/ON,,,11/12/2019 7:47:14 AM,False,7301,Accepted,
25917033,0568000,LOUISVILLE METRO POLICE DEPT,Accepted,JEFFERSON,KY3082,,BANK,ST,,,29TH,,,,,38.271106183,-85.795840658,0.824,11/11/2019 12:00:00 AM,1550,2,2,0,0,SLEET HAIL FREEZING RAIN,WET,False,OTHER INTERSECTION COLLISIONS,REAR END,STRAIGHT & LEVEL,DAYLIGHT,,,11/13/2019 9:48:51 AM,False,7694,Accepted,
25910846,0568000,LOUISVILLE METRO POLICE DEPT,Accepted,JEFFERSON,,2454,LINDBERGH,DR,,,,,,,,38.213915449,-85.778704220,0.275,11/11/2019 12:00:00 AM,1231,2,2,0,0,CLOUDY,DRY,True,1 VEHICLE PARKED POSITION (NOT PARKING LOT/DRIVEWAY),SIDESWIPE-SAME DIRECTION,STRAIGHT & LEVEL,DAYLIGHT,,,11/12/2019 7:47:22 AM,False,7422,Accepted,
25910822,0568000,LOUISVILLE METRO POLICE DEPT,Accepted,JEFFERSON,,1032,DIXON,AVE,,,,,,,,38.221772863,-85.730140355,0.065,11/11/2019 12:00:00 AM,1048,2,2,0,0,CLEAR,DRY,True,1 VEHICLE PARKED POSITION (NOT PARKING LOT/DRIVEWAY),SIDESWIPE-OPPOSITE DIRECTION,STRAIGHT & LEVEL,DARK (UNKNOWN ROADWAY LIGHTING),,,11/12/2019 7:44:44 AM,False,7418,Accepted,
25910766,0568000,LOUISVILLE METRO POLICE DEPT,Accepted,JEFFERSON,,,MARAVIAN,DR,,,,,,,,38.165557812,-85.871111314,0.112,11/11/2019 12:00:00 AM,0808,2,2,0,0,CLEAR,DRY,False,1 VEHICLE PARKED POSITION (NOT PARKING LOT/DRIVEWAY),SIDESWIPE-SAME DIRECTION,STRAIGHT & LEVEL,DAYLIGHT,,,11/12/2019 7:35:20 AM,False,5250,Accepted,
25910776,0568000,LOUISVILLE METRO POLICE DEPT,Accepted,JEFFERSON,,2800B,CHESTNUT,ST,W,,,,,,,38.253432529,-85.798402093,0.138,11/11/2019 12:00:00 AM,1136,2,2,0,0,CLOUDY,DRY,True,1 VEHICLE PARKED POSITION (NOT PARKING LOT/DRIVEWAY),SIDESWIPE-SAME DIRECTION,STRAIGHT & LEVEL,DAYLIGHT,,,11/12/2019 7:36:38 AM,False,7361,Accepted,
25948790,0568000,LOUISVILLE METRO POLICE DEPT,Accepted,JEFFERSON,KY1934,,GREENBELT,HWY,,,,KY1931,GREENWOOD,,DISTRIBUTION,38.148626233,-85.886443109,4.568,11/11/2019 12:00:00 AM,1322,1,1,1,1,CLEAR,DRY,False,RAN OFF ROADWAY (1 VEHICLE WITH/EARTH EMBANKMENT/DITCH),SINGLE VEHICLE,STRAIGHT & LEVEL,DAYLIGHT,,,11/20/2019 9:23:44 AM,False,2217,Accepted,
25910847,0568000,LOUISVILLE METRO POLICE DEPT,Accepted,JEFFERSON,KY1865,,TAYLOR,BLVD,,,STRADER,,,,,38.191139997,-85.783321813,5.841,11/11/2019 12:00:00 AM,1149,2,2,0,0,CLOUDY,DRY,False,SIDESWIPE-SAME DIRECTION,SIDESWIPE-SAME DIRECTION,STRAIGHT & LEVEL,DAYLIGHT,,,11/12/2019 7:47:33 AM,False,7472,Accepted,
25910861,0568000,LOUISVILLE METRO POLICE DEPT,Accepted,JEFFERSON,KY1865,,NEW CUT,RD,,,PARK,,,,,38.155895560,-85.777580757,3.381,11/11/2019 12:00:00 AM,1915,2,2,0,0,RAINING,WET,False,SIDESWIPE-SAME DIRECTION,SIDESWIPE-SAME DIRECTION,STRAIGHT & LEVEL,DARK-HWY LIGHTED/ON,,,11/12/2019 7:49:27 AM,False,7321,Accepted,
25910845,0568000,LOUISVILLE METRO POLICE DEPT,Accepted,JEFFERSON,,,DIXIE,HWY,,KY2054,ALGONQUIN,,,,,38.223139633,-85.792552491,1.865,11/11/2019 12:00:00 AM,1724,3,3,0,0,RAINING,WET,False,SIDESWIPE-SAME DIRECTION,SIDESWIPE-SAME DIRECTION,STRAIGHT & LEVEL,DARK-HWY LIGHTED/ON,,,11/12/2019 7:47:17 AM,False,7346,Accepted,
25910821,0568000,LOUISVILLE METRO POLICE DEPT,Accepted,JEFFERSON,KY1020,,3RD,ST,S,,MAGNOLIA,,,,,38.228969884,-85.759732796,10.910,11/11/2019 12:00:00 AM,1812,2,2,0,0,RAINING,WET,False,SIDESWIPE-SAME DIRECTION,SIDESWIPE-SAME DIRECTION,STRAIGHT & LEVEL,DARK-HWY LIGHTED/ON,,,11/12/2019 7:44:26 AM,False,7407,Accepted,
25910850,0568000,LOUISVILLE METRO POLICE DEPT,Accepted,JEFFERSON,US0031E,,BARDSTOWN,RD,,I 0265,I265 E EXIT17 OFF RAMP TO US31E,,,,,38.139365745,-85.582224121,4.755,11/11/2019 12:00:00 AM,1930,2,2,0,0,SNOWING,WET,False,SIDESWIPE-SAME DIRECTION,SIDESWIPE-SAME DIRECTION,STRAIGHT & LEVEL,DARK-HWY LIGHTED/ON,,,11/12/2019 7:47:53 AM,False,6977,Accepted,
25910868,0568000,LOUISVILLE METRO POLICE DEPT,Accepted,JEFFERSON,KY1747,,HURSTBOURNE,PKWY,N,US0060,SHELBYVILLE,,,,,38.246427971,-85.577009107,13.502,11/11/2019 12:00:00 AM,1923,2,2,0,0,SNOWING,WET,False,SIDESWIPE-SAME DIRECTION,SIDESWIPE-SAME DIRECTION,STRAIGHT & LEVEL,DARK-HWY NOT LIGHTED,,,11/12/2019 7:50:20 AM,False,5128,Accepted,
25926620,0568000,LOUISVILLE METRO POLICE DEPT,Accepted,JEFFERSON,KY1447,,WESTPORT,RD,,,JAPONICA,,,,,38.278542313,-85.596911161,3.735,11/11/2019 12:00:00 AM,1622,5,5,0,2,RAINING,WET,False,SIDESWIPE-SAME DIRECTION,SIDESWIPE-SAME DIRECTION,STRAIGHT & LEVEL,DAYLIGHT,,,11/15/2019 8:06:39 AM,False,7858,Accepted,