IncidentID,AgencyORI,AgencyName,IncidentStatusDesc,County,RdwyNumber,Street,RoadwayName,StreetSfx,StreetDir,IntersectionRdwy,IntersectionRdwyName,BetweenStRdwy1,BetweenStRdwyName1,BetweenStRdwy2,BetweenStRdwyName2,Latitude,Longitude,Milepoint,CollisionDate,CollisionTime,UnitsInvolved,MotorVehiclesInvolved,NumberKilled,NumberInjured,Weather,RdwyConditionCode,HitandRun,DirAnalysisCode,MannerofCollision,RdwyCharacter,LightCondition,RampFromRdwyId,RampToRdwyId,AcceptedDate,IsSecondaryCollision,OwnerBadge,IncidentStatus,
25917219,0568000,LOUISVILLE METRO POLICE DEPT,Accepted,JEFFERSON,KY0864,,POPLAR LEVEL,RD,,,REDWOOD,,,,,38.197673370,-85.707839877,11.468,11/11/2019 12:00:00 AM,1500,2,2,0,0,CLOUDY,DRY,False,OPPOSING LEFT TURN,OPPOSING LEFT TURN,STRAIGHT & LEVEL,DAYLIGHT,,,11/13/2019 10:14:18 AM,False,6148,Accepted,
25910775,0568000,LOUISVILLE METRO POLICE DEPT,Accepted,JEFFERSON,US0031W,,DIXIE,HWY,,,BARRETT,,,,,38.102945600,-85.869631013,8.273,11/11/2019 12:00:00 AM,0949,2,2,0,1,CLEAR,DRY,False,OPPOSING LEFT TURN,OPPOSING LEFT TURN,STRAIGHT & LEVEL,DAYLIGHT,,,11/12/2019 7:36:22 AM,False,7144,Accepted,
25910771,0568000,LOUISVILLE METRO POLICE DEPT,Accepted,JEFFERSON,,,BUECHEL BANK,RD,,,COTTAGEMEADOW,,,,,38.178643099,-85.648607269,0.945,11/11/2019 12:00:00 AM,0905,2,2,0,0,CLEAR,DRY,False,REAR END - ONE VEHICLE TURNING LEFT,REAR END,STRAIGHT & LEVEL,DAYLIGHT,,,11/12/2019 7:35:54 AM,False,7739,Accepted,
25910773,0568000,LOUISVILLE METRO POLICE DEPT,Accepted,JEFFERSON,US0060A,,BERRY,BLVD,,,CONTINENTAL,,,,,38.196689781,-85.795936779,0.757,11/11/2019 12:00:00 AM,1118,2,2,0,0,CLEAR,DRY,True,COLLISION WITH PARKED VEHICLE,REAR TO REAR,STRAIGHT & LEVEL,DAYLIGHT,,,11/12/2019 7:36:02 AM,False,7433,Accepted,
25910791,0568000,LOUISVILLE METRO POLICE DEPT,Accepted,JEFFERSON,,,13TH,ST,S,,BRASHEAR,,,,,38.225827817,-85.776908491,1.795,11/11/2019 12:00:00 AM,0900,2,2,0,0,CLEAR,DRY,False,COLLISION WITH PARKED VEHICLE,SIDESWIPE-SAME DIRECTION,STRAIGHT & LEVEL,DAYLIGHT,,,11/12/2019 7:40:08 AM,False,5132,Accepted,
25910806,0568000,LOUISVILLE METRO POLICE DEPT,Accepted,JEFFERSON,KY1934,,GREENBELT,HWY,,KY1230,LOWER RIVER,,,,,38.098156947,-85.892055742,1.041,11/11/2019 12:00:00 AM,1621,2,2,0,0,RAINING,WET,False,ANGLE COLLISION - ONE VEHICLE TURNING LEFT,ANGLE,STRAIGHT & LEVEL,DUSK,,,11/12/2019 7:42:58 AM,False,7144,Accepted,
25910848,0568000,LOUISVILLE METRO POLICE DEPT,Accepted,JEFFERSON,US0150,,BROADWAY,,W,KY1020,3RD,,,,,38.246035292,-85.756647090,2.469,11/11/2019 12:00:00 AM,1933,2,1,0,1,SNOWING,WET,False,COLLISION WITH PEDESTRIAN IN INTERSECTION,SINGLE VEHICLE,STRAIGHT & LEVEL,DARK-HWY LIGHTED/ON,,,11/12/2019 7:47:39 AM,False,7386,Accepted,
25910816,0568000,LOUISVILLE METRO POLICE DEPT,Accepted,JEFFERSON,KY0061,,JACKSON,ST,S,,OAK,,,,,38.234208903,-85.747480908,11.523,11/11/2019 12:00:00 AM,1719,2,1,0,1,RAINING,WET,False,COLLISION WITH BICYCLE IN INTERSECTION,SINGLE VEHICLE,STRAIGHT & LEVEL,DARK (UNKNOWN ROADWAY LIGHTING),,,11/12/2019 7:43:50 AM,False,7391,Accepted,
25910820,0568000,LOUISVILLE METRO POLICE DEPT,Accepted,JEFFERSON,,,BRECKINRIDGE,ST,E,KY0061,PRESTON,,,,,38.240549620,-85.746426696,1.178,11/11/2019 12:00:00 AM,0822,2,2,0,0,CLEAR,DRY,False,ANGLE COLLISION - OTHER,ANGLE,STRAIGHT & LEVEL,DAYLIGHT,,,11/12/2019 7:44:15 AM,False,7407,Accepted,
25910834,0568000,LOUISVILLE METRO POLICE DEPT,Accepted,JEFFERSON,KY0061,,PRESTON,HWY,,,PARK,,,,,38.118062221,-85.677247568,2.450,11/11/2019 12:00:00 AM,1550,2,2,0,0,RAINING,WET,False,ANGLE COLLISION - OTHER,ANGLE,STRAIGHT & LEVEL,DAYLIGHT,,,11/12/2019 7:45:58 AM,False,4693,Accepted,
25910823,0568000,LOUISVILLE METRO POLICE DEPT,Accepted,JEFFERSON,,,ST CATHERINE,ST,E,KY0061,PRESTON,,,,,38.236217010,-85.749102762,0.996,11/11/2019 12:00:00 AM,1631,2,2,0,0,RAINING,WET,False,ANGLE COLLISION - OTHER,ANGLE,STRAIGHT & LEVEL,DUSK,,,11/12/2019 7:44:50 AM,False,7418,Accepted,
25907052,0568000,LOUISVILLE METRO POLICE DEPT,Accepted,JEFFERSON,KY1865,,TAYLOR,BLVD,,I 0264,I264 E EXIT9 ON RAMP FROM KY1865 S,,,,,38.186688902,-85.783809597,5.533,11/11/2019 12:00:00 AM,0428,2,2,0,1,CLEAR,DRY,False,ANGLE COLLISION - OTHER,ANGLE,STRAIGHT & LEVEL,DARK-HWY LIGHTED/ON,,,11/11/2019 9:00:06 AM,False,7455,Accepted,
25910839,0568000,LOUISVILLE METRO POLICE DEPT,Accepted,JEFFERSON,US0031E,,BUECHEL,BYP,,KY2251,KY2251 CROSSOVER,,,,,38.190514067,-85.644481690,9.900,11/11/2019 12:00:00 AM,1748,2,2,0,0,RAINING,WET,False,ANGLE COLLISION - OTHER,ANGLE,STRAIGHT & LEVEL,DARK-HWY LIGHTED/ON,,,11/12/2019 7:46:32 AM,False,7739,Accepted,
25910799,0568000,LOUISVILLE METRO POLICE DEPT,Accepted,JEFFERSON,US0060,,SHELBYVILLE,RD,,KY1531,JOHNSON,,,,,38.233592933,-85.453274251,14.904,11/11/2019 12:00:00 AM,0801,2,2,0,0,CLEAR,DRY,False,ANGLE COLLISION - OTHER,ANGLE,STRAIGHT & LEVEL,DAYLIGHT,,,11/12/2019 7:42:01 AM,False,7858,Accepted,
25910808,0568000,LOUISVILLE METRO POLICE DEPT,Accepted,JEFFERSON,KY1065,,BEULAH CHURCH,RD,,,CEDAR SPRINGS,,,,,38.148522318,-85.590172863,11.668,11/11/2019 12:00:00 AM,1700,2,2,0,0,RAINING,WET,False,ANGLE COLLISION - OTHER,ANGLE,STRAIGHT & LEVEL,DAYLIGHT,,,11/12/2019 7:43:09 AM,False,7698,Accepted,
25921774,0568000,LOUISVILLE METRO POLICE DEPT,Accepted,JEFFERSON,US0150,,BROADWAY,,E,,CLAY,,,,,38.244858168,-85.741560192,3.302,11/11/2019 12:00:00 AM,0744,2,2,0,0,CLEAR,DRY,False,ANGLE COLLISION - OTHER,ANGLE,STRAIGHT & LEVEL,DAWN,,,11/14/2019 8:18:27 AM,False,5122,Accepted,
25910865,0568000,LOUISVILLE METRO POLICE DEPT,Accepted,JEFFERSON,,,BRADLEY,AVE,,KY0061,BRANDEIS,,,,,38.218217934,-85.751588808,0.001,11/11/2019 12:00:00 AM,1910,2,2,0,0,SLEET HAIL FREEZING RAIN,WET,False,ANGLE COLLISION - OTHER,ANGLE,STRAIGHT & LEVEL,DUSK,,,11/12/2019 7:50:05 AM,False,5196,Accepted,
25907024,0568000,LOUISVILLE METRO POLICE DEPT,Accepted,JEFFERSON,KY0907,,3RD ST,RD,,KY1865,NEW CUT,,,,,38.145664874,-85.775454117,6.198,11/10/2019 12:00:00 AM,1257,2,2,0,0,CLEAR,DRY,True,ANGLE COLLISION - OTHER,ANGLE,STRAIGHT & LEVEL,DAYLIGHT,,,11/11/2019 8:57:55 AM,False,7427,Accepted,
25906961,0568000,LOUISVILLE METRO POLICE DEPT,Accepted,JEFFERSON,KY2860,,GRINSTEAD,DR,,US0031E,BARDSTOWN,,,,,38.238426652,-85.720978054,0.001,11/10/2019 12:00:00 AM,0207,2,2,0,0,CLEAR,DRY,False,ANGLE COLLISION - OTHER,ANGLE,STRAIGHT & LEVEL,DARK-HWY NOT LIGHTED,,,11/11/2019 8:54:30 AM,False,7294,Accepted,
25921818,0568000,LOUISVILLE METRO POLICE DEPT,Accepted,JEFFERSON,,,HITE,AVE,N,US0042,BROWNSBORO,,,,,38.258781805,-85.697823279,0.373,11/10/2019 12:00:00 AM,1440,2,2,0,0,CLEAR,DRY,False,ANGLE COLLISION - OTHER,ANGLE,STRAIGHT & LEVEL,DAYLIGHT,,,11/14/2019 8:27:06 AM,False,5285,Accepted,
25907013,0568000,LOUISVILLE METRO POLICE DEPT,Accepted,JEFFERSON,,,FLOYD,ST,S,,SPRINGER,,,,,38.248019703,-85.749238861,0.533,11/10/2019 12:00:00 AM,0930,2,2,0,0,CLEAR,DRY,True,ANGLE COLLISION - ONE VEHICLE TURNING LEFT,ANGLE,STRAIGHT & LEVEL,DAYLIGHT,,,11/11/2019 8:57:01 AM,False,5271,Accepted,
25906984,0568000,LOUISVILLE METRO POLICE DEPT,Accepted,JEFFERSON,US0031W,,DIXIE,HWY,,,JOHNSONTOWN,,,,,38.121205077,-85.855689782,9.749,11/10/2019 12:00:00 AM,0345,2,2,0,1,CLEAR,DRY,True,OPPOSING LEFT TURN,OPPOSING LEFT TURN,STRAIGHT & LEVEL,DARK-HWY LIGHTED/ON,,,11/11/2019 8:55:12 AM,False,7166,Accepted,
25907035,0568000,LOUISVILLE METRO POLICE DEPT,Accepted,JEFFERSON,,,MINOR,LN,,KY0061,PRESTON,,,,,38.144848984,-85.690113337,0.008,11/10/2019 12:00:00 AM,1828,2,2,0,0,CLEAR,DRY,True,OPPOSITE DIRECTION - BOTH VEHICLES GOING STRAIGHT AHEAD,SIDESWIPE-OPPOSITE DIRECTION,STRAIGHT & LEVEL,DARK-HWY LIGHTED/ON,,,11/11/2019 8:58:45 AM,False,7074,Accepted,
25906993,0568000,LOUISVILLE METRO POLICE DEPT,Accepted,JEFFERSON,,,MUHAMMAD ALI,BLVD,W,US0031W,DR W J HODGE,,,,,38.254245523,-85.785629296,1.818,11/10/2019 12:00:00 AM,1153,2,2,0,0,CLEAR,DRY,False,SIDESWIPE-SAME DIRECTION,SIDESWIPE-SAME DIRECTION,STRAIGHT & LEVEL,DAYLIGHT,,,11/11/2019 8:55:49 AM,False,7241,Accepted,
25907006,0568000,LOUISVILLE METRO POLICE DEPT,Accepted,JEFFERSON,US0031E,,BARDSTOWN,RD,,,ST GABRIEL,,,,,38.166414749,-85.601271992,6.971,11/10/2019 12:00:00 AM,1146,2,2,0,1,CLEAR,DRY,False,SIDESWIPE-SAME DIRECTION,SIDESWIPE-SAME DIRECTION,STRAIGHT & LEVEL,DAYLIGHT,,,11/11/2019 8:56:32 AM,False,5262,Accepted,
25907012,0568000,LOUISVILLE METRO POLICE DEPT,Accepted,JEFFERSON,KY1142,,PALATKA,RD,,KY1931,MANSLICK,,,,,38.155485868,-85.801956054,0.006,11/10/2019 12:00:00 AM,1554,2,2,0,0,CLEAR,DRY,True,SIDESWIPE-SAME DIRECTION,SIDESWIPE-SAME DIRECTION,STRAIGHT & LEVEL,DAYLIGHT,,,11/11/2019 8:56:56 AM,False,7356,Accepted,
25907016,0568000,LOUISVILLE METRO POLICE DEPT,Accepted,JEFFERSON,,,28TH,ST,S,,DUMESNIL,,,,,38.236867830,-85.800436921,1.682,11/10/2019 12:00:00 AM,1625,2,2,0,1,CLEAR,DRY,True,SIDESWIPE-SAME DIRECTION,SIDESWIPE-SAME DIRECTION,STRAIGHT & LEVEL,DAYLIGHT,,,11/11/2019 8:57:11 AM,False,5257,Accepted,
25906969,0568000,LOUISVILLE METRO POLICE DEPT,Accepted,JEFFERSON,,3505,DEL PARK,TER,,,,,,,,38.253385641,-85.809730155,0.318,11/10/2019 12:00:00 AM,0120,2,2,0,0,CLEAR,DRY,True,1 VEHICLE PARKED POSITION (NOT PARKING LOT/DRIVEWAY),,STRAIGHT & LEVEL,DARK-HWY LIGHTED/ON,,,11/11/2019 8:54:48 AM,False,5216,Accepted,
25907017,0568000,LOUISVILLE METRO POLICE DEPT,Accepted,JEFFERSON,,,KRIEGER,ST,,,,KY0864,GOSS,,SAMUEL,38.228682560,-85.736869552,0.030,11/10/2019 12:00:00 AM,0733,2,2,0,0,CLEAR,DRY,True,1 VEHICLE PARKED POSITION (NOT PARKING LOT/DRIVEWAY),SIDESWIPE-SAME DIRECTION,STRAIGHT & LEVEL,DAYLIGHT,,,11/11/2019 8:57:16 AM,False,5284,Accepted,
25907007,0568000,LOUISVILLE METRO POLICE DEPT,Accepted,JEFFERSON,,1018,CLAY,ST,S,,,,ST CATHERINE,,BARONESS,38.235878126,-85.743091821,1.315,11/10/2019 12:00:00 AM,0800,3,3,0,0,CLEAR,DRY,True,1 VEHICLE PARKED POSITION (NOT PARKING LOT/DRIVEWAY),SIDESWIPE-SAME DIRECTION,STRAIGHT & LEVEL,DAYLIGHT,,,11/11/2019 8:56:38 AM,False,5245,Accepted,
25907031,0568000,LOUISVILLE METRO POLICE DEPT,Accepted,JEFFERSON,,,GRADE,LN,,KY0061,PRESTON,,,,,38.179860134,-85.718241715,0.036,11/10/2019 12:00:00 AM,1348,2,2,0,0,CLEAR,DRY,False,OTHER INTERSECTION COLLISIONS,REAR END,CURVE & LEVEL,DAYLIGHT,,,11/11/2019 8:58:29 AM,False,7366,Accepted,
25907010,0568000,LOUISVILLE METRO POLICE DEPT,Accepted,JEFFERSON,US0060,,SHELBYVILLE,RD,,,LAKE FOREST,,,,,38.240538891,-85.493568152,12.578,11/10/2019 12:00:00 AM,1241,2,2,0,0,CLEAR,DRY,False,OTHER INTERSECTION COLLISIONS,REAR END,CURVE & LEVEL,DAYLIGHT,,,11/11/2019 8:56:45 AM,False,2109,Accepted,
25907033,0568000,LOUISVILLE METRO POLICE DEPT,Accepted,JEFFERSON,I 0264,,I264 E,,,I 0264,I264 E EXIT1 OFF RAMP TO,,,,,38.270825789,-85.808590667,0.425,11/10/2019 12:00:00 AM,1818,2,2,0,0,CLEAR,DRY,False,OTHER INTERSECTION COLLISIONS,REAR END,STRAIGHT & LEVEL,DARK-HWY LIGHTED/ON,,,11/11/2019 8:58:37 AM,False,7220,Accepted,
25907025,0568000,LOUISVILLE METRO POLICE DEPT,Accepted,JEFFERSON,,,MAYNA,DR,,KY1727,TERRY,,,,,38.157943738,-85.867663264,,11/10/2019 12:00:00 AM,1511,2,2,0,0,CLEAR,DRY,False,OTHER INTERSECTION COLLISIONS,REAR END,STRAIGHT & LEVEL,DAYLIGHT,,,11/11/2019 8:58:05 AM,False,5266,Accepted,
25907026,0568000,LOUISVILLE METRO POLICE DEPT,Accepted,JEFFERSON,KY0907,,3RD ST,RD,,,ARNOLDTOWN,,,,,38.121252779,-85.803533202,3.999,11/10/2019 12:00:00 AM,1136,2,2,0,0,CLEAR,DRY,False,OTHER INTERSECTION COLLISIONS,REAR END,STRAIGHT & LEVEL,DAYLIGHT,,,11/11/2019 8:58:08 AM,False,7634,Accepted,
25907050,0568000,LOUISVILLE METRO POLICE DEPT,Accepted,JEFFERSON,US0060A,,EASTERN,PKWY,,KY1631,KY1631 TURN LANE,,,,,38.211519777,-85.751089238,4.048,11/10/2019 12:00:00 AM,2229,2,2,0,0,CLEAR,DRY,False,OTHER INTERSECTION COLLISIONS,REAR END,STRAIGHT & LEVEL,DARK-HWY LIGHTED/ON,,,11/11/2019 9:00:02 AM,False,5037,Accepted,
25907019,0568000,LOUISVILLE METRO POLICE DEPT,Accepted,JEFFERSON,I 0071,,I71 S,,,,,,,,,38.309675440,-85.592527898,8.396,11/10/2019 12:00:00 AM,1733,1,1,0,0,CLEAR,DRY,True,COLLISION WITH FIXED OBJECT NON - INTERSECTION - FIRST EVENT COLLISION 09 - 32 EXCLUDING 16,SINGLE VEHICLE,STRAIGHT & LEVEL,DUSK,,,11/11/2019 8:57:26 AM,False,5109,Accepted,
25926619,0568000,LOUISVILLE METRO POLICE DEPT,Accepted,JEFFERSON,US0031E,,BARDSTOWN,RD,,,,,MANCHESTER,,WADSWORTH,38.215254556,-85.674443679,12.351,11/10/2019 12:00:00 AM,0805,1,1,0,1,CLEAR,DRY,False,COLLISION WITH FIXED OBJECT NON - INTERSECTION - FIRST EVENT COLLISION 09 - 32 EXCLUDING 16,SINGLE VEHICLE,STRAIGHT & LEVEL,DAYLIGHT,,,11/15/2019 8:06:22 AM,False,2100,Accepted,
25917001,0568000,LOUISVILLE METRO POLICE DEPT,Accepted,JEFFERSON,KY0061,,PRESTON,HWY,,,,,,,,38.197073921,-85.731224341,8.723,11/10/2019 12:00:00 AM,1638,2,2,0,1,CLEAR,DRY,False,REAR END IN TRAFFIC LANES BOTH VEHICLES MOVING,REAR END,STRAIGHT & LEVEL,DAYLIGHT,,,11/13/2019 9:43:04 AM,False,7400,Accepted,
25907034,0568000,LOUISVILLE METRO POLICE DEPT,Accepted,JEFFERSON,I 0065,,I65 S,,,,,I 0065,I65 S EXIT135 ON RAMP FROM  E OAK ST,I 0065,I65 S EXIT135 OFF RAMP TO  E SAINT CATHERINE ST,38.236150762,-85.752092546,134.580,11/10/2019 12:00:00 AM,1815,2,2,0,0,CLEAR,DRY,False,REAR END IN TRAFFIC LANES BOTH VEHICLES MOVING,REAR END,STRAIGHT & LEVEL,DARK-HWY LIGHTED/ON,,,11/11/2019 8:58:41 AM,False,5245,Accepted,
25907055,0568000,LOUISVILLE METRO POLICE DEPT,Accepted,JEFFERSON,I 0064,,I64 W,,,,,,,,,38.242234141,-85.684065374,8.831,11/10/2019 12:00:00 AM,1722,2,2,0,0,CLEAR,DRY,False,REAR END IN TRAFFIC LANES BOTH VEHICLES MOVING,REAR END,STRAIGHT & LEVEL,DARK-HWY NOT LIGHTED,,,11/11/2019 9:00:14 AM,False,5104,Accepted,
25948962,0568000,LOUISVILLE METRO POLICE DEPT,Accepted,JEFFERSON,I 0064,,I64 W,,,,,,,,,38.242168490,-85.691929083,8.407,11/10/2019 12:00:00 AM,1652,2,2,0,1,CLEAR,DRY,False,SIDESWIPE COLLISION - SAME DIRECTION,SIDESWIPE-SAME DIRECTION,STRAIGHT & LEVEL,DAYLIGHT,,,11/20/2019 9:44:34 AM,False,7632,Accepted,
25907015,0568000,LOUISVILLE METRO POLICE DEPT,Accepted,JEFFERSON,,,CHAMBERLAIN,LN,,,,,,,,38.301074040,-85.547061860,2.462,11/10/2019 12:00:00 AM,1606,2,2,0,0,CLEAR,DRY,False,SIDESWIPE COLLISION - SAME DIRECTION,SIDESWIPE-SAME DIRECTION,CURVE & LEVEL,DAYLIGHT,,,11/11/2019 8:57:07 AM,False,2346,Accepted,
25921723,0568000,LOUISVILLE METRO POLICE DEPT,Accepted,JEFFERSON,,322,41ST,ST,S,,,,,,,38.259838848,-85.817934154,1.680,11/10/2019 12:00:00 AM,1442,2,2,0,3,CLEAR,DRY,False,HEAD-ON COLLISION,HEAD ON,STRAIGHT & LEVEL,DAYLIGHT,,,11/14/2019 8:12:53 AM,False,5129,Accepted,
25906964,0568000,LOUISVILLE METRO POLICE DEPT,Accepted,JEFFERSON,KY1747,,HURSTBOURNE,PKWY,S,,,KY1747,KY1747 CROSSOVER,KY1747,KY1747 CROSSOVER,38.162569540,-85.638727090,5.277,11/10/2019 12:00:00 AM,0020,2,2,0,3,CLEAR,DRY,False,HEAD-ON COLLISION,HEAD ON,CURVE & LEVEL,DARK-HWY NOT LIGHTED,,,11/11/2019 8:54:36 AM,False,7120,Accepted,
25907037,0568000,LOUISVILLE METRO POLICE DEPT,Accepted,JEFFERSON,US0031E,,BARDSTOWN,RD,,,BROOKRIDGE VILLAGE,,,,,38.145196215,-85.585002476,5.193,11/10/2019 12:00:00 AM,0120,2,2,0,1,CLEAR,DRY,False,HEAD-ON COLLISION,HEAD ON,STRAIGHT & LEVEL,DARK-HWY LIGHTED/ON,,,11/11/2019 8:58:54 AM,False,2775,Accepted,
25907043,0568000,LOUISVILLE METRO POLICE DEPT,Accepted,JEFFERSON,I 0265,,I265 W,,,,,,,,,38.201228474,-85.507453364,23.960,11/10/2019 12:00:00 AM,0524,2,2,0,0,CLOUDY,DRY,False,OTHER COLLISIONS ON SHOULDER,SIDESWIPE-SAME DIRECTION,STRAIGHT & GRADE,DARK-HWY LIGHTED/OFF,,,11/11/2019 8:59:47 AM,False,5169,Accepted,
25907011,0568000,LOUISVILLE METRO POLICE DEPT,Accepted,JEFFERSON,KY0061,,PRESTON,HWY,,,,KY1747,FERN VALLEY,,OLD FERN VALLEY,38.156611923,-85.696726743,5.341,11/10/2019 12:00:00 AM,1529,2,2,0,0,CLEAR,DRY,False,1 VEHICLE ENTERING/LEAVING ENTRANCE,ANGLE,STRAIGHT & LEVEL,DAYLIGHT,,,11/11/2019 8:56:51 AM,False,2324,Accepted,
25907008,0568000,LOUISVILLE METRO POLICE DEPT,Accepted,JEFFERSON,KY0061,,PRESTON,HWY,,,,,SERENITY HOPE,KY1450,BLUE LICK,38.132251762,-85.683340141,3.503,11/10/2019 12:00:00 AM,1338,2,2,0,0,CLEAR,DRY,False,1 VEHICLE ENTERING/LEAVING ENTRANCE,ANGLE,STRAIGHT & LEVEL,DAYLIGHT,,,11/11/2019 8:56:41 AM,False,2324,Accepted,
25907030,0568000,LOUISVILLE METRO POLICE DEPT,Accepted,JEFFERSON,US0060,,SHELBYVILLE,RD,,,,,CHRISTIAN,,ARTERBURN,38.249005087,-85.608618302,6.120,11/10/2019 12:00:00 AM,1802,2,2,0,0,CLEAR,DRY,False,1 VEHICLE ENTERING/LEAVING ENTRANCE,ANGLE,STRAIGHT & LEVEL,DUSK,,,11/11/2019 8:58:25 AM,False,6862,Accepted,
25926746,0568000,LOUISVILLE METRO POLICE DEPT,Accepted,JEFFERSON,,,LAMBORNE,BLVD,,,,,,,,38.115009308,-85.813727271,0.104,11/10/2019 12:00:00 AM,1536,2,2,0,0,CLEAR,DRY,False,1 VEHICLE ENTERING/LEAVING ENTRANCE,ANGLE,STRAIGHT & LEVEL,DAYLIGHT,,,11/15/2019 8:16:38 AM,False,7373,Accepted,
25906991,0568000,LOUISVILLE METRO POLICE DEPT,Accepted,JEFFERSON,I 0065,,I65 S,,,,,I 0065,I65 S EXIT127 TRANSIT,I 0065,I65 S EXIT127 OFF RAMP TO KY1065,38.155150142,-85.717010209,128.092,11/10/2019 12:00:00 AM,1007,1,1,0,0,CLEAR,DRY,False,OTHER ROADWAY OR MID-BLOCK COLLISION,SINGLE VEHICLE,STRAIGHT & LEVEL,DAYLIGHT,,,11/11/2019 8:55:40 AM,False,2324,Accepted,
25907027,0568000,LOUISVILLE METRO POLICE DEPT,Accepted,JEFFERSON,,,4TH,ST,S,,,US0060A,WINKLER,,M,38.210372523,-85.764582227,3.218,11/10/2019 12:00:00 AM,1341,2,2,0,0,CLEAR,DRY,False,OTHER ROADWAY OR MID-BLOCK COLLISION,OPPOSING LEFT TURN,STRAIGHT & LEVEL,DAYLIGHT,,,11/11/2019 8:58:11 AM,False,5267,Accepted,
25907023,0568000,LOUISVILLE METRO POLICE DEPT,Accepted,JEFFERSON,I 0265,,I265 E,,,,,I 0265,I265 E EXIT12 OFF RAMP TO KY61,I 0065,I65 S EXIT10 ON RAMP FROM I65,38.110507710,-85.684580331,11.216,11/10/2019 12:00:00 AM,1653,3,3,0,1,CLEAR,DRY,False,OTHER ROADWAY OR MID-BLOCK COLLISION,REAR END,STRAIGHT & LEVEL,DAYLIGHT,,,11/11/2019 8:57:45 AM,False,7397,Accepted,
25907032,0568000,LOUISVILLE METRO POLICE DEPT,Accepted,JEFFERSON,I 0264,,,,,,,,,,,38.194530531,-85.707475500,0.306,11/10/2019 12:00:00 AM,1535,2,2,0,0,CLEAR,DRY,False,OTHER RAMP RELATED COLLISIONS NOT LISTED ABOVE,REAR END,CURVE & GRADE,DAYLIGHT,I 0264,KY0864,11/11/2019 8:58:33 AM,False,7366,Accepted,
25907029,0568000,LOUISVILLE METRO POLICE DEPT,Accepted,JEFFERSON,I 0265,,,,,,,,,,,38.145581222,-85.544768927,0.014,11/10/2019 12:00:00 AM,1141,2,2,0,4,CLEAR,DRY,False,OTHER RAMP RELATED COLLISIONS NOT LISTED ABOVE,ANGLE,STRAIGHT & LEVEL,DAYLIGHT,I 0265,KY1819,11/11/2019 8:58:20 AM,False,2321,Accepted,
25917175,0568000,LOUISVILLE METRO POLICE DEPT,Accepted,JEFFERSON,I 0264,,,,,,,,,,,38.210610654,-85.671022653,0.318,11/10/2019 12:00:00 AM,1554,2,2,0,0,CLEAR,DRY,False,OTHER RAMP RELATED COLLISIONS NOT LISTED ABOVE,REAR END,CURVE & LEVEL,DAYLIGHT,I 0264,US31E S,11/13/2019 10:08:42 AM,False,6813,Accepted,
25921710,0568000,LOUISVILLE METRO POLICE DEPT,Accepted,JEFFERSON,US0031W,10361,DIXIE,HWY,,,,,,,,38.104665244,-85.868564794,8.406,11/10/2019 12:00:00 AM,1230,2,2,0,0,CLEAR,DRY,False,COLLISION IN PARKING LOT,BACKING,STRAIGHT & LEVEL,DAYLIGHT,,,11/14/2019 8:09:27 AM,False,2936,Accepted,
25907036,0568000,LOUISVILLE METRO POLICE DEPT,Accepted,JEFFERSON,KY0864,3125,POPLAR LEVEL,RD,,,,,,,,38.211992124,-85.720873076,12.720,11/10/2019 12:00:00 AM,1912,1,1,0,0,CLEAR,DRY,False,COLLISION IN PARKING LOT,SINGLE VEHICLE,STRAIGHT & LEVEL,DARK-HWY LIGHTED/ON,,,11/11/2019 8:58:50 AM,False,7359,Accepted,
25910778,0568000,LOUISVILLE METRO POLICE DEPT,Accepted,JEFFERSON,US0031E,,BARDSTOWN,RD,,,,,,,,38.238523440,-85.721165730,15.436,11/10/2019 12:00:00 AM,0352,2,2,0,0,CLEAR,DRY,True,COLLISION IN PARKING LOT,BACKING,,DARK (UNKNOWN ROADWAY LIGHTING),,,11/12/2019 7:36:49 AM,False,7376,Accepted,
25907014,0568000,LOUISVILLE METRO POLICE DEPT,Accepted,JEFFERSON,,132,JEFFERSON,ST,E,,,,,,,38.253186307,-85.751020730,0.994,11/10/2019 12:00:00 AM,1213,2,2,0,0,CLEAR,DRY,True,COLLISION IN PARKING LOT,ANGLE,STRAIGHT & LEVEL,DAYLIGHT,,,11/11/2019 8:57:04 AM,False,5271,Accepted,
25907020,0568000,LOUISVILLE METRO POLICE DEPT,Accepted,JEFFERSON,,,TOWNE CENTER,DR,,,SPRINGHURST,,,,,38.300412575,-85.559117903,0.442,11/10/2019 12:00:00 AM,1500,2,2,0,0,CLEAR,DRY,False,COLLISION IN PARKING LOT,SIDESWIPE-SAME DIRECTION,STRAIGHT & LEVEL,DAYLIGHT,,,11/11/2019 8:57:31 AM,False,7631,Accepted,
25907439,0561500,UNIV. OF LOUISVILLE POLICE,Accepted,JEFFERSON,,105,BRANDEIS,AVE,W,,,,,,,38.219078174,-85.759371666,0.101,11/10/2019 12:00:00 AM,1652,2,2,0,0,CLEAR,DRY,True,COLLISION IN PARKING LOT,SIDESWIPE-SAME DIRECTION,STRAIGHT & LEVEL,DAYLIGHT,,,11/11/2019 10:23:40 AM,False,5694,Accepted,
25921715,0568000,LOUISVILLE METRO POLICE DEPT,Accepted,JEFFERSON,,1058,GRINSTEAD,DR,,,,,,,,38.238541212,-85.721318530,0.018,11/10/2019 12:00:00 AM,1136,1,1,0,0,CLEAR,DRY,False,COLLISION IN PARKING LOT,SINGLE VEHICLE,STRAIGHT & LEVEL,DAYLIGHT,,,11/14/2019 8:10:22 AM,False,2228,Accepted,